{
  "@id": "https://data.datatourisme.fr/13/068f0f46-2061-3238-8a94-210dff7fd1e8",
  "dc:identifier": "726646",
  "@type": [
    "PlaceOfInterest",
    "PointOfInterest",
    "SportsAndLeisurePlace"
  ],
  "rdfs:comment": {
    "de": [
      "Flugschule, Pilotenschein für Segelflieger, Wettbewerbe uind Championships."
    ],
    "en": [
      "Glider flying school, glider pilot licenses, competitions and championships."
    ],
    "it": [
      "Scuola di volo a vela, certificati di pilota di aliante, gare e campionati."
    ],
    "fr": [
      "École de pilotage planeur, brevets de pilote planeur, compétitions et championnats."
    ],
    "nl": [
      "Zweefvliegschool, brevetten voor zweefvliegers, wedstrijden en kampioenschappen."
    ],
    "es": [
      "Escuela de vuelo a vela, certificados de piloto de planeador, competiciones y campeonatos."
    ]
  },
  "rdfs:label": {
    "de": [
      "Segelfliegen in der Region Fontainebleau"
    ],
    "en": [
      "Center of Gliding of Fontainebleau and its region"
    ],
    "fr": [
      "Centre de Vol à Voile de Fontainebleau et sa région"
    ]
  },
  "hasBeenCreatedBy": {
    "@id": "https://data.datatourisme.fr/13/84f0f204-82cd-37e5-aaca-f7364a643d33",
    "dc:identifier": "1640",
    "schema:email": [
      "fabrizia.brun@ccmsl.com",
      "marie.striebel@ccmsl.com",
      "tourisme@ccmsl.com"
    ],
    "schema:legalName": "Communauté de Communes Moret Seine et Loing",
    "@type": [
      "schema:Organization",
      "foaf:Agent",
      "Agent"
    ],
    "foaf:homepage": [
      "http://www.ccmsl.fr/"
    ]
  },
  "hasBeenPublishedBy": [
    {
      "@id": "https://data.datatourisme.fr/1db24fc4-b534-39bf-bdaf-152c6f98730e",
      "schema:legalName": "Seine et Marne Attractivité - source : Apidae Tourisme",
      "@type": [
        "schema:Organization",
        "foaf:Agent",
        "Agent"
      ],
      "foaf:homepage": [
        "https://www.apidae-tourisme.com/"
      ]
    }
  ],
  "hasContact": [
    {
      "@id": "https://data.datatourisme.fr/49232746-104b-3ab0-9197-4b36499f0bd9",
      "schema:email": [
        "cvvfr@free.fr"
      ],
      "schema:telephone": [
        "+33 1 64 45 80 71"
      ],
      "@type": [
        "foaf:Agent",
        "Agent"
      ],
      "foaf:homepage": [
        "http://cvvfr.org/"
      ]
    }
  ],
  "hasDescription": [
    {
      "@id": "https://data.datatourisme.fr/b3e6ece9-9a0e-3857-b2c5-bc21fe689820",
      "@type": [
        "Description"
      ],
      "hasTranslatedProperty": [
        {
          "@id": "https://data.datatourisme.fr/54904548-cb59-3e35-9456-4fc0aa53858c",
          "dc:contributor": [
            "https://api.deepl.com/v2/translate"
          ],
          "rdf:language": [
            "it"
          ],
          "rdf:predicate": [
            "shortDescription"
          ]
        },
        {
          "@id": "https://data.datatourisme.fr/54b98915-0d48-3d12-a537-6ea205c75b5a",
          "dc:contributor": [
            "https://api.deepl.com/v2/translate"
          ],
          "rdf:language": [
            "es"
          ],
          "rdf:predicate": [
            "shortDescription"
          ]
        },
        {
          "@id": "https://data.datatourisme.fr/6ab67440-a7be-3bef-b312-0a0fcf8be827",
          "dc:contributor": [
            "https://api.deepl.com/v2/translate"
          ],
          "rdf:language": [
            "nl"
          ],
          "rdf:predicate": [
            "shortDescription"
          ]
        }
      ],
      "shortDescription": {
        "de": [
          "Flugschule, Pilotenschein für Segelflieger, Wettbewerbe uind Championships."
        ],
        "en": [
          "Glider flying school, glider pilot licenses, competitions and championships."
        ],
        "it": [
          "Scuola di volo a vela, certificati di pilota di aliante, gare e campionati."
        ],
        "fr": [
          "École de pilotage planeur, brevets de pilote planeur, compétitions et championnats."
        ],
        "nl": [
          "Zweefvliegschool, brevetten voor zweefvliegers, wedstrijden en kampioenschappen."
        ],
        "es": [
          "Escuela de vuelo a vela, certificados de piloto de planeador, competiciones y campeonatos."
        ]
      }
    }
  ],
  "hasTheme": [
    {
      "@id": "kb:AirSports",
      "@type": [
        "SportsTheme"
      ],
      "rdfs:label": {
        "de": [
          "Luftsport"
        ],
        "pt": [
          "Desporto aéreo"
        ],
        "en": [
          "Air sports"
        ],
        "it": [
          "Sport aereo"
        ],
        "fr": [
          "Sport aérien"
        ],
        "nl": [
          "Luchtsport"
        ],
        "es": [
          "Deporte aéreo"
        ]
      }
    },
    {
      "@id": "kb:Paragliding",
      "@type": [
        "SportsTheme"
      ],
      "rdfs:label": {
        "de": [
          "Paragleiten"
        ],
        "pt": [
          "Parapente"
        ],
        "en": [
          "Paragliding"
        ],
        "it": [
          "Parapendio"
        ],
        "fr": [
          "Parapente"
        ],
        "es": [
          "Parapente"
        ],
        "nl": [
          "Paragliden"
        ]
      }
    }
  ],
  "hasTranslatedProperty": [
    {
      "@id": "https://data.datatourisme.fr/4dda0781-23a7-3eb5-8a71-d2f8e2b4f6e6",
      "dc:contributor": [
        "https://api.deepl.com/v2/translate"
      ],
      "rdf:language": [
        "it"
      ],
      "rdf:predicate": [
        {
          "@id": "rdfs:comment"
        }
      ]
    },
    {
      "@id": "https://data.datatourisme.fr/8c9baa1a-a015-3f34-a890-1aa3ef337c96",
      "dc:contributor": [
        "https://api.deepl.com/v2/translate"
      ],
      "rdf:language": [
        "nl"
      ],
      "rdf:predicate": [
        {
          "@id": "rdfs:comment"
        }
      ]
    },
    {
      "@id": "https://data.datatourisme.fr/c6a67729-2dfa-3a14-9171-4cbd96fbc8ad",
      "dc:contributor": [
        "https://api.deepl.com/v2/translate"
      ],
      "rdf:language": [
        "es"
      ],
      "rdf:predicate": [
        {
          "@id": "rdfs:comment"
        }
      ]
    }
  ],
  "isLocatedAt": [
    {
      "@id": "https://data.datatourisme.fr/4621e51f-615d-3e39-b792-6eb2207cda84",
      "schema:address": [
        {
          "@id": "https://data.datatourisme.fr/acd039ad-bf11-37a8-bfe1-8872be52ad41",
          "schema:addressLocality": "Moret-Loing-et-Orvanne",
          "schema:postalCode": "77250",
          "schema:streetAddress": [
            "Aérodrome de Moret-Episy",
            "Chemin de la vallée droite",
            "Épisy"
          ],
          "@type": [
            "schema:PostalAddress",
            "PostalAddress"
          ],
          "hasAddressCity": {
            "@id": "kb:77316",
            "@type": [
              "City"
            ],
            "rdfs:label": {
              "de": [
                "Moret-Loing-et-Orvanne"
              ],
              "pt": [
                "Moret-Loing-et-Orvanne"
              ],
              "en": [
                "Moret-Loing-et-Orvanne"
              ],
              "it": [
                "Moret-Loing-et-Orvanne"
              ],
              "fr": [
                "Moret-Loing-et-Orvanne"
              ],
              "nl": [
                "Moret-Loing-et-Orvanne"
              ],
              "es": [
                "Moret-Loing-et-Orvanne"
              ]
            },
            "insee": "77316",
            "isPartOfDepartment": {
              "@id": "kb:France1177",
              "@type": [
                "Department"
              ],
              "rdfs:label": {
                "de": [
                  "Seine-et-Marne"
                ],
                "pt": [
                  "Seine-et-Marne"
                ],
                "en": [
                  "Seine-et-Marne"
                ],
                "it": [
                  "Seine-et-Marne"
                ],
                "fr": [
                  "Seine-et-Marne"
                ],
                "nl": [
                  "Seine-et-Marne"
                ],
                "es": [
                  "Seine-et-Marne"
                ]
              },
              "insee": "77",
              "isPartOfRegion": {
                "@id": "kb:France11",
                "@type": [
                  "Region"
                ],
                "rdfs:label": {
                  "de": [
                    "Île-de-France"
                  ],
                  "pt": [
                    "Île-de-France"
                  ],
                  "en": [
                    "Île-de-France"
                  ],
                  "it": [
                    "Île-de-France"
                  ],
                  "fr": [
                    "Île-de-France"
                  ],
                  "nl": [
                    "Île-de-France"
                  ],
                  "es": [
                    "Île-de-France"
                  ]
                },
                "insee": "11",
                "isPartOfCountry": {
                  "@id": "kb:France",
                  "@type": [
                    "schema:Country"
                  ],
                  "rdfs:label": {
                    "de": [
                      "France",
                      "Frankreich"
                    ],
                    "pt": [
                      "França",
                      "France"
                    ],
                    "en": [
                      "France"
                    ],
                    "it": [
                      "France",
                      "Francia"
                    ],
                    "fr": [
                      "France"
                    ],
                    "nl": [
                      "France",
                      "Frankrijk"
                    ],
                    "es": [
                      "France",
                      "Francia"
                    ]
                  }
                }
              }
            }
          }
        }
      ],
      "schema:geo": {
        "@id": "https://data.datatourisme.fr/f4bc00fe-32f2-3cb1-a6ca-d3807769ab24",
        "schema:latitude": "48.343329",
        "schema:longitude": "2.798853",
        "@type": [
          "schema:GeoCoordinates"
        ]
      },
      "schema:openingHoursSpecification": [
        {
          "@id": "https://data.datatourisme.fr/64f41ac6-76a6-3fcf-80d8-654da11e6778",
          "schema:validFrom": "2023-01-01T00:00:00",
          "schema:validThrough": "2023-12-31T23:59:59",
          "@type": [
            "schema:OpeningHoursSpecification"
          ],
          "additionalInformation": {
            "de": [
              "Geöffnet mittwochs, samstags und sonntags, an Feiertagen, während der Schulferien und je nach Wetterlage."
            ],
            "en": [
              "Open on Wednesdays, Saturdays and Sundays, on public holidays and during school vacations and depending on the weather."
            ],
            "it": [
              "Aperto il mercoledì, il sabato e la domenica, nei giorni festivi e durante le vacanze scolastiche e a seconda del tempo."
            ],
            "fr": [
              "Ouvert le mercredi, le samedi et le dimanche, les jours fériés et pendant les vacances scolaires et en fonction de la météo."
            ],
            "nl": [
              "Geopend op woensdag, zaterdag en zondag, op feestdagen en tijdens schoolvakanties en afhankelijk van het weer."
            ],
            "es": [
              "Abierto los miércoles, sábados y domingos, los días festivos y durante las vacaciones escolares y en función del tiempo."
            ]
          },
          "hasTranslatedProperty": [
            {
              "@id": "https://data.datatourisme.fr/091c050f-23f4-3d4c-9230-90554526ad17",
              "dc:contributor": [
                "https://api.deepl.com/v2/translate"
              ],
              "rdf:language": [
                "de"
              ],
              "rdf:predicate": [
                "additionalInformation"
              ]
            },
            {
              "@id": "https://data.datatourisme.fr/4b7ea384-2aa9-3d59-bf2f-4ffb2c6e3ef6",
              "dc:contributor": [
                "https://api.deepl.com/v2/translate"
              ],
              "rdf:language": [
                "es"
              ],
              "rdf:predicate": [
                "additionalInformation"
              ]
            },
            {
              "@id": "https://data.datatourisme.fr/51bcc101-1794-342f-a6ad-a6fa7304bfc9",
              "dc:contributor": [
                "https://api.deepl.com/v2/translate"
              ],
              "rdf:language": [
                "nl"
              ],
              "rdf:predicate": [
                "additionalInformation"
              ]
            },
            {
              "@id": "https://data.datatourisme.fr/80ff8e06-28cf-31a5-a986-f2ec0daa73e7",
              "dc:contributor": [
                "https://api.deepl.com/v2/translate"
              ],
              "rdf:language": [
                "it"
              ],
              "rdf:predicate": [
                "additionalInformation"
              ]
            },
            {
              "@id": "https://data.datatourisme.fr/a7580b09-d527-331e-b1a9-bcdef7b861c0",
              "dc:contributor": [
                "https://api.deepl.com/v2/translate"
              ],
              "rdf:language": [
                "en"
              ],
              "rdf:predicate": [
                "additionalInformation"
              ]
            }
          ]
        }
      ],
      "@type": [
        "schema:Place",
        "Place"
      ]
    }
  ],
  "isOwnedBy": [
    {
      "@id": "https://data.datatourisme.fr/6d26ae2c-7de7-397c-b135-928637ab3b5f",
      "schema:email": [
        "fabrizia.brun@ccmsl.com",
        "marie.striebel@ccmsl.com"
      ],
      "schema:legalName": "Communauté de Communes Moret Seine et Loing",
      "@type": [
        "schema:Organization",
        "foaf:Agent",
        "Agent"
      ],
      "foaf:homepage": [
        "http://www.ccmsl.fr/"
      ]
    }
  ],
  "lastUpdate": "2022-07-24",
  "lastUpdateDatatourisme": "2023-02-10T06:39:19.779Z"
}