{
  "@id": "https://data.datatourisme.fr/13/0621864c-d377-3f1b-b404-c82f2e3c5b5d",
  "dc:identifier": "725088",
  "@type": [
    "schema:Accommodation",
    "schema:Hotel",
    "schema:LodgingBusiness",
    "Accommodation",
    "Hotel",
    "HotelTrade",
    "PlaceOfInterest",
    "PointOfInterest"
  ],
  "rdfs:comment": {
    "de": [
      "Komfort, Qualität, Charme,... alle Kriterien, die Sie suchen, sind in dieser warmen und einladenden Einrichtung versammelt."
    ],
    "en": [
      "Comfort, quality, charm,... all the criteria you are looking for are gathered in this warm and welcoming establishment."
    ],
    "it": [
      "Comfort, qualità, fascino... tutti i criteri che cercate sono riuniti in questa struttura calda e accogliente."
    ],
    "fr": [
      "Du confort, de la qualité, du charme,...tous les critères que vous recherchez sont rassemblés dans cet établissement chaleureux et accueillant."
    ],
    "es": [
      "Comodidad, calidad, encanto... todos los criterios que busca se reúnen en este establecimiento cálido y acogedor."
    ],
    "nl": [
      "Comfort, kwaliteit, charme... alle criteria die u zoekt zijn verzameld in dit warme en gastvrije etablissement."
    ]
  },
  "rdfs:label": {
    "fr": [
      "Kyriad Design Enzo"
    ]
  },
  "hasBeenCreatedBy": {
    "@id": "https://data.datatourisme.fr/13/cc1aa436-2771-38f6-9cda-703991069eaf",
    "dc:identifier": "977",
    "schema:email": [
      "aurore.luneau@attractivite77.fr",
      "marie.dussouchaut@attractivite77.fr",
      "webmaster@attractivite77.fr"
    ],
    "schema:legalName": "Seine et Marne Attractivité",
    "@type": [
      "schema:Organization",
      "foaf:Agent",
      "Agent"
    ],
    "foaf:homepage": [
      "https://www.seineetmarnevivreengrand.fr/"
    ]
  },
  "hasBeenPublishedBy": [
    {
      "@id": "https://data.datatourisme.fr/1db24fc4-b534-39bf-bdaf-152c6f98730e",
      "schema:legalName": "Seine et Marne Attractivité - source : Apidae Tourisme",
      "@type": [
        "schema:Organization",
        "foaf:Agent",
        "Agent"
      ],
      "foaf:homepage": [
        "https://www.apidae-tourisme.com/"
      ]
    }
  ],
  "hasContact": [
    {
      "@id": "https://data.datatourisme.fr/3eab76d3-d530-3929-9407-58eab266434b",
      "schema:email": [
        "designenzo.cannesecluse@kyriad.fr"
      ],
      "schema:telephone": [
        "+33 1 64 70 03 05"
      ],
      "@type": [
        "foaf:Agent",
        "Agent"
      ],
      "foaf:homepage": [
        "http://www.enzo-hotels.com/"
      ]
    }
  ],
  "hasDescription": [
    {
      "@id": "https://data.datatourisme.fr/d5831719-d31c-3d56-83e1-9708a0d81d71",
      "@type": [
        "Description"
      ],
      "hasTranslatedProperty": [
        {
          "@id": "https://data.datatourisme.fr/24ef6ee4-5767-3b32-b6d8-0ea7c14d9a20",
          "dc:contributor": [
            "https://api.deepl.com/v2/translate"
          ],
          "rdf:language": [
            "de"
          ],
          "rdf:predicate": [
            "shortDescription"
          ]
        },
        {
          "@id": "https://data.datatourisme.fr/63bcc7fb-efce-3776-a1e6-08540cf1387e",
          "dc:contributor": [
            "https://api.deepl.com/v2/translate"
          ],
          "rdf:language": [
            "nl"
          ],
          "rdf:predicate": [
            "shortDescription"
          ]
        },
        {
          "@id": "https://data.datatourisme.fr/755d1144-7203-3c7c-be5b-63fcd6091a75",
          "dc:contributor": [
            "https://api.deepl.com/v2/translate"
          ],
          "rdf:language": [
            "en"
          ],
          "rdf:predicate": [
            "shortDescription"
          ]
        },
        {
          "@id": "https://data.datatourisme.fr/84bf58c5-d6c4-3a4a-beea-3ad3c3ee3e2f",
          "dc:contributor": [
            "https://api.deepl.com/v2/translate"
          ],
          "rdf:language": [
            "it"
          ],
          "rdf:predicate": [
            "shortDescription"
          ]
        },
        {
          "@id": "https://data.datatourisme.fr/f1c25e1e-7db5-355b-b950-2b3c912749bf",
          "dc:contributor": [
            "https://api.deepl.com/v2/translate"
          ],
          "rdf:language": [
            "es"
          ],
          "rdf:predicate": [
            "shortDescription"
          ]
        }
      ],
      "shortDescription": {
        "de": [
          "Komfort, Qualität, Charme,... alle Kriterien, die Sie suchen, sind in dieser warmen und einladenden Einrichtung versammelt."
        ],
        "en": [
          "Comfort, quality, charm,... all the criteria you are looking for are gathered in this warm and welcoming establishment."
        ],
        "it": [
          "Comfort, qualità, fascino... tutti i criteri che cercate sono riuniti in questa struttura calda e accogliente."
        ],
        "fr": [
          "Du confort, de la qualité, du charme,...tous les critères que vous recherchez sont rassemblés dans cet établissement chaleureux et accueillant."
        ],
        "es": [
          "Comodidad, calidad, encanto... todos los criterios que busca se reúnen en este establecimiento cálido y acogedor."
        ],
        "nl": [
          "Comfort, kwaliteit, charme... alle criteria die u zoekt zijn verzameld in dit warme en gastvrije etablissement."
        ]
      }
    }
  ],
  "hasTranslatedProperty": [
    {
      "@id": "https://data.datatourisme.fr/043f4a49-4c23-3562-9033-884d3f49564c",
      "dc:contributor": [
        "https://api.deepl.com/v2/translate"
      ],
      "rdf:language": [
        "nl"
      ],
      "rdf:predicate": [
        {
          "@id": "rdfs:comment"
        }
      ]
    },
    {
      "@id": "https://data.datatourisme.fr/1e1fecda-c8be-3551-a220-868d34661c87",
      "dc:contributor": [
        "https://api.deepl.com/v2/translate"
      ],
      "rdf:language": [
        "en"
      ],
      "rdf:predicate": [
        {
          "@id": "rdfs:comment"
        }
      ]
    },
    {
      "@id": "https://data.datatourisme.fr/64b01e53-6344-3c82-8375-47fc197b47e1",
      "dc:contributor": [
        "https://api.deepl.com/v2/translate"
      ],
      "rdf:language": [
        "de"
      ],
      "rdf:predicate": [
        {
          "@id": "rdfs:comment"
        }
      ]
    },
    {
      "@id": "https://data.datatourisme.fr/80d08893-9216-3361-b778-a39ccfb257d0",
      "dc:contributor": [
        "https://api.deepl.com/v2/translate"
      ],
      "rdf:language": [
        "es"
      ],
      "rdf:predicate": [
        {
          "@id": "rdfs:comment"
        }
      ]
    },
    {
      "@id": "https://data.datatourisme.fr/b9b8c2d6-ebd3-32e2-8d4a-ec90556c0db9",
      "dc:contributor": [
        "https://api.deepl.com/v2/translate"
      ],
      "rdf:language": [
        "it"
      ],
      "rdf:predicate": [
        {
          "@id": "rdfs:comment"
        }
      ]
    }
  ],
  "isLocatedAt": [
    {
      "@id": "https://data.datatourisme.fr/005a4a2d-9563-312b-8747-e9f77ac7ceec",
      "schema:address": [
        {
          "@id": "https://data.datatourisme.fr/7dbac99f-e570-303c-8d53-80d502ebc846",
          "schema:addressLocality": "Cannes-Écluse",
          "schema:postalCode": "77130",
          "schema:streetAddress": [
            "1, rue des Tournesols"
          ],
          "@type": [
            "schema:PostalAddress",
            "PostalAddress"
          ],
          "hasAddressCity": {
            "@id": "kb:77061",
            "@type": [
              "City"
            ],
            "rdfs:label": {
              "de": [
                "Cannes-Écluse"
              ],
              "pt": [
                "Cannes-Écluse"
              ],
              "en": [
                "Cannes-Écluse"
              ],
              "it": [
                "Cannes-Écluse"
              ],
              "fr": [
                "Cannes-Écluse"
              ],
              "nl": [
                "Cannes-Écluse"
              ],
              "es": [
                "Cannes-Écluse"
              ]
            },
            "insee": "77061",
            "isPartOfDepartment": {
              "@id": "kb:France1177",
              "@type": [
                "Department"
              ],
              "rdfs:label": {
                "de": [
                  "Seine-et-Marne"
                ],
                "pt": [
                  "Seine-et-Marne"
                ],
                "en": [
                  "Seine-et-Marne"
                ],
                "it": [
                  "Seine-et-Marne"
                ],
                "fr": [
                  "Seine-et-Marne"
                ],
                "nl": [
                  "Seine-et-Marne"
                ],
                "es": [
                  "Seine-et-Marne"
                ]
              },
              "insee": "77",
              "isPartOfRegion": {
                "@id": "kb:France11",
                "@type": [
                  "Region"
                ],
                "rdfs:label": {
                  "de": [
                    "Île-de-France"
                  ],
                  "pt": [
                    "Île-de-France"
                  ],
                  "en": [
                    "Île-de-France"
                  ],
                  "it": [
                    "Île-de-France"
                  ],
                  "fr": [
                    "Île-de-France"
                  ],
                  "nl": [
                    "Île-de-France"
                  ],
                  "es": [
                    "Île-de-France"
                  ]
                },
                "insee": "11",
                "isPartOfCountry": {
                  "@id": "kb:France",
                  "@type": [
                    "schema:Country"
                  ],
                  "rdfs:label": {
                    "de": [
                      "France",
                      "Frankreich"
                    ],
                    "pt": [
                      "França",
                      "France"
                    ],
                    "en": [
                      "France"
                    ],
                    "it": [
                      "France",
                      "Francia"
                    ],
                    "fr": [
                      "France"
                    ],
                    "nl": [
                      "France",
                      "Frankrijk"
                    ],
                    "es": [
                      "France",
                      "Francia"
                    ]
                  }
                }
              }
            }
          }
        }
      ],
      "schema:geo": {
        "@id": "https://data.datatourisme.fr/864fcddf-b387-394d-b676-062a6ed986a5",
        "schema:latitude": "48.357981",
        "schema:longitude": "2.983542",
        "@type": [
          "schema:GeoCoordinates"
        ]
      },
      "schema:openingHoursSpecification": [
        {
          "@id": "https://data.datatourisme.fr/f87e535a-636d-3343-ad63-8a03392e7511",
          "schema:validFrom": "2023-01-01T00:00:00",
          "schema:validThrough": "2023-12-31T23:59:59",
          "@type": [
            "schema:OpeningHoursSpecification"
          ]
        }
      ],
      "@type": [
        "schema:Place",
        "Place"
      ]
    }
  ],
  "isOwnedBy": [
    {
      "@id": "https://data.datatourisme.fr/0a16a979-e7d3-37b5-a303-9fab0095eaa9",
      "schema:email": [
        "aurore.luneau@attractivite77.fr",
        "marie.dussouchaut@attractivite77.fr"
      ],
      "schema:legalName": "Seine et Marne Attractivité",
      "@type": [
        "schema:Organization",
        "foaf:Agent",
        "Agent"
      ],
      "foaf:homepage": [
        "https://www.seineetmarnevivreengrand.fr/"
      ]
    }
  ],
  "lastUpdate": "2016-04-29",
  "lastUpdateDatatourisme": "2023-02-01T18:07:35.951Z"
}