{
  "@id": "https://data.datatourisme.fr/13/06e0e36f-370d-340b-949b-de6aff047a0e",
  "dc:identifier": "6169134",
  "schema:endDate": [
    "2023-12-31"
  ],
  "schema:startDate": [
    "2023-01-01"
  ],
  "@type": [
    "schema:Event",
    "schema:SaleEvent",
    "EntertainmentAndEvent",
    "Market",
    "PointOfInterest",
    "SaleEvent"
  ],
  "rdfs:comment": {
    "de": [
      "Um saisonales Obst und Gemüse sowie regionale Produkte zu kaufen, treffen Sie sich freitags morgens auf dem mail in Perthes, route de Melun."
    ],
    "en": [
      "To buy seasonal fruits and vegetables, local products, go to the mall in Perthes, route de Melun, on Friday morning."
    ],
    "it": [
      "Per acquistare frutta e verdura di stagione e prodotti locali, recatevi al centro commerciale di Perthes, route de Melun, il venerdì mattina."
    ],
    "fr": [
      "Pour acheter des fruits et légumes de saison, des produits du terroir, rendez-vous sur le mail à Perthes, route de Melun, le vendredi matin."
    ],
    "es": [
      "Para comprar fruta y verdura de temporada y productos locales, acuda al centro comercial de Perthes, route de Melun, el viernes por la mañana."
    ],
    "nl": [
      "Om seizoensgebonden groenten en fruit en streekproducten te kopen, gaat u op vrijdagochtend naar het winkelcentrum in Perthes, route de Melun."
    ]
  },
  "rdfs:label": {
    "fr": [
      "Le marché de Perthes"
    ]
  },
  "hasBeenCreatedBy": {
    "@id": "https://data.datatourisme.fr/13/a2137a2a-e8e3-3b50-82a3-f8909ecb88fe",
    "dc:identifier": "1065",
    "schema:email": [
      "celine@fontainebleau-tourisme.com",
      "christelle@fontainebleau-tourisme.com",
      "edwige.fontainebleau@gmail.com",
      "emilie@fontainebleau-tourisme.com",
      "lorie@fontainebleau-tourisme.com",
      "magali@fontainebleau-tourisme.com",
      "mathilde@fontainebleau-tourisme.com",
      "stessier.fontainebleautourisme@gmail.com"
    ],
    "schema:legalName": "Fontainebleau Tourisme",
    "@type": [
      "schema:Organization",
      "foaf:Agent",
      "Agent"
    ],
    "foaf:homepage": [
      "http://www.fontainebleau-tourisme.com/"
    ]
  },
  "hasBeenPublishedBy": [
    {
      "@id": "https://data.datatourisme.fr/1db24fc4-b534-39bf-bdaf-152c6f98730e",
      "schema:legalName": "Seine et Marne Attractivité - source : Apidae Tourisme",
      "@type": [
        "schema:Organization",
        "foaf:Agent",
        "Agent"
      ],
      "foaf:homepage": [
        "https://www.apidae-tourisme.com/"
      ]
    }
  ],
  "hasContact": [
    {
      "@id": "https://data.datatourisme.fr/224f312f-de8f-3cb3-8849-6d08ee69459d",
      "schema:email": [
        "mairie@perthes-en-gatinais.fr"
      ],
      "schema:telephone": [
        "+33 1 60 66 10 23"
      ],
      "@type": [
        "foaf:Agent",
        "Agent"
      ],
      "foaf:homepage": [
        "http://www.perthes-en-gatinais.fr/"
      ]
    }
  ],
  "hasDescription": [
    {
      "@id": "https://data.datatourisme.fr/1ec02509-cb52-3634-a16a-c93ad3f1aa43",
      "@type": [
        "Description"
      ],
      "hasTranslatedProperty": [
        {
          "@id": "https://data.datatourisme.fr/40e5bca7-1218-3ed7-8219-334be0aeb513",
          "dc:contributor": [
            "https://api.deepl.com/v2/translate"
          ],
          "rdf:language": [
            "it"
          ],
          "rdf:predicate": [
            "shortDescription"
          ]
        },
        {
          "@id": "https://data.datatourisme.fr/7990622a-5bd6-3d36-8228-eaa3b70cf1df",
          "dc:contributor": [
            "https://api.deepl.com/v2/translate"
          ],
          "rdf:language": [
            "es"
          ],
          "rdf:predicate": [
            "shortDescription"
          ]
        },
        {
          "@id": "https://data.datatourisme.fr/8ad824ce-ca72-3076-aef8-2ec9ce517554",
          "dc:contributor": [
            "https://api.deepl.com/v2/translate"
          ],
          "rdf:language": [
            "en"
          ],
          "rdf:predicate": [
            "shortDescription"
          ]
        },
        {
          "@id": "https://data.datatourisme.fr/b9050201-b42a-36d4-b8cb-6133c500e30c",
          "dc:contributor": [
            "https://api.deepl.com/v2/translate"
          ],
          "rdf:language": [
            "de"
          ],
          "rdf:predicate": [
            "shortDescription"
          ]
        },
        {
          "@id": "https://data.datatourisme.fr/f9c1438d-96bb-33ad-a643-7b630b8360e2",
          "dc:contributor": [
            "https://api.deepl.com/v2/translate"
          ],
          "rdf:language": [
            "nl"
          ],
          "rdf:predicate": [
            "shortDescription"
          ]
        }
      ],
      "shortDescription": {
        "de": [
          "Um saisonales Obst und Gemüse sowie regionale Produkte zu kaufen, treffen Sie sich freitags morgens auf dem mail in Perthes, route de Melun."
        ],
        "en": [
          "To buy seasonal fruits and vegetables, local products, go to the mall in Perthes, route de Melun, on Friday morning."
        ],
        "it": [
          "Per acquistare frutta e verdura di stagione e prodotti locali, recatevi al centro commerciale di Perthes, route de Melun, il venerdì mattina."
        ],
        "fr": [
          "Pour acheter des fruits et légumes de saison, des produits du terroir, rendez-vous sur le mail à Perthes, route de Melun, le vendredi matin."
        ],
        "es": [
          "Para comprar fruta y verdura de temporada y productos locales, acuda al centro comercial de Perthes, route de Melun, el viernes por la mañana."
        ],
        "nl": [
          "Om seizoensgebonden groenten en fruit en streekproducten te kopen, gaat u op vrijdagochtend naar het winkelcentrum in Perthes, route de Melun."
        ]
      }
    }
  ],
  "hasTranslatedProperty": [
    {
      "@id": "https://data.datatourisme.fr/0fe1521b-0e01-3fc0-a74b-0b4083a672b8",
      "dc:contributor": [
        "https://api.deepl.com/v2/translate"
      ],
      "rdf:language": [
        "nl"
      ],
      "rdf:predicate": [
        {
          "@id": "rdfs:comment"
        }
      ]
    },
    {
      "@id": "https://data.datatourisme.fr/29f24dee-e815-3098-a5b2-2a8ea907c131",
      "dc:contributor": [
        "https://api.deepl.com/v2/translate"
      ],
      "rdf:language": [
        "it"
      ],
      "rdf:predicate": [
        {
          "@id": "rdfs:comment"
        }
      ]
    },
    {
      "@id": "https://data.datatourisme.fr/302ada90-d389-377d-bab4-ff5f6296c8e7",
      "dc:contributor": [
        "https://api.deepl.com/v2/translate"
      ],
      "rdf:language": [
        "de"
      ],
      "rdf:predicate": [
        {
          "@id": "rdfs:comment"
        }
      ]
    },
    {
      "@id": "https://data.datatourisme.fr/72686825-e764-3758-ad4c-3b1fdef4828e",
      "dc:contributor": [
        "https://api.deepl.com/v2/translate"
      ],
      "rdf:language": [
        "en"
      ],
      "rdf:predicate": [
        {
          "@id": "rdfs:comment"
        }
      ]
    },
    {
      "@id": "https://data.datatourisme.fr/ca5801a2-f9a3-33ac-a859-9aae4880c8b5",
      "dc:contributor": [
        "https://api.deepl.com/v2/translate"
      ],
      "rdf:language": [
        "es"
      ],
      "rdf:predicate": [
        {
          "@id": "rdfs:comment"
        }
      ]
    }
  ],
  "isLocatedAt": [
    {
      "@id": "https://data.datatourisme.fr/cecab8a2-43ae-315f-862c-fab01f6a15c9",
      "schema:address": [
        {
          "@id": "https://data.datatourisme.fr/dcfb960a-6528-36e4-a909-c4d447dc15ef",
          "schema:addressLocality": "Perthes",
          "schema:postalCode": "77930",
          "schema:streetAddress": [
            "Rue de Melun"
          ],
          "@type": [
            "schema:PostalAddress",
            "PostalAddress"
          ],
          "hasAddressCity": {
            "@id": "kb:77359",
            "@type": [
              "City"
            ],
            "rdfs:label": {
              "de": [
                "Perthes"
              ],
              "pt": [
                "Perthes"
              ],
              "en": [
                "Perthes"
              ],
              "it": [
                "Perthes"
              ],
              "fr": [
                "Perthes"
              ],
              "nl": [
                "Perthes"
              ],
              "es": [
                "Perthes"
              ]
            },
            "insee": "77359",
            "isPartOfDepartment": {
              "@id": "kb:France1177",
              "@type": [
                "Department"
              ],
              "rdfs:label": {
                "de": [
                  "Seine-et-Marne"
                ],
                "pt": [
                  "Seine-et-Marne"
                ],
                "en": [
                  "Seine-et-Marne"
                ],
                "it": [
                  "Seine-et-Marne"
                ],
                "fr": [
                  "Seine-et-Marne"
                ],
                "nl": [
                  "Seine-et-Marne"
                ],
                "es": [
                  "Seine-et-Marne"
                ]
              },
              "insee": "77",
              "isPartOfRegion": {
                "@id": "kb:France11",
                "@type": [
                  "Region"
                ],
                "rdfs:label": {
                  "de": [
                    "Île-de-France"
                  ],
                  "pt": [
                    "Île-de-France"
                  ],
                  "en": [
                    "Île-de-France"
                  ],
                  "it": [
                    "Île-de-France"
                  ],
                  "fr": [
                    "Île-de-France"
                  ],
                  "nl": [
                    "Île-de-France"
                  ],
                  "es": [
                    "Île-de-France"
                  ]
                },
                "insee": "11",
                "isPartOfCountry": {
                  "@id": "kb:France",
                  "@type": [
                    "schema:Country"
                  ],
                  "rdfs:label": {
                    "de": [
                      "France",
                      "Frankreich"
                    ],
                    "pt": [
                      "França",
                      "France"
                    ],
                    "en": [
                      "France"
                    ],
                    "it": [
                      "France",
                      "Francia"
                    ],
                    "fr": [
                      "France"
                    ],
                    "nl": [
                      "France",
                      "Frankrijk"
                    ],
                    "es": [
                      "France",
                      "Francia"
                    ]
                  }
                }
              }
            }
          }
        }
      ],
      "schema:geo": {
        "@id": "https://data.datatourisme.fr/7fed0ad1-8682-3ea8-aabe-139f6c901f07",
        "schema:latitude": "48.476267",
        "schema:longitude": "2.555432",
        "@type": [
          "schema:GeoCoordinates"
        ]
      },
      "schema:openingHoursSpecification": [
        {
          "@id": "https://data.datatourisme.fr/59d25a09-d5bc-3b4e-8fff-c4c253bcff7c",
          "schema:closes": "13:00:00",
          "schema:opens": "08:00:00",
          "schema:validFrom": "2023-01-01T00:00:00",
          "schema:validThrough": "2023-12-31T23:59:59",
          "@type": [
            "schema:OpeningHoursSpecification"
          ]
        }
      ],
      "@type": [
        "schema:Place",
        "Place"
      ]
    }
  ],
  "isOwnedBy": [
    {
      "@id": "https://data.datatourisme.fr/916f1cb3-e1a7-3f46-bb52-81cbe36922b0",
      "schema:email": [
        "celine@fontainebleau-tourisme.com",
        "emilie@fontainebleau-tourisme.com",
        "lorie@fontainebleau-tourisme.com",
        "mathilde@fontainebleau-tourisme.com"
      ],
      "schema:legalName": "Office de tourisme du Pays de Fontainebleau",
      "@type": [
        "schema:Organization",
        "foaf:Agent",
        "Agent"
      ],
      "foaf:homepage": [
        "http://www.fontainebleau-tourisme.com/"
      ]
    }
  ],
  "lastUpdate": "2023-03-17",
  "lastUpdateDatatourisme": "2023-03-18T06:42:03.537Z",
  "takesPlaceAt": [
    {
      "@id": "https://data.datatourisme.fr/f68f6b06-26fa-3a8b-b005-b0c2c181bca6",
      "@type": [
        "Period",
        "RecurrentPeriod"
      ],
      "appliesOnDay": [
        {
          "@id": "schema:Friday",
          "@type": [
            "schema:DayOfWeek"
          ],
          "rdfs:label": {
            "de": [
              "Freitag"
            ],
            "pt": [
              "Sexta-feira"
            ],
            "en": [
              "Friday"
            ],
            "it": [
              "Venerdì"
            ],
            "fr": [
              "Vendredi"
            ],
            "nl": [
              "Vrijdag"
            ],
            "es": [
              "Viernes"
            ]
          }
        }
      ],
      "endDate": "2023-12-31",
      "endTime": "13:00:00",
      "startDate": "2023-01-01",
      "startTime": "08:00:00"
    }
  ]
}