{
  "@id": "https://data.datatourisme.fr/13/06bac562-6aeb-331d-b49d-f239915710ed",
  "dc:identifier": "5880238",
  "@type": [
    "schema:FoodEstablishment",
    "FoodEstablishment",
    "PlaceOfInterest",
    "PointOfInterest"
  ],
  "rdfs:comment": {
    "de": [
      "Kebab, das im Herzen des historischen Zentrums von Saint-Germain-en-Laye eingerichtet wurde."
    ],
    "en": [
      "Kebab in the heart of the historical centre of Saint-Germain-en-Laye."
    ],
    "it": [
      "Kebab nel cuore del centro storico di Saint-Germain-en-Laye."
    ],
    "fr": [
      "Kebab installé au cœur du centre-historique de Saint-Germain-en-Laye."
    ],
    "nl": [
      "Kebab in het hart van het historische centrum van Saint-Germain-en-Laye."
    ],
    "es": [
      "Kebab en el corazón del centro histórico de Saint-Germain-en-Laye."
    ]
  },
  "rdfs:label": {
    "fr": [
      "Top Délice"
    ]
  },
  "hasBeenCreatedBy": {
    "@id": "https://data.datatourisme.fr/13/1baff70e-2669-3837-a347-efd3a874a341",
    "dc:identifier": "1489",
    "schema:email": [
      "emilie.prai@saintgermainenlaye.fr",
      "emilie.rochat@seine-saintgermain.fr",
      "melissa.moreau@saintgermainenlaye.fr"
    ],
    "schema:legalName": "Office de Tourisme Intercommunal de Saint Germain Boucles de Seine",
    "@type": [
      "schema:Organization",
      "foaf:Agent",
      "Agent"
    ],
    "foaf:homepage": [
      "http://www.reservation.seine-saintgermain.fr/"
    ]
  },
  "hasBeenPublishedBy": [
    {
      "@id": "https://data.datatourisme.fr/8a9feb4b-2cbd-3d2c-b507-bd6c6776b23b",
      "schema:legalName": "Apidae Tourisme Scic SA - source : Apidae Tourisme",
      "@type": [
        "schema:Organization",
        "foaf:Agent",
        "Agent"
      ],
      "foaf:homepage": [
        "https://www.apidae-tourisme.com/"
      ]
    }
  ],
  "hasContact": [
    {
      "@id": "https://data.datatourisme.fr/9369f79e-ed5a-3d0f-a0c1-42c1464a22a3",
      "schema:telephone": [
        "+33 1 30 61 76 70"
      ],
      "@type": [
        "foaf:Agent",
        "Agent"
      ]
    }
  ],
  "hasDescription": [
    {
      "@id": "https://data.datatourisme.fr/c1cbdb91-33e6-3ce5-8f39-1de434e8bae8",
      "@type": [
        "Description"
      ],
      "hasTranslatedProperty": [
        {
          "@id": "https://data.datatourisme.fr/3e7ca393-8c33-3407-9d13-3f4880a80a6a",
          "dc:contributor": [
            "https://api.deepl.com/v2/translate"
          ],
          "rdf:language": [
            "it"
          ],
          "rdf:predicate": [
            "shortDescription"
          ]
        },
        {
          "@id": "https://data.datatourisme.fr/3ec113c1-08d6-327e-81c3-4e20d9a6832a",
          "dc:contributor": [
            "https://api.deepl.com/v2/translate"
          ],
          "rdf:language": [
            "en"
          ],
          "rdf:predicate": [
            "shortDescription"
          ]
        },
        {
          "@id": "https://data.datatourisme.fr/964c0aa8-2f4d-3df6-9d0b-66ffc0d256b0",
          "dc:contributor": [
            "https://api.deepl.com/v2/translate"
          ],
          "rdf:language": [
            "es"
          ],
          "rdf:predicate": [
            "shortDescription"
          ]
        },
        {
          "@id": "https://data.datatourisme.fr/d14d5373-c135-38bb-846f-9a4a5c3ea5e6",
          "dc:contributor": [
            "https://api.deepl.com/v2/translate"
          ],
          "rdf:language": [
            "de"
          ],
          "rdf:predicate": [
            "shortDescription"
          ]
        },
        {
          "@id": "https://data.datatourisme.fr/f5ebdba1-b8da-3d6a-ad5e-5ca88796cd6a",
          "dc:contributor": [
            "https://api.deepl.com/v2/translate"
          ],
          "rdf:language": [
            "nl"
          ],
          "rdf:predicate": [
            "shortDescription"
          ]
        }
      ],
      "shortDescription": {
        "de": [
          "Kebab, das im Herzen des historischen Zentrums von Saint-Germain-en-Laye eingerichtet wurde."
        ],
        "en": [
          "Kebab in the heart of the historical centre of Saint-Germain-en-Laye."
        ],
        "it": [
          "Kebab nel cuore del centro storico di Saint-Germain-en-Laye."
        ],
        "fr": [
          "Kebab installé au cœur du centre-historique de Saint-Germain-en-Laye."
        ],
        "nl": [
          "Kebab in het hart van het historische centrum van Saint-Germain-en-Laye."
        ],
        "es": [
          "Kebab en el corazón del centro histórico de Saint-Germain-en-Laye."
        ]
      }
    }
  ],
  "hasTranslatedProperty": [
    {
      "@id": "https://data.datatourisme.fr/308b537b-0ee1-3117-b992-58712dfff5f3",
      "dc:contributor": [
        "https://api.deepl.com/v2/translate"
      ],
      "rdf:language": [
        "it"
      ],
      "rdf:predicate": [
        {
          "@id": "rdfs:comment"
        }
      ]
    },
    {
      "@id": "https://data.datatourisme.fr/406c0412-fd7b-3c42-b78a-636cac55485f",
      "dc:contributor": [
        "https://api.deepl.com/v2/translate"
      ],
      "rdf:language": [
        "nl"
      ],
      "rdf:predicate": [
        {
          "@id": "rdfs:comment"
        }
      ]
    },
    {
      "@id": "https://data.datatourisme.fr/58c3ed3f-ab72-3503-997c-9feb368d8eed",
      "dc:contributor": [
        "https://api.deepl.com/v2/translate"
      ],
      "rdf:language": [
        "es"
      ],
      "rdf:predicate": [
        {
          "@id": "rdfs:comment"
        }
      ]
    },
    {
      "@id": "https://data.datatourisme.fr/6bfa4072-7138-32ed-bbb6-c0d5206dc49c",
      "dc:contributor": [
        "https://api.deepl.com/v2/translate"
      ],
      "rdf:language": [
        "en"
      ],
      "rdf:predicate": [
        {
          "@id": "rdfs:comment"
        }
      ]
    },
    {
      "@id": "https://data.datatourisme.fr/d02f646b-0005-3590-8fff-af1421d4fd4d",
      "dc:contributor": [
        "https://api.deepl.com/v2/translate"
      ],
      "rdf:language": [
        "de"
      ],
      "rdf:predicate": [
        {
          "@id": "rdfs:comment"
        }
      ]
    }
  ],
  "isLocatedAt": [
    {
      "@id": "https://data.datatourisme.fr/0663e099-44b3-30fd-9ddb-012576292110",
      "schema:address": [
        {
          "@id": "https://data.datatourisme.fr/7be3e677-602b-3be3-b893-a874efc9c1bf",
          "schema:addressLocality": "Saint-Germain-en-Laye",
          "schema:postalCode": "78100",
          "schema:streetAddress": [
            "29 rue André Bonnenfant"
          ],
          "@type": [
            "schema:PostalAddress",
            "PostalAddress"
          ],
          "hasAddressCity": {
            "@id": "kb:78551",
            "@type": [
              "City"
            ],
            "rdfs:label": {
              "de": [
                "Saint-Germain-en-Laye"
              ],
              "pt": [
                "Saint-Germain-en-Laye"
              ],
              "en": [
                "Saint-Germain-en-Laye"
              ],
              "it": [
                "Saint-Germain-en-Laye"
              ],
              "fr": [
                "Saint-Germain-en-Laye"
              ],
              "nl": [
                "Saint-Germain-en-Laye"
              ],
              "es": [
                "Saint-Germain-en-Laye"
              ]
            },
            "insee": "78551",
            "isPartOfDepartment": {
              "@id": "kb:France1178",
              "@type": [
                "Department"
              ],
              "rdfs:label": {
                "de": [
                  "Yvelines"
                ],
                "pt": [
                  "Yvelines"
                ],
                "en": [
                  "Yvelines"
                ],
                "it": [
                  "Yvelines"
                ],
                "fr": [
                  "Yvelines"
                ],
                "nl": [
                  "Yvelines"
                ],
                "es": [
                  "Yvelines"
                ]
              },
              "insee": "78",
              "isPartOfRegion": {
                "@id": "kb:France11",
                "@type": [
                  "Region"
                ],
                "rdfs:label": {
                  "de": [
                    "Île-de-France"
                  ],
                  "pt": [
                    "Île-de-France"
                  ],
                  "en": [
                    "Île-de-France"
                  ],
                  "it": [
                    "Île-de-France"
                  ],
                  "fr": [
                    "Île-de-France"
                  ],
                  "nl": [
                    "Île-de-France"
                  ],
                  "es": [
                    "Île-de-France"
                  ]
                },
                "insee": "11",
                "isPartOfCountry": {
                  "@id": "kb:France",
                  "@type": [
                    "schema:Country"
                  ],
                  "rdfs:label": {
                    "de": [
                      "France",
                      "Frankreich"
                    ],
                    "pt": [
                      "França",
                      "France"
                    ],
                    "en": [
                      "France"
                    ],
                    "it": [
                      "France",
                      "Francia"
                    ],
                    "fr": [
                      "France"
                    ],
                    "nl": [
                      "France",
                      "Frankrijk"
                    ],
                    "es": [
                      "France",
                      "Francia"
                    ]
                  }
                }
              }
            }
          }
        }
      ],
      "schema:geo": {
        "@id": "https://data.datatourisme.fr/60655310-fa6f-3bd0-a5a3-81b79528252d",
        "schema:latitude": "48.895481",
        "schema:longitude": "2.091006",
        "@type": [
          "schema:GeoCoordinates"
        ]
      },
      "schema:openingHoursSpecification": [
        {
          "@id": "https://data.datatourisme.fr/203850f1-9699-33a6-b57c-580ffe194807",
          "schema:closes": "23:00:00",
          "schema:opens": "11:00:00",
          "schema:validFrom": "2023-01-01T00:00:00",
          "schema:validThrough": "2023-12-31T23:59:59",
          "@type": [
            "schema:OpeningHoursSpecification"
          ]
        }
      ],
      "@type": [
        "schema:Place",
        "Place"
      ]
    }
  ],
  "isOwnedBy": [
    {
      "@id": "https://data.datatourisme.fr/73484530-94e0-3b9c-86da-e2ddfa7df7ed",
      "schema:email": [
        "emilie.prai@saintgermainenlaye.fr",
        "emilie.rochat@seine-saintgermain.fr",
        "melissa.moreau@saintgermainenlaye.fr"
      ],
      "schema:legalName": "Office de Tourisme Intercommunal de Saint Germain Boucles de Seine",
      "@type": [
        "schema:Organization",
        "foaf:Agent",
        "Agent"
      ],
      "foaf:homepage": [
        "http://www.reservation.seine-saintgermain.fr/"
      ]
    }
  ],
  "lastUpdate": "2021-07-28",
  "lastUpdateDatatourisme": "2023-02-01T18:07:35.644Z"
}