{
  "@id": "https://data.datatourisme.fr/13/06ad849c-0005-33d6-bacb-8b879492c6b2",
  "dc:identifier": "4941037",
  "@type": [
    "schema:FoodEstablishment",
    "schema:Winery",
    "BistroOrWineBar",
    "FoodEstablishment",
    "PlaceOfInterest",
    "PointOfInterest",
    "SportsAndLeisurePlace"
  ],
  "rdfs:comment": {
    "de": [
      "Hopfenhaltige Nektare, elektrisierende Shots und explosive Cocktails - der Alchimist wird Ihre Geschmacksknospen in einer vitaminreichen Atmosphäre explodieren lassen, um die Seele baumeln zu lassen!"
    ],
    "en": [
      "Hopped nectars, electrified shots and explosive cocktails, the Alchimist will make your taste buds explode in a vitamin atmosphere to decompress!"
    ],
    "it": [
      "Nettari luppolati, shot elettrificati e cocktail esplosivi, l'Alchemist farà esplodere le vostre papille gustative in un'atmosfera vitaminica e rilassante!"
    ],
    "fr": [
      "Nectars houblonnés, shots électrisés et cocktails détonants, l'Alchimiste va faire exploser vos papilles dans une ambiance vitaminée pour décompresser !"
    ],
    "es": [
      "Néctares lupulados, chupitos electrificados y cócteles explosivos, ¡el Alquimista hará explotar tus papilas gustativas en una atmósfera vitamínica para descomprimir!"
    ],
    "nl": [
      "Gehopte nectars, geëlektriseerde shots en explosieve cocktails, de Alchemist laat uw smaakpapillen exploderen in een vitaminerijke sfeer om tot rust te komen!"
    ]
  },
  "rdfs:label": {
    "fr": [
      "L'Alchimiste"
    ]
  },
  "hasBeenCreatedBy": {
    "@id": "https://data.datatourisme.fr/13/1baff70e-2669-3837-a347-efd3a874a341",
    "dc:identifier": "1489",
    "schema:email": [
      "emilie.prai@saintgermainenlaye.fr",
      "emilie.rochat@seine-saintgermain.fr",
      "melissa.moreau@saintgermainenlaye.fr"
    ],
    "schema:legalName": "Office de Tourisme Intercommunal de Saint Germain Boucles de Seine",
    "@type": [
      "schema:Organization",
      "foaf:Agent",
      "Agent"
    ],
    "foaf:homepage": [
      "http://www.reservation.seine-saintgermain.fr/"
    ]
  },
  "hasBeenPublishedBy": [
    {
      "@id": "https://data.datatourisme.fr/8a9feb4b-2cbd-3d2c-b507-bd6c6776b23b",
      "schema:legalName": "Apidae Tourisme Scic SA - source : Apidae Tourisme",
      "@type": [
        "schema:Organization",
        "foaf:Agent",
        "Agent"
      ],
      "foaf:homepage": [
        "https://www.apidae-tourisme.com/"
      ]
    }
  ],
  "hasContact": [
    {
      "@id": "https://data.datatourisme.fr/0032b01f-3e25-302f-bca6-c5fa71f2da31",
      "schema:telephone": [
        "+33 9 80 73 36 10"
      ],
      "@type": [
        "foaf:Agent",
        "Agent"
      ]
    }
  ],
  "hasDescription": [
    {
      "@id": "https://data.datatourisme.fr/fe577deb-f0c3-3d01-8295-bba6a98735c2",
      "@type": [
        "Description"
      ],
      "hasTranslatedProperty": [
        {
          "@id": "https://data.datatourisme.fr/4b315e7f-67b0-32b0-a527-bb068a51be34",
          "dc:contributor": [
            "https://api.deepl.com/v2/translate"
          ],
          "rdf:language": [
            "nl"
          ],
          "rdf:predicate": [
            "shortDescription"
          ]
        },
        {
          "@id": "https://data.datatourisme.fr/9073f059-3e43-3662-8b1b-f3fca5e000db",
          "dc:contributor": [
            "https://api.deepl.com/v2/translate"
          ],
          "rdf:language": [
            "it"
          ],
          "rdf:predicate": [
            "shortDescription"
          ]
        },
        {
          "@id": "https://data.datatourisme.fr/fb33c189-d70d-3269-a583-eb2030bbfcc1",
          "dc:contributor": [
            "https://api.deepl.com/v2/translate"
          ],
          "rdf:language": [
            "de"
          ],
          "rdf:predicate": [
            "shortDescription"
          ]
        }
      ],
      "shortDescription": {
        "de": [
          "Hopfenhaltige Nektare, elektrisierende Shots und explosive Cocktails - der Alchimist wird Ihre Geschmacksknospen in einer vitaminreichen Atmosphäre explodieren lassen, um die Seele baumeln zu lassen!"
        ],
        "en": [
          "Hopped nectars, electrified shots and explosive cocktails, the Alchimist will make your taste buds explode in a vitamin atmosphere to decompress!"
        ],
        "it": [
          "Nettari luppolati, shot elettrificati e cocktail esplosivi, l'Alchemist farà esplodere le vostre papille gustative in un'atmosfera vitaminica e rilassante!"
        ],
        "fr": [
          "Nectars houblonnés, shots électrisés et cocktails détonants, l'Alchimiste va faire exploser vos papilles dans une ambiance vitaminée pour décompresser !"
        ],
        "es": [
          "Néctares lupulados, chupitos electrificados y cócteles explosivos, ¡el Alquimista hará explotar tus papilas gustativas en una atmósfera vitamínica para descomprimir!"
        ],
        "nl": [
          "Gehopte nectars, geëlektriseerde shots en explosieve cocktails, de Alchemist laat uw smaakpapillen exploderen in een vitaminerijke sfeer om tot rust te komen!"
        ]
      }
    }
  ],
  "hasTranslatedProperty": [
    {
      "@id": "https://data.datatourisme.fr/19aa9fb2-722a-322d-9ac1-9d0b5e27326b",
      "dc:contributor": [
        "https://api.deepl.com/v2/translate"
      ],
      "rdf:language": [
        "de"
      ],
      "rdf:predicate": [
        {
          "@id": "rdfs:comment"
        }
      ]
    },
    {
      "@id": "https://data.datatourisme.fr/c3c7d2a5-60db-3235-b86a-1e3cfa6fe395",
      "dc:contributor": [
        "https://api.deepl.com/v2/translate"
      ],
      "rdf:language": [
        "it"
      ],
      "rdf:predicate": [
        {
          "@id": "rdfs:comment"
        }
      ]
    },
    {
      "@id": "https://data.datatourisme.fr/c871558e-ea4f-3824-b513-8c1c2d47b162",
      "dc:contributor": [
        "https://api.deepl.com/v2/translate"
      ],
      "rdf:language": [
        "nl"
      ],
      "rdf:predicate": [
        {
          "@id": "rdfs:comment"
        }
      ]
    }
  ],
  "isLocatedAt": [
    {
      "@id": "https://data.datatourisme.fr/64948831-b002-3c42-a10d-3d0c2a1c0807",
      "schema:address": [
        {
          "@id": "https://data.datatourisme.fr/ac2d3a8d-7749-342a-ab68-2cb614dc847d",
          "schema:addressLocality": "Saint-Germain-en-Laye",
          "schema:postalCode": "78100",
          "schema:streetAddress": [
            "1bis rue Alexandre Dumas"
          ],
          "@type": [
            "schema:PostalAddress",
            "PostalAddress"
          ],
          "hasAddressCity": {
            "@id": "kb:78551",
            "@type": [
              "City"
            ],
            "rdfs:label": {
              "de": [
                "Saint-Germain-en-Laye"
              ],
              "pt": [
                "Saint-Germain-en-Laye"
              ],
              "en": [
                "Saint-Germain-en-Laye"
              ],
              "it": [
                "Saint-Germain-en-Laye"
              ],
              "fr": [
                "Saint-Germain-en-Laye"
              ],
              "nl": [
                "Saint-Germain-en-Laye"
              ],
              "es": [
                "Saint-Germain-en-Laye"
              ]
            },
            "insee": "78551",
            "isPartOfDepartment": {
              "@id": "kb:France1178",
              "@type": [
                "Department"
              ],
              "rdfs:label": {
                "de": [
                  "Yvelines"
                ],
                "pt": [
                  "Yvelines"
                ],
                "en": [
                  "Yvelines"
                ],
                "it": [
                  "Yvelines"
                ],
                "fr": [
                  "Yvelines"
                ],
                "nl": [
                  "Yvelines"
                ],
                "es": [
                  "Yvelines"
                ]
              },
              "insee": "78",
              "isPartOfRegion": {
                "@id": "kb:France11",
                "@type": [
                  "Region"
                ],
                "rdfs:label": {
                  "de": [
                    "Île-de-France"
                  ],
                  "pt": [
                    "Île-de-France"
                  ],
                  "en": [
                    "Île-de-France"
                  ],
                  "it": [
                    "Île-de-France"
                  ],
                  "fr": [
                    "Île-de-France"
                  ],
                  "nl": [
                    "Île-de-France"
                  ],
                  "es": [
                    "Île-de-France"
                  ]
                },
                "insee": "11",
                "isPartOfCountry": {
                  "@id": "kb:France",
                  "@type": [
                    "schema:Country"
                  ],
                  "rdfs:label": {
                    "de": [
                      "France",
                      "Frankreich"
                    ],
                    "pt": [
                      "França",
                      "France"
                    ],
                    "en": [
                      "France"
                    ],
                    "it": [
                      "France",
                      "Francia"
                    ],
                    "fr": [
                      "France"
                    ],
                    "nl": [
                      "France",
                      "Frankrijk"
                    ],
                    "es": [
                      "France",
                      "Francia"
                    ]
                  }
                }
              }
            }
          }
        }
      ],
      "schema:geo": {
        "@id": "https://data.datatourisme.fr/bd4d0ba9-bcf0-3e44-af5a-121636a5f01a",
        "schema:latitude": "48.894632",
        "schema:longitude": "2.095586",
        "@type": [
          "schema:GeoCoordinates"
        ]
      },
      "schema:openingHoursSpecification": [
        {
          "@id": "https://data.datatourisme.fr/e3c8f44a-919b-368f-81bd-16f97909e238",
          "schema:closes": "01:00:00",
          "schema:opens": "18:00:00",
          "schema:validFrom": "2023-01-01T00:00:00",
          "schema:validThrough": "2023-12-31T23:59:59",
          "@type": [
            "schema:OpeningHoursSpecification"
          ]
        }
      ],
      "@type": [
        "schema:Place",
        "Place"
      ]
    }
  ],
  "isOwnedBy": [
    {
      "@id": "https://data.datatourisme.fr/73484530-94e0-3b9c-86da-e2ddfa7df7ed",
      "schema:email": [
        "emilie.prai@saintgermainenlaye.fr",
        "emilie.rochat@seine-saintgermain.fr",
        "melissa.moreau@saintgermainenlaye.fr"
      ],
      "schema:legalName": "Office de Tourisme Intercommunal de Saint Germain Boucles de Seine",
      "@type": [
        "schema:Organization",
        "foaf:Agent",
        "Agent"
      ],
      "foaf:homepage": [
        "http://www.reservation.seine-saintgermain.fr/"
      ]
    }
  ],
  "lastUpdate": "2022-05-05",
  "lastUpdateDatatourisme": "2023-02-01T18:07:36.152Z"
}