{
  "@id": "https://data.datatourisme.fr/13/067fb89b-9a8e-3ac6-b623-545a4e968067",
  "dc:identifier": "5676463",
  "@type": [
    "schema:FoodEstablishment",
    "FoodEstablishment",
    "PlaceOfInterest",
    "PointOfInterest"
  ],
  "rdfs:comment": {
    "de": [
      "Fête à Crêpe ist eine Kette von Schnellrestaurants und Crêperien, Sandwicherien und Eisdielen."
    ],
    "en": [
      "Fête à Crêpe is a chain of fast food restaurants and pancake shops, sandwich shops, ice cream shops."
    ],
    "it": [
      "Fête à Crêpe è una catena di ristoranti fast-food e crêperie, paninoteche e gelaterie."
    ],
    "fr": [
      "Fête à Crêpe c'est une chaîne de restauration rapide et crêperie, sandwicherie, glacerie."
    ],
    "nl": [
      "Fête à Crêpe is een keten van fastfoodrestaurants en crêperie, broodjeszaak en ijssalon."
    ],
    "es": [
      "Fête à Crêpe es una cadena de restaurantes de comida rápida y crêperie, tienda de bocadillos y heladería."
    ]
  },
  "rdfs:label": {
    "fr": [
      "Fête à Crêpe"
    ]
  },
  "hasBeenCreatedBy": {
    "@id": "https://data.datatourisme.fr/13/d51b4167-88b6-3e70-ab0c-381c06efc9f1",
    "dc:identifier": "2182",
    "schema:email": [
      "abehar@enghien95.fr",
      "abehar@renghien95.fr",
      "accueil.tourisme@enghien95.fr",
      "hvdcasteele@enghien95.fr",
      "mheurion@enghien95.fr"
    ],
    "schema:legalName": "Office de Tourisme d'Enghien-les-Bains",
    "@type": [
      "schema:Organization",
      "foaf:Agent",
      "Agent"
    ],
    "foaf:homepage": [
      "http://www.ot-enghienlesbains.fr/"
    ]
  },
  "hasBeenPublishedBy": [
    {
      "@id": "https://data.datatourisme.fr/8a9feb4b-2cbd-3d2c-b507-bd6c6776b23b",
      "schema:legalName": "Apidae Tourisme Scic SA - source : Apidae Tourisme",
      "@type": [
        "schema:Organization",
        "foaf:Agent",
        "Agent"
      ],
      "foaf:homepage": [
        "https://www.apidae-tourisme.com/"
      ]
    }
  ],
  "hasContact": [
    {
      "@id": "https://data.datatourisme.fr/b781d5f6-67e0-30e9-9e35-ef972258deac",
      "schema:telephone": [
        "+33 1 39 64 31 61",
        "+33 1 87 63 26 63"
      ],
      "@type": [
        "foaf:Agent",
        "Agent"
      ]
    }
  ],
  "hasDescription": [
    {
      "@id": "https://data.datatourisme.fr/6d0e77fb-2c84-38aa-96fe-c39990ccd808",
      "@type": [
        "Description"
      ],
      "hasTranslatedProperty": [
        {
          "@id": "https://data.datatourisme.fr/3c57ba17-93ba-3ca9-8f31-f676e0074e46",
          "dc:contributor": [
            "https://api.deepl.com/v2/translate"
          ],
          "rdf:language": [
            "nl"
          ],
          "rdf:predicate": [
            "shortDescription"
          ]
        },
        {
          "@id": "https://data.datatourisme.fr/57d8f821-331c-3cb7-afbc-f682948b125e",
          "dc:contributor": [
            "https://api.deepl.com/v2/translate"
          ],
          "rdf:language": [
            "en"
          ],
          "rdf:predicate": [
            "shortDescription"
          ]
        },
        {
          "@id": "https://data.datatourisme.fr/709a2c61-3cc3-3d0b-829e-c7cbf2d367ab",
          "dc:contributor": [
            "https://api.deepl.com/v2/translate"
          ],
          "rdf:language": [
            "es"
          ],
          "rdf:predicate": [
            "shortDescription"
          ]
        },
        {
          "@id": "https://data.datatourisme.fr/b72d8759-298a-31e4-a374-82443084551b",
          "dc:contributor": [
            "https://api.deepl.com/v2/translate"
          ],
          "rdf:language": [
            "de"
          ],
          "rdf:predicate": [
            "shortDescription"
          ]
        },
        {
          "@id": "https://data.datatourisme.fr/eb3a3997-9bd9-3b47-a344-375a85e43880",
          "dc:contributor": [
            "https://api.deepl.com/v2/translate"
          ],
          "rdf:language": [
            "it"
          ],
          "rdf:predicate": [
            "shortDescription"
          ]
        }
      ],
      "shortDescription": {
        "de": [
          "Fête à Crêpe ist eine Kette von Schnellrestaurants und Crêperien, Sandwicherien und Eisdielen."
        ],
        "en": [
          "Fête à Crêpe is a chain of fast food restaurants and pancake shops, sandwich shops, ice cream shops."
        ],
        "it": [
          "Fête à Crêpe è una catena di ristoranti fast-food e crêperie, paninoteche e gelaterie."
        ],
        "fr": [
          "Fête à Crêpe c'est une chaîne de restauration rapide et crêperie, sandwicherie, glacerie."
        ],
        "nl": [
          "Fête à Crêpe is een keten van fastfoodrestaurants en crêperie, broodjeszaak en ijssalon."
        ],
        "es": [
          "Fête à Crêpe es una cadena de restaurantes de comida rápida y crêperie, tienda de bocadillos y heladería."
        ]
      }
    }
  ],
  "hasTranslatedProperty": [
    {
      "@id": "https://data.datatourisme.fr/1391d61c-75a5-330e-8503-72231928cb03",
      "dc:contributor": [
        "https://api.deepl.com/v2/translate"
      ],
      "rdf:language": [
        "it"
      ],
      "rdf:predicate": [
        {
          "@id": "rdfs:comment"
        }
      ]
    },
    {
      "@id": "https://data.datatourisme.fr/56219d99-8f40-347f-88e2-9c166a14b2f3",
      "dc:contributor": [
        "https://api.deepl.com/v2/translate"
      ],
      "rdf:language": [
        "es"
      ],
      "rdf:predicate": [
        {
          "@id": "rdfs:comment"
        }
      ]
    },
    {
      "@id": "https://data.datatourisme.fr/57a1ea67-b5bb-3c6e-9622-cd40e3fa7225",
      "dc:contributor": [
        "https://api.deepl.com/v2/translate"
      ],
      "rdf:language": [
        "en"
      ],
      "rdf:predicate": [
        {
          "@id": "rdfs:comment"
        }
      ]
    },
    {
      "@id": "https://data.datatourisme.fr/c6cf9571-5b68-3ca1-9b14-e42cda2f03db",
      "dc:contributor": [
        "https://api.deepl.com/v2/translate"
      ],
      "rdf:language": [
        "de"
      ],
      "rdf:predicate": [
        {
          "@id": "rdfs:comment"
        }
      ]
    },
    {
      "@id": "https://data.datatourisme.fr/dfadac93-aea4-3be6-a961-6b26c18ba08e",
      "dc:contributor": [
        "https://api.deepl.com/v2/translate"
      ],
      "rdf:language": [
        "nl"
      ],
      "rdf:predicate": [
        {
          "@id": "rdfs:comment"
        }
      ]
    }
  ],
  "isLocatedAt": [
    {
      "@id": "https://data.datatourisme.fr/89beebdc-9ba7-397f-8f2a-706493f46e41",
      "schema:address": [
        {
          "@id": "https://data.datatourisme.fr/cc7365ef-2c74-391d-8549-2732bd34275f",
          "schema:addressLocality": "Enghien-les-Bains",
          "schema:postalCode": "95880",
          "schema:streetAddress": [
            "38 rue du Départ"
          ],
          "@type": [
            "schema:PostalAddress",
            "PostalAddress"
          ],
          "hasAddressCity": {
            "@id": "kb:95210",
            "@type": [
              "City"
            ],
            "rdfs:label": {
              "de": [
                "Enghien-les-Bains"
              ],
              "pt": [
                "Enghien-les-Bains"
              ],
              "en": [
                "Enghien-les-Bains"
              ],
              "it": [
                "Enghien-les-Bains"
              ],
              "fr": [
                "Enghien-les-Bains"
              ],
              "nl": [
                "Enghien-les-Bains"
              ],
              "es": [
                "Enghien-les-Bains"
              ]
            },
            "insee": "95210",
            "isPartOfDepartment": {
              "@id": "kb:France1195",
              "@type": [
                "Department"
              ],
              "rdfs:label": {
                "de": [
                  "Val-d'Oise"
                ],
                "pt": [
                  "Val-d'Oise"
                ],
                "en": [
                  "Val-d'Oise"
                ],
                "it": [
                  "Val-d'Oise"
                ],
                "fr": [
                  "Val-d'Oise"
                ],
                "nl": [
                  "Val-d'Oise"
                ],
                "es": [
                  "Val-d'Oise"
                ]
              },
              "insee": "95",
              "isPartOfRegion": {
                "@id": "kb:France11",
                "@type": [
                  "Region"
                ],
                "rdfs:label": {
                  "de": [
                    "Île-de-France"
                  ],
                  "pt": [
                    "Île-de-France"
                  ],
                  "en": [
                    "Île-de-France"
                  ],
                  "it": [
                    "Île-de-France"
                  ],
                  "fr": [
                    "Île-de-France"
                  ],
                  "nl": [
                    "Île-de-France"
                  ],
                  "es": [
                    "Île-de-France"
                  ]
                },
                "insee": "11",
                "isPartOfCountry": {
                  "@id": "kb:France",
                  "@type": [
                    "schema:Country"
                  ],
                  "rdfs:label": {
                    "de": [
                      "France",
                      "Frankreich"
                    ],
                    "pt": [
                      "França",
                      "France"
                    ],
                    "en": [
                      "France"
                    ],
                    "it": [
                      "France",
                      "Francia"
                    ],
                    "fr": [
                      "France"
                    ],
                    "nl": [
                      "France",
                      "Frankrijk"
                    ],
                    "es": [
                      "France",
                      "Francia"
                    ]
                  }
                }
              }
            }
          }
        }
      ],
      "schema:geo": {
        "@id": "https://data.datatourisme.fr/0c71c58f-621f-3e0b-b73f-fb81c4fb0e98",
        "schema:latitude": "48.97428",
        "schema:longitude": "2.305562",
        "@type": [
          "schema:GeoCoordinates"
        ]
      },
      "schema:openingHoursSpecification": [
        {
          "@id": "https://data.datatourisme.fr/4731a97c-0d66-34f2-aae2-b49e06fd6006",
          "schema:validFrom": "2023-01-01T00:00:00",
          "schema:validThrough": "2023-12-31T23:59:59",
          "@type": [
            "schema:OpeningHoursSpecification"
          ],
          "additionalInformation": {
            "de": [
              "Täglich von 11:00 bis 01:00 Uhr geöffnet"
            ],
            "en": [
              "Open every day from 11am to 1am"
            ],
            "it": [
              "Aperto tutti i giorni dalle 11.00 all'1.00"
            ],
            "fr": [
              "Ouvert tous les jours de 11h à 01h"
            ],
            "nl": [
              "Dagelijks geopend van 11.00 tot 1.00 uur"
            ],
            "es": [
              "Abierto todos los días de 11 a 1 de la mañana"
            ]
          },
          "hasTranslatedProperty": [
            {
              "@id": "https://data.datatourisme.fr/43c59cce-57ac-3382-8503-bdcfc9f657f2",
              "dc:contributor": [
                "https://api.deepl.com/v2/translate"
              ],
              "rdf:language": [
                "de"
              ],
              "rdf:predicate": [
                "additionalInformation"
              ]
            },
            {
              "@id": "https://data.datatourisme.fr/5be27d71-3af0-3d5e-97fe-4f8d96f74a37",
              "dc:contributor": [
                "https://api.deepl.com/v2/translate"
              ],
              "rdf:language": [
                "es"
              ],
              "rdf:predicate": [
                "additionalInformation"
              ]
            },
            {
              "@id": "https://data.datatourisme.fr/68fc9ae7-5948-3bc1-94c4-67602730960a",
              "dc:contributor": [
                "https://api.deepl.com/v2/translate"
              ],
              "rdf:language": [
                "nl"
              ],
              "rdf:predicate": [
                "additionalInformation"
              ]
            },
            {
              "@id": "https://data.datatourisme.fr/782f7168-007f-33d7-a7b8-ed099fced506",
              "dc:contributor": [
                "https://api.deepl.com/v2/translate"
              ],
              "rdf:language": [
                "it"
              ],
              "rdf:predicate": [
                "additionalInformation"
              ]
            },
            {
              "@id": "https://data.datatourisme.fr/e85ec5ba-4db5-3470-abbc-424008122abb",
              "dc:contributor": [
                "https://api.deepl.com/v2/translate"
              ],
              "rdf:language": [
                "en"
              ],
              "rdf:predicate": [
                "additionalInformation"
              ]
            }
          ]
        }
      ],
      "@type": [
        "schema:Place",
        "Place"
      ]
    }
  ],
  "isOwnedBy": [
    {
      "@id": "https://data.datatourisme.fr/4f6881d4-901b-3a06-9a9b-f4e88d80992c",
      "schema:email": [
        "abehar@renghien95.fr",
        "accueil.tourisme@enghien95.fr",
        "hvdcasteele@enghien95.fr",
        "mheurion@enghien95.fr"
      ],
      "schema:legalName": "Office de Tourisme et des Congrès d'Enghien-les-Bains",
      "@type": [
        "schema:Organization",
        "foaf:Agent",
        "Agent"
      ],
      "foaf:homepage": [
        "http://www.ot-enghienlesbains.fr/"
      ]
    }
  ],
  "lastUpdate": "2022-10-27",
  "lastUpdateDatatourisme": "2023-02-15T06:38:07.107Z"
}