{
  "@id": "https://data.datatourisme.fr/13/066281e3-74cb-3f95-935d-4400013eac1f",
  "dc:identifier": "726620",
  "@type": [
    "schema:Library",
    "CulturalSite",
    "Library",
    "PlaceOfInterest",
    "PointOfInterest",
    "SportsAndLeisurePlace"
  ],
  "rdfs:comment": {
    "de": [
      "Auf einer Fläche von 1300m2 bietet die Mediathek einen Bestand an Erwachsenen, Kleinkindern, Jugendlichen, Musik, Kino, einen Ausstellungsraum, einen Animationsraum und einen Multimediaraum."
    ],
    "en": [
      "In a space of 1300m2, the media library offers an adult, early childhood, youth, music, cinema, an exhibition room, an animation room and a multimedia room."
    ],
    "it": [
      "In uno spazio di 1300 m2, la mediateca offre una collezione per adulti, per la prima infanzia, per i giovani, per la musica e per il cinema, una sala espositiva, una sala di animazione e una sala multimediale."
    ],
    "fr": [
      "Dans un espace de 1300m2, la médiathèque propose un fonds adulte, petite enfance, jeunesse, musique, cinéma, une salle d’exposition, une salle d’animation et une salle multimédia."
    ],
    "nl": [
      "In een ruimte van 1300m2 biedt de mediatheek een collectie voor volwassenen, voor jonge kinderen, jongeren, muziek en film, een tentoonstellingsruimte, een animatieruimte en een multimediaruimte."
    ],
    "es": [
      "En un espacio de 1300m2, la mediateca ofrece una colección de adultos, infantil, juvenil, musical y cinematográfica, una sala de exposiciones, una sala de animación y una sala multimedia."
    ]
  },
  "rdfs:label": {
    "fr": [
      "Médiathèque de l’Europe"
    ]
  },
  "hasBeenCreatedBy": {
    "@id": "https://data.datatourisme.fr/13/3806734b-256c-37e4-9ec2-c6bffa26d9e7",
    "dc:identifier": "1028",
    "schema:email": [
      "agnes.allanou@marneetgondoire.fr",
      "anne.godin@marneetgondoire.fr"
    ],
    "schema:legalName": "Office de Tourisme de Marne et Gondoire",
    "@type": [
      "schema:Organization",
      "foaf:Agent",
      "Agent"
    ],
    "foaf:homepage": [
      "http://www.marneetgondoire-tourisme.fr/"
    ]
  },
  "hasBeenPublishedBy": [
    {
      "@id": "https://data.datatourisme.fr/1db24fc4-b534-39bf-bdaf-152c6f98730e",
      "schema:legalName": "Seine et Marne Attractivité - source : Apidae Tourisme",
      "@type": [
        "schema:Organization",
        "foaf:Agent",
        "Agent"
      ],
      "foaf:homepage": [
        "https://www.apidae-tourisme.com/"
      ]
    }
  ],
  "hasContact": [
    {
      "@id": "https://data.datatourisme.fr/5b197f90-59f4-3a29-b8a8-793e101498ff",
      "schema:email": [
        "mediatheque@bussy-saint-georges.fr"
      ],
      "schema:telephone": [
        "+33 1 87 94 77 47"
      ],
      "@type": [
        "foaf:Agent",
        "Agent"
      ]
    }
  ],
  "hasDescription": [
    {
      "@id": "https://data.datatourisme.fr/42fb9f08-c6fa-335d-aab5-172d173d4bda",
      "@type": [
        "Description"
      ],
      "hasTranslatedProperty": [
        {
          "@id": "https://data.datatourisme.fr/069ed010-1feb-3eb0-b348-a74e3ab4d638",
          "dc:contributor": [
            "https://api.deepl.com/v2/translate"
          ],
          "rdf:language": [
            "nl"
          ],
          "rdf:predicate": [
            "shortDescription"
          ]
        },
        {
          "@id": "https://data.datatourisme.fr/1228ff42-720d-3fc6-925c-fd186c51c282",
          "dc:contributor": [
            "https://api.deepl.com/v2/translate"
          ],
          "rdf:language": [
            "en"
          ],
          "rdf:predicate": [
            "shortDescription"
          ]
        },
        {
          "@id": "https://data.datatourisme.fr/495172e1-7a9d-3431-a480-c5b3058dcd9c",
          "dc:contributor": [
            "https://api.deepl.com/v2/translate"
          ],
          "rdf:language": [
            "es"
          ],
          "rdf:predicate": [
            "shortDescription"
          ]
        },
        {
          "@id": "https://data.datatourisme.fr/9621c658-677e-36c7-8527-9aacf0599074",
          "dc:contributor": [
            "https://api.deepl.com/v2/translate"
          ],
          "rdf:language": [
            "it"
          ],
          "rdf:predicate": [
            "shortDescription"
          ]
        },
        {
          "@id": "https://data.datatourisme.fr/9be2d4c6-50bf-31ef-a2ce-eb05b2cf2fd5",
          "dc:contributor": [
            "https://api.deepl.com/v2/translate"
          ],
          "rdf:language": [
            "de"
          ],
          "rdf:predicate": [
            "shortDescription"
          ]
        }
      ],
      "shortDescription": {
        "de": [
          "Auf einer Fläche von 1300m2 bietet die Mediathek einen Bestand an Erwachsenen, Kleinkindern, Jugendlichen, Musik, Kino, einen Ausstellungsraum, einen Animationsraum und einen Multimediaraum."
        ],
        "en": [
          "In a space of 1300m2, the media library offers an adult, early childhood, youth, music, cinema, an exhibition room, an animation room and a multimedia room."
        ],
        "it": [
          "In uno spazio di 1300 m2, la mediateca offre una collezione per adulti, per la prima infanzia, per i giovani, per la musica e per il cinema, una sala espositiva, una sala di animazione e una sala multimediale."
        ],
        "fr": [
          "Dans un espace de 1300m2, la médiathèque propose un fonds adulte, petite enfance, jeunesse, musique, cinéma, une salle d’exposition, une salle d’animation et une salle multimédia."
        ],
        "nl": [
          "In een ruimte van 1300m2 biedt de mediatheek een collectie voor volwassenen, voor jonge kinderen, jongeren, muziek en film, een tentoonstellingsruimte, een animatieruimte en een multimediaruimte."
        ],
        "es": [
          "En un espacio de 1300m2, la mediateca ofrece una colección de adultos, infantil, juvenil, musical y cinematográfica, una sala de exposiciones, una sala de animación y una sala multimedia."
        ]
      }
    }
  ],
  "hasTranslatedProperty": [
    {
      "@id": "https://data.datatourisme.fr/2e6a2fc5-5a01-3cef-b7fc-464151118b71",
      "dc:contributor": [
        "https://api.deepl.com/v2/translate"
      ],
      "rdf:language": [
        "en"
      ],
      "rdf:predicate": [
        {
          "@id": "rdfs:comment"
        }
      ]
    },
    {
      "@id": "https://data.datatourisme.fr/5393d11f-3b0d-3603-98d4-c64f6b90242f",
      "dc:contributor": [
        "https://api.deepl.com/v2/translate"
      ],
      "rdf:language": [
        "es"
      ],
      "rdf:predicate": [
        {
          "@id": "rdfs:comment"
        }
      ]
    },
    {
      "@id": "https://data.datatourisme.fr/7edb8d23-fbb7-3d69-9f3b-bb0a49433449",
      "dc:contributor": [
        "https://api.deepl.com/v2/translate"
      ],
      "rdf:language": [
        "it"
      ],
      "rdf:predicate": [
        {
          "@id": "rdfs:comment"
        }
      ]
    },
    {
      "@id": "https://data.datatourisme.fr/80e8cd48-0249-39ec-a3cf-98fa40748aff",
      "dc:contributor": [
        "https://api.deepl.com/v2/translate"
      ],
      "rdf:language": [
        "de"
      ],
      "rdf:predicate": [
        {
          "@id": "rdfs:comment"
        }
      ]
    },
    {
      "@id": "https://data.datatourisme.fr/e96d7664-a0e7-373d-a8fd-e9016d6419ff",
      "dc:contributor": [
        "https://api.deepl.com/v2/translate"
      ],
      "rdf:language": [
        "nl"
      ],
      "rdf:predicate": [
        {
          "@id": "rdfs:comment"
        }
      ]
    }
  ],
  "isLocatedAt": [
    {
      "@id": "https://data.datatourisme.fr/ac2e4527-f655-3f1b-a8ba-6650d7cfda6d",
      "schema:address": [
        {
          "@id": "https://data.datatourisme.fr/90aeb3c3-c3cf-3ab4-b59c-fffc52db4944",
          "schema:addressLocality": "Bussy-Saint-Georges",
          "schema:postalCode": "77600",
          "schema:streetAddress": [
            "6 avenue du Général de Gaulle"
          ],
          "@type": [
            "schema:PostalAddress",
            "PostalAddress"
          ],
          "hasAddressCity": {
            "@id": "kb:77058",
            "@type": [
              "City"
            ],
            "rdfs:label": {
              "de": [
                "Bussy-Saint-Georges"
              ],
              "pt": [
                "Bussy-Saint-Georges"
              ],
              "en": [
                "Bussy-Saint-Georges"
              ],
              "it": [
                "Bussy-Saint-Georges"
              ],
              "fr": [
                "Bussy-Saint-Georges"
              ],
              "nl": [
                "Bussy-Saint-Georges"
              ],
              "es": [
                "Bussy-Saint-Georges"
              ]
            },
            "insee": "77058",
            "isPartOfDepartment": {
              "@id": "kb:France1177",
              "@type": [
                "Department"
              ],
              "rdfs:label": {
                "de": [
                  "Seine-et-Marne"
                ],
                "pt": [
                  "Seine-et-Marne"
                ],
                "en": [
                  "Seine-et-Marne"
                ],
                "it": [
                  "Seine-et-Marne"
                ],
                "fr": [
                  "Seine-et-Marne"
                ],
                "nl": [
                  "Seine-et-Marne"
                ],
                "es": [
                  "Seine-et-Marne"
                ]
              },
              "insee": "77",
              "isPartOfRegion": {
                "@id": "kb:France11",
                "@type": [
                  "Region"
                ],
                "rdfs:label": {
                  "de": [
                    "Île-de-France"
                  ],
                  "pt": [
                    "Île-de-France"
                  ],
                  "en": [
                    "Île-de-France"
                  ],
                  "it": [
                    "Île-de-France"
                  ],
                  "fr": [
                    "Île-de-France"
                  ],
                  "nl": [
                    "Île-de-France"
                  ],
                  "es": [
                    "Île-de-France"
                  ]
                },
                "insee": "11",
                "isPartOfCountry": {
                  "@id": "kb:France",
                  "@type": [
                    "schema:Country"
                  ],
                  "rdfs:label": {
                    "de": [
                      "France",
                      "Frankreich"
                    ],
                    "pt": [
                      "França",
                      "France"
                    ],
                    "en": [
                      "France"
                    ],
                    "it": [
                      "France",
                      "Francia"
                    ],
                    "fr": [
                      "France"
                    ],
                    "nl": [
                      "France",
                      "Frankrijk"
                    ],
                    "es": [
                      "France",
                      "Francia"
                    ]
                  }
                }
              }
            }
          }
        }
      ],
      "schema:geo": {
        "@id": "https://data.datatourisme.fr/b9a83f25-2cc0-3038-b629-c137022b599b",
        "schema:latitude": "48.83705",
        "schema:longitude": "2.707464",
        "@type": [
          "schema:GeoCoordinates"
        ]
      },
      "schema:openingHoursSpecification": [
        {
          "@id": "https://data.datatourisme.fr/f87e535a-636d-3343-ad63-8a03392e7511",
          "schema:validFrom": "2023-01-01T00:00:00",
          "schema:validThrough": "2023-12-31T23:59:59",
          "@type": [
            "schema:OpeningHoursSpecification"
          ]
        }
      ],
      "@type": [
        "schema:Place",
        "Place"
      ]
    }
  ],
  "isOwnedBy": [
    {
      "@id": "https://data.datatourisme.fr/aa5f63c7-f828-3b9c-bf4e-378b5e04afc7",
      "schema:email": [
        "agnes.allanou@marneetgondoire.fr",
        "anne.godin@marneetgondoire.fr"
      ],
      "schema:legalName": "Office de Tourisme de Marne et Gondoire",
      "@type": [
        "schema:Organization",
        "foaf:Agent",
        "Agent"
      ],
      "foaf:homepage": [
        "http://www.marneetgondoire-tourisme.fr/"
      ]
    }
  ],
  "lastUpdate": "2023-03-09",
  "lastUpdateDatatourisme": "2023-03-10T06:41:44.515Z"
}