{
  "@id": "https://data.datatourisme.fr/13/13b1346f-bd87-3311-ab3e-9ec69d7939c9",
  "dc:identifier": "816562",
  "@type": [
    "schema:LocalBusiness",
    "PlaceOfInterest",
    "PointOfInterest",
    "SightseeingBoat",
    "SportsAndLeisurePlace"
  ],
  "rdfs:comment": {
    "de": [
      "1,5 Studen auf dem Loing und seinem Kaznal in diesem Panoramaschiff ZIA. Entdecken Sie die Flusslandschaften.Anlegen in  Nemours  ist möglich."
    ],
    "en": [
      "La Vedette Panoramique du Loing offers an hour and a half cruise aboard the Zia on the Canal du Loing to discover the hidden landscapes of the Pays de Nemours. Possible stop in Nemours."
    ],
    "it": [
      "La Vedette Panoramique du Loing vi offre una crociera di un'ora e mezza a bordo della Zia sul canale del Loing per scoprire i paesaggi nascosti della regione di Nemours. Possibile sosta a Nemours su prenotazione"
    ],
    "fr": [
      "La Vedette Panoramique du Loing vous propose une croisière d'une heure et demi à bord du Zia sur le canal du Loing à la découverte des paysages cachés du Pays de Nemours. Escale possible à Nemours sur réservation"
    ],
    "es": [
      "La Vedette Panoramique du Loing le propone un crucero de una hora y media a bordo del Zia por el canal del Loing para descubrir los paisajes ocultos de la región de Nemours. Posible escala en Nemours previa reserva"
    ],
    "nl": [
      "De Vedette Panoramique du Loing biedt u een cruise van anderhalf uur aan boord van de Zia op het kanaal van Loing om de verborgen landschappen van de streek van Nemours te ontdekken. Mogelijke tussenstop in Nemours op reservering"
    ]
  },
  "rdfs:label": {
    "de": [
      "Vedette Panoramique du Loing"
    ],
    "ru": [
      "Vedette Panoramique du Loing"
    ],
    "en": [
      "Vedette Panoramique du Loing"
    ],
    "it": [
      "Vedette Panoramique du Loing"
    ],
    "fr": [
      "Vedette Panoramique du Loing"
    ],
    "zh": [
      "Vedette Panoramique du Loing"
    ],
    "nl": [
      "Vedette Panoramique du Loing"
    ],
    "es": [
      "Vedette Panoramique du Loing"
    ]
  },
  "hasBeenCreatedBy": {
    "@id": "https://data.datatourisme.fr/13/e5e63da7-9fcd-3beb-bd7c-b8bf1c1d0274",
    "dc:identifier": "1083",
    "schema:email": [
      "emmanuelle.givers@tourisme-paysdenemours.fr",
      "info@tourisme-paysdenemours.fr",
      "marielaure.boucher@tourisme-paysdenemours.fr",
      "marjolaine.munoz@tourisme-paysdenemours.fr"
    ],
    "schema:legalName": "Office de Tourisme du Pays de Nemours",
    "@type": [
      "schema:Organization",
      "foaf:Agent",
      "Agent"
    ],
    "foaf:homepage": [
      "http://www.tourisme-paysdenemours.fr/"
    ]
  },
  "hasBeenPublishedBy": [
    {
      "@id": "https://data.datatourisme.fr/1db24fc4-b534-39bf-bdaf-152c6f98730e",
      "schema:legalName": "Seine et Marne Attractivité - source : Apidae Tourisme",
      "@type": [
        "schema:Organization",
        "foaf:Agent",
        "Agent"
      ],
      "foaf:homepage": [
        "https://www.apidae-tourisme.com/"
      ]
    }
  ],
  "hasContact": [
    {
      "@id": "https://data.datatourisme.fr/50c98e3b-0dc5-3061-b260-69bf61e2a4c9",
      "schema:email": [
        "le.zia@vedette-panoramique-du-loing.fr"
      ],
      "schema:telephone": [
        "+33 6 24 37 75 31"
      ],
      "@type": [
        "foaf:Agent",
        "Agent"
      ],
      "foaf:homepage": [
        "https://vedette-le-zia.pagesperso-orange.fr/"
      ]
    }
  ],
  "hasDescription": [
    {
      "@id": "https://data.datatourisme.fr/b230ca16-244a-3080-911b-0ee9caacb26d",
      "@type": [
        "Description"
      ],
      "hasTranslatedProperty": [
        {
          "@id": "https://data.datatourisme.fr/0c694c25-e357-3edf-8be8-6b422f88aaf7",
          "dc:contributor": [
            "https://api.deepl.com/v2/translate"
          ],
          "rdf:language": [
            "it"
          ],
          "rdf:predicate": [
            "shortDescription"
          ]
        },
        {
          "@id": "https://data.datatourisme.fr/be6fa164-a51b-3438-8e5a-f875dc87f535",
          "dc:contributor": [
            "https://api.deepl.com/v2/translate"
          ],
          "rdf:language": [
            "es"
          ],
          "rdf:predicate": [
            "shortDescription"
          ]
        },
        {
          "@id": "https://data.datatourisme.fr/c67279ef-e626-301e-8bc9-c061c68bfc38",
          "dc:contributor": [
            "https://api.deepl.com/v2/translate"
          ],
          "rdf:language": [
            "nl"
          ],
          "rdf:predicate": [
            "shortDescription"
          ]
        }
      ],
      "shortDescription": {
        "de": [
          "1,5 Studen auf dem Loing und seinem Kaznal in diesem Panoramaschiff ZIA. Entdecken Sie die Flusslandschaften.Anlegen in  Nemours  ist möglich."
        ],
        "en": [
          "La Vedette Panoramique du Loing offers an hour and a half cruise aboard the Zia on the Canal du Loing to discover the hidden landscapes of the Pays de Nemours. Possible stop in Nemours."
        ],
        "it": [
          "La Vedette Panoramique du Loing vi offre una crociera di un'ora e mezza a bordo della Zia sul canale del Loing per scoprire i paesaggi nascosti della regione di Nemours. Possibile sosta a Nemours su prenotazione"
        ],
        "fr": [
          "La Vedette Panoramique du Loing vous propose une croisière d'une heure et demi à bord du Zia sur le canal du Loing à la découverte des paysages cachés du Pays de Nemours. Escale possible à Nemours sur réservation"
        ],
        "es": [
          "La Vedette Panoramique du Loing le propone un crucero de una hora y media a bordo del Zia por el canal del Loing para descubrir los paisajes ocultos de la región de Nemours. Posible escala en Nemours previa reserva"
        ],
        "nl": [
          "De Vedette Panoramique du Loing biedt u een cruise van anderhalf uur aan boord van de Zia op het kanaal van Loing om de verborgen landschappen van de streek van Nemours te ontdekken. Mogelijke tussenstop in Nemours op reservering"
        ]
      }
    }
  ],
  "hasTranslatedProperty": [
    {
      "@id": "https://data.datatourisme.fr/5afded42-7860-3921-9fa4-ba82ad1250a5",
      "dc:contributor": [
        "https://api.deepl.com/v2/translate"
      ],
      "rdf:language": [
        "es"
      ],
      "rdf:predicate": [
        {
          "@id": "rdfs:comment"
        }
      ]
    },
    {
      "@id": "https://data.datatourisme.fr/ae5187e3-9bf1-3256-bfbf-0ba14032e60c",
      "dc:contributor": [
        "https://api.deepl.com/v2/translate"
      ],
      "rdf:language": [
        "nl"
      ],
      "rdf:predicate": [
        {
          "@id": "rdfs:comment"
        }
      ]
    },
    {
      "@id": "https://data.datatourisme.fr/bc2729b9-f8db-34f0-8030-9df90bb5b48d",
      "dc:contributor": [
        "https://api.deepl.com/v2/translate"
      ],
      "rdf:language": [
        "it"
      ],
      "rdf:predicate": [
        {
          "@id": "rdfs:comment"
        }
      ]
    }
  ],
  "isLocatedAt": [
    {
      "@id": "https://data.datatourisme.fr/259ad1a9-18eb-3ca4-8938-2dd805ac87f0",
      "schema:address": [
        {
          "@id": "https://data.datatourisme.fr/2ec96d79-e0ae-3886-893b-fab707a8b1ea",
          "schema:addressLocality": "Montcourt-Fromonville",
          "schema:postalCode": "77140",
          "schema:streetAddress": [
            "Embarcadère Montcourt-Fromonville"
          ],
          "@type": [
            "schema:PostalAddress",
            "PostalAddress"
          ],
          "hasAddressCity": {
            "@id": "kb:77302",
            "@type": [
              "City"
            ],
            "rdfs:label": {
              "de": [
                "Montcourt-Fromonville"
              ],
              "pt": [
                "Montcourt-Fromonville"
              ],
              "en": [
                "Montcourt-Fromonville"
              ],
              "it": [
                "Montcourt-Fromonville"
              ],
              "fr": [
                "Montcourt-Fromonville"
              ],
              "nl": [
                "Montcourt-Fromonville"
              ],
              "es": [
                "Montcourt-Fromonville"
              ]
            },
            "insee": "77302",
            "isPartOfDepartment": {
              "@id": "kb:France1177",
              "@type": [
                "Department"
              ],
              "rdfs:label": {
                "de": [
                  "Seine-et-Marne"
                ],
                "pt": [
                  "Seine-et-Marne"
                ],
                "en": [
                  "Seine-et-Marne"
                ],
                "it": [
                  "Seine-et-Marne"
                ],
                "fr": [
                  "Seine-et-Marne"
                ],
                "nl": [
                  "Seine-et-Marne"
                ],
                "es": [
                  "Seine-et-Marne"
                ]
              },
              "insee": "77",
              "isPartOfRegion": {
                "@id": "kb:France11",
                "@type": [
                  "Region"
                ],
                "rdfs:label": {
                  "de": [
                    "Île-de-France"
                  ],
                  "pt": [
                    "Île-de-France"
                  ],
                  "en": [
                    "Île-de-France"
                  ],
                  "it": [
                    "Île-de-France"
                  ],
                  "fr": [
                    "Île-de-France"
                  ],
                  "nl": [
                    "Île-de-France"
                  ],
                  "es": [
                    "Île-de-France"
                  ]
                },
                "insee": "11",
                "isPartOfCountry": {
                  "@id": "kb:France",
                  "@type": [
                    "schema:Country"
                  ],
                  "rdfs:label": {
                    "de": [
                      "France",
                      "Frankreich"
                    ],
                    "pt": [
                      "França",
                      "France"
                    ],
                    "en": [
                      "France"
                    ],
                    "it": [
                      "France",
                      "Francia"
                    ],
                    "fr": [
                      "France"
                    ],
                    "nl": [
                      "France",
                      "Frankrijk"
                    ],
                    "es": [
                      "France",
                      "Francia"
                    ]
                  }
                }
              }
            }
          }
        }
      ],
      "schema:geo": {
        "@id": "https://data.datatourisme.fr/2b2db32e-c7cf-3705-86aa-97354654c51f",
        "schema:latitude": "48.310151",
        "schema:longitude": "2.708054",
        "@type": [
          "schema:GeoCoordinates"
        ]
      },
      "schema:openingHoursSpecification": [
        {
          "@id": "https://data.datatourisme.fr/a2470b0b-f60c-3ce7-a4fb-067604361967",
          "schema:validFrom": "2023-04-06T00:00:00",
          "schema:validThrough": "2023-09-30T23:59:59",
          "@type": [
            "schema:OpeningHoursSpecification"
          ],
          "additionalInformation": {
            "de": [
              "Abfahrt um 9:30 Uhr und um 14:30 oder 15:00 Uhr"
            ],
            "en": [
              "Departure at 9.30 am and 2.30 or 3 pm"
            ],
            "it": [
              "Partenza alle 9.30 e alle 14.30 o alle 15.00"
            ],
            "fr": [
              "Départ à 9h30 et à 14h30 ou 15h"
            ],
            "nl": [
              "Vertrek om 9.30 uur en om 14.30 of 15.00 uur"
            ],
            "es": [
              "Salida a las 9.30 horas y a las 14.30 o 15.00 horas"
            ]
          },
          "hasTranslatedProperty": [
            {
              "@id": "https://data.datatourisme.fr/3d8f4572-672a-302d-a7ad-e130db522046",
              "dc:contributor": [
                "https://api.deepl.com/v2/translate"
              ],
              "rdf:language": [
                "en"
              ],
              "rdf:predicate": [
                "additionalInformation"
              ]
            },
            {
              "@id": "https://data.datatourisme.fr/c6ff3993-f0e9-3b96-aae6-df26b83590a5",
              "dc:contributor": [
                "https://api.deepl.com/v2/translate"
              ],
              "rdf:language": [
                "nl"
              ],
              "rdf:predicate": [
                "additionalInformation"
              ]
            },
            {
              "@id": "https://data.datatourisme.fr/d7cf9b13-aea4-31a1-ac63-fa961d6bbd02",
              "dc:contributor": [
                "https://api.deepl.com/v2/translate"
              ],
              "rdf:language": [
                "de"
              ],
              "rdf:predicate": [
                "additionalInformation"
              ]
            },
            {
              "@id": "https://data.datatourisme.fr/da26ae86-3f88-37d3-aaea-ece48080d8ee",
              "dc:contributor": [
                "https://api.deepl.com/v2/translate"
              ],
              "rdf:language": [
                "it"
              ],
              "rdf:predicate": [
                "additionalInformation"
              ]
            },
            {
              "@id": "https://data.datatourisme.fr/f7621355-d62a-3633-a51c-a6254a3fc13c",
              "dc:contributor": [
                "https://api.deepl.com/v2/translate"
              ],
              "rdf:language": [
                "es"
              ],
              "rdf:predicate": [
                "additionalInformation"
              ]
            }
          ]
        }
      ],
      "@type": [
        "schema:Place",
        "Place"
      ]
    }
  ],
  "isOwnedBy": [
    {
      "@id": "https://data.datatourisme.fr/10e5fe8c-0f57-31bb-8008-839a78706485",
      "schema:email": [
        "emmanuelle.givers@tourisme-paysdenemours.fr",
        "marjolaine.munoz@tourisme-paysdenemours.fr"
      ],
      "schema:legalName": "Office de Tourisme du Pays de Nemours",
      "@type": [
        "schema:Organization",
        "foaf:Agent",
        "Agent"
      ],
      "foaf:homepage": [
        "http://www.tourisme-paysdenemours.fr/"
      ]
    }
  ],
  "lastUpdate": "2023-03-28",
  "lastUpdateDatatourisme": "2023-05-30T05:49:20.246Z",
  "offers": [
    {
      "@id": "https://data.datatourisme.fr/fc4776e5-0bee-34a9-8a7e-3c21afdab42a",
      "schema:priceSpecification": [
        {
          "@id": "https://data.datatourisme.fr/7c0a33e4-0b11-3312-833a-698d0d3b8ced",
          "schema:minPrice": [
            "13",
            "9"
          ],
          "schema:priceCurrency": "EUR",
          "@type": [
            "schema:PriceSpecification",
            "PriceSpecification"
          ],
          "appliesOnPeriod": [
            {
              "@id": "https://data.datatourisme.fr/436ba568-fee4-32b9-8bef-d32d9457c0e7",
              "@type": [
                "Period"
              ],
              "endDate": "2023-09-30",
              "startDate": "2023-04-06"
            }
          ]
        }
      ],
      "@type": [
        "schema:Offer",
        "Offer"
      ]
    }
  ]
}