{
  "@id": "https://data.datatourisme.fr/13/133006dd-87c7-3443-b096-2ca32893d1f2",
  "dc:identifier": "5729699",
  "@type": [
    "schema:MovieTheater",
    "Cinema",
    "PlaceOfInterest",
    "PointOfInterest",
    "SportsAndLeisurePlace"
  ],
  "rdfs:comment": {
    "de": [
      "Das Kino lädt das ganze Jahr über dazu ein, intensive Emotionen zu erleben! Nutzen Sie die Gelegenheit, um IMAX Laser und 4DX zu erleben."
    ],
    "en": [
      "The cinema welcomes you all year round to experience intense emotions! Take the opportunity to live the IMAX Laser and 4DX experience."
    ],
    "it": [
      "Il cinema vi accoglie tutto l'anno per farvi vivere intense emozioni! Cogliete l'opportunità di sperimentare l'IMAX Laser e il 4DX."
    ],
    "fr": [
      "Le cinéma accueille toute l'année pour nous faire vivre des émotions intenses ! Profitez-en pour vivre l'expérience IMAX Laser et 4DX."
    ],
    "es": [
      "El cine le da la bienvenida todo el año para vivir emociones intensas Aproveche la oportunidad de experimentar el láser IMAX y el 4DX."
    ],
    "nl": [
      "De bioscoop verwelkomt u het hele jaar door om intense emoties te beleven! Maak van de gelegenheid gebruik om IMAX Laser en 4DX te ervaren."
    ]
  },
  "rdfs:label": {
    "fr": [
      "Cinéma Pathé Conflans"
    ]
  },
  "hasBeenCreatedBy": {
    "@id": "https://data.datatourisme.fr/13/3fb451ca-2e89-33a1-b095-b059d8705b15",
    "dc:identifier": "1522",
    "schema:email": [
      "anicoud@terres-de-seine.fr",
      "anne.perchec@gpseo.fr",
      "contact@terres-de-seine.fr",
      "estelle.rouille@gpseo.fr",
      "fbony@terres-de-seine.fr",
      "hillaryramanank@yahoo.fr",
      "vgateau@terres-de-seine.fr",
      "xcadilhac.oti.gpseo@gmail.com"
    ],
    "schema:legalName": "Communauté Urbaine Grand Paris Seine & Oise",
    "@type": [
      "schema:Organization",
      "foaf:Agent",
      "Agent"
    ],
    "foaf:homepage": [
      "https://www.insectes.org/",
      "https://www.terres-de-seine.fr/"
    ]
  },
  "hasBeenPublishedBy": [
    {
      "@id": "https://data.datatourisme.fr/8a9feb4b-2cbd-3d2c-b507-bd6c6776b23b",
      "schema:legalName": "Apidae Tourisme Scic SA - source : Apidae Tourisme",
      "@type": [
        "schema:Organization",
        "foaf:Agent",
        "Agent"
      ],
      "foaf:homepage": [
        "https://www.apidae-tourisme.com/"
      ]
    }
  ],
  "hasContact": [
    {
      "@id": "https://data.datatourisme.fr/4fb75a76-46ea-376c-b1f9-13ad0c374d4c",
      "@type": [
        "foaf:Agent",
        "Agent"
      ],
      "foaf:homepage": [
        "https://www.cinemaspathegaumont.com/cinemas/cinema-pathe-conflans"
      ]
    }
  ],
  "hasDescription": [
    {
      "@id": "https://data.datatourisme.fr/dcef25e2-d5ca-3bae-9d47-b905ea20ecaa",
      "@type": [
        "Description"
      ],
      "hasTranslatedProperty": [
        {
          "@id": "https://data.datatourisme.fr/46997c03-bbcc-32fa-9ad4-19e0031e06d3",
          "dc:contributor": [
            "https://api.deepl.com/v2/translate"
          ],
          "rdf:language": [
            "de"
          ],
          "rdf:predicate": [
            "shortDescription"
          ]
        },
        {
          "@id": "https://data.datatourisme.fr/5fb403e1-d790-3819-a91d-6b18dfc4b474",
          "dc:contributor": [
            "https://api.deepl.com/v2/translate"
          ],
          "rdf:language": [
            "en"
          ],
          "rdf:predicate": [
            "shortDescription"
          ]
        },
        {
          "@id": "https://data.datatourisme.fr/84992570-5fe8-37e0-88ba-f5952873a7dd",
          "dc:contributor": [
            "https://api.deepl.com/v2/translate"
          ],
          "rdf:language": [
            "it"
          ],
          "rdf:predicate": [
            "shortDescription"
          ]
        },
        {
          "@id": "https://data.datatourisme.fr/b95d126b-9d06-34e5-be6a-2ced81639e02",
          "dc:contributor": [
            "https://api.deepl.com/v2/translate"
          ],
          "rdf:language": [
            "nl"
          ],
          "rdf:predicate": [
            "shortDescription"
          ]
        },
        {
          "@id": "https://data.datatourisme.fr/d3b18c98-ed82-3047-a3cc-63b373be4d45",
          "dc:contributor": [
            "https://api.deepl.com/v2/translate"
          ],
          "rdf:language": [
            "es"
          ],
          "rdf:predicate": [
            "shortDescription"
          ]
        }
      ],
      "shortDescription": {
        "de": [
          "Das Kino lädt das ganze Jahr über dazu ein, intensive Emotionen zu erleben! Nutzen Sie die Gelegenheit, um IMAX Laser und 4DX zu erleben."
        ],
        "en": [
          "The cinema welcomes you all year round to experience intense emotions! Take the opportunity to live the IMAX Laser and 4DX experience."
        ],
        "it": [
          "Il cinema vi accoglie tutto l'anno per farvi vivere intense emozioni! Cogliete l'opportunità di sperimentare l'IMAX Laser e il 4DX."
        ],
        "fr": [
          "Le cinéma accueille toute l'année pour nous faire vivre des émotions intenses ! Profitez-en pour vivre l'expérience IMAX Laser et 4DX."
        ],
        "es": [
          "El cine le da la bienvenida todo el año para vivir emociones intensas Aproveche la oportunidad de experimentar el láser IMAX y el 4DX."
        ],
        "nl": [
          "De bioscoop verwelkomt u het hele jaar door om intense emoties te beleven! Maak van de gelegenheid gebruik om IMAX Laser en 4DX te ervaren."
        ]
      }
    }
  ],
  "hasTranslatedProperty": [
    {
      "@id": "https://data.datatourisme.fr/13839df7-35e9-33bb-9829-914df4f4f9e6",
      "dc:contributor": [
        "https://api.deepl.com/v2/translate"
      ],
      "rdf:language": [
        "it"
      ],
      "rdf:predicate": [
        {
          "@id": "rdfs:comment"
        }
      ]
    },
    {
      "@id": "https://data.datatourisme.fr/8d0e5954-ec0b-3532-af52-38af6afbb4e6",
      "dc:contributor": [
        "https://api.deepl.com/v2/translate"
      ],
      "rdf:language": [
        "es"
      ],
      "rdf:predicate": [
        {
          "@id": "rdfs:comment"
        }
      ]
    },
    {
      "@id": "https://data.datatourisme.fr/9c0b3c48-0982-3859-9c1e-d54a99a6638c",
      "dc:contributor": [
        "https://api.deepl.com/v2/translate"
      ],
      "rdf:language": [
        "de"
      ],
      "rdf:predicate": [
        {
          "@id": "rdfs:comment"
        }
      ]
    },
    {
      "@id": "https://data.datatourisme.fr/a34b59a3-5954-386c-bc38-c8589bd55eb4",
      "dc:contributor": [
        "https://api.deepl.com/v2/translate"
      ],
      "rdf:language": [
        "en"
      ],
      "rdf:predicate": [
        {
          "@id": "rdfs:comment"
        }
      ]
    },
    {
      "@id": "https://data.datatourisme.fr/d09219f1-6d05-34ac-bb9b-488067106249",
      "dc:contributor": [
        "https://api.deepl.com/v2/translate"
      ],
      "rdf:language": [
        "nl"
      ],
      "rdf:predicate": [
        {
          "@id": "rdfs:comment"
        }
      ]
    }
  ],
  "isLocatedAt": [
    {
      "@id": "https://data.datatourisme.fr/d2de3e5e-92d5-3e1e-8552-e459cd63f111",
      "schema:address": [
        {
          "@id": "https://data.datatourisme.fr/a9f49ea7-0f81-3f46-8333-e04b240446c4",
          "schema:addressLocality": "Conflans-Sainte-Honorine",
          "schema:postalCode": "78700",
          "schema:streetAddress": [
            "Z.A les Boutries"
          ],
          "@type": [
            "schema:PostalAddress",
            "PostalAddress"
          ],
          "hasAddressCity": {
            "@id": "kb:78172",
            "@type": [
              "City"
            ],
            "rdfs:label": {
              "de": [
                "Conflans-Sainte-Honorine"
              ],
              "pt": [
                "Conflans-Sainte-Honorine"
              ],
              "en": [
                "Conflans-Sainte-Honorine"
              ],
              "it": [
                "Conflans-Sainte-Honorine"
              ],
              "fr": [
                "Conflans-Sainte-Honorine"
              ],
              "nl": [
                "Conflans-Sainte-Honorine"
              ],
              "es": [
                "Conflans-Sainte-Honorine"
              ]
            },
            "insee": "78172",
            "isPartOfDepartment": {
              "@id": "kb:France1178",
              "@type": [
                "Department"
              ],
              "rdfs:label": {
                "de": [
                  "Yvelines"
                ],
                "pt": [
                  "Yvelines"
                ],
                "en": [
                  "Yvelines"
                ],
                "it": [
                  "Yvelines"
                ],
                "fr": [
                  "Yvelines"
                ],
                "nl": [
                  "Yvelines"
                ],
                "es": [
                  "Yvelines"
                ]
              },
              "insee": "78",
              "isPartOfRegion": {
                "@id": "kb:France11",
                "@type": [
                  "Region"
                ],
                "rdfs:label": {
                  "de": [
                    "Île-de-France"
                  ],
                  "pt": [
                    "Île-de-France"
                  ],
                  "en": [
                    "Île-de-France"
                  ],
                  "it": [
                    "Île-de-France"
                  ],
                  "fr": [
                    "Île-de-France"
                  ],
                  "nl": [
                    "Île-de-France"
                  ],
                  "es": [
                    "Île-de-France"
                  ]
                },
                "insee": "11",
                "isPartOfCountry": {
                  "@id": "kb:France",
                  "@type": [
                    "schema:Country"
                  ],
                  "rdfs:label": {
                    "de": [
                      "France",
                      "Frankreich"
                    ],
                    "pt": [
                      "França",
                      "France"
                    ],
                    "en": [
                      "France"
                    ],
                    "it": [
                      "France",
                      "Francia"
                    ],
                    "fr": [
                      "France"
                    ],
                    "nl": [
                      "France",
                      "Frankrijk"
                    ],
                    "es": [
                      "France",
                      "Francia"
                    ]
                  }
                }
              }
            }
          }
        }
      ],
      "schema:geo": {
        "@id": "https://data.datatourisme.fr/a98ff675-ef89-39bb-ae95-d5dbd5c0ee72",
        "schema:latitude": "49.003593",
        "schema:longitude": "2.078722",
        "@type": [
          "schema:GeoCoordinates"
        ]
      },
      "schema:openingHoursSpecification": [
        {
          "@id": "https://data.datatourisme.fr/f87e535a-636d-3343-ad63-8a03392e7511",
          "schema:validFrom": "2023-01-01T00:00:00",
          "schema:validThrough": "2023-12-31T23:59:59",
          "@type": [
            "schema:OpeningHoursSpecification"
          ]
        }
      ],
      "@type": [
        "schema:Place",
        "Place"
      ]
    }
  ],
  "isOwnedBy": [
    {
      "@id": "https://data.datatourisme.fr/7ba0cae7-7ba0-34c1-8818-e8daa864b28a",
      "schema:email": [
        "anicoud@terres-de-seine.fr",
        "estelle.rouille@gpseo.fr",
        "fbony@terres-de-seine.fr",
        "hillaryramanank@yahoo.fr",
        "vgateau@terres-de-seine.fr",
        "xcadilhac.oti.gpseo@gmail.com"
      ],
      "schema:legalName": "Communauté Urbaine Grand Paris Seine & Oise",
      "@type": [
        "schema:Organization",
        "foaf:Agent",
        "Agent"
      ],
      "foaf:homepage": [
        "https://www.terres-de-seine.fr/"
      ]
    }
  ],
  "lastUpdate": "2023-03-07",
  "lastUpdateDatatourisme": "2023-03-08T06:39:40.657Z"
}