{
  "@id": "https://data.datatourisme.fr/13/13556a06-56c2-3700-b8ae-892289dc9b01",
  "dc:identifier": "5389238",
  "@type": [
    "schema:FoodEstablishment",
    "FoodEstablishment",
    "PlaceOfInterest",
    "PointOfInterest"
  ],
  "rdfs:comment": {
    "de": [
      "Restaurant mit japanischen Spezialitäten."
    ],
    "en": [
      "Restaurant of Japanese specialties."
    ],
    "it": [
      "Ristorante che serve specialità giapponesi."
    ],
    "fr": [
      "Restaurant de spécialités japonaises."
    ],
    "es": [
      "Restaurante que sirve especialidades japonesas."
    ],
    "nl": [
      "Restaurant met Japanse specialiteiten."
    ]
  },
  "rdfs:label": {
    "fr": [
      "La Maison de Tokyo"
    ]
  },
  "hasBeenCreatedBy": {
    "@id": "https://data.datatourisme.fr/13/d72fbbcc-d9fe-34c3-a14f-85d225a046f4",
    "dc:identifier": "1592",
    "schema:email": [
      "commercial@tourisme-maisonslaffitte.fr",
      "communication@tourisme-maisonslaffitte.fr",
      "contact@tourisme-maisonslaffitte.fr",
      "groupes@tourisme-maisonslaffitte.fr"
    ],
    "schema:legalName": "Office de Tourisme de Maisons-Laffitte",
    "@type": [
      "schema:Organization",
      "foaf:Agent",
      "Agent"
    ],
    "foaf:homepage": [
      "http://www.tourisme-maisonslaffitte.fr/"
    ]
  },
  "hasBeenPublishedBy": [
    {
      "@id": "https://data.datatourisme.fr/8a9feb4b-2cbd-3d2c-b507-bd6c6776b23b",
      "schema:legalName": "Apidae Tourisme Scic SA - source : Apidae Tourisme",
      "@type": [
        "schema:Organization",
        "foaf:Agent",
        "Agent"
      ],
      "foaf:homepage": [
        "https://www.apidae-tourisme.com/"
      ]
    }
  ],
  "hasContact": [
    {
      "@id": "https://data.datatourisme.fr/6b550f3b-5fc0-3e45-acbe-28b2bc126b94",
      "schema:telephone": [
        "+33 1 39 12 39 90"
      ],
      "@type": [
        "foaf:Agent",
        "Agent"
      ]
    }
  ],
  "hasDescription": [
    {
      "@id": "https://data.datatourisme.fr/c72adffa-1740-3876-a0e4-8be71409c94b",
      "@type": [
        "Description"
      ],
      "hasTranslatedProperty": [
        {
          "@id": "https://data.datatourisme.fr/0cce584c-287f-3976-9dd4-5780340790b5",
          "dc:contributor": [
            "https://api.deepl.com/v2/translate"
          ],
          "rdf:language": [
            "it"
          ],
          "rdf:predicate": [
            "shortDescription"
          ]
        },
        {
          "@id": "https://data.datatourisme.fr/49b96055-6e18-3908-b957-3071b421632e",
          "dc:contributor": [
            "https://api.deepl.com/v2/translate"
          ],
          "rdf:language": [
            "es"
          ],
          "rdf:predicate": [
            "shortDescription"
          ]
        },
        {
          "@id": "https://data.datatourisme.fr/5a635e38-7ef0-3531-8532-35ea093110b7",
          "dc:contributor": [
            "https://api.deepl.com/v2/translate"
          ],
          "rdf:language": [
            "nl"
          ],
          "rdf:predicate": [
            "shortDescription"
          ]
        },
        {
          "@id": "https://data.datatourisme.fr/768373ee-1d7f-33ae-82f8-0a061668796a",
          "dc:contributor": [
            "https://api.deepl.com/v2/translate"
          ],
          "rdf:language": [
            "en"
          ],
          "rdf:predicate": [
            "shortDescription"
          ]
        },
        {
          "@id": "https://data.datatourisme.fr/bacf25cc-30af-3197-9b65-9aa7f03bef01",
          "dc:contributor": [
            "https://api.deepl.com/v2/translate"
          ],
          "rdf:language": [
            "de"
          ],
          "rdf:predicate": [
            "shortDescription"
          ]
        }
      ],
      "shortDescription": {
        "de": [
          "Restaurant mit japanischen Spezialitäten."
        ],
        "en": [
          "Restaurant of Japanese specialties."
        ],
        "it": [
          "Ristorante che serve specialità giapponesi."
        ],
        "fr": [
          "Restaurant de spécialités japonaises."
        ],
        "es": [
          "Restaurante que sirve especialidades japonesas."
        ],
        "nl": [
          "Restaurant met Japanse specialiteiten."
        ]
      }
    }
  ],
  "hasTranslatedProperty": [
    {
      "@id": "https://data.datatourisme.fr/3468bcc2-c21f-3080-b9ed-081b448fcfff",
      "dc:contributor": [
        "https://api.deepl.com/v2/translate"
      ],
      "rdf:language": [
        "de"
      ],
      "rdf:predicate": [
        {
          "@id": "rdfs:comment"
        }
      ]
    },
    {
      "@id": "https://data.datatourisme.fr/46fa78a0-4928-330b-b82f-10827521478c",
      "dc:contributor": [
        "https://api.deepl.com/v2/translate"
      ],
      "rdf:language": [
        "en"
      ],
      "rdf:predicate": [
        {
          "@id": "rdfs:comment"
        }
      ]
    },
    {
      "@id": "https://data.datatourisme.fr/6fca652d-7945-3fb5-8091-6d470e2e46ad",
      "dc:contributor": [
        "https://api.deepl.com/v2/translate"
      ],
      "rdf:language": [
        "nl"
      ],
      "rdf:predicate": [
        {
          "@id": "rdfs:comment"
        }
      ]
    },
    {
      "@id": "https://data.datatourisme.fr/ad88e7e6-12f3-3eac-a771-edcb2503430d",
      "dc:contributor": [
        "https://api.deepl.com/v2/translate"
      ],
      "rdf:language": [
        "it"
      ],
      "rdf:predicate": [
        {
          "@id": "rdfs:comment"
        }
      ]
    },
    {
      "@id": "https://data.datatourisme.fr/c365da0f-aac4-3b81-9604-1a1160ef0746",
      "dc:contributor": [
        "https://api.deepl.com/v2/translate"
      ],
      "rdf:language": [
        "es"
      ],
      "rdf:predicate": [
        {
          "@id": "rdfs:comment"
        }
      ]
    }
  ],
  "isLocatedAt": [
    {
      "@id": "https://data.datatourisme.fr/336918a1-d09e-34b5-a814-0e0db5469dcb",
      "schema:address": [
        {
          "@id": "https://data.datatourisme.fr/3c9103b2-e95b-3f0f-be3c-00a0d05f7b3d",
          "schema:addressLocality": "Maisons-Laffitte",
          "schema:postalCode": "78600",
          "schema:streetAddress": [
            "17 rue des Plantes"
          ],
          "@type": [
            "schema:PostalAddress",
            "PostalAddress"
          ],
          "hasAddressCity": {
            "@id": "kb:78358",
            "@type": [
              "City"
            ],
            "rdfs:label": {
              "de": [
                "Maisons-Laffitte"
              ],
              "pt": [
                "Maisons-Laffitte"
              ],
              "en": [
                "Maisons-Laffitte"
              ],
              "it": [
                "Maisons-Laffitte"
              ],
              "fr": [
                "Maisons-Laffitte"
              ],
              "nl": [
                "Maisons-Laffitte"
              ],
              "es": [
                "Maisons-Laffitte"
              ]
            },
            "insee": "78358",
            "isPartOfDepartment": {
              "@id": "kb:France1178",
              "@type": [
                "Department"
              ],
              "rdfs:label": {
                "de": [
                  "Yvelines"
                ],
                "pt": [
                  "Yvelines"
                ],
                "en": [
                  "Yvelines"
                ],
                "it": [
                  "Yvelines"
                ],
                "fr": [
                  "Yvelines"
                ],
                "nl": [
                  "Yvelines"
                ],
                "es": [
                  "Yvelines"
                ]
              },
              "insee": "78",
              "isPartOfRegion": {
                "@id": "kb:France11",
                "@type": [
                  "Region"
                ],
                "rdfs:label": {
                  "de": [
                    "Île-de-France"
                  ],
                  "pt": [
                    "Île-de-France"
                  ],
                  "en": [
                    "Île-de-France"
                  ],
                  "it": [
                    "Île-de-France"
                  ],
                  "fr": [
                    "Île-de-France"
                  ],
                  "nl": [
                    "Île-de-France"
                  ],
                  "es": [
                    "Île-de-France"
                  ]
                },
                "insee": "11",
                "isPartOfCountry": {
                  "@id": "kb:France",
                  "@type": [
                    "schema:Country"
                  ],
                  "rdfs:label": {
                    "de": [
                      "France",
                      "Frankreich"
                    ],
                    "pt": [
                      "França",
                      "France"
                    ],
                    "en": [
                      "France"
                    ],
                    "it": [
                      "France",
                      "Francia"
                    ],
                    "fr": [
                      "France"
                    ],
                    "nl": [
                      "France",
                      "Frankrijk"
                    ],
                    "es": [
                      "France",
                      "Francia"
                    ]
                  }
                }
              }
            }
          }
        }
      ],
      "schema:geo": {
        "@id": "https://data.datatourisme.fr/05f8c816-c2d8-3f2f-9981-34ab40995ae1",
        "schema:latitude": "48.947943",
        "schema:longitude": "2.144612",
        "@type": [
          "schema:GeoCoordinates"
        ]
      },
      "schema:openingHoursSpecification": [
        {
          "@id": "https://data.datatourisme.fr/10b05c0b-70bb-311b-b206-02749ed06428",
          "schema:validFrom": "2023-01-01T00:00:00",
          "schema:validThrough": "2023-12-31T23:59:59",
          "@type": [
            "schema:OpeningHoursSpecification"
          ],
          "additionalInformation": {
            "de": [
              "12.00-14.30 Uhr und 19.00-22.30 Uhr"
            ],
            "en": [
              "12h00-14h30 and 19h00-22h30"
            ],
            "it": [
              "12:00-14:30 e 19:00-22:30"
            ],
            "fr": [
              "12h00-14h30 et 19h00-22h30"
            ],
            "es": [
              "12:00-14:30 y 19:00-22:30"
            ],
            "nl": [
              "12:00-14:30 en 19:00-22:30"
            ]
          },
          "hasTranslatedProperty": [
            {
              "@id": "https://data.datatourisme.fr/4c8705a1-e846-33aa-b4ba-018e6ec44b57",
              "dc:contributor": [
                "https://api.deepl.com/v2/translate"
              ],
              "rdf:language": [
                "it"
              ],
              "rdf:predicate": [
                "additionalInformation"
              ]
            },
            {
              "@id": "https://data.datatourisme.fr/663c2373-85a6-302a-a1a4-be088d59dfc6",
              "dc:contributor": [
                "https://api.deepl.com/v2/translate"
              ],
              "rdf:language": [
                "de"
              ],
              "rdf:predicate": [
                "additionalInformation"
              ]
            },
            {
              "@id": "https://data.datatourisme.fr/a62b5a8f-7b38-3a7f-b5a2-c13e6f550632",
              "dc:contributor": [
                "https://api.deepl.com/v2/translate"
              ],
              "rdf:language": [
                "en"
              ],
              "rdf:predicate": [
                "additionalInformation"
              ]
            },
            {
              "@id": "https://data.datatourisme.fr/d163c577-8ada-3153-a3fc-7934af6ddd1c",
              "dc:contributor": [
                "https://api.deepl.com/v2/translate"
              ],
              "rdf:language": [
                "es"
              ],
              "rdf:predicate": [
                "additionalInformation"
              ]
            },
            {
              "@id": "https://data.datatourisme.fr/ddb88290-8628-30f5-9f25-7121c8c6e74b",
              "dc:contributor": [
                "https://api.deepl.com/v2/translate"
              ],
              "rdf:language": [
                "nl"
              ],
              "rdf:predicate": [
                "additionalInformation"
              ]
            }
          ]
        }
      ],
      "@type": [
        "schema:Place",
        "Place"
      ]
    }
  ],
  "isOwnedBy": [
    {
      "@id": "https://data.datatourisme.fr/78d7093d-a9e3-379e-ac44-b41b246b1202",
      "schema:email": [
        "commercial@tourisme-maisonslaffitte.fr",
        "communication@tourisme-maisonslaffitte.fr",
        "contact@tourisme-maisonslaffitte.fr",
        "groupes@tourisme-maisonslaffitte.fr"
      ],
      "schema:legalName": "Office de Tourisme de Maisons-Laffitte",
      "@type": [
        "schema:Organization",
        "foaf:Agent",
        "Agent"
      ],
      "foaf:homepage": [
        "http://www.tourisme-maisonslaffitte.fr/"
      ]
    }
  ],
  "lastUpdate": "2020-06-19",
  "lastUpdateDatatourisme": "2023-02-01T18:07:35.922Z"
}