{
  "@id": "https://data.datatourisme.fr/13/130487a7-421d-3fe1-a7d6-d34e2b8c50e9",
  "dc:identifier": "5416719",
  "@type": [
    "schema:Product",
    "NonHousingRealEstateRental",
    "PlaceOfInterest",
    "PointOfInterest",
    "Product",
    "Rental",
    "SportsAndLeisurePlace"
  ],
  "rdfs:comment": {
    "de": [
      "Das Gebäude ist für die Ewigkeit gebaut. Dieser unglaubliche Raum wurde aus einer alten Metallfabrik restauriert."
    ],
    "en": [
      "The building is built to last. This incredible space has been restored from an old metal factory."
    ],
    "it": [
      "L'edificio è costruito per durare nel tempo. Questo incredibile spazio è stato restaurato da un'ex fabbrica di metalli."
    ],
    "fr": [
      "Le bâtiment est fait pour durer. Cet espace incroyable a été restauré à partir d'une ancienne usine de métal."
    ],
    "nl": [
      "Het gebouw is gebouwd om lang mee te gaan. Deze ongelooflijke ruimte is gerestaureerd van een voormalige metaalfabriek."
    ],
    "es": [
      "El edificio está construido para durar. Este increíble espacio ha sido restaurado a partir de una antigua fábrica de metal."
    ]
  },
  "rdfs:label": {
    "fr": [
      "Metal Works"
    ]
  },
  "hasBeenCreatedBy": {
    "@id": "https://data.datatourisme.fr/13/1baff70e-2669-3837-a347-efd3a874a341",
    "dc:identifier": "1489",
    "schema:email": [
      "emilie.prai@saintgermainenlaye.fr",
      "emilie.rochat@seine-saintgermain.fr",
      "melissa.moreau@saintgermainenlaye.fr"
    ],
    "schema:legalName": "Office de Tourisme Intercommunal de Saint Germain Boucles de Seine",
    "@type": [
      "schema:Organization",
      "foaf:Agent",
      "Agent"
    ],
    "foaf:homepage": [
      "http://www.reservation.seine-saintgermain.fr/"
    ]
  },
  "hasBeenPublishedBy": [
    {
      "@id": "https://data.datatourisme.fr/8a9feb4b-2cbd-3d2c-b507-bd6c6776b23b",
      "schema:legalName": "Apidae Tourisme Scic SA - source : Apidae Tourisme",
      "@type": [
        "schema:Organization",
        "foaf:Agent",
        "Agent"
      ],
      "foaf:homepage": [
        "https://www.apidae-tourisme.com/"
      ]
    }
  ],
  "hasContact": [
    {
      "@id": "https://data.datatourisme.fr/bf52f685-6fa1-3ca7-88b8-0863b495face",
      "schema:email": [
        "info@metal-works.fr"
      ],
      "schema:telephone": [
        "+33 6 80 99 32 35"
      ],
      "@type": [
        "foaf:Agent",
        "Agent"
      ],
      "foaf:homepage": [
        "https://www.metal-works.fr/"
      ]
    }
  ],
  "hasDescription": [
    {
      "@id": "https://data.datatourisme.fr/cc4c7c3b-2311-3676-9668-94c86dcac25f",
      "@type": [
        "Description"
      ],
      "hasTranslatedProperty": [
        {
          "@id": "https://data.datatourisme.fr/3313f4ed-9a5e-3060-8f3c-15f4855ce5c4",
          "dc:contributor": [
            "https://api.deepl.com/v2/translate"
          ],
          "rdf:language": [
            "en"
          ],
          "rdf:predicate": [
            "shortDescription"
          ]
        },
        {
          "@id": "https://data.datatourisme.fr/3d079439-4a1b-3814-a137-2de0f97acc45",
          "dc:contributor": [
            "https://api.deepl.com/v2/translate"
          ],
          "rdf:language": [
            "it"
          ],
          "rdf:predicate": [
            "shortDescription"
          ]
        },
        {
          "@id": "https://data.datatourisme.fr/42f10cc8-96e0-3bec-889d-efea8e0a94a1",
          "dc:contributor": [
            "https://api.deepl.com/v2/translate"
          ],
          "rdf:language": [
            "nl"
          ],
          "rdf:predicate": [
            "shortDescription"
          ]
        },
        {
          "@id": "https://data.datatourisme.fr/a68518d3-28c3-3064-96df-88c149a427d9",
          "dc:contributor": [
            "https://api.deepl.com/v2/translate"
          ],
          "rdf:language": [
            "es"
          ],
          "rdf:predicate": [
            "shortDescription"
          ]
        },
        {
          "@id": "https://data.datatourisme.fr/e0398be5-10c8-3bf7-b05f-bbc0a8f38af8",
          "dc:contributor": [
            "https://api.deepl.com/v2/translate"
          ],
          "rdf:language": [
            "de"
          ],
          "rdf:predicate": [
            "shortDescription"
          ]
        }
      ],
      "shortDescription": {
        "de": [
          "Das Gebäude ist für die Ewigkeit gebaut. Dieser unglaubliche Raum wurde aus einer alten Metallfabrik restauriert."
        ],
        "en": [
          "The building is built to last. This incredible space has been restored from an old metal factory."
        ],
        "it": [
          "L'edificio è costruito per durare nel tempo. Questo incredibile spazio è stato restaurato da un'ex fabbrica di metalli."
        ],
        "fr": [
          "Le bâtiment est fait pour durer. Cet espace incroyable a été restauré à partir d'une ancienne usine de métal."
        ],
        "nl": [
          "Het gebouw is gebouwd om lang mee te gaan. Deze ongelooflijke ruimte is gerestaureerd van een voormalige metaalfabriek."
        ],
        "es": [
          "El edificio está construido para durar. Este increíble espacio ha sido restaurado a partir de una antigua fábrica de metal."
        ]
      }
    }
  ],
  "hasTranslatedProperty": [
    {
      "@id": "https://data.datatourisme.fr/3c41e581-a20b-384d-ba82-32210867ef39",
      "dc:contributor": [
        "https://api.deepl.com/v2/translate"
      ],
      "rdf:language": [
        "de"
      ],
      "rdf:predicate": [
        {
          "@id": "rdfs:comment"
        }
      ]
    },
    {
      "@id": "https://data.datatourisme.fr/4a235335-3304-3443-ac50-e423202e0075",
      "dc:contributor": [
        "https://api.deepl.com/v2/translate"
      ],
      "rdf:language": [
        "es"
      ],
      "rdf:predicate": [
        {
          "@id": "rdfs:comment"
        }
      ]
    },
    {
      "@id": "https://data.datatourisme.fr/7b9b9b7b-0254-3c3f-bbd2-de99d7dc5933",
      "dc:contributor": [
        "https://api.deepl.com/v2/translate"
      ],
      "rdf:language": [
        "nl"
      ],
      "rdf:predicate": [
        {
          "@id": "rdfs:comment"
        }
      ]
    },
    {
      "@id": "https://data.datatourisme.fr/c092178e-e30f-319c-acfc-328919245eff",
      "dc:contributor": [
        "https://api.deepl.com/v2/translate"
      ],
      "rdf:language": [
        "it"
      ],
      "rdf:predicate": [
        {
          "@id": "rdfs:comment"
        }
      ]
    },
    {
      "@id": "https://data.datatourisme.fr/f22d7f8d-ea7f-346b-9c3b-a2b34ccd5410",
      "dc:contributor": [
        "https://api.deepl.com/v2/translate"
      ],
      "rdf:language": [
        "en"
      ],
      "rdf:predicate": [
        {
          "@id": "rdfs:comment"
        }
      ]
    }
  ],
  "isLocatedAt": [
    {
      "@id": "https://data.datatourisme.fr/f517f98e-c48d-3e38-9dcd-d73cbe70a49e",
      "schema:address": [
        {
          "@id": "https://data.datatourisme.fr/39006cb8-4a43-3bad-a625-e2db4898bc63",
          "schema:addressLocality": "Saint-Germain-en-Laye",
          "schema:postalCode": "78100",
          "schema:streetAddress": [
            "4 bis, rue Alexandre Dumas"
          ],
          "@type": [
            "schema:PostalAddress",
            "PostalAddress"
          ],
          "hasAddressCity": {
            "@id": "kb:78551",
            "@type": [
              "City"
            ],
            "rdfs:label": {
              "de": [
                "Saint-Germain-en-Laye"
              ],
              "pt": [
                "Saint-Germain-en-Laye"
              ],
              "en": [
                "Saint-Germain-en-Laye"
              ],
              "it": [
                "Saint-Germain-en-Laye"
              ],
              "fr": [
                "Saint-Germain-en-Laye"
              ],
              "nl": [
                "Saint-Germain-en-Laye"
              ],
              "es": [
                "Saint-Germain-en-Laye"
              ]
            },
            "insee": "78551",
            "isPartOfDepartment": {
              "@id": "kb:France1178",
              "@type": [
                "Department"
              ],
              "rdfs:label": {
                "de": [
                  "Yvelines"
                ],
                "pt": [
                  "Yvelines"
                ],
                "en": [
                  "Yvelines"
                ],
                "it": [
                  "Yvelines"
                ],
                "fr": [
                  "Yvelines"
                ],
                "nl": [
                  "Yvelines"
                ],
                "es": [
                  "Yvelines"
                ]
              },
              "insee": "78",
              "isPartOfRegion": {
                "@id": "kb:France11",
                "@type": [
                  "Region"
                ],
                "rdfs:label": {
                  "de": [
                    "Île-de-France"
                  ],
                  "pt": [
                    "Île-de-France"
                  ],
                  "en": [
                    "Île-de-France"
                  ],
                  "it": [
                    "Île-de-France"
                  ],
                  "fr": [
                    "Île-de-France"
                  ],
                  "nl": [
                    "Île-de-France"
                  ],
                  "es": [
                    "Île-de-France"
                  ]
                },
                "insee": "11",
                "isPartOfCountry": {
                  "@id": "kb:France",
                  "@type": [
                    "schema:Country"
                  ],
                  "rdfs:label": {
                    "de": [
                      "France",
                      "Frankreich"
                    ],
                    "pt": [
                      "França",
                      "France"
                    ],
                    "en": [
                      "France"
                    ],
                    "it": [
                      "France",
                      "Francia"
                    ],
                    "fr": [
                      "France"
                    ],
                    "nl": [
                      "France",
                      "Frankrijk"
                    ],
                    "es": [
                      "France",
                      "Francia"
                    ]
                  }
                }
              }
            }
          }
        }
      ],
      "schema:geo": {
        "@id": "https://data.datatourisme.fr/a792282b-44e3-3599-a47d-3a621c7382ae",
        "schema:latitude": "48.894491",
        "schema:longitude": "2.095155",
        "@type": [
          "schema:GeoCoordinates"
        ]
      },
      "schema:openingHoursSpecification": [
        {
          "@id": "https://data.datatourisme.fr/f87e535a-636d-3343-ad63-8a03392e7511",
          "schema:validFrom": "2023-01-01T00:00:00",
          "schema:validThrough": "2023-12-31T23:59:59",
          "@type": [
            "schema:OpeningHoursSpecification"
          ]
        }
      ],
      "@type": [
        "schema:Place",
        "Place"
      ]
    }
  ],
  "isOwnedBy": [
    {
      "@id": "https://data.datatourisme.fr/73484530-94e0-3b9c-86da-e2ddfa7df7ed",
      "schema:email": [
        "emilie.prai@saintgermainenlaye.fr",
        "emilie.rochat@seine-saintgermain.fr",
        "melissa.moreau@saintgermainenlaye.fr"
      ],
      "schema:legalName": "Office de Tourisme Intercommunal de Saint Germain Boucles de Seine",
      "@type": [
        "schema:Organization",
        "foaf:Agent",
        "Agent"
      ],
      "foaf:homepage": [
        "http://www.reservation.seine-saintgermain.fr/"
      ]
    }
  ],
  "lastUpdate": "2020-03-02",
  "lastUpdateDatatourisme": "2023-02-26T06:41:26.123Z"
}