{
  "@id": "https://data.datatourisme.fr/13/13ad20ec-7da5-3acc-8dd8-8a2d67132e5a",
  "dc:identifier": "731990",
  "@type": [
    "schema:FoodEstablishment",
    "FoodEstablishment",
    "PlaceOfInterest",
    "PointOfInterest"
  ],
  "rdfs:comment": {
    "de": [
      "Traditionelles privates Restaurant auf Anfrage"
    ],
    "en": [
      "Private traditional restaurant upon request"
    ],
    "it": [
      "Ristorante privato tradizionale su richiesta"
    ],
    "fr": [
      "Restaurant traditionnel privé sur demande"
    ],
    "nl": [
      "Traditioneel privé-restaurant op aanvraag"
    ],
    "es": [
      "Restaurante tradicional privado bajo petición"
    ]
  },
  "rdfs:label": {
    "en": [
      "Le Jardin des Roches"
    ],
    "fr": [
      "Le Jardin des Roches"
    ]
  },
  "COVID19SpecialMeasures": {
    "de": [
      "Wir halten uns an die Barrieregesten -- Gel am Empfang verfügbar - Maske in der Küche und beim Servieren\r\n\r\nKörperliche Distanzierung im Speisesaal oder auf der Außenterrasse"
    ],
    "en": [
      "We respect"
    ],
    "it": [
      "Rispettiamo i gesti di barriera -- Gel a disposizione alla reception - maschera in cucina e per il servizio\r\n\r\nSeparazione fisica nella sala da pranzo o sulla terrazza esterna"
    ],
    "fr": [
      "Nous respectons les gestes barrières -- Gel à disposition à l'accueil - masque en cuisine et pour le service\r\n\r\nDistanciation physique dans la salle de restauration ou sur la terrasse extérieure"
    ],
    "nl": [
      "Wij respecteren de barrière gebaren - Gel beschikbaar bij de receptie - masker in de keuken en voor de service\r\n\r\nFysieke scheiding in de eetzaal of op het buitenterras"
    ],
    "es": [
      "Respetamos los gestos de barrera -- Gel disponible en la recepción - máscara en la cocina y para el servicio\r\n\r\nSeparación física en el comedor o en la terraza exterior"
    ]
  },
  "hasBeenCreatedBy": {
    "@id": "https://data.datatourisme.fr/13/4f16c818-875d-3fcb-a867-c7bdc89be7eb",
    "dc:identifier": "1085",
    "schema:email": [
      "d.gougetdelandres@millylaforet-tourisme.com"
    ],
    "schema:legalName": "Office de Tourisme de Milly-la-Forêt",
    "@type": [
      "schema:Organization",
      "foaf:Agent",
      "Agent"
    ]
  },
  "hasBeenPublishedBy": [
    {
      "@id": "https://data.datatourisme.fr/8a9feb4b-2cbd-3d2c-b507-bd6c6776b23b",
      "schema:legalName": "Apidae Tourisme Scic SA - source : Apidae Tourisme",
      "@type": [
        "schema:Organization",
        "foaf:Agent",
        "Agent"
      ],
      "foaf:homepage": [
        "https://www.apidae-tourisme.com/"
      ]
    }
  ],
  "hasContact": [
    {
      "@id": "https://data.datatourisme.fr/ccbca4a5-b94c-3a2b-8d2c-9e927ea51950",
      "schema:email": [
        "lejardindesroches@orange.fr"
      ],
      "schema:telephone": [
        "+33 1 60 77 79 86"
      ],
      "@type": [
        "foaf:Agent",
        "Agent"
      ]
    }
  ],
  "hasDescription": [
    {
      "@id": "https://data.datatourisme.fr/c6820b58-c313-3b6f-a0f1-c03d05428d2a",
      "@type": [
        "Description"
      ],
      "hasTranslatedProperty": [
        {
          "@id": "https://data.datatourisme.fr/05dbc016-a11e-38dd-b183-1016825892f4",
          "dc:contributor": [
            "https://api.deepl.com/v2/translate"
          ],
          "rdf:language": [
            "it"
          ],
          "rdf:predicate": [
            "shortDescription"
          ]
        },
        {
          "@id": "https://data.datatourisme.fr/aed73b45-be63-3dfd-98fd-4919313f939b",
          "dc:contributor": [
            "https://api.deepl.com/v2/translate"
          ],
          "rdf:language": [
            "nl"
          ],
          "rdf:predicate": [
            "shortDescription"
          ]
        },
        {
          "@id": "https://data.datatourisme.fr/b938302c-00b1-3e2a-82a1-199ea046760b",
          "dc:contributor": [
            "https://api.deepl.com/v2/translate"
          ],
          "rdf:language": [
            "de"
          ],
          "rdf:predicate": [
            "shortDescription"
          ]
        },
        {
          "@id": "https://data.datatourisme.fr/d609e44c-a4de-374b-83d8-ca4a755a2ee1",
          "dc:contributor": [
            "https://api.deepl.com/v2/translate"
          ],
          "rdf:language": [
            "es"
          ],
          "rdf:predicate": [
            "shortDescription"
          ]
        }
      ],
      "shortDescription": {
        "de": [
          "Traditionelles privates Restaurant auf Anfrage"
        ],
        "en": [
          "Private traditional restaurant upon request"
        ],
        "it": [
          "Ristorante privato tradizionale su richiesta"
        ],
        "fr": [
          "Restaurant traditionnel privé sur demande"
        ],
        "nl": [
          "Traditioneel privé-restaurant op aanvraag"
        ],
        "es": [
          "Restaurante tradicional privado bajo petición"
        ]
      }
    }
  ],
  "hasTranslatedProperty": [
    {
      "@id": "https://data.datatourisme.fr/219cd880-6d0a-3021-a8ee-b4875cc3f580",
      "dc:contributor": [
        "https://api.deepl.com/v2/translate"
      ],
      "rdf:language": [
        "it"
      ],
      "rdf:predicate": [
        "COVID19SpecialMeasures"
      ]
    },
    {
      "@id": "https://data.datatourisme.fr/2cd3f574-592a-302e-8526-b9fcac19f398",
      "dc:contributor": [
        "https://api.deepl.com/v2/translate"
      ],
      "rdf:language": [
        "es"
      ],
      "rdf:predicate": [
        "COVID19SpecialMeasures"
      ]
    },
    {
      "@id": "https://data.datatourisme.fr/405ea32b-6d1f-3127-9cb5-3632c5e4ef59",
      "dc:contributor": [
        "https://api.deepl.com/v2/translate"
      ],
      "rdf:language": [
        "it"
      ],
      "rdf:predicate": [
        {
          "@id": "rdfs:comment"
        }
      ]
    },
    {
      "@id": "https://data.datatourisme.fr/a6cb6e5b-2065-3a15-95db-9d9c32d0a094",
      "dc:contributor": [
        "https://api.deepl.com/v2/translate"
      ],
      "rdf:language": [
        "nl"
      ],
      "rdf:predicate": [
        {
          "@id": "rdfs:comment"
        }
      ]
    },
    {
      "@id": "https://data.datatourisme.fr/a78ec64e-c91a-317d-bb04-b7b69a2ea380",
      "dc:contributor": [
        "https://api.deepl.com/v2/translate"
      ],
      "rdf:language": [
        "de"
      ],
      "rdf:predicate": [
        {
          "@id": "rdfs:comment"
        }
      ]
    },
    {
      "@id": "https://data.datatourisme.fr/c87d5c6d-38cc-32b8-aa66-c81a0ade4f51",
      "dc:contributor": [
        "https://api.deepl.com/v2/translate"
      ],
      "rdf:language": [
        "de"
      ],
      "rdf:predicate": [
        "COVID19SpecialMeasures"
      ]
    },
    {
      "@id": "https://data.datatourisme.fr/d8a348de-07db-3333-83eb-f7ccf5aa244f",
      "dc:contributor": [
        "https://api.deepl.com/v2/translate"
      ],
      "rdf:language": [
        "es"
      ],
      "rdf:predicate": [
        {
          "@id": "rdfs:comment"
        }
      ]
    },
    {
      "@id": "https://data.datatourisme.fr/fc296355-9836-39f0-9134-ad21878e6e3d",
      "dc:contributor": [
        "https://api.deepl.com/v2/translate"
      ],
      "rdf:language": [
        "nl"
      ],
      "rdf:predicate": [
        "COVID19SpecialMeasures"
      ]
    }
  ],
  "isLocatedAt": [
    {
      "@id": "https://data.datatourisme.fr/277dadf9-504a-3729-a27e-519aab5407b8",
      "schema:address": [
        {
          "@id": "https://data.datatourisme.fr/5d9fe176-a39b-315e-9d08-a475aeb8c952",
          "schema:addressLocality": "Moigny-sur-École",
          "schema:postalCode": "91490",
          "schema:streetAddress": [
            "6 chemin des ruelles"
          ],
          "@type": [
            "schema:PostalAddress",
            "PostalAddress"
          ],
          "hasAddressCity": {
            "@id": "kb:91408",
            "@type": [
              "City"
            ],
            "rdfs:label": {
              "de": [
                "Moigny-sur-École"
              ],
              "pt": [
                "Moigny-sur-École"
              ],
              "en": [
                "Moigny-sur-École"
              ],
              "it": [
                "Moigny-sur-École"
              ],
              "fr": [
                "Moigny-sur-École"
              ],
              "nl": [
                "Moigny-sur-École"
              ],
              "es": [
                "Moigny-sur-École"
              ]
            },
            "insee": "91408",
            "isPartOfDepartment": {
              "@id": "kb:France1191",
              "@type": [
                "Department"
              ],
              "rdfs:label": {
                "de": [
                  "Essonne"
                ],
                "pt": [
                  "Essonne"
                ],
                "en": [
                  "Essonne"
                ],
                "it": [
                  "Essonne"
                ],
                "fr": [
                  "Essonne"
                ],
                "nl": [
                  "Essonne"
                ],
                "es": [
                  "Essonne"
                ]
              },
              "insee": "91",
              "isPartOfRegion": {
                "@id": "kb:France11",
                "@type": [
                  "Region"
                ],
                "rdfs:label": {
                  "de": [
                    "Île-de-France"
                  ],
                  "pt": [
                    "Île-de-France"
                  ],
                  "en": [
                    "Île-de-France"
                  ],
                  "it": [
                    "Île-de-France"
                  ],
                  "fr": [
                    "Île-de-France"
                  ],
                  "nl": [
                    "Île-de-France"
                  ],
                  "es": [
                    "Île-de-France"
                  ]
                },
                "insee": "11",
                "isPartOfCountry": {
                  "@id": "kb:France",
                  "@type": [
                    "schema:Country"
                  ],
                  "rdfs:label": {
                    "de": [
                      "France",
                      "Frankreich"
                    ],
                    "pt": [
                      "França",
                      "France"
                    ],
                    "en": [
                      "France"
                    ],
                    "it": [
                      "France",
                      "Francia"
                    ],
                    "fr": [
                      "France"
                    ],
                    "nl": [
                      "France",
                      "Frankrijk"
                    ],
                    "es": [
                      "France",
                      "Francia"
                    ]
                  }
                }
              }
            }
          }
        }
      ],
      "schema:geo": {
        "@id": "https://data.datatourisme.fr/6690a454-7a77-385a-92e0-f9c4620781c1",
        "schema:latitude": "48.431149",
        "schema:longitude": "2.453515",
        "@type": [
          "schema:GeoCoordinates"
        ]
      },
      "schema:openingHoursSpecification": [
        {
          "@id": "https://data.datatourisme.fr/86b9e2ec-ac67-3bec-956f-9cadde1f3c7d",
          "schema:validFrom": "2023-01-01T00:00:00",
          "schema:validThrough": "2023-12-31T23:59:59",
          "@type": [
            "schema:OpeningHoursSpecification"
          ],
          "additionalInformation": {
            "de": [
              "Privatisierung mittags und abends ab 25 Gedecken -- Empfänge möglich"
            ],
            "en": [
              "Privatization for lunch and dinner from 25 seats -- receptions possible"
            ],
            "it": [
              "Privatizzazione per pranzo e cena a partire da 25 coperti -- possibilità di ricevimenti"
            ],
            "fr": [
              "Privatisation midi et soir à partir de 25 couverts -- réceptions possibles"
            ],
            "es": [
              "Privatización para el almuerzo y la cena a partir de 25 cubiertos -- posibilidad de recepciones"
            ],
            "nl": [
              "Privatisering voor lunch en diner vanaf 25 couverts -- recepties mogelijk"
            ]
          },
          "hasTranslatedProperty": [
            {
              "@id": "https://data.datatourisme.fr/2a4f635d-28da-343c-8fda-b3d32026f2d8",
              "dc:contributor": [
                "https://api.deepl.com/v2/translate"
              ],
              "rdf:language": [
                "en"
              ],
              "rdf:predicate": [
                "additionalInformation"
              ]
            },
            {
              "@id": "https://data.datatourisme.fr/7174c154-57a4-3f63-9b8a-0b213e7a5bc0",
              "dc:contributor": [
                "https://api.deepl.com/v2/translate"
              ],
              "rdf:language": [
                "de"
              ],
              "rdf:predicate": [
                "additionalInformation"
              ]
            },
            {
              "@id": "https://data.datatourisme.fr/7ea6eb7c-3603-3d46-bf15-e715d1176918",
              "dc:contributor": [
                "https://api.deepl.com/v2/translate"
              ],
              "rdf:language": [
                "es"
              ],
              "rdf:predicate": [
                "additionalInformation"
              ]
            },
            {
              "@id": "https://data.datatourisme.fr/cfcaa7e6-5e16-343f-8106-5024ad4f3e89",
              "dc:contributor": [
                "https://api.deepl.com/v2/translate"
              ],
              "rdf:language": [
                "it"
              ],
              "rdf:predicate": [
                "additionalInformation"
              ]
            },
            {
              "@id": "https://data.datatourisme.fr/ecf18325-f0b7-3195-aa29-b958c1f28107",
              "dc:contributor": [
                "https://api.deepl.com/v2/translate"
              ],
              "rdf:language": [
                "nl"
              ],
              "rdf:predicate": [
                "additionalInformation"
              ]
            }
          ]
        }
      ],
      "@type": [
        "schema:Place",
        "Place"
      ]
    }
  ],
  "isOwnedBy": [
    {
      "@id": "https://data.datatourisme.fr/ba14239d-77c2-3f22-8840-5bca53349549",
      "schema:email": [
        "d.gougetdelandres@millylaforet-tourisme.com"
      ],
      "schema:legalName": "Office de Tourisme de Milly-la-Forêt",
      "@type": [
        "schema:Organization",
        "foaf:Agent",
        "Agent"
      ]
    }
  ],
  "lastUpdate": "2023-03-07",
  "lastUpdateDatatourisme": "2023-03-08T06:39:40.722Z",
  "offers": [
    {
      "@id": "https://data.datatourisme.fr/ae3b36b2-5f75-3aa3-99c8-eebe59770307",
      "schema:priceSpecification": [
        {
          "@id": "https://data.datatourisme.fr/d60aa801-b465-3330-8681-899729bf3ef8",
          "@type": [
            "schema:PriceSpecification",
            "PriceSpecification"
          ],
          "appliesOnPeriod": [
            {
              "@id": "https://data.datatourisme.fr/a425afdf-3594-300b-b55e-1858bafa3fd4",
              "@type": [
                "Period"
              ],
              "endDate": "2023-12-31",
              "startDate": "2023-01-01"
            }
          ]
        }
      ],
      "@type": [
        "schema:Offer",
        "Offer"
      ]
    }
  ]
}