{
  "@id": "https://data.datatourisme.fr/13/1373d261-3641-30a2-97bb-afb05aff36f9",
  "dc:identifier": "724863",
  "@type": [
    "schema:Accommodation",
    "schema:FoodEstablishment",
    "schema:Hotel",
    "schema:LodgingBusiness",
    "schema:Restaurant",
    "Accommodation",
    "FoodEstablishment",
    "Hotel",
    "HotelRestaurant",
    "HotelTrade",
    "PlaceOfInterest",
    "PointOfInterest",
    "Restaurant"
  ],
  "rdfs:comment": {
    "de": [
      "Ideale Lage zwischen den Flughäfen Roissy - Charles de Gaulle und Le Bourget, Disneyland Paris (28km), Paris und dem Messegelände Paris Nord-Villepinte (12km).\r\nMit \"2 Cocottes\" klassifiziertes Restaurant"
    ],
    "en": [
      "Ideal location between Roissy - Charles de Gaulle and Le Bourget airports, Disneyland Paris (28km), Paris and the Paris Nord-Villepinte exhibition centre (12km).\r\nListed restaurant \"2 Cocottes\""
    ],
    "it": [
      "Posizione ideale tra gli aeroporti di Roissy - Charles de Gaulle e Le Bourget, Disneyland Paris (28 km), Parigi e il centro espositivo Paris Nord-Villepinte (12 km).\r\nRistorante classificato \"2 Cocottes\""
    ],
    "fr": [
      "Situation idéale entre les aéroports de Roissy - Charles de Gaulle et du Bourget, Disneyland Paris (28km), Paris et le parc des expositions de Paris Nord-Villepinte (12km).\r\nRestaurant classé \"2 Cocottes\""
    ],
    "es": [
      "Ubicación ideal entre los aeropuertos de Roissy - Charles de Gaulle y Le Bourget, Disneyland París (28km), París y el centro de exposiciones Paris Nord-Villepinte (12km).\r\nRestaurante clasificado \"2 Cocottes\""
    ],
    "nl": [
      "Ideale ligging tussen de luchthavens Roissy - Charles de Gaulle en Le Bourget, Disneyland Parijs (28km), Parijs en het expositiecentrum Paris Nord-Villepinte (12km).\r\nRestaurant ingedeeld \"2 Cocottes\""
    ]
  },
  "rdfs:label": {
    "fr": [
      "Le Relais du Parisis"
    ]
  },
  "hasBeenCreatedBy": {
    "@id": "https://data.datatourisme.fr/13/cc1aa436-2771-38f6-9cda-703991069eaf",
    "dc:identifier": "977",
    "schema:email": [
      "aurore.luneau@attractivite77.fr",
      "marie.dussouchaut@attractivite77.fr",
      "webmaster@attractivite77.fr"
    ],
    "schema:legalName": "Seine et Marne Attractivité",
    "@type": [
      "schema:Organization",
      "foaf:Agent",
      "Agent"
    ],
    "foaf:homepage": [
      "https://www.seineetmarnevivreengrand.fr/"
    ]
  },
  "hasBeenPublishedBy": [
    {
      "@id": "https://data.datatourisme.fr/1db24fc4-b534-39bf-bdaf-152c6f98730e",
      "schema:legalName": "Seine et Marne Attractivité - source : Apidae Tourisme",
      "@type": [
        "schema:Organization",
        "foaf:Agent",
        "Agent"
      ],
      "foaf:homepage": [
        "https://www.apidae-tourisme.com/"
      ]
    }
  ],
  "hasContact": [
    {
      "@id": "https://data.datatourisme.fr/c4708988-aedc-3fbb-8457-09f43f979b7b",
      "schema:email": [
        "relaisduparisis@wanadoo.fr"
      ],
      "schema:telephone": [
        "+33 1 64 27 83 83"
      ],
      "@type": [
        "foaf:Agent",
        "Agent"
      ],
      "foaf:homepage": [
        "http://www.lerelaisduparisis.fr/"
      ]
    }
  ],
  "hasDescription": [
    {
      "@id": "https://data.datatourisme.fr/bb340b9f-82a0-3d1e-9bbe-7ddd39ee15ad",
      "@type": [
        "Description"
      ],
      "hasTranslatedProperty": [
        {
          "@id": "https://data.datatourisme.fr/0532d6cf-0ef9-3165-9978-486d93a90dc5",
          "dc:contributor": [
            "https://api.deepl.com/v2/translate"
          ],
          "rdf:language": [
            "es"
          ],
          "rdf:predicate": [
            "shortDescription"
          ]
        },
        {
          "@id": "https://data.datatourisme.fr/19249d18-ec32-36f2-9f1a-69ae469fd1b7",
          "dc:contributor": [
            "https://api.deepl.com/v2/translate"
          ],
          "rdf:language": [
            "en"
          ],
          "rdf:predicate": [
            "shortDescription"
          ]
        },
        {
          "@id": "https://data.datatourisme.fr/45bd475e-d99f-3755-ae64-b416cebaeec0",
          "dc:contributor": [
            "https://api.deepl.com/v2/translate"
          ],
          "rdf:language": [
            "de"
          ],
          "rdf:predicate": [
            "shortDescription"
          ]
        },
        {
          "@id": "https://data.datatourisme.fr/ef6ee22c-fea0-358c-abf8-037c2e069d88",
          "dc:contributor": [
            "https://api.deepl.com/v2/translate"
          ],
          "rdf:language": [
            "nl"
          ],
          "rdf:predicate": [
            "shortDescription"
          ]
        },
        {
          "@id": "https://data.datatourisme.fr/f62b3a68-ac0f-35d6-819f-3fea90e36e71",
          "dc:contributor": [
            "https://api.deepl.com/v2/translate"
          ],
          "rdf:language": [
            "it"
          ],
          "rdf:predicate": [
            "shortDescription"
          ]
        }
      ],
      "shortDescription": {
        "de": [
          "Ideale Lage zwischen den Flughäfen Roissy - Charles de Gaulle und Le Bourget, Disneyland Paris (28km), Paris und dem Messegelände Paris Nord-Villepinte (12km).\r\nMit \"2 Cocottes\" klassifiziertes Restaurant"
        ],
        "en": [
          "Ideal location between Roissy - Charles de Gaulle and Le Bourget airports, Disneyland Paris (28km), Paris and the Paris Nord-Villepinte exhibition centre (12km).\r\nListed restaurant \"2 Cocottes\""
        ],
        "it": [
          "Posizione ideale tra gli aeroporti di Roissy - Charles de Gaulle e Le Bourget, Disneyland Paris (28 km), Parigi e il centro espositivo Paris Nord-Villepinte (12 km).\r\nRistorante classificato \"2 Cocottes\""
        ],
        "fr": [
          "Situation idéale entre les aéroports de Roissy - Charles de Gaulle et du Bourget, Disneyland Paris (28km), Paris et le parc des expositions de Paris Nord-Villepinte (12km).\r\nRestaurant classé \"2 Cocottes\""
        ],
        "es": [
          "Ubicación ideal entre los aeropuertos de Roissy - Charles de Gaulle y Le Bourget, Disneyland París (28km), París y el centro de exposiciones Paris Nord-Villepinte (12km).\r\nRestaurante clasificado \"2 Cocottes\""
        ],
        "nl": [
          "Ideale ligging tussen de luchthavens Roissy - Charles de Gaulle en Le Bourget, Disneyland Parijs (28km), Parijs en het expositiecentrum Paris Nord-Villepinte (12km).\r\nRestaurant ingedeeld \"2 Cocottes\""
        ]
      }
    }
  ],
  "hasTranslatedProperty": [
    {
      "@id": "https://data.datatourisme.fr/27d09150-5380-347d-bbe1-105cb68b8e1d",
      "dc:contributor": [
        "https://api.deepl.com/v2/translate"
      ],
      "rdf:language": [
        "es"
      ],
      "rdf:predicate": [
        {
          "@id": "rdfs:comment"
        }
      ]
    },
    {
      "@id": "https://data.datatourisme.fr/3708c71c-dc46-3197-aa8e-433ab956583f",
      "dc:contributor": [
        "https://api.deepl.com/v2/translate"
      ],
      "rdf:language": [
        "de"
      ],
      "rdf:predicate": [
        {
          "@id": "rdfs:comment"
        }
      ]
    },
    {
      "@id": "https://data.datatourisme.fr/38250362-ad71-3dae-9787-59f4a4b60b70",
      "dc:contributor": [
        "https://api.deepl.com/v2/translate"
      ],
      "rdf:language": [
        "en"
      ],
      "rdf:predicate": [
        {
          "@id": "rdfs:comment"
        }
      ]
    },
    {
      "@id": "https://data.datatourisme.fr/6a0625a8-fbe3-3ca3-b876-e14d73a149cf",
      "dc:contributor": [
        "https://api.deepl.com/v2/translate"
      ],
      "rdf:language": [
        "it"
      ],
      "rdf:predicate": [
        {
          "@id": "rdfs:comment"
        }
      ]
    },
    {
      "@id": "https://data.datatourisme.fr/fe4c4ec9-59f7-39c3-97bc-931d3f27c7bb",
      "dc:contributor": [
        "https://api.deepl.com/v2/translate"
      ],
      "rdf:language": [
        "nl"
      ],
      "rdf:predicate": [
        {
          "@id": "rdfs:comment"
        }
      ]
    }
  ],
  "isLocatedAt": [
    {
      "@id": "https://data.datatourisme.fr/1848ef6e-d158-3c14-a664-52b3e1a14a49",
      "schema:address": [
        {
          "@id": "https://data.datatourisme.fr/dd586732-d2c0-3977-a7e2-c6a1e1179da2",
          "schema:addressLocality": "Villeparisis",
          "schema:postalCode": "77270",
          "schema:streetAddress": [
            "2 avenue Jean Monnet",
            "ZAC de l'Ambresis"
          ],
          "@type": [
            "schema:PostalAddress",
            "PostalAddress"
          ],
          "hasAddressCity": {
            "@id": "kb:77514",
            "@type": [
              "City"
            ],
            "rdfs:label": {
              "de": [
                "Villeparisis"
              ],
              "pt": [
                "Villeparisis"
              ],
              "en": [
                "Villeparisis"
              ],
              "it": [
                "Villeparisis"
              ],
              "fr": [
                "Villeparisis"
              ],
              "nl": [
                "Villeparisis"
              ],
              "es": [
                "Villeparisis"
              ]
            },
            "insee": "77514",
            "isPartOfDepartment": {
              "@id": "kb:France1177",
              "@type": [
                "Department"
              ],
              "rdfs:label": {
                "de": [
                  "Seine-et-Marne"
                ],
                "pt": [
                  "Seine-et-Marne"
                ],
                "en": [
                  "Seine-et-Marne"
                ],
                "it": [
                  "Seine-et-Marne"
                ],
                "fr": [
                  "Seine-et-Marne"
                ],
                "nl": [
                  "Seine-et-Marne"
                ],
                "es": [
                  "Seine-et-Marne"
                ]
              },
              "insee": "77",
              "isPartOfRegion": {
                "@id": "kb:France11",
                "@type": [
                  "Region"
                ],
                "rdfs:label": {
                  "de": [
                    "Île-de-France"
                  ],
                  "pt": [
                    "Île-de-France"
                  ],
                  "en": [
                    "Île-de-France"
                  ],
                  "it": [
                    "Île-de-France"
                  ],
                  "fr": [
                    "Île-de-France"
                  ],
                  "nl": [
                    "Île-de-France"
                  ],
                  "es": [
                    "Île-de-France"
                  ]
                },
                "insee": "11",
                "isPartOfCountry": {
                  "@id": "kb:France",
                  "@type": [
                    "schema:Country"
                  ],
                  "rdfs:label": {
                    "de": [
                      "France",
                      "Frankreich"
                    ],
                    "pt": [
                      "França",
                      "France"
                    ],
                    "en": [
                      "France"
                    ],
                    "it": [
                      "France",
                      "Francia"
                    ],
                    "fr": [
                      "France"
                    ],
                    "nl": [
                      "France",
                      "Frankrijk"
                    ],
                    "es": [
                      "France",
                      "Francia"
                    ]
                  }
                }
              }
            }
          }
        }
      ],
      "schema:geo": {
        "@id": "https://data.datatourisme.fr/a9112ecf-42cf-30da-9f64-1bcb9783bc9e",
        "schema:latitude": "48.9461",
        "schema:longitude": "2.61764",
        "@type": [
          "schema:GeoCoordinates"
        ]
      },
      "schema:openingHoursSpecification": [
        {
          "@id": "https://data.datatourisme.fr/f87e535a-636d-3343-ad63-8a03392e7511",
          "schema:validFrom": "2023-01-01T00:00:00",
          "schema:validThrough": "2023-12-31T23:59:59",
          "@type": [
            "schema:OpeningHoursSpecification"
          ]
        }
      ],
      "@type": [
        "schema:Place",
        "Place"
      ]
    }
  ],
  "isOwnedBy": [
    {
      "@id": "https://data.datatourisme.fr/a7bb87df-a9ed-3a59-b797-317824914af0",
      "schema:email": [
        "aurore.luneau@attractivite77.fr",
        "marie.dussouchaut@attractivite77.fr",
        "webmaster@attractivite77.fr"
      ],
      "schema:legalName": "Seine et Marne Attractivité",
      "@type": [
        "schema:Organization",
        "foaf:Agent",
        "Agent"
      ],
      "foaf:homepage": [
        "https://www.seineetmarnevivreengrand.fr/"
      ]
    }
  ],
  "lastUpdate": "2023-02-03",
  "lastUpdateDatatourisme": "2023-02-04T06:37:31.901Z"
}