{
  "@id": "https://data.datatourisme.fr/13/1341d93e-a58e-3caa-b2b6-63b111edeb89",
  "dc:identifier": "4863165",
  "@type": [
    "Bridge",
    "CulturalSite",
    "PlaceOfInterest",
    "PointOfInterest",
    "RemarkableBuilding"
  ],
  "rdfs:comment": {
    "de": [
      "Genießen Sie einen schönen Spaziergang am Ufer der Seine und entdecken Sie bei dieser Gelegenheit auch die Überreste der Pont Ancien und ihre bedeutende Rolle in der Geschichte der Stadt Poissy.."
    ],
    "en": [
      "Enjoy a beautiful walk along the banks of the Seine and discover at the same time the remains of the Ancient Bridge and its major role in the history of the town of Poissy.."
    ],
    "it": [
      "Godetevi una bella passeggiata lungo le rive della Senna e scoprite allo stesso tempo i resti del Ponte Vecchio e il suo ruolo importante nella storia della città di Poissy?"
    ],
    "fr": [
      "Profitez d’une belle balade en bords de Seine et découvrez par la même occasion les vestiges du Pont Ancien et son rôle majeur dans l’histoire de la ville de Poissy…"
    ],
    "nl": [
      "Geniet van een mooie wandeling langs de oevers van de Seine en ontdek tegelijkertijd de overblijfselen van de Oude Brug en haar belangrijke rol in de geschiedenis van de stad Poissy.."
    ],
    "es": [
      "Disfrute de un hermoso paseo por las orillas del Sena y descubra al mismo tiempo los restos del Puente Viejo y su importante papel en la historia de la ciudad de Poissy?"
    ]
  },
  "rdfs:label": {
    "fr": [
      "Pont ancien de Poissy"
    ]
  },
  "owl:sameAs": [
    "http://www.wikidata.org/entity/Q2845811"
  ],
  "hasBeenCreatedBy": {
    "@id": "https://data.datatourisme.fr/13/3fb451ca-2e89-33a1-b095-b059d8705b15",
    "dc:identifier": "1522",
    "schema:email": [
      "anicoud@terres-de-seine.fr",
      "anne.perchec@gpseo.fr",
      "contact@terres-de-seine.fr",
      "estelle.rouille@gpseo.fr",
      "fbony@terres-de-seine.fr",
      "hillaryramanank@yahoo.fr",
      "vgateau@terres-de-seine.fr",
      "xcadilhac.oti.gpseo@gmail.com"
    ],
    "schema:legalName": "Communauté Urbaine Grand Paris Seine & Oise",
    "@type": [
      "schema:Organization",
      "foaf:Agent",
      "Agent"
    ],
    "foaf:homepage": [
      "https://www.insectes.org/",
      "https://www.terres-de-seine.fr/"
    ]
  },
  "hasBeenPublishedBy": [
    {
      "@id": "https://data.datatourisme.fr/8a9feb4b-2cbd-3d2c-b507-bd6c6776b23b",
      "schema:legalName": "Apidae Tourisme Scic SA - source : Apidae Tourisme",
      "@type": [
        "schema:Organization",
        "foaf:Agent",
        "Agent"
      ],
      "foaf:homepage": [
        "https://www.apidae-tourisme.com/"
      ]
    }
  ],
  "hasContact": [
    {
      "@id": "https://data.datatourisme.fr/9edf870d-cb04-3196-8c48-f72e7efbdd11",
      "schema:telephone": [
        "+33 1 39 22 56 40"
      ],
      "@type": [
        "foaf:Agent",
        "Agent"
      ]
    }
  ],
  "hasDescription": [
    {
      "@id": "https://data.datatourisme.fr/378540c9-e1c1-3244-9db9-c257b07ebb84",
      "@type": [
        "Description"
      ],
      "hasTranslatedProperty": [
        {
          "@id": "https://data.datatourisme.fr/32c885f2-cc45-365f-a427-3c0512414c18",
          "dc:contributor": [
            "https://api.deepl.com/v2/translate"
          ],
          "rdf:language": [
            "es"
          ],
          "rdf:predicate": [
            "shortDescription"
          ]
        },
        {
          "@id": "https://data.datatourisme.fr/6f4db179-157e-342d-b79c-0784d9bc6519",
          "dc:contributor": [
            "https://api.deepl.com/v2/translate"
          ],
          "rdf:language": [
            "nl"
          ],
          "rdf:predicate": [
            "shortDescription"
          ]
        },
        {
          "@id": "https://data.datatourisme.fr/b0f5d3fd-4253-3f8c-9758-61b0e5db5ed9",
          "dc:contributor": [
            "https://api.deepl.com/v2/translate"
          ],
          "rdf:language": [
            "en"
          ],
          "rdf:predicate": [
            "shortDescription"
          ]
        },
        {
          "@id": "https://data.datatourisme.fr/baf7d906-028a-3804-89d9-2cd76d68dbd3",
          "dc:contributor": [
            "https://api.deepl.com/v2/translate"
          ],
          "rdf:language": [
            "it"
          ],
          "rdf:predicate": [
            "shortDescription"
          ]
        },
        {
          "@id": "https://data.datatourisme.fr/ed4cb0c9-e083-3f9d-b931-73b9b7fa334a",
          "dc:contributor": [
            "https://api.deepl.com/v2/translate"
          ],
          "rdf:language": [
            "de"
          ],
          "rdf:predicate": [
            "shortDescription"
          ]
        }
      ],
      "shortDescription": {
        "de": [
          "Genießen Sie einen schönen Spaziergang am Ufer der Seine und entdecken Sie bei dieser Gelegenheit auch die Überreste der Pont Ancien und ihre bedeutende Rolle in der Geschichte der Stadt Poissy.."
        ],
        "en": [
          "Enjoy a beautiful walk along the banks of the Seine and discover at the same time the remains of the Ancient Bridge and its major role in the history of the town of Poissy.."
        ],
        "it": [
          "Godetevi una bella passeggiata lungo le rive della Senna e scoprite allo stesso tempo i resti del Ponte Vecchio e il suo ruolo importante nella storia della città di Poissy?"
        ],
        "fr": [
          "Profitez d’une belle balade en bords de Seine et découvrez par la même occasion les vestiges du Pont Ancien et son rôle majeur dans l’histoire de la ville de Poissy…"
        ],
        "nl": [
          "Geniet van een mooie wandeling langs de oevers van de Seine en ontdek tegelijkertijd de overblijfselen van de Oude Brug en haar belangrijke rol in de geschiedenis van de stad Poissy.."
        ],
        "es": [
          "Disfrute de un hermoso paseo por las orillas del Sena y descubra al mismo tiempo los restos del Puente Viejo y su importante papel en la historia de la ciudad de Poissy?"
        ]
      }
    }
  ],
  "hasRepresentation": [
    {
      "@id": "https://data.datatourisme.fr/4cecc025-7eaa-3374-895f-c076b64e6755",
      "ebucore:hasAnnotation": [
        {
          "@id": "https://data.datatourisme.fr/98e7667f-1b42-32dd-a16b-9108f57fb8e7",
          "ebucore:isCoveredBy": "CC BY-SA 3.0",
          "ebucore:title": [
            "Poissy - Ancien pont01"
          ],
          "@type": [
            "ebucore:Annotation"
          ],
          "credits": [
            "Spedona (https://commons.wikimedia.org/wiki/User:Spedona)"
          ]
        }
      ],
      "ebucore:hasRelatedResource": [
        {
          "@id": "https://data.datatourisme.fr/4fa86a53-5279-3163-9336-80c66e6aa6b6",
          "ebucore:fileSize": [
            1073835
          ],
          "ebucore:hasMimeType": [
            {
              "@id": "kb:JPEG",
              "@type": [
                "ebucore:MimeType"
              ],
              "rdfs:comment": {
                "de": [
                  "JPEG-Bild"
                ],
                "pt": [
                  "Imagem JPEG"
                ],
                "en": [
                  "JPEG image file"
                ],
                "it": [
                  "Immagine JPEG"
                ],
                "fr": [
                  "Image JPEG"
                ],
                "nl": [
                  "JPEG-afbeelding"
                ],
                "es": [
                  "Imagen JPEG"
                ]
              },
              "rdfs:label": {
                "de": [
                  "image/jpeg"
                ],
                "pt": [
                  "image/jpeg"
                ],
                "en": [
                  "image/jpeg"
                ],
                "it": [
                  "image/jpeg"
                ],
                "fr": [
                  "image/jpeg"
                ],
                "nl": [
                  "image/jpeg"
                ],
                "es": [
                  "image/jpeg"
                ]
              }
            }
          ],
          "ebucore:height": 2304,
          "ebucore:locator": [
            "https://upload.wikimedia.org/wikipedia/commons/c/cf/Poissy_-_Ancien_pont01.jpg"
          ],
          "ebucore:width": 3456,
          "@type": [
            "ebucore:Resource"
          ]
        }
      ],
      "@type": [
        "ebucore:EditorialObject"
      ]
    },
    {
      "@id": "https://data.datatourisme.fr/7951fcc1-f16b-3188-90f0-9aa6b71908c3",
      "ebucore:hasAnnotation": [
        {
          "@id": "https://data.datatourisme.fr/ec945f5a-3e29-3dcf-9ed0-4f95e5099bc0",
          "ebucore:isCoveredBy": "CC BY-SA 3.0",
          "ebucore:title": [
            "Ancien pont poissy"
          ],
          "@type": [
            "ebucore:Annotation"
          ],
          "credits": [
            "Frederic Masson"
          ]
        }
      ],
      "ebucore:hasRelatedResource": [
        {
          "@id": "https://data.datatourisme.fr/c0d62fda-1f44-325a-855c-79685f530e28",
          "ebucore:fileSize": [
            143651
          ],
          "ebucore:hasMimeType": [
            {
              "@id": "kb:JPEG",
              "@type": [
                "ebucore:MimeType"
              ],
              "rdfs:comment": {
                "de": [
                  "JPEG-Bild"
                ],
                "pt": [
                  "Imagem JPEG"
                ],
                "en": [
                  "JPEG image file"
                ],
                "it": [
                  "Immagine JPEG"
                ],
                "fr": [
                  "Image JPEG"
                ],
                "nl": [
                  "JPEG-afbeelding"
                ],
                "es": [
                  "Imagen JPEG"
                ]
              },
              "rdfs:label": {
                "de": [
                  "image/jpeg"
                ],
                "pt": [
                  "image/jpeg"
                ],
                "en": [
                  "image/jpeg"
                ],
                "it": [
                  "image/jpeg"
                ],
                "fr": [
                  "image/jpeg"
                ],
                "nl": [
                  "image/jpeg"
                ],
                "es": [
                  "image/jpeg"
                ]
              }
            }
          ],
          "ebucore:height": 976,
          "ebucore:locator": [
            "https://upload.wikimedia.org/wikipedia/commons/c/c2/Ancien_pont_poissy.jpg"
          ],
          "ebucore:width": 1455,
          "@type": [
            "ebucore:Resource"
          ]
        }
      ],
      "@type": [
        "ebucore:EditorialObject"
      ]
    }
  ],
  "hasTheme": [
    {
      "@id": "kb:Culture",
      "@type": [
        "CulturalTheme"
      ],
      "rdfs:label": {
        "de": [
          "Kultur"
        ],
        "pt": [
          "Cultura"
        ],
        "en": [
          "Culture"
        ],
        "it": [
          "Cultura"
        ],
        "fr": [
          "Culture"
        ],
        "nl": [
          "Cultuur"
        ],
        "es": [
          "Cultura"
        ]
      }
    }
  ],
  "hasTranslatedProperty": [
    {
      "@id": "https://data.datatourisme.fr/038b6511-3f33-3bd4-aea6-728bad2111c0",
      "dc:contributor": [
        "https://api.deepl.com/v2/translate"
      ],
      "rdf:language": [
        "en"
      ],
      "rdf:predicate": [
        {
          "@id": "rdfs:comment"
        }
      ]
    },
    {
      "@id": "https://data.datatourisme.fr/05ccd911-2605-37d6-8251-53275ffc1382",
      "dc:contributor": [
        "https://api.deepl.com/v2/translate"
      ],
      "rdf:language": [
        "nl"
      ],
      "rdf:predicate": [
        {
          "@id": "rdfs:comment"
        }
      ]
    },
    {
      "@id": "https://data.datatourisme.fr/7d636f8f-6b7d-3074-8f46-dde71f5fa5f1",
      "dc:contributor": [
        "https://api.deepl.com/v2/translate"
      ],
      "rdf:language": [
        "de"
      ],
      "rdf:predicate": [
        {
          "@id": "rdfs:comment"
        }
      ]
    },
    {
      "@id": "https://data.datatourisme.fr/8d4e87db-b95a-3c64-86d6-596354e060eb",
      "dc:contributor": [
        "https://api.deepl.com/v2/translate"
      ],
      "rdf:language": [
        "it"
      ],
      "rdf:predicate": [
        {
          "@id": "rdfs:comment"
        }
      ]
    },
    {
      "@id": "https://data.datatourisme.fr/d9e75269-95b0-3b67-bccd-e4d1b6316b4d",
      "dc:contributor": [
        "https://api.deepl.com/v2/translate"
      ],
      "rdf:language": [
        "es"
      ],
      "rdf:predicate": [
        {
          "@id": "rdfs:comment"
        }
      ]
    }
  ],
  "isLocatedAt": [
    {
      "@id": "https://data.datatourisme.fr/f402463c-0b32-3dfd-9ed4-779469c01d9d",
      "schema:address": [
        {
          "@id": "https://data.datatourisme.fr/7810b20e-905e-33a6-94fc-51bb5037211d",
          "schema:addressLocality": "Poissy",
          "schema:postalCode": "78300",
          "schema:streetAddress": [
            "6 rue de la gare"
          ],
          "@type": [
            "schema:PostalAddress",
            "PostalAddress"
          ],
          "hasAddressCity": {
            "@id": "kb:78498",
            "@type": [
              "City"
            ],
            "rdfs:label": {
              "de": [
                "Poissy"
              ],
              "pt": [
                "Poissy"
              ],
              "en": [
                "Poissy"
              ],
              "it": [
                "Poissy"
              ],
              "fr": [
                "Poissy"
              ],
              "nl": [
                "Poissy"
              ],
              "es": [
                "Poissy"
              ]
            },
            "insee": "78498",
            "isPartOfDepartment": {
              "@id": "kb:France1178",
              "@type": [
                "Department"
              ],
              "rdfs:label": {
                "de": [
                  "Yvelines"
                ],
                "pt": [
                  "Yvelines"
                ],
                "en": [
                  "Yvelines"
                ],
                "it": [
                  "Yvelines"
                ],
                "fr": [
                  "Yvelines"
                ],
                "nl": [
                  "Yvelines"
                ],
                "es": [
                  "Yvelines"
                ]
              },
              "insee": "78",
              "isPartOfRegion": {
                "@id": "kb:France11",
                "@type": [
                  "Region"
                ],
                "rdfs:label": {
                  "de": [
                    "Île-de-France"
                  ],
                  "pt": [
                    "Île-de-France"
                  ],
                  "en": [
                    "Île-de-France"
                  ],
                  "it": [
                    "Île-de-France"
                  ],
                  "fr": [
                    "Île-de-France"
                  ],
                  "nl": [
                    "Île-de-France"
                  ],
                  "es": [
                    "Île-de-France"
                  ]
                },
                "insee": "11",
                "isPartOfCountry": {
                  "@id": "kb:France",
                  "@type": [
                    "schema:Country"
                  ],
                  "rdfs:label": {
                    "de": [
                      "France",
                      "Frankreich"
                    ],
                    "pt": [
                      "França",
                      "France"
                    ],
                    "en": [
                      "France"
                    ],
                    "it": [
                      "France",
                      "Francia"
                    ],
                    "fr": [
                      "France"
                    ],
                    "nl": [
                      "France",
                      "Frankrijk"
                    ],
                    "es": [
                      "France",
                      "Francia"
                    ]
                  }
                }
              }
            }
          }
        }
      ],
      "schema:geo": {
        "@id": "https://data.datatourisme.fr/461838ec-3560-37e4-89bf-c0bfe0a62921",
        "schema:latitude": "48.933436",
        "schema:longitude": "2.03782",
        "@type": [
          "schema:GeoCoordinates"
        ]
      },
      "schema:openingHoursSpecification": [
        {
          "@id": "https://data.datatourisme.fr/f87e535a-636d-3343-ad63-8a03392e7511",
          "schema:validFrom": "2023-01-01T00:00:00",
          "schema:validThrough": "2023-12-31T23:59:59",
          "@type": [
            "schema:OpeningHoursSpecification"
          ]
        }
      ],
      "@type": [
        "schema:Place",
        "Place"
      ]
    }
  ],
  "isOwnedBy": [
    {
      "@id": "https://data.datatourisme.fr/44eacd0d-f255-38e9-b0f2-4a31202fdb58",
      "schema:email": [
        "anicoud@terres-de-seine.fr",
        "anne.perchec@gpseo.fr",
        "contact@terres-de-seine.fr",
        "estelle.rouille@gpseo.fr",
        "fbony@terres-de-seine.fr",
        "hillaryramanank@yahoo.fr",
        "vgateau@terres-de-seine.fr",
        "xcadilhac.oti.gpseo@gmail.com"
      ],
      "schema:legalName": "Communauté Urbaine Grand Paris Seine & Oise",
      "@type": [
        "schema:Organization",
        "foaf:Agent",
        "Agent"
      ],
      "foaf:homepage": [
        "https://www.insectes.org/"
      ]
    }
  ],
  "lastUpdate": "2020-11-16",
  "lastUpdateDatatourisme": "2023-02-22T06:42:37.693Z"
}