{
  "@id": "https://data.datatourisme.fr/13/13ae704c-c4aa-3f53-a5cd-a5bfb876fdab",
  "dc:identifier": "4813530",
  "@type": [
    "schema:FoodEstablishment",
    "FoodEstablishment",
    "PlaceOfInterest",
    "PointOfInterest"
  ],
  "rdfs:comment": {
    "de": [
      "Nameste lässt Sie mit seinen typischen Gerichten und Beilagen bis an die Grenzen Indiens reisen.\r\nMenüs oder Gerichte à la carte, die Sie vor Ort verzehren oder mitnehmen können."
    ],
    "en": [
      "Nameste will take you to the far reaches of India with its typical dishes and side dishes.\r\nMenus or à la carte dishes to eat in or take away."
    ],
    "it": [
      "Nameste vi porterà in viaggio verso i luoghi più remoti dell'India con i suoi piatti e contorni tipici.\r\nMenù o piatti à la carte da mangiare o da portare via."
    ],
    "fr": [
      "Nameste vous fera voyager jusqu'aux confins de l'Inde avec ses plats et accompagnements typiques.\r\nDes menus ou plats à la carte à consommer sur place ou à emporter."
    ],
    "nl": [
      "Nameste neemt u mee op reis naar de verste uithoeken van India met zijn typische gerechten en bijgerechten.\r\nMenu's of à la carte gerechten om te eten of mee te nemen."
    ],
    "es": [
      "Nameste le hará viajar a los confines de la India con sus platos y guarniciones típicas.\r\nMenús o platos a la carta para comer en casa o para llevar."
    ]
  },
  "rdfs:label": {
    "fr": [
      "Nameste"
    ]
  },
  "hasBeenCreatedBy": {
    "@id": "https://data.datatourisme.fr/13/1baff70e-2669-3837-a347-efd3a874a341",
    "dc:identifier": "1489",
    "schema:email": [
      "emilie.prai@saintgermainenlaye.fr",
      "emilie.rochat@seine-saintgermain.fr",
      "melissa.moreau@saintgermainenlaye.fr"
    ],
    "schema:legalName": "Office de Tourisme Intercommunal de Saint Germain Boucles de Seine",
    "@type": [
      "schema:Organization",
      "foaf:Agent",
      "Agent"
    ],
    "foaf:homepage": [
      "http://www.reservation.seine-saintgermain.fr/"
    ]
  },
  "hasBeenPublishedBy": [
    {
      "@id": "https://data.datatourisme.fr/8a9feb4b-2cbd-3d2c-b507-bd6c6776b23b",
      "schema:legalName": "Apidae Tourisme Scic SA - source : Apidae Tourisme",
      "@type": [
        "schema:Organization",
        "foaf:Agent",
        "Agent"
      ],
      "foaf:homepage": [
        "https://www.apidae-tourisme.com/"
      ]
    }
  ],
  "hasContact": [
    {
      "@id": "https://data.datatourisme.fr/e322b9c9-3040-3414-9e3d-8fc105553e80",
      "schema:telephone": [
        "+33 1 39 21 02 06"
      ],
      "@type": [
        "foaf:Agent",
        "Agent"
      ],
      "foaf:homepage": [
        "http://www.nameste-st-germain.com/"
      ]
    }
  ],
  "hasDescription": [
    {
      "@id": "https://data.datatourisme.fr/f44e6ac1-733e-3df9-aaf7-90af1dd67a43",
      "@type": [
        "Description"
      ],
      "hasTranslatedProperty": [
        {
          "@id": "https://data.datatourisme.fr/10ea3aec-2fdb-3df2-a6ce-bbaa4e55c604",
          "dc:contributor": [
            "https://api.deepl.com/v2/translate"
          ],
          "rdf:language": [
            "en"
          ],
          "rdf:predicate": [
            "shortDescription"
          ]
        },
        {
          "@id": "https://data.datatourisme.fr/2a12171f-cea4-38aa-aa66-12bab867321b",
          "dc:contributor": [
            "https://api.deepl.com/v2/translate"
          ],
          "rdf:language": [
            "it"
          ],
          "rdf:predicate": [
            "shortDescription"
          ]
        },
        {
          "@id": "https://data.datatourisme.fr/2dec841d-982b-3b2e-813d-53e6485fb00e",
          "dc:contributor": [
            "https://api.deepl.com/v2/translate"
          ],
          "rdf:language": [
            "nl"
          ],
          "rdf:predicate": [
            "shortDescription"
          ]
        },
        {
          "@id": "https://data.datatourisme.fr/84221264-9d7c-3220-b4b2-acca8eecbda8",
          "dc:contributor": [
            "https://api.deepl.com/v2/translate"
          ],
          "rdf:language": [
            "de"
          ],
          "rdf:predicate": [
            "shortDescription"
          ]
        },
        {
          "@id": "https://data.datatourisme.fr/bd33a974-89e2-330c-a42e-427823f080f9",
          "dc:contributor": [
            "https://api.deepl.com/v2/translate"
          ],
          "rdf:language": [
            "es"
          ],
          "rdf:predicate": [
            "shortDescription"
          ]
        }
      ],
      "shortDescription": {
        "de": [
          "Nameste lässt Sie mit seinen typischen Gerichten und Beilagen bis an die Grenzen Indiens reisen.\r\nMenüs oder Gerichte à la carte, die Sie vor Ort verzehren oder mitnehmen können."
        ],
        "en": [
          "Nameste will take you to the far reaches of India with its typical dishes and side dishes.\r\nMenus or à la carte dishes to eat in or take away."
        ],
        "it": [
          "Nameste vi porterà in viaggio verso i luoghi più remoti dell'India con i suoi piatti e contorni tipici.\r\nMenù o piatti à la carte da mangiare o da portare via."
        ],
        "fr": [
          "Nameste vous fera voyager jusqu'aux confins de l'Inde avec ses plats et accompagnements typiques.\r\nDes menus ou plats à la carte à consommer sur place ou à emporter."
        ],
        "nl": [
          "Nameste neemt u mee op reis naar de verste uithoeken van India met zijn typische gerechten en bijgerechten.\r\nMenu's of à la carte gerechten om te eten of mee te nemen."
        ],
        "es": [
          "Nameste le hará viajar a los confines de la India con sus platos y guarniciones típicas.\r\nMenús o platos a la carta para comer en casa o para llevar."
        ]
      }
    }
  ],
  "hasTranslatedProperty": [
    {
      "@id": "https://data.datatourisme.fr/49dffbc4-e85f-38f9-9cd4-52031ebfdf53",
      "dc:contributor": [
        "https://api.deepl.com/v2/translate"
      ],
      "rdf:language": [
        "nl"
      ],
      "rdf:predicate": [
        {
          "@id": "rdfs:comment"
        }
      ]
    },
    {
      "@id": "https://data.datatourisme.fr/501ee039-9dde-3622-8051-5901818a220f",
      "dc:contributor": [
        "https://api.deepl.com/v2/translate"
      ],
      "rdf:language": [
        "es"
      ],
      "rdf:predicate": [
        {
          "@id": "rdfs:comment"
        }
      ]
    },
    {
      "@id": "https://data.datatourisme.fr/9b307695-de5a-310f-a5c0-782f9d1d6873",
      "dc:contributor": [
        "https://api.deepl.com/v2/translate"
      ],
      "rdf:language": [
        "en"
      ],
      "rdf:predicate": [
        {
          "@id": "rdfs:comment"
        }
      ]
    },
    {
      "@id": "https://data.datatourisme.fr/c8a9b692-98e9-31c8-88f6-48af43e6e76e",
      "dc:contributor": [
        "https://api.deepl.com/v2/translate"
      ],
      "rdf:language": [
        "it"
      ],
      "rdf:predicate": [
        {
          "@id": "rdfs:comment"
        }
      ]
    },
    {
      "@id": "https://data.datatourisme.fr/ce793b00-178d-3a1d-8ea8-abc18e0cadd7",
      "dc:contributor": [
        "https://api.deepl.com/v2/translate"
      ],
      "rdf:language": [
        "de"
      ],
      "rdf:predicate": [
        {
          "@id": "rdfs:comment"
        }
      ]
    }
  ],
  "isLocatedAt": [
    {
      "@id": "https://data.datatourisme.fr/5ba3741e-1f1f-3cc1-a6f5-c7135bf447dd",
      "schema:address": [
        {
          "@id": "https://data.datatourisme.fr/9d02364f-7d8a-3b0b-9c2e-0648ad556885",
          "schema:addressLocality": "Saint-Germain-en-Laye",
          "schema:postalCode": "78100",
          "schema:streetAddress": [
            "9 rue Danes de Montardat"
          ],
          "@type": [
            "schema:PostalAddress",
            "PostalAddress"
          ],
          "hasAddressCity": {
            "@id": "kb:78551",
            "@type": [
              "City"
            ],
            "rdfs:label": {
              "de": [
                "Saint-Germain-en-Laye"
              ],
              "pt": [
                "Saint-Germain-en-Laye"
              ],
              "en": [
                "Saint-Germain-en-Laye"
              ],
              "it": [
                "Saint-Germain-en-Laye"
              ],
              "fr": [
                "Saint-Germain-en-Laye"
              ],
              "nl": [
                "Saint-Germain-en-Laye"
              ],
              "es": [
                "Saint-Germain-en-Laye"
              ]
            },
            "insee": "78551",
            "isPartOfDepartment": {
              "@id": "kb:France1178",
              "@type": [
                "Department"
              ],
              "rdfs:label": {
                "de": [
                  "Yvelines"
                ],
                "pt": [
                  "Yvelines"
                ],
                "en": [
                  "Yvelines"
                ],
                "it": [
                  "Yvelines"
                ],
                "fr": [
                  "Yvelines"
                ],
                "nl": [
                  "Yvelines"
                ],
                "es": [
                  "Yvelines"
                ]
              },
              "insee": "78",
              "isPartOfRegion": {
                "@id": "kb:France11",
                "@type": [
                  "Region"
                ],
                "rdfs:label": {
                  "de": [
                    "Île-de-France"
                  ],
                  "pt": [
                    "Île-de-France"
                  ],
                  "en": [
                    "Île-de-France"
                  ],
                  "it": [
                    "Île-de-France"
                  ],
                  "fr": [
                    "Île-de-France"
                  ],
                  "nl": [
                    "Île-de-France"
                  ],
                  "es": [
                    "Île-de-France"
                  ]
                },
                "insee": "11",
                "isPartOfCountry": {
                  "@id": "kb:France",
                  "@type": [
                    "schema:Country"
                  ],
                  "rdfs:label": {
                    "de": [
                      "France",
                      "Frankreich"
                    ],
                    "pt": [
                      "França",
                      "France"
                    ],
                    "en": [
                      "France"
                    ],
                    "it": [
                      "France",
                      "Francia"
                    ],
                    "fr": [
                      "France"
                    ],
                    "nl": [
                      "France",
                      "Frankrijk"
                    ],
                    "es": [
                      "France",
                      "Francia"
                    ]
                  }
                }
              }
            }
          }
        }
      ],
      "schema:geo": {
        "@id": "https://data.datatourisme.fr/8de281eb-4996-3141-98cc-75bfcf5fcc8e",
        "schema:latitude": "48.896524",
        "schema:longitude": "2.089989",
        "@type": [
          "schema:GeoCoordinates"
        ]
      },
      "schema:openingHoursSpecification": [
        {
          "@id": "https://data.datatourisme.fr/08ff76bb-3c91-313e-ab45-7faadad7f17e",
          "schema:closes": "23:00:00",
          "schema:opens": "12:00:00",
          "schema:validFrom": "2023-01-01T00:00:00",
          "schema:validThrough": "2023-12-31T23:59:59",
          "@type": [
            "schema:OpeningHoursSpecification"
          ],
          "additionalInformation": {
            "de": [
              "12:00-15:00 / 18:00-23:00"
            ],
            "en": [
              "12:00-15:00 / 18:00-23:00"
            ],
            "it": [
              "12:00-15:00 / 18:00-23:00"
            ],
            "fr": [
              "12:00-15:00 / 18:00-23:00"
            ],
            "nl": [
              "12:00-15:00 / 18:00-23:00"
            ],
            "es": [
              "12:00-15:00 / 18:00-23:00"
            ]
          },
          "hasTranslatedProperty": [
            {
              "@id": "https://data.datatourisme.fr/0b917bf4-72b0-3689-bfc6-9c79fb107c8e",
              "dc:contributor": [
                "https://api.deepl.com/v2/translate"
              ],
              "rdf:language": [
                "de"
              ],
              "rdf:predicate": [
                "additionalInformation"
              ]
            },
            {
              "@id": "https://data.datatourisme.fr/659341d7-b5ad-348f-ab51-195fd92f1840",
              "dc:contributor": [
                "https://api.deepl.com/v2/translate"
              ],
              "rdf:language": [
                "es"
              ],
              "rdf:predicate": [
                "additionalInformation"
              ]
            },
            {
              "@id": "https://data.datatourisme.fr/c7073889-e23c-35e8-b575-888efbf6e854",
              "dc:contributor": [
                "https://api.deepl.com/v2/translate"
              ],
              "rdf:language": [
                "en"
              ],
              "rdf:predicate": [
                "additionalInformation"
              ]
            },
            {
              "@id": "https://data.datatourisme.fr/cc983925-ed47-300a-b20c-6bdc6a60943e",
              "dc:contributor": [
                "https://api.deepl.com/v2/translate"
              ],
              "rdf:language": [
                "it"
              ],
              "rdf:predicate": [
                "additionalInformation"
              ]
            },
            {
              "@id": "https://data.datatourisme.fr/d293bd42-cd0c-3c17-84f1-d57abdb6a205",
              "dc:contributor": [
                "https://api.deepl.com/v2/translate"
              ],
              "rdf:language": [
                "nl"
              ],
              "rdf:predicate": [
                "additionalInformation"
              ]
            }
          ]
        }
      ],
      "@type": [
        "schema:Place",
        "Place"
      ]
    }
  ],
  "isOwnedBy": [
    {
      "@id": "https://data.datatourisme.fr/73484530-94e0-3b9c-86da-e2ddfa7df7ed",
      "schema:email": [
        "emilie.prai@saintgermainenlaye.fr",
        "emilie.rochat@seine-saintgermain.fr",
        "melissa.moreau@saintgermainenlaye.fr"
      ],
      "schema:legalName": "Office de Tourisme Intercommunal de Saint Germain Boucles de Seine",
      "@type": [
        "schema:Organization",
        "foaf:Agent",
        "Agent"
      ],
      "foaf:homepage": [
        "http://www.reservation.seine-saintgermain.fr/"
      ]
    }
  ],
  "lastUpdate": "2020-07-02",
  "lastUpdateDatatourisme": "2023-02-01T18:07:36.066Z"
}