{
  "@id": "https://data.datatourisme.fr/13/13d3dc8a-d5cb-31f5-855a-f7bc695e51af",
  "dc:identifier": "5698263",
  "@type": [
    "PlaceOfInterest",
    "PointOfInterest",
    "SportsAndLeisurePlace"
  ],
  "rdfs:comment": {
    "de": [
      "Dieser Ort für zeitgenössische Kunst wurde im September 2007 eingeweiht und spiegelt ein doppeltes Ziel wider: einen neuen öffentlichen Kulturraum vorzuschlagen und eine Einrichtung mit starker Identität anzubieten, die möglichst vielen Menschen offen steht."
    ],
    "en": [
      "Inaugurated in September, 2007, this place of contemporary art translates a double will: propose a new cultural public place and offer an equipment to strong identity and opened to the largest number."
    ],
    "it": [
      "Inaugurato nel settembre 2007, questo spazio d'arte contemporanea riflette un duplice desiderio: offrire un nuovo spazio culturale pubblico e fornire una struttura con una forte identità aperta al maggior numero di persone."
    ],
    "fr": [
      "Inauguré en septembre 2007, ce lieu d'art contemporain traduit une double volonté : proposer un nouvel espace public culturel et offrir un équipement à forte identité et ouvert au plus grand nombre."
    ],
    "es": [
      "Inaugurado en septiembre de 2007, este recinto de arte contemporáneo responde a una doble voluntad: ofrecer un nuevo espacio cultural público y proporcionar un equipamiento con una fuerte identidad que esté abierto al mayor número de personas."
    ],
    "nl": [
      "Dit in september 2007 ingehuldigd hedendaags kunstcentrum weerspiegelt een dubbele wens: een nieuwe openbare culturele ruimte bieden en een faciliteit met een sterke identiteit die voor zoveel mogelijk mensen toegankelijk is."
    ]
  },
  "rdfs:label": {
    "fr": [
      "Espace Jacques Villeglé"
    ]
  },
  "hasBeenCreatedBy": {
    "@id": "https://data.datatourisme.fr/13/1145a30f-f807-35b5-afb0-cecf65305017",
    "dc:identifier": "2199",
    "schema:email": [
      "dgaudre@agglo-plainevallee.fr"
    ],
    "schema:legalName": "Plaine Vallée Tourisme",
    "@type": [
      "schema:Organization",
      "foaf:Agent",
      "Agent"
    ],
    "foaf:homepage": [
      "http://www.plainevallee-tourisme.fr/"
    ]
  },
  "hasBeenPublishedBy": [
    {
      "@id": "https://data.datatourisme.fr/8a9feb4b-2cbd-3d2c-b507-bd6c6776b23b",
      "schema:legalName": "Apidae Tourisme Scic SA - source : Apidae Tourisme",
      "@type": [
        "schema:Organization",
        "foaf:Agent",
        "Agent"
      ],
      "foaf:homepage": [
        "https://www.apidae-tourisme.com/"
      ]
    }
  ],
  "hasContact": [
    {
      "@id": "https://data.datatourisme.fr/c735181c-5da5-3f46-905a-33fea8d24775",
      "schema:email": [
        "communication@mairie-saintgratien.fr"
      ],
      "schema:telephone": [
        "+33 1 39 89 24 42"
      ],
      "@type": [
        "foaf:Agent",
        "Agent"
      ],
      "foaf:homepage": [
        "http://www.ville-saintgratien.fr/intro_culture.html"
      ]
    }
  ],
  "hasDescription": [
    {
      "@id": "https://data.datatourisme.fr/8907614a-e234-39c5-9c4c-ea48f531937b",
      "@type": [
        "Description"
      ],
      "hasTranslatedProperty": [
        {
          "@id": "https://data.datatourisme.fr/26fa0400-31fa-3558-b34e-f244bee04286",
          "dc:contributor": [
            "https://api.deepl.com/v2/translate"
          ],
          "rdf:language": [
            "de"
          ],
          "rdf:predicate": [
            "shortDescription"
          ]
        },
        {
          "@id": "https://data.datatourisme.fr/5011b026-bf5f-3c20-9232-d66ef6231742",
          "dc:contributor": [
            "https://api.deepl.com/v2/translate"
          ],
          "rdf:language": [
            "it"
          ],
          "rdf:predicate": [
            "shortDescription"
          ]
        },
        {
          "@id": "https://data.datatourisme.fr/69521611-df5d-3a74-ad3a-e3baf8973942",
          "dc:contributor": [
            "https://api.deepl.com/v2/translate"
          ],
          "rdf:language": [
            "nl"
          ],
          "rdf:predicate": [
            "shortDescription"
          ]
        },
        {
          "@id": "https://data.datatourisme.fr/90cb72ad-91c7-3e65-aad3-39f2dbb77787",
          "dc:contributor": [
            "https://api.deepl.com/v2/translate"
          ],
          "rdf:language": [
            "es"
          ],
          "rdf:predicate": [
            "shortDescription"
          ]
        }
      ],
      "shortDescription": {
        "de": [
          "Dieser Ort für zeitgenössische Kunst wurde im September 2007 eingeweiht und spiegelt ein doppeltes Ziel wider: einen neuen öffentlichen Kulturraum vorzuschlagen und eine Einrichtung mit starker Identität anzubieten, die möglichst vielen Menschen offen steht."
        ],
        "en": [
          "Inaugurated in September, 2007, this place of contemporary art translates a double will: propose a new cultural public place and offer an equipment to strong identity and opened to the largest number."
        ],
        "it": [
          "Inaugurato nel settembre 2007, questo spazio d'arte contemporanea riflette un duplice desiderio: offrire un nuovo spazio culturale pubblico e fornire una struttura con una forte identità aperta al maggior numero di persone."
        ],
        "fr": [
          "Inauguré en septembre 2007, ce lieu d'art contemporain traduit une double volonté : proposer un nouvel espace public culturel et offrir un équipement à forte identité et ouvert au plus grand nombre."
        ],
        "es": [
          "Inaugurado en septiembre de 2007, este recinto de arte contemporáneo responde a una doble voluntad: ofrecer un nuevo espacio cultural público y proporcionar un equipamiento con una fuerte identidad que esté abierto al mayor número de personas."
        ],
        "nl": [
          "Dit in september 2007 ingehuldigd hedendaags kunstcentrum weerspiegelt een dubbele wens: een nieuwe openbare culturele ruimte bieden en een faciliteit met een sterke identiteit die voor zoveel mogelijk mensen toegankelijk is."
        ]
      }
    }
  ],
  "hasTranslatedProperty": [
    {
      "@id": "https://data.datatourisme.fr/00c653e0-89d3-3587-89e1-d11131042a9b",
      "dc:contributor": [
        "https://api.deepl.com/v2/translate"
      ],
      "rdf:language": [
        "de"
      ],
      "rdf:predicate": [
        {
          "@id": "rdfs:comment"
        }
      ]
    },
    {
      "@id": "https://data.datatourisme.fr/4c0a3bda-d30b-39d3-83fc-a916c1c343e5",
      "dc:contributor": [
        "https://api.deepl.com/v2/translate"
      ],
      "rdf:language": [
        "it"
      ],
      "rdf:predicate": [
        {
          "@id": "rdfs:comment"
        }
      ]
    },
    {
      "@id": "https://data.datatourisme.fr/c49b3a93-4f52-3f7a-97af-5551da00b7bb",
      "dc:contributor": [
        "https://api.deepl.com/v2/translate"
      ],
      "rdf:language": [
        "es"
      ],
      "rdf:predicate": [
        {
          "@id": "rdfs:comment"
        }
      ]
    },
    {
      "@id": "https://data.datatourisme.fr/ed4378e1-5366-34f7-9946-2ad84f7e66d4",
      "dc:contributor": [
        "https://api.deepl.com/v2/translate"
      ],
      "rdf:language": [
        "nl"
      ],
      "rdf:predicate": [
        {
          "@id": "rdfs:comment"
        }
      ]
    }
  ],
  "isLocatedAt": [
    {
      "@id": "https://data.datatourisme.fr/6d95ebf0-fff9-36b5-9888-ba4b8481711e",
      "schema:address": [
        {
          "@id": "https://data.datatourisme.fr/41b90ced-34e2-3934-9185-d395cae914eb",
          "schema:addressLocality": "Saint-Gratien",
          "schema:postalCode": "95210",
          "schema:streetAddress": [
            "Place François Truffaut"
          ],
          "@type": [
            "schema:PostalAddress",
            "PostalAddress"
          ],
          "hasAddressCity": {
            "@id": "kb:95555",
            "@type": [
              "City"
            ],
            "rdfs:label": {
              "de": [
                "Saint-Gratien"
              ],
              "pt": [
                "Saint-Gratien"
              ],
              "en": [
                "Saint-Gratien"
              ],
              "it": [
                "Saint-Gratien"
              ],
              "fr": [
                "Saint-Gratien"
              ],
              "nl": [
                "Saint-Gratien"
              ],
              "es": [
                "Saint-Gratien"
              ]
            },
            "insee": "95555",
            "isPartOfDepartment": {
              "@id": "kb:France1195",
              "@type": [
                "Department"
              ],
              "rdfs:label": {
                "de": [
                  "Val-d'Oise"
                ],
                "pt": [
                  "Val-d'Oise"
                ],
                "en": [
                  "Val-d'Oise"
                ],
                "it": [
                  "Val-d'Oise"
                ],
                "fr": [
                  "Val-d'Oise"
                ],
                "nl": [
                  "Val-d'Oise"
                ],
                "es": [
                  "Val-d'Oise"
                ]
              },
              "insee": "95",
              "isPartOfRegion": {
                "@id": "kb:France11",
                "@type": [
                  "Region"
                ],
                "rdfs:label": {
                  "de": [
                    "Île-de-France"
                  ],
                  "pt": [
                    "Île-de-France"
                  ],
                  "en": [
                    "Île-de-France"
                  ],
                  "it": [
                    "Île-de-France"
                  ],
                  "fr": [
                    "Île-de-France"
                  ],
                  "nl": [
                    "Île-de-France"
                  ],
                  "es": [
                    "Île-de-France"
                  ]
                },
                "insee": "11",
                "isPartOfCountry": {
                  "@id": "kb:France",
                  "@type": [
                    "schema:Country"
                  ],
                  "rdfs:label": {
                    "de": [
                      "France",
                      "Frankreich"
                    ],
                    "pt": [
                      "França",
                      "France"
                    ],
                    "en": [
                      "France"
                    ],
                    "it": [
                      "France",
                      "Francia"
                    ],
                    "fr": [
                      "France"
                    ],
                    "nl": [
                      "France",
                      "Frankrijk"
                    ],
                    "es": [
                      "France",
                      "Francia"
                    ]
                  }
                }
              }
            }
          }
        }
      ],
      "schema:geo": {
        "@id": "https://data.datatourisme.fr/c0535811-c014-3376-bee6-e3e90432a31f",
        "schema:latitude": "48.967413",
        "schema:longitude": "2.286268",
        "@type": [
          "schema:GeoCoordinates"
        ]
      },
      "schema:openingHoursSpecification": [
        {
          "@id": "https://data.datatourisme.fr/e22d92be-a3b7-3ab6-bdc7-917fb22cf6c9",
          "schema:validFrom": "2023-01-01T00:00:00",
          "schema:validThrough": "2023-12-31T23:59:59",
          "@type": [
            "schema:OpeningHoursSpecification"
          ],
          "additionalInformation": {
            "de": [
              "Besondere Öffnungszeiten während der Schulferien.\r\nÖffnungszeiten: Montag bis Freitag von 9:00 bis 12:30 Uhr und von 13:30 bis 17:00 Uhr."
            ],
            "en": [
              "Specific schedules during school holidays.\r\nOpening hours: Monday to Friday from 9am to 12.30pm and from 1.30pm to 5pm."
            ],
            "it": [
              "Orari di apertura speciali durante le vacanze scolastiche.\r\nOrari di apertura: dal lunedì al venerdì dalle 9.00 alle 12.30 e dalle 13.30 alle 17.00."
            ],
            "fr": [
              "Horaires spécifiques durant les vacances scolaires.\r\nHoraires d'ouverture : du lundi au vendredi de 9h à 12h30 et de 13h30 à 17h."
            ],
            "nl": [
              "Speciale openingstijden tijdens schoolvakanties.\r\nOpeningstijden: maandag tot en met vrijdag van 9.00 tot 12.30 uur en van 13.30 tot 17.00 uur."
            ],
            "es": [
              "Horario especial durante las vacaciones escolares.\r\nHorario de apertura: de lunes a viernes de 9 a 12.30 y de 13.30 a 17 horas."
            ]
          },
          "hasTranslatedProperty": [
            {
              "@id": "https://data.datatourisme.fr/11d66217-f5de-32cf-a5a9-1ffbbe8a602f",
              "dc:contributor": [
                "https://api.deepl.com/v2/translate"
              ],
              "rdf:language": [
                "es"
              ],
              "rdf:predicate": [
                "additionalInformation"
              ]
            },
            {
              "@id": "https://data.datatourisme.fr/779100f4-f47a-3a1f-bf9c-3c227fe84be1",
              "dc:contributor": [
                "https://api.deepl.com/v2/translate"
              ],
              "rdf:language": [
                "it"
              ],
              "rdf:predicate": [
                "additionalInformation"
              ]
            },
            {
              "@id": "https://data.datatourisme.fr/b24d6130-6005-3467-ab2d-ce6e2ee1bc9d",
              "dc:contributor": [
                "https://api.deepl.com/v2/translate"
              ],
              "rdf:language": [
                "nl"
              ],
              "rdf:predicate": [
                "additionalInformation"
              ]
            },
            {
              "@id": "https://data.datatourisme.fr/b61adcff-45cf-3f3f-a071-ab40de1e5e18",
              "dc:contributor": [
                "https://api.deepl.com/v2/translate"
              ],
              "rdf:language": [
                "de"
              ],
              "rdf:predicate": [
                "additionalInformation"
              ]
            },
            {
              "@id": "https://data.datatourisme.fr/ed6ee29e-6765-3d60-a585-c8bcaa2e2139",
              "dc:contributor": [
                "https://api.deepl.com/v2/translate"
              ],
              "rdf:language": [
                "en"
              ],
              "rdf:predicate": [
                "additionalInformation"
              ]
            }
          ]
        }
      ],
      "@type": [
        "schema:Place",
        "Place"
      ]
    }
  ],
  "isOwnedBy": [
    {
      "@id": "https://data.datatourisme.fr/f150365f-db99-3457-a0b8-f3591f078eae",
      "schema:email": [
        "dgaudre@agglo-plainevallee.fr"
      ],
      "schema:legalName": "Plaine Vallée Tourisme",
      "@type": [
        "schema:Organization",
        "foaf:Agent",
        "Agent"
      ],
      "foaf:homepage": [
        "http://www.plainevallee-tourisme.fr/"
      ]
    }
  ],
  "lastUpdate": "2022-04-16",
  "lastUpdateDatatourisme": "2023-02-04T06:37:31.858Z"
}