{
  "@id": "https://data.datatourisme.fr/13/1506b19f-1fff-3cb4-b9e6-c60fd597072c",
  "dc:identifier": "707974",
  "@type": [
    "schema:AmusementPark",
    "PlaceOfInterest",
    "PointOfInterest",
    "SportsAndLeisurePlace",
    "ThemePark"
  ],
  "rdfs:comment": {
    "de": [
      "Spielen Sie in den FIVE FC-Zentren 5 gegen 5 Fußball und teilen Sie einen Moment der Geselligkeit. Das Zentrum Sarcelles bietet 6 Indoor-Plätze auf Kunstrasen und 2 \"Prestige\"-Plätze mit gefilmtem Spiel."
    ],
    "en": [
      "Come and play 5-on-5 football in the FIVE FC centres and share a moment of conviviality. The Sarcelles centre offers 6 indoor pitches on synthetic turf and 2 \"prestige\" pitches with a filmed match."
    ],
    "it": [
      "Venite a giocare a calcio a 5 nei centri FIVE FC e a condividere un momento di convivialità. Il centro di Sarcelles offre 6 campi indoor in erba sintetica e 2 campi \"prestige\" con partite filmate."
    ],
    "fr": [
      "Venez jouer au football à 5 contre 5 dans les centres FIVE FC et partager un moment de convivialité. Le centre Sarcelles offre 6 terrains indoor sur gazon synthétique et 2 terrains \"prestiges\" avec match filmé."
    ],
    "es": [
      "Venga a jugar al fútbol 5 en los centros FIVE FC y comparta un momento de convivencia. El centro de Sarcelles ofrece 6 campos cubiertos de césped sintético y 2 campos \"de prestigio\" con partidos filmados."
    ],
    "nl": [
      "Kom 5-a-side voetballen in de FIVE FC-centra en deel een moment van gezelligheid. Het centrum van Sarcelles beschikt over 6 binnenvelden op kunstgras en 2 \"prestige\"-velden met gefilmde wedstrijden."
    ]
  },
  "rdfs:label": {
    "fr": [
      "Le Five - Sarcelles"
    ]
  },
  "hasBeenCreatedBy": {
    "@id": "https://data.datatourisme.fr/13/7810ccd4-1bf2-3faa-a2c4-e1f20db70a71",
    "dc:identifier": "1272",
    "schema:email": [
      "afertah@ville-roissy95.fr",
      "csebban@ville-roissy95.fr",
      "mlegris@ville-roissy95.fr"
    ],
    "schema:legalName": "Office de Tourisme Grand Roissy",
    "@type": [
      "schema:Organization",
      "foaf:Agent",
      "Agent"
    ],
    "foaf:homepage": [
      "https://www.grand-roissy-tourisme.com/"
    ]
  },
  "hasBeenPublishedBy": [
    {
      "@id": "https://data.datatourisme.fr/8a9feb4b-2cbd-3d2c-b507-bd6c6776b23b",
      "schema:legalName": "Apidae Tourisme Scic SA - source : Apidae Tourisme",
      "@type": [
        "schema:Organization",
        "foaf:Agent",
        "Agent"
      ],
      "foaf:homepage": [
        "https://www.apidae-tourisme.com/"
      ]
    }
  ],
  "hasContact": [
    {
      "@id": "https://data.datatourisme.fr/b7f6faec-4c2e-3f88-8b99-711a871317e8",
      "schema:email": [
        "sarcelles@lefive.fr"
      ],
      "schema:telephone": [
        "+33 1 39 92 04 10",
        "+33 1 48 40 24 06"
      ],
      "@type": [
        "foaf:Agent",
        "Agent"
      ],
      "foaf:homepage": [
        "https://www.lefive.fr/sarcelles/"
      ]
    }
  ],
  "hasDescription": [
    {
      "@id": "https://data.datatourisme.fr/2edf74dc-beff-3d64-9f84-79491eb481d2",
      "@type": [
        "Description"
      ],
      "hasTranslatedProperty": [
        {
          "@id": "https://data.datatourisme.fr/0567070b-fefe-3977-ab44-4e60997a6036",
          "dc:contributor": [
            "https://api.deepl.com/v2/translate"
          ],
          "rdf:language": [
            "nl"
          ],
          "rdf:predicate": [
            "shortDescription"
          ]
        },
        {
          "@id": "https://data.datatourisme.fr/4047b3d3-5def-3f56-b7da-445b0d20c91b",
          "dc:contributor": [
            "https://api.deepl.com/v2/translate"
          ],
          "rdf:language": [
            "de"
          ],
          "rdf:predicate": [
            "shortDescription"
          ]
        },
        {
          "@id": "https://data.datatourisme.fr/6dc12fb1-6a54-3d3d-be98-2ebd80068113",
          "dc:contributor": [
            "https://api.deepl.com/v2/translate"
          ],
          "rdf:language": [
            "en"
          ],
          "rdf:predicate": [
            "shortDescription"
          ]
        },
        {
          "@id": "https://data.datatourisme.fr/98aaf3ea-b950-3e5c-8d62-03148083b93f",
          "dc:contributor": [
            "https://api.deepl.com/v2/translate"
          ],
          "rdf:language": [
            "es"
          ],
          "rdf:predicate": [
            "shortDescription"
          ]
        },
        {
          "@id": "https://data.datatourisme.fr/bf9dc202-15af-37e0-822f-579d9a9c53d8",
          "dc:contributor": [
            "https://api.deepl.com/v2/translate"
          ],
          "rdf:language": [
            "it"
          ],
          "rdf:predicate": [
            "shortDescription"
          ]
        }
      ],
      "shortDescription": {
        "de": [
          "Spielen Sie in den FIVE FC-Zentren 5 gegen 5 Fußball und teilen Sie einen Moment der Geselligkeit. Das Zentrum Sarcelles bietet 6 Indoor-Plätze auf Kunstrasen und 2 \"Prestige\"-Plätze mit gefilmtem Spiel."
        ],
        "en": [
          "Come and play 5-on-5 football in the FIVE FC centres and share a moment of conviviality. The Sarcelles centre offers 6 indoor pitches on synthetic turf and 2 \"prestige\" pitches with a filmed match."
        ],
        "it": [
          "Venite a giocare a calcio a 5 nei centri FIVE FC e a condividere un momento di convivialità. Il centro di Sarcelles offre 6 campi indoor in erba sintetica e 2 campi \"prestige\" con partite filmate."
        ],
        "fr": [
          "Venez jouer au football à 5 contre 5 dans les centres FIVE FC et partager un moment de convivialité. Le centre Sarcelles offre 6 terrains indoor sur gazon synthétique et 2 terrains \"prestiges\" avec match filmé."
        ],
        "es": [
          "Venga a jugar al fútbol 5 en los centros FIVE FC y comparta un momento de convivencia. El centro de Sarcelles ofrece 6 campos cubiertos de césped sintético y 2 campos \"de prestigio\" con partidos filmados."
        ],
        "nl": [
          "Kom 5-a-side voetballen in de FIVE FC-centra en deel een moment van gezelligheid. Het centrum van Sarcelles beschikt over 6 binnenvelden op kunstgras en 2 \"prestige\"-velden met gefilmde wedstrijden."
        ]
      }
    }
  ],
  "hasTranslatedProperty": [
    {
      "@id": "https://data.datatourisme.fr/081a3cdf-1bb3-3f90-a1bb-85107d6c00a0",
      "dc:contributor": [
        "https://api.deepl.com/v2/translate"
      ],
      "rdf:language": [
        "en"
      ],
      "rdf:predicate": [
        {
          "@id": "rdfs:comment"
        }
      ]
    },
    {
      "@id": "https://data.datatourisme.fr/0e6dbb9a-60b5-3286-89db-af1e0e55abf8",
      "dc:contributor": [
        "https://api.deepl.com/v2/translate"
      ],
      "rdf:language": [
        "nl"
      ],
      "rdf:predicate": [
        {
          "@id": "rdfs:comment"
        }
      ]
    },
    {
      "@id": "https://data.datatourisme.fr/26a48fee-c7c5-3b02-ab01-d87dd461b5dc",
      "dc:contributor": [
        "https://api.deepl.com/v2/translate"
      ],
      "rdf:language": [
        "de"
      ],
      "rdf:predicate": [
        {
          "@id": "rdfs:comment"
        }
      ]
    },
    {
      "@id": "https://data.datatourisme.fr/2e8412cb-0b42-381c-aca4-f28f21961e86",
      "dc:contributor": [
        "https://api.deepl.com/v2/translate"
      ],
      "rdf:language": [
        "es"
      ],
      "rdf:predicate": [
        {
          "@id": "rdfs:comment"
        }
      ]
    },
    {
      "@id": "https://data.datatourisme.fr/413e45a3-8b31-3d6b-b4fa-b6936c6b6100",
      "dc:contributor": [
        "https://api.deepl.com/v2/translate"
      ],
      "rdf:language": [
        "it"
      ],
      "rdf:predicate": [
        {
          "@id": "rdfs:comment"
        }
      ]
    }
  ],
  "isLocatedAt": [
    {
      "@id": "https://data.datatourisme.fr/075c1768-71c4-36b5-aa81-666a91d7755f",
      "schema:address": [
        {
          "@id": "https://data.datatourisme.fr/c95de24f-f38e-3dc6-af27-ab4d677fc211",
          "schema:addressLocality": "Sarcelles",
          "schema:postalCode": "95200",
          "schema:streetAddress": [
            "32 rue de l'Escouvrier"
          ],
          "@type": [
            "schema:PostalAddress",
            "PostalAddress"
          ],
          "hasAddressCity": {
            "@id": "kb:95585",
            "@type": [
              "City"
            ],
            "rdfs:label": {
              "de": [
                "Sarcelles"
              ],
              "pt": [
                "Sarcelles"
              ],
              "en": [
                "Sarcelles"
              ],
              "it": [
                "Sarcelles"
              ],
              "fr": [
                "Sarcelles"
              ],
              "nl": [
                "Sarcelles"
              ],
              "es": [
                "Sarcelles"
              ]
            },
            "insee": "95585",
            "isPartOfDepartment": {
              "@id": "kb:France1195",
              "@type": [
                "Department"
              ],
              "rdfs:label": {
                "de": [
                  "Val-d'Oise"
                ],
                "pt": [
                  "Val-d'Oise"
                ],
                "en": [
                  "Val-d'Oise"
                ],
                "it": [
                  "Val-d'Oise"
                ],
                "fr": [
                  "Val-d'Oise"
                ],
                "nl": [
                  "Val-d'Oise"
                ],
                "es": [
                  "Val-d'Oise"
                ]
              },
              "insee": "95",
              "isPartOfRegion": {
                "@id": "kb:France11",
                "@type": [
                  "Region"
                ],
                "rdfs:label": {
                  "de": [
                    "Île-de-France"
                  ],
                  "pt": [
                    "Île-de-France"
                  ],
                  "en": [
                    "Île-de-France"
                  ],
                  "it": [
                    "Île-de-France"
                  ],
                  "fr": [
                    "Île-de-France"
                  ],
                  "nl": [
                    "Île-de-France"
                  ],
                  "es": [
                    "Île-de-France"
                  ]
                },
                "insee": "11",
                "isPartOfCountry": {
                  "@id": "kb:France",
                  "@type": [
                    "schema:Country"
                  ],
                  "rdfs:label": {
                    "de": [
                      "France",
                      "Frankreich"
                    ],
                    "pt": [
                      "França",
                      "France"
                    ],
                    "en": [
                      "France"
                    ],
                    "it": [
                      "France",
                      "Francia"
                    ],
                    "fr": [
                      "France"
                    ],
                    "nl": [
                      "France",
                      "Frankrijk"
                    ],
                    "es": [
                      "France",
                      "Francia"
                    ]
                  }
                }
              }
            }
          }
        }
      ],
      "schema:geo": {
        "@id": "https://data.datatourisme.fr/aa002b07-0393-3966-bb56-adb209f66473",
        "schema:latitude": "48.997414",
        "schema:longitude": "2.389423",
        "@type": [
          "schema:GeoCoordinates"
        ]
      },
      "schema:openingHoursSpecification": [
        {
          "@id": "https://data.datatourisme.fr/ff6dffc0-bdf6-3af4-9591-26500d4bee1d",
          "schema:closes": "00:00:00",
          "schema:opens": "09:00:00",
          "schema:validFrom": "2023-01-01T00:00:00",
          "schema:validThrough": "2023-12-31T23:59:59",
          "@type": [
            "schema:OpeningHoursSpecification"
          ]
        }
      ],
      "@type": [
        "schema:Place",
        "Place"
      ]
    }
  ],
  "isOwnedBy": [
    {
      "@id": "https://data.datatourisme.fr/044e3db5-b9af-35fd-ad8c-16af4bb42c5f",
      "schema:email": [
        "csebban@ville-roissy95.fr",
        "mlegris@ville-roissy95.fr"
      ],
      "schema:legalName": "Office de Tourisme Grand Roissy",
      "@type": [
        "schema:Organization",
        "foaf:Agent",
        "Agent"
      ],
      "foaf:homepage": [
        "https://www.grand-roissy-tourisme.com/"
      ]
    }
  ],
  "lastUpdate": "2022-03-15",
  "lastUpdateDatatourisme": "2023-02-01T18:07:36.172Z",
  "offers": [
    {
      "@id": "https://data.datatourisme.fr/38695aea-f51d-353f-a6c4-f1e9ff98f5da",
      "schema:priceSpecification": [
        {
          "@id": "https://data.datatourisme.fr/2df46fde-cf38-3225-ba2c-9afd7fd994d4",
          "schema:maxPrice": [
            "100"
          ],
          "schema:minPrice": [
            "60"
          ],
          "schema:priceCurrency": "EUR",
          "@type": [
            "schema:PriceSpecification",
            "PriceSpecification"
          ],
          "appliesOnPeriod": [
            {
              "@id": "https://data.datatourisme.fr/5714d2b4-e37d-3b81-a7fb-3e46a0efbefb",
              "@type": [
                "Period"
              ],
              "endDate": "2020-12-31",
              "startDate": "2020-01-01"
            }
          ]
        }
      ],
      "@type": [
        "schema:Offer",
        "Offer"
      ]
    }
  ]
}