{
  "@id": "https://data.datatourisme.fr/13/1503c693-de44-3ed2-95a8-35fc718fcab2",
  "dc:identifier": "5277269",
  "@type": [
    "schema:LocalBusiness",
    "CraftsmanShop",
    "PlaceOfInterest",
    "PointOfInterest",
    "Store"
  ],
  "rdfs:comment": {
    "de": [
      "Kunsthandwerker aus Glas. Dekoration, Leuchten, Modeaccessoires, Schmuck aus Fusingglas."
    ],
    "en": [
      "Glass craftsman. Decoration, lighting, fashion accessories, fusing glass jewellery."
    ],
    "it": [
      "Artista del vetro. Decorazione, illuminazione, accessori di moda, gioielli in vetrofusione."
    ],
    "fr": [
      "Artisan verrier. Décoration, luminaires, accessoires de mode, bijoux en verre fusing."
    ],
    "nl": [
      "Glaskunstenaar. Decoratie, verlichting, mode accessoires, fusing glas juwelen."
    ],
    "es": [
      "Artista del vidrio. Decoración, iluminación, accesorios de moda, bisutería en vidrio fundido."
    ]
  },
  "rdfs:label": {
    "fr": [
      "Martine's Creations"
    ]
  },
  "hasBeenCreatedBy": {
    "@id": "https://data.datatourisme.fr/13/6b180037-abbe-3ea9-91d8-b1232f8a8ca9",
    "dc:identifier": "1013",
    "schema:email": [
      "ca.gicquel@essonnetourisme.com",
      "d.senoalves@essonnetourisme.com"
    ],
    "schema:legalName": "Comité départemental du tourisme de l'Essonne",
    "@type": [
      "schema:Organization",
      "foaf:Agent",
      "Agent"
    ],
    "foaf:homepage": [
      "http://essonnetourisme.com/"
    ]
  },
  "hasBeenPublishedBy": [
    {
      "@id": "https://data.datatourisme.fr/8a9feb4b-2cbd-3d2c-b507-bd6c6776b23b",
      "schema:legalName": "Apidae Tourisme Scic SA - source : Apidae Tourisme",
      "@type": [
        "schema:Organization",
        "foaf:Agent",
        "Agent"
      ],
      "foaf:homepage": [
        "https://www.apidae-tourisme.com/"
      ]
    }
  ],
  "hasContact": [
    {
      "@id": "https://data.datatourisme.fr/2f7ee1ec-c999-3dc3-8ff0-b7b4c8f90844",
      "schema:email": [
        "verre.et.soie@gmail.com"
      ],
      "schema:telephone": [
        "+33 6 20 23 57 00"
      ],
      "@type": [
        "foaf:Agent",
        "Agent"
      ],
      "foaf:homepage": [
        "http://martine-s-creations.eproshopping.fr/"
      ]
    }
  ],
  "hasDescription": [
    {
      "@id": "https://data.datatourisme.fr/517f0049-332b-31c4-9249-6d6ad6cd83cd",
      "@type": [
        "Description"
      ],
      "hasTranslatedProperty": [
        {
          "@id": "https://data.datatourisme.fr/2a7fd954-4d08-3572-8b31-f944fd8fe0fb",
          "dc:contributor": [
            "https://api.deepl.com/v2/translate"
          ],
          "rdf:language": [
            "de"
          ],
          "rdf:predicate": [
            "shortDescription"
          ]
        },
        {
          "@id": "https://data.datatourisme.fr/388681ce-9362-38d3-9a85-14f66eec921b",
          "dc:contributor": [
            "https://api.deepl.com/v2/translate"
          ],
          "rdf:language": [
            "en"
          ],
          "rdf:predicate": [
            "shortDescription"
          ]
        },
        {
          "@id": "https://data.datatourisme.fr/3c0b6608-f90a-34c7-9a5f-7c862e4d46fd",
          "dc:contributor": [
            "https://api.deepl.com/v2/translate"
          ],
          "rdf:language": [
            "nl"
          ],
          "rdf:predicate": [
            "shortDescription"
          ]
        },
        {
          "@id": "https://data.datatourisme.fr/458437cf-001d-3444-915a-b13a9f4f169b",
          "dc:contributor": [
            "https://api.deepl.com/v2/translate"
          ],
          "rdf:language": [
            "es"
          ],
          "rdf:predicate": [
            "shortDescription"
          ]
        },
        {
          "@id": "https://data.datatourisme.fr/575f7798-eed2-3c54-bd17-552f4268a518",
          "dc:contributor": [
            "https://api.deepl.com/v2/translate"
          ],
          "rdf:language": [
            "it"
          ],
          "rdf:predicate": [
            "shortDescription"
          ]
        }
      ],
      "shortDescription": {
        "de": [
          "Kunsthandwerker aus Glas. Dekoration, Leuchten, Modeaccessoires, Schmuck aus Fusingglas."
        ],
        "en": [
          "Glass craftsman. Decoration, lighting, fashion accessories, fusing glass jewellery."
        ],
        "it": [
          "Artista del vetro. Decorazione, illuminazione, accessori di moda, gioielli in vetrofusione."
        ],
        "fr": [
          "Artisan verrier. Décoration, luminaires, accessoires de mode, bijoux en verre fusing."
        ],
        "nl": [
          "Glaskunstenaar. Decoratie, verlichting, mode accessoires, fusing glas juwelen."
        ],
        "es": [
          "Artista del vidrio. Decoración, iluminación, accesorios de moda, bisutería en vidrio fundido."
        ]
      }
    }
  ],
  "hasTranslatedProperty": [
    {
      "@id": "https://data.datatourisme.fr/0c1f44b2-032c-32d1-b757-bc8f5b32127f",
      "dc:contributor": [
        "https://api.deepl.com/v2/translate"
      ],
      "rdf:language": [
        "it"
      ],
      "rdf:predicate": [
        {
          "@id": "rdfs:comment"
        }
      ]
    },
    {
      "@id": "https://data.datatourisme.fr/2223f990-7a37-3fcf-bd94-12d95cf2c6d1",
      "dc:contributor": [
        "https://api.deepl.com/v2/translate"
      ],
      "rdf:language": [
        "de"
      ],
      "rdf:predicate": [
        {
          "@id": "rdfs:comment"
        }
      ]
    },
    {
      "@id": "https://data.datatourisme.fr/52fcbad2-6f72-3c43-9cc4-313e5ee47367",
      "dc:contributor": [
        "https://api.deepl.com/v2/translate"
      ],
      "rdf:language": [
        "es"
      ],
      "rdf:predicate": [
        {
          "@id": "rdfs:comment"
        }
      ]
    },
    {
      "@id": "https://data.datatourisme.fr/a1d37a4a-a98a-3024-bf3e-beead262c03f",
      "dc:contributor": [
        "https://api.deepl.com/v2/translate"
      ],
      "rdf:language": [
        "en"
      ],
      "rdf:predicate": [
        {
          "@id": "rdfs:comment"
        }
      ]
    },
    {
      "@id": "https://data.datatourisme.fr/c6c7e034-e191-3127-b895-c560fe6e7756",
      "dc:contributor": [
        "https://api.deepl.com/v2/translate"
      ],
      "rdf:language": [
        "nl"
      ],
      "rdf:predicate": [
        {
          "@id": "rdfs:comment"
        }
      ]
    }
  ],
  "isLocatedAt": [
    {
      "@id": "https://data.datatourisme.fr/68f873fc-6408-3877-a9db-503f82f9b0f4",
      "schema:address": [
        {
          "@id": "https://data.datatourisme.fr/73389d62-1c44-3de1-a93c-c45e23e12860",
          "schema:addressLocality": "Limours",
          "schema:postalCode": "91470",
          "schema:streetAddress": [
            "19 rue du Vieux Pavé"
          ],
          "@type": [
            "schema:PostalAddress",
            "PostalAddress"
          ],
          "hasAddressCity": {
            "@id": "kb:91338",
            "@type": [
              "City"
            ],
            "rdfs:label": {
              "de": [
                "Limours"
              ],
              "pt": [
                "Limours"
              ],
              "en": [
                "Limours"
              ],
              "it": [
                "Limours"
              ],
              "fr": [
                "Limours"
              ],
              "nl": [
                "Limours"
              ],
              "es": [
                "Limours"
              ]
            },
            "insee": "91338",
            "isPartOfDepartment": {
              "@id": "kb:France1191",
              "@type": [
                "Department"
              ],
              "rdfs:label": {
                "de": [
                  "Essonne"
                ],
                "pt": [
                  "Essonne"
                ],
                "en": [
                  "Essonne"
                ],
                "it": [
                  "Essonne"
                ],
                "fr": [
                  "Essonne"
                ],
                "nl": [
                  "Essonne"
                ],
                "es": [
                  "Essonne"
                ]
              },
              "insee": "91",
              "isPartOfRegion": {
                "@id": "kb:France11",
                "@type": [
                  "Region"
                ],
                "rdfs:label": {
                  "de": [
                    "Île-de-France"
                  ],
                  "pt": [
                    "Île-de-France"
                  ],
                  "en": [
                    "Île-de-France"
                  ],
                  "it": [
                    "Île-de-France"
                  ],
                  "fr": [
                    "Île-de-France"
                  ],
                  "nl": [
                    "Île-de-France"
                  ],
                  "es": [
                    "Île-de-France"
                  ]
                },
                "insee": "11",
                "isPartOfCountry": {
                  "@id": "kb:France",
                  "@type": [
                    "schema:Country"
                  ],
                  "rdfs:label": {
                    "de": [
                      "France",
                      "Frankreich"
                    ],
                    "pt": [
                      "França",
                      "France"
                    ],
                    "en": [
                      "France"
                    ],
                    "it": [
                      "France",
                      "Francia"
                    ],
                    "fr": [
                      "France"
                    ],
                    "nl": [
                      "France",
                      "Frankrijk"
                    ],
                    "es": [
                      "France",
                      "Francia"
                    ]
                  }
                }
              }
            }
          }
        }
      ],
      "schema:geo": {
        "@id": "https://data.datatourisme.fr/591b29e3-86d0-3fa3-8b7c-0051037e1a5d",
        "schema:latitude": "48.649045",
        "schema:longitude": "2.106049",
        "@type": [
          "schema:GeoCoordinates"
        ]
      },
      "schema:openingHoursSpecification": [
        {
          "@id": "https://data.datatourisme.fr/d1024fa4-ba73-368d-9b8d-3d5d6f74a34d",
          "schema:validFrom": "2023-01-01T00:00:00",
          "schema:validThrough": "2023-12-31T23:59:59",
          "@type": [
            "schema:OpeningHoursSpecification"
          ],
          "additionalInformation": {
            "de": [
              "Nur nach vorheriger Absprache."
            ],
            "en": [
              "By appointment only."
            ],
            "it": [
              "Solo su appuntamento."
            ],
            "fr": [
              "Uniquement sur rendez-vous."
            ],
            "es": [
              "Sólo con cita previa."
            ],
            "nl": [
              "Alleen op afspraak."
            ]
          },
          "hasTranslatedProperty": [
            {
              "@id": "https://data.datatourisme.fr/1e147bab-c636-3a8e-9749-415f15dee0b3",
              "dc:contributor": [
                "https://api.deepl.com/v2/translate"
              ],
              "rdf:language": [
                "it"
              ],
              "rdf:predicate": [
                "additionalInformation"
              ]
            },
            {
              "@id": "https://data.datatourisme.fr/273fa8ba-8f9f-386c-a125-f4659354113e",
              "dc:contributor": [
                "https://api.deepl.com/v2/translate"
              ],
              "rdf:language": [
                "en"
              ],
              "rdf:predicate": [
                "additionalInformation"
              ]
            },
            {
              "@id": "https://data.datatourisme.fr/87dfd730-0704-34d2-8ffb-3ec3fb975db8",
              "dc:contributor": [
                "https://api.deepl.com/v2/translate"
              ],
              "rdf:language": [
                "nl"
              ],
              "rdf:predicate": [
                "additionalInformation"
              ]
            },
            {
              "@id": "https://data.datatourisme.fr/8e3a8099-f0a9-31c9-a921-f20151cb465a",
              "dc:contributor": [
                "https://api.deepl.com/v2/translate"
              ],
              "rdf:language": [
                "de"
              ],
              "rdf:predicate": [
                "additionalInformation"
              ]
            },
            {
              "@id": "https://data.datatourisme.fr/e628622c-b6b4-3c9c-aac8-b4c3e0818699",
              "dc:contributor": [
                "https://api.deepl.com/v2/translate"
              ],
              "rdf:language": [
                "es"
              ],
              "rdf:predicate": [
                "additionalInformation"
              ]
            }
          ]
        }
      ],
      "@type": [
        "schema:Place",
        "Place"
      ]
    }
  ],
  "isOwnedBy": [
    {
      "@id": "https://data.datatourisme.fr/df1ed81c-2924-3bf0-aaab-557628e84eab",
      "schema:email": [
        "ca.gicquel@essonnetourisme.com",
        "d.senoalves@essonnetourisme.com"
      ],
      "schema:legalName": "Comité départemental du tourisme de l'Essonne",
      "@type": [
        "schema:Organization",
        "foaf:Agent",
        "Agent"
      ],
      "foaf:homepage": [
        "http://essonnetourisme.com/"
      ]
    }
  ],
  "lastUpdate": "2019-11-14",
  "lastUpdateDatatourisme": "2023-02-01T18:07:35.811Z"
}