{
  "@id": "https://data.datatourisme.fr/13/15ad0986-4167-34b2-85cc-5e62adbf2a11",
  "dc:identifier": "757922",
  "@type": [
    "schema:Accommodation",
    "schema:FoodEstablishment",
    "schema:Hotel",
    "schema:LodgingBusiness",
    "schema:Restaurant",
    "Accommodation",
    "FoodEstablishment",
    "Hotel",
    "HotelRestaurant",
    "HotelTrade",
    "PlaceOfInterest",
    "PointOfInterest",
    "Restaurant"
  ],
  "rdfs:comment": {
    "de": [
      "Ein ikonisches Hotel am Rande des königlichen Anwesens von Ludwig XIV. mit einer wunderbaren Aussicht auf das Schloss von Versailles."
    ],
    "en": [
      "A landmark hotel adjoining the royal estate of Louis XIV, offering wonderful views of the Palace of Versailles."
    ],
    "it": [
      "Un hotel iconico situato ai margini della tenuta reale di Luigi XIV, con una splendida vista sul Castello di Versailles."
    ],
    "fr": [
      "Un hôtel emblématique situé au bord du domaine royal de Louis XIV, disposant de merveilleuses vues sur le Château de Versailles."
    ],
    "es": [
      "Un remanso de paz exepcional al lado de los jardines del Palacio de Versalles."
    ],
    "nl": [
      "Een iconisch hotel gelegen aan de rand van het koninklijke landgoed van Lodewijk XIV, met prachtig uitzicht op het Château de Versailles."
    ]
  },
  "rdfs:label": {
    "en": [
      "Waldorf Astoria Versailles - Trianon Palace"
    ],
    "fr": [
      "Waldorf Astoria Versailles - Trianon Palace"
    ],
    "es": [
      "Waldorf Astoria Versailles - Trianon Palace"
    ]
  },
  "hasBeenCreatedBy": {
    "@id": "https://data.datatourisme.fr/13/d6723e7c-d673-3df6-8d1c-e4c704c29a04",
    "dc:identifier": "1095",
    "schema:email": [
      "amasson@ot-versailles.fr",
      "bboucher@ot-versailles.fr",
      "cbrancato@ot-versailles.fr",
      "ccharpentier@ot-versailles.fr",
      "epiroue@ot-versailles.fr",
      "hgouillyfrossard@ot-versailles.fr",
      "laurence.francois@tourisme-bougival.com",
      "lkodal@ot-versailles.fr",
      "mmorin@ot-versailles.fr",
      "qcognioul@ot-versailles.fr",
      "stagiaire1@ot-versailles.fr"
    ],
    "schema:legalName": "Office de Tourisme et des Congrès de Versailles Grand Parc",
    "@type": [
      "schema:Organization",
      "foaf:Agent",
      "Agent"
    ],
    "foaf:homepage": [
      "http://www.versailles-tourisme.com/"
    ]
  },
  "hasBeenPublishedBy": [
    {
      "@id": "https://data.datatourisme.fr/8a9feb4b-2cbd-3d2c-b507-bd6c6776b23b",
      "schema:legalName": "Apidae Tourisme Scic SA - source : Apidae Tourisme",
      "@type": [
        "schema:Organization",
        "foaf:Agent",
        "Agent"
      ],
      "foaf:homepage": [
        "https://www.apidae-tourisme.com/"
      ]
    }
  ],
  "hasContact": [
    {
      "@id": "https://data.datatourisme.fr/625f9700-a9c4-3988-bb3b-578a5c2c2fbf",
      "schema:email": [
        "reservations.trianon@waldorfastoria.com"
      ],
      "schema:telephone": [
        "+33 1 30 84 50 01"
      ],
      "@type": [
        "foaf:Agent",
        "Agent"
      ],
      "foaf:homepage": [
        "http://www.trianonpalace.fr/"
      ]
    }
  ],
  "hasDescription": [
    {
      "@id": "https://data.datatourisme.fr/4c1f0f55-8afa-3374-a2c2-5f9d78a3b8dd",
      "@type": [
        "Description"
      ],
      "hasTranslatedProperty": [
        {
          "@id": "https://data.datatourisme.fr/00ef0a15-47c0-3b30-880d-258fb4201c9c",
          "dc:contributor": [
            "https://api.deepl.com/v2/translate"
          ],
          "rdf:language": [
            "de"
          ],
          "rdf:predicate": [
            "shortDescription"
          ]
        },
        {
          "@id": "https://data.datatourisme.fr/3a87b73f-2326-364e-b544-44d9f9a432f6",
          "dc:contributor": [
            "https://api.deepl.com/v2/translate"
          ],
          "rdf:language": [
            "nl"
          ],
          "rdf:predicate": [
            "shortDescription"
          ]
        },
        {
          "@id": "https://data.datatourisme.fr/710484ef-4178-3d66-969b-8a4b42e346ff",
          "dc:contributor": [
            "https://api.deepl.com/v2/translate"
          ],
          "rdf:language": [
            "it"
          ],
          "rdf:predicate": [
            "shortDescription"
          ]
        }
      ],
      "shortDescription": {
        "de": [
          "Ein ikonisches Hotel am Rande des königlichen Anwesens von Ludwig XIV. mit einer wunderbaren Aussicht auf das Schloss von Versailles."
        ],
        "en": [
          "A landmark hotel adjoining the royal estate of Louis XIV, offering wonderful views of the Palace of Versailles."
        ],
        "it": [
          "Un hotel iconico situato ai margini della tenuta reale di Luigi XIV, con una splendida vista sul Castello di Versailles."
        ],
        "fr": [
          "Un hôtel emblématique situé au bord du domaine royal de Louis XIV, disposant de merveilleuses vues sur le Château de Versailles."
        ],
        "es": [
          "Un remanso de paz exepcional al lado de los jardines del Palacio de Versalles."
        ],
        "nl": [
          "Een iconisch hotel gelegen aan de rand van het koninklijke landgoed van Lodewijk XIV, met prachtig uitzicht op het Château de Versailles."
        ]
      }
    }
  ],
  "hasTranslatedProperty": [
    {
      "@id": "https://data.datatourisme.fr/5c39f31b-569b-38ff-8db4-b8ce292d7bb1",
      "dc:contributor": [
        "https://api.deepl.com/v2/translate"
      ],
      "rdf:language": [
        "nl"
      ],
      "rdf:predicate": [
        {
          "@id": "rdfs:comment"
        }
      ]
    },
    {
      "@id": "https://data.datatourisme.fr/a27fdd93-2566-3f63-abbe-90ea0f8b9116",
      "dc:contributor": [
        "https://api.deepl.com/v2/translate"
      ],
      "rdf:language": [
        "it"
      ],
      "rdf:predicate": [
        {
          "@id": "rdfs:comment"
        }
      ]
    },
    {
      "@id": "https://data.datatourisme.fr/d1071e1b-e32c-3e78-9408-360d4fe2cb60",
      "dc:contributor": [
        "https://api.deepl.com/v2/translate"
      ],
      "rdf:language": [
        "de"
      ],
      "rdf:predicate": [
        {
          "@id": "rdfs:comment"
        }
      ]
    }
  ],
  "isLocatedAt": [
    {
      "@id": "https://data.datatourisme.fr/efeb517d-c8e8-3201-8294-3a36e8516874",
      "schema:address": [
        {
          "@id": "https://data.datatourisme.fr/3021275a-1b18-3c00-9fe6-6af0676827db",
          "schema:addressLocality": "Versailles",
          "schema:postalCode": "78000",
          "schema:streetAddress": [
            "1 boulevard de la Reine"
          ],
          "@type": [
            "schema:PostalAddress",
            "PostalAddress"
          ],
          "hasAddressCity": {
            "@id": "kb:78646",
            "@type": [
              "City"
            ],
            "rdfs:label": {
              "de": [
                "Versailles"
              ],
              "pt": [
                "Versailles"
              ],
              "en": [
                "Versailles"
              ],
              "it": [
                "Versailles"
              ],
              "fr": [
                "Versailles"
              ],
              "nl": [
                "Versailles"
              ],
              "es": [
                "Versailles"
              ]
            },
            "insee": "78646",
            "isPartOfDepartment": {
              "@id": "kb:France1178",
              "@type": [
                "Department"
              ],
              "rdfs:label": {
                "de": [
                  "Yvelines"
                ],
                "pt": [
                  "Yvelines"
                ],
                "en": [
                  "Yvelines"
                ],
                "it": [
                  "Yvelines"
                ],
                "fr": [
                  "Yvelines"
                ],
                "nl": [
                  "Yvelines"
                ],
                "es": [
                  "Yvelines"
                ]
              },
              "insee": "78",
              "isPartOfRegion": {
                "@id": "kb:France11",
                "@type": [
                  "Region"
                ],
                "rdfs:label": {
                  "de": [
                    "Île-de-France"
                  ],
                  "pt": [
                    "Île-de-France"
                  ],
                  "en": [
                    "Île-de-France"
                  ],
                  "it": [
                    "Île-de-France"
                  ],
                  "fr": [
                    "Île-de-France"
                  ],
                  "nl": [
                    "Île-de-France"
                  ],
                  "es": [
                    "Île-de-France"
                  ]
                },
                "insee": "11",
                "isPartOfCountry": {
                  "@id": "kb:France",
                  "@type": [
                    "schema:Country"
                  ],
                  "rdfs:label": {
                    "de": [
                      "France",
                      "Frankreich"
                    ],
                    "pt": [
                      "França",
                      "France"
                    ],
                    "en": [
                      "France"
                    ],
                    "it": [
                      "France",
                      "Francia"
                    ],
                    "fr": [
                      "France"
                    ],
                    "nl": [
                      "France",
                      "Frankrijk"
                    ],
                    "es": [
                      "France",
                      "Francia"
                    ]
                  }
                }
              }
            }
          }
        }
      ],
      "schema:geo": {
        "@id": "https://data.datatourisme.fr/3c0b39d2-a9bc-3584-881b-c9705ce3babf",
        "schema:latitude": "48.811281",
        "schema:longitude": "2.121129",
        "@type": [
          "schema:GeoCoordinates"
        ]
      },
      "schema:openingHoursSpecification": [
        {
          "@id": "https://data.datatourisme.fr/f87e535a-636d-3343-ad63-8a03392e7511",
          "schema:validFrom": "2023-01-01T00:00:00",
          "schema:validThrough": "2023-12-31T23:59:59",
          "@type": [
            "schema:OpeningHoursSpecification"
          ]
        }
      ],
      "@type": [
        "schema:Place",
        "Place"
      ]
    }
  ],
  "isOwnedBy": [
    {
      "@id": "https://data.datatourisme.fr/5d3c003f-455f-3c49-8873-2d60c146bb7d",
      "schema:email": [
        "amasson@ot-versailles.fr",
        "bboucher@ot-versailles.fr",
        "cbrancato@ot-versailles.fr",
        "ccharpentier@ot-versailles.fr",
        "epiroue@ot-versailles.fr",
        "hgouillyfrossard@ot-versailles.fr",
        "laurence.francois@tourisme-bougival.com",
        "lkodal@ot-versailles.fr",
        "mmorin@ot-versailles.fr",
        "qcognioul@ot-versailles.fr",
        "stagiaire1@ot-versailles.fr"
      ],
      "schema:legalName": "Office de Tourisme et des Congrès de Versailles Grand Parc",
      "@type": [
        "schema:Organization",
        "foaf:Agent",
        "Agent"
      ],
      "foaf:homepage": [
        "http://www.versailles-tourisme.com/"
      ]
    }
  ],
  "lastUpdate": "2023-05-03",
  "lastUpdateDatatourisme": "2023-05-30T05:49:20.356Z",
  "offers": [
    {
      "@id": "https://data.datatourisme.fr/3f5c9b9b-0af8-3f03-bab1-4c6ddca2efd9",
      "schema:priceSpecification": [
        {
          "@id": "https://data.datatourisme.fr/bfcb10de-7963-33e7-a70c-a65c0b9756fb",
          "schema:maxPrice": [
            "24",
            "38",
            "50",
            "5230",
            "749"
          ],
          "schema:minPrice": [
            "23",
            "239",
            "24",
            "50",
            "539"
          ],
          "schema:priceCurrency": "EUR",
          "@type": [
            "schema:PriceSpecification",
            "PriceSpecification"
          ],
          "appliesOnPeriod": [
            {
              "@id": "https://data.datatourisme.fr/a425afdf-3594-300b-b55e-1858bafa3fd4",
              "@type": [
                "Period"
              ],
              "endDate": "2023-12-31",
              "startDate": "2023-01-01"
            }
          ]
        }
      ],
      "@type": [
        "schema:Offer",
        "Offer"
      ]
    }
  ]
}