{
  "@id": "https://data.datatourisme.fr/13/157d5bbc-5319-3f74-8480-bfff10093edb",
  "dc:identifier": "5701975",
  "@type": [
    "schema:FoodEstablishment",
    "FoodEstablishment",
    "PlaceOfInterest",
    "PointOfInterest"
  ],
  "rdfs:comment": {
    "de": [
      "Michel und Sébastien Bras werden 2021 das Restaurant-Café la Halle aux grains auf der dritten Ebene der Bourse de Commerce - Pinault collection eröffnen."
    ],
    "en": [
      "Michel and Sébastien Bras will open, in 2021, the Restaurant-Café la Halle aux grains, on the 3rd level of the Bourse de Commerce - Pinault collection."
    ],
    "it": [
      "Nel 2021, Michel e Sébastien Bras apriranno il ristorante-caffè la Halle aux grains, al terzo livello della Bourse de Commerce? Collezione Pinault."
    ],
    "fr": [
      "Michel et Sébastien Bras ouvriront, en 2021, le Restaurant-Café la Halle aux grains, au 3e niveau de la Bourse de Commerce – Pinault collection."
    ],
    "nl": [
      "In 2021 openen Michel en Sébastien Bras het Restaurant-Café la Halle aux grains, op het 3e niveau van de Bourse de Commerce - collectie Pinault."
    ],
    "es": [
      "En 2021, Michel y Sébastien Bras abrirán el Restaurante-Café la Halle aux grains, en el 3er nivel de la Bourse de Commerce ? Colección Pinault."
    ]
  },
  "rdfs:label": {
    "fr": [
      "La Halle aux grains"
    ]
  },
  "hasBeenCreatedBy": {
    "@id": "https://data.datatourisme.fr/13/03e0704b-5690-32de-a186-1dc3ad3316c9",
    "dc:identifier": "1019",
    "schema:email": [
      "bgeigle@visitparisregion.com",
      "hcaldo@visitparisregion.com",
      "mtanaskovic@visitparisregion.com"
    ],
    "schema:legalName": "Comité Régional du Tourisme Paris Ile de France",
    "@type": [
      "schema:Organization",
      "foaf:Agent",
      "Agent"
    ],
    "foaf:homepage": [
      "http://www.visitparisregion.com/"
    ]
  },
  "hasBeenPublishedBy": [
    {
      "@id": "https://data.datatourisme.fr/8a9feb4b-2cbd-3d2c-b507-bd6c6776b23b",
      "schema:legalName": "Apidae Tourisme Scic SA - source : Apidae Tourisme",
      "@type": [
        "schema:Organization",
        "foaf:Agent",
        "Agent"
      ],
      "foaf:homepage": [
        "https://www.apidae-tourisme.com/"
      ]
    }
  ],
  "hasContact": [
    {
      "@id": "https://data.datatourisme.fr/97e1ebac-47a3-3be1-9df5-5c6f8fda3101",
      "@type": [
        "foaf:Agent",
        "Agent"
      ],
      "foaf:homepage": [
        "https://www.halleauxgrains.bras.fr/"
      ]
    }
  ],
  "hasDescription": [
    {
      "@id": "https://data.datatourisme.fr/414de4d8-d1a4-3db3-ad6a-961f18e416f7",
      "@type": [
        "Description"
      ],
      "hasTranslatedProperty": [
        {
          "@id": "https://data.datatourisme.fr/4ec84e10-3271-38fd-852f-1c2a104864b4",
          "dc:contributor": [
            "https://api.deepl.com/v2/translate"
          ],
          "rdf:language": [
            "it"
          ],
          "rdf:predicate": [
            "shortDescription"
          ]
        },
        {
          "@id": "https://data.datatourisme.fr/5ebdd38c-860a-3116-b971-1fa767307ea3",
          "dc:contributor": [
            "https://api.deepl.com/v2/translate"
          ],
          "rdf:language": [
            "en"
          ],
          "rdf:predicate": [
            "shortDescription"
          ]
        },
        {
          "@id": "https://data.datatourisme.fr/88633503-14e8-3d03-bc34-717b5640c3ac",
          "dc:contributor": [
            "https://api.deepl.com/v2/translate"
          ],
          "rdf:language": [
            "nl"
          ],
          "rdf:predicate": [
            "shortDescription"
          ]
        },
        {
          "@id": "https://data.datatourisme.fr/cfbcc4ac-ff1c-36db-9409-e6b945d00d9e",
          "dc:contributor": [
            "https://api.deepl.com/v2/translate"
          ],
          "rdf:language": [
            "de"
          ],
          "rdf:predicate": [
            "shortDescription"
          ]
        },
        {
          "@id": "https://data.datatourisme.fr/e3793bfa-8cb1-3758-9408-62e9844b5034",
          "dc:contributor": [
            "https://api.deepl.com/v2/translate"
          ],
          "rdf:language": [
            "es"
          ],
          "rdf:predicate": [
            "shortDescription"
          ]
        }
      ],
      "shortDescription": {
        "de": [
          "Michel und Sébastien Bras werden 2021 das Restaurant-Café la Halle aux grains auf der dritten Ebene der Bourse de Commerce - Pinault collection eröffnen."
        ],
        "en": [
          "Michel and Sébastien Bras will open, in 2021, the Restaurant-Café la Halle aux grains, on the 3rd level of the Bourse de Commerce - Pinault collection."
        ],
        "it": [
          "Nel 2021, Michel e Sébastien Bras apriranno il ristorante-caffè la Halle aux grains, al terzo livello della Bourse de Commerce? Collezione Pinault."
        ],
        "fr": [
          "Michel et Sébastien Bras ouvriront, en 2021, le Restaurant-Café la Halle aux grains, au 3e niveau de la Bourse de Commerce – Pinault collection."
        ],
        "nl": [
          "In 2021 openen Michel en Sébastien Bras het Restaurant-Café la Halle aux grains, op het 3e niveau van de Bourse de Commerce - collectie Pinault."
        ],
        "es": [
          "En 2021, Michel y Sébastien Bras abrirán el Restaurante-Café la Halle aux grains, en el 3er nivel de la Bourse de Commerce ? Colección Pinault."
        ]
      }
    }
  ],
  "hasTranslatedProperty": [
    {
      "@id": "https://data.datatourisme.fr/477b0501-5962-3d67-a2eb-7b6c82a604d2",
      "dc:contributor": [
        "https://api.deepl.com/v2/translate"
      ],
      "rdf:language": [
        "nl"
      ],
      "rdf:predicate": [
        {
          "@id": "rdfs:comment"
        }
      ]
    },
    {
      "@id": "https://data.datatourisme.fr/6e4f1f42-ae89-35a4-812c-bd8d45ee0934",
      "dc:contributor": [
        "https://api.deepl.com/v2/translate"
      ],
      "rdf:language": [
        "de"
      ],
      "rdf:predicate": [
        {
          "@id": "rdfs:comment"
        }
      ]
    },
    {
      "@id": "https://data.datatourisme.fr/beab85d8-442f-3e70-8706-6db832e4dcf9",
      "dc:contributor": [
        "https://api.deepl.com/v2/translate"
      ],
      "rdf:language": [
        "it"
      ],
      "rdf:predicate": [
        {
          "@id": "rdfs:comment"
        }
      ]
    },
    {
      "@id": "https://data.datatourisme.fr/c6de0cad-672a-3213-9006-e75c5e01ebc0",
      "dc:contributor": [
        "https://api.deepl.com/v2/translate"
      ],
      "rdf:language": [
        "en"
      ],
      "rdf:predicate": [
        {
          "@id": "rdfs:comment"
        }
      ]
    },
    {
      "@id": "https://data.datatourisme.fr/cded4273-b0fd-3789-9e03-0fc49afd79ee",
      "dc:contributor": [
        "https://api.deepl.com/v2/translate"
      ],
      "rdf:language": [
        "es"
      ],
      "rdf:predicate": [
        {
          "@id": "rdfs:comment"
        }
      ]
    }
  ],
  "isLocatedAt": [
    {
      "@id": "https://data.datatourisme.fr/174b6434-aeee-3f39-875d-885e031b93a3",
      "schema:address": [
        {
          "@id": "https://data.datatourisme.fr/273b0f2d-a421-3585-b154-74444f2323a3",
          "schema:addressLocality": "Paris",
          "schema:postalCode": "75001",
          "schema:streetAddress": [
            "2 Rue de Viarmes"
          ],
          "@type": [
            "schema:PostalAddress",
            "PostalAddress"
          ],
          "hasAddressCity": {
            "@id": "kb:75056",
            "@type": [
              "City"
            ],
            "rdfs:label": {
              "de": [
                "Paris"
              ],
              "pt": [
                "Paris"
              ],
              "en": [
                "Paris"
              ],
              "it": [
                "Paris"
              ],
              "fr": [
                "Paris"
              ],
              "nl": [
                "Paris"
              ],
              "es": [
                "Paris"
              ]
            },
            "insee": "75056",
            "isPartOfDepartment": {
              "@id": "kb:France1175",
              "@type": [
                "Department"
              ],
              "rdfs:label": {
                "de": [
                  "Paris"
                ],
                "pt": [
                  "Paris"
                ],
                "en": [
                  "Paris"
                ],
                "it": [
                  "Paris"
                ],
                "fr": [
                  "Paris"
                ],
                "nl": [
                  "Paris"
                ],
                "es": [
                  "Paris"
                ]
              },
              "insee": "75",
              "isPartOfRegion": {
                "@id": "kb:France11",
                "@type": [
                  "Region"
                ],
                "rdfs:label": {
                  "de": [
                    "Île-de-France"
                  ],
                  "pt": [
                    "Île-de-France"
                  ],
                  "en": [
                    "Île-de-France"
                  ],
                  "it": [
                    "Île-de-France"
                  ],
                  "fr": [
                    "Île-de-France"
                  ],
                  "nl": [
                    "Île-de-France"
                  ],
                  "es": [
                    "Île-de-France"
                  ]
                },
                "insee": "11",
                "isPartOfCountry": {
                  "@id": "kb:France",
                  "@type": [
                    "schema:Country"
                  ],
                  "rdfs:label": {
                    "de": [
                      "France",
                      "Frankreich"
                    ],
                    "pt": [
                      "França",
                      "France"
                    ],
                    "en": [
                      "France"
                    ],
                    "it": [
                      "France",
                      "Francia"
                    ],
                    "fr": [
                      "France"
                    ],
                    "nl": [
                      "France",
                      "Frankrijk"
                    ],
                    "es": [
                      "France",
                      "Francia"
                    ]
                  }
                }
              }
            }
          }
        }
      ],
      "schema:geo": {
        "@id": "https://data.datatourisme.fr/05cfec4f-fce7-310f-a200-248de614b0bb",
        "schema:latitude": "48.862937",
        "schema:longitude": "2.342359",
        "@type": [
          "schema:GeoCoordinates"
        ]
      },
      "schema:openingHoursSpecification": [
        {
          "@id": "https://data.datatourisme.fr/d5b15fb8-fa7d-3de9-a1b2-a596a273ba17",
          "schema:closes": "00:00:00",
          "schema:opens": "12:00:00",
          "schema:validFrom": "2023-01-01T00:00:00",
          "schema:validThrough": "2023-12-31T23:59:59",
          "@type": [
            "schema:OpeningHoursSpecification"
          ]
        }
      ],
      "@type": [
        "schema:Place",
        "Place"
      ]
    }
  ],
  "isOwnedBy": [
    {
      "@id": "https://data.datatourisme.fr/26ecd6f0-563c-356a-b0f9-ad3ec17effc4",
      "schema:email": [
        "bgeigle@visitparisregion.com",
        "hcaldo@visitparisregion.com",
        "mtanaskovic@visitparisregion.com"
      ],
      "schema:legalName": "Comité Régional du Tourisme Paris Ile de France",
      "@type": [
        "schema:Organization",
        "foaf:Agent",
        "Agent"
      ],
      "foaf:homepage": [
        "http://www.visitparisregion.com/"
      ]
    }
  ],
  "lastUpdate": "2021-06-24",
  "lastUpdateDatatourisme": "2023-05-30T05:49:20.36Z"
}