{
  "@id": "https://data.datatourisme.fr/13/155dc709-731d-38f8-a478-30f35274187b",
  "dc:identifier": "796688",
  "@type": [
    "schema:LocalBusiness",
    "ArtGalleryOrExhibitionGallery",
    "PlaceOfInterest",
    "PointOfInterest",
    "SportsAndLeisurePlace",
    "Store"
  ],
  "rdfs:comment": {
    "de": [
      "Im Stadtzentrum gelegen, wurden diese beiden nebeneinander liegenden Kirchen, Sainte-Croix und Saint-Georges, gerettet und als Raum für die künstlerische Entfaltung hergerichtet. Dieser außergewöhnliche Ort steht seit 1984 unter Denkmalschutz."
    ],
    "en": [
      "The modern art centre of Chelles invites for a thinking process concerning public space and territory"
    ],
    "it": [
      "Situate nel centro della città, queste due chiese adiacenti, Sainte-Croix e Saint-Georges, sono state salvate e sviluppate come spazio di sviluppo artistico. Questo luogo eccezionale è stato classificato come monumento storico dal 1984."
    ],
    "fr": [
      "Situé en plein centre-ville, ces deux églises mitoyennes, Sainte-Croix et Saint-Georges ont été sauvées et aménagées en tant qu’espace propice à l’éveil artistique. Ce lieu exceptionnel classé monument historique depuis 1984."
    ],
    "es": [
      "Situadas en el centro de la ciudad, estas dos iglesias contiguas, Sainte-Croix y Saint-Georges, han sido salvadas y desarrolladas como espacio de desarrollo artístico. Este lugar excepcional está clasificado como monumento histórico desde 1984."
    ],
    "nl": [
      "Deze twee aangrenzende kerken, Sainte-Croix en Saint-Georges, liggen in het stadscentrum en zijn gered en ontwikkeld tot een ruimte die bevorderlijk is voor de artistieke ontwikkeling. Deze uitzonderlijke plek is sinds 1984 geclassificeerd als historisch monument."
    ]
  },
  "rdfs:label": {
    "de": [
      "Les Églises Centre d'Art"
    ],
    "ru": [
      "Les Églises Centre d'Art"
    ],
    "en": [
      "“Les Eglises” Art centre in Chelles"
    ],
    "it": [
      "Les Églises Centre d'Art"
    ],
    "fr": [
      "Les Églises Centre d'Art"
    ],
    "zh": [
      "Les Églises Centre d'Art"
    ],
    "nl": [
      "Les Églises Centre d'Art"
    ],
    "es": [
      "Les Églises Centre d'Art"
    ]
  },
  "hasBeenCreatedBy": {
    "@id": "https://data.datatourisme.fr/13/cc1aa436-2771-38f6-9cda-703991069eaf",
    "dc:identifier": "977",
    "schema:email": [
      "aurore.luneau@attractivite77.fr",
      "marie.dussouchaut@attractivite77.fr",
      "webmaster@attractivite77.fr"
    ],
    "schema:legalName": "Seine et Marne Attractivité",
    "@type": [
      "schema:Organization",
      "foaf:Agent",
      "Agent"
    ],
    "foaf:homepage": [
      "https://www.seineetmarnevivreengrand.fr/"
    ]
  },
  "hasBeenPublishedBy": [
    {
      "@id": "https://data.datatourisme.fr/1db24fc4-b534-39bf-bdaf-152c6f98730e",
      "schema:legalName": "Seine et Marne Attractivité - source : Apidae Tourisme",
      "@type": [
        "schema:Organization",
        "foaf:Agent",
        "Agent"
      ],
      "foaf:homepage": [
        "https://www.apidae-tourisme.com/"
      ]
    }
  ],
  "hasContact": [
    {
      "@id": "https://data.datatourisme.fr/fe35a649-4b9d-3511-aea3-9d8cfecf08b2",
      "schema:telephone": [
        "+33 1 64 72 85 64"
      ],
      "@type": [
        "foaf:Agent",
        "Agent"
      ],
      "foaf:homepage": [
        "http://www.chelles.fr/"
      ]
    }
  ],
  "hasDescription": [
    {
      "@id": "https://data.datatourisme.fr/eaaf1987-534c-3ede-89c4-bbe486e416eb",
      "@type": [
        "Description"
      ],
      "hasTranslatedProperty": [
        {
          "@id": "https://data.datatourisme.fr/4cd7c894-1b9c-3deb-9231-6f5e49743d7b",
          "dc:contributor": [
            "https://api.deepl.com/v2/translate"
          ],
          "rdf:language": [
            "es"
          ],
          "rdf:predicate": [
            "shortDescription"
          ]
        },
        {
          "@id": "https://data.datatourisme.fr/54f4316c-724f-3c60-92a1-066fc6a479a6",
          "dc:contributor": [
            "https://api.deepl.com/v2/translate"
          ],
          "rdf:language": [
            "nl"
          ],
          "rdf:predicate": [
            "shortDescription"
          ]
        },
        {
          "@id": "https://data.datatourisme.fr/7aca1e5c-8d6f-3d36-9248-a99771ff219a",
          "dc:contributor": [
            "https://api.deepl.com/v2/translate"
          ],
          "rdf:language": [
            "it"
          ],
          "rdf:predicate": [
            "shortDescription"
          ]
        },
        {
          "@id": "https://data.datatourisme.fr/f07165fb-87dc-32e1-93b9-807a5b9ed101",
          "dc:contributor": [
            "https://api.deepl.com/v2/translate"
          ],
          "rdf:language": [
            "de"
          ],
          "rdf:predicate": [
            "shortDescription"
          ]
        }
      ],
      "shortDescription": {
        "de": [
          "Im Stadtzentrum gelegen, wurden diese beiden nebeneinander liegenden Kirchen, Sainte-Croix und Saint-Georges, gerettet und als Raum für die künstlerische Entfaltung hergerichtet. Dieser außergewöhnliche Ort steht seit 1984 unter Denkmalschutz."
        ],
        "en": [
          "The modern art centre of Chelles invites for a thinking process concerning public space and territory"
        ],
        "it": [
          "Situate nel centro della città, queste due chiese adiacenti, Sainte-Croix e Saint-Georges, sono state salvate e sviluppate come spazio di sviluppo artistico. Questo luogo eccezionale è stato classificato come monumento storico dal 1984."
        ],
        "fr": [
          "Situé en plein centre-ville, ces deux églises mitoyennes, Sainte-Croix et Saint-Georges ont été sauvées et aménagées en tant qu’espace propice à l’éveil artistique. Ce lieu exceptionnel classé monument historique depuis 1984."
        ],
        "es": [
          "Situadas en el centro de la ciudad, estas dos iglesias contiguas, Sainte-Croix y Saint-Georges, han sido salvadas y desarrolladas como espacio de desarrollo artístico. Este lugar excepcional está clasificado como monumento histórico desde 1984."
        ],
        "nl": [
          "Deze twee aangrenzende kerken, Sainte-Croix en Saint-Georges, liggen in het stadscentrum en zijn gered en ontwikkeld tot een ruimte die bevorderlijk is voor de artistieke ontwikkeling. Deze uitzonderlijke plek is sinds 1984 geclassificeerd als historisch monument."
        ]
      }
    }
  ],
  "hasTranslatedProperty": [
    {
      "@id": "https://data.datatourisme.fr/0c43858e-dd6e-3a9e-b05f-dfade6d74a99",
      "dc:contributor": [
        "https://api.deepl.com/v2/translate"
      ],
      "rdf:language": [
        "es"
      ],
      "rdf:predicate": [
        {
          "@id": "rdfs:comment"
        }
      ]
    },
    {
      "@id": "https://data.datatourisme.fr/3026e037-6c0a-389d-acd5-c9e2234390c9",
      "dc:contributor": [
        "https://api.deepl.com/v2/translate"
      ],
      "rdf:language": [
        "it"
      ],
      "rdf:predicate": [
        {
          "@id": "rdfs:comment"
        }
      ]
    },
    {
      "@id": "https://data.datatourisme.fr/add70ff4-65ad-3560-9770-6c6a07f009b7",
      "dc:contributor": [
        "https://api.deepl.com/v2/translate"
      ],
      "rdf:language": [
        "nl"
      ],
      "rdf:predicate": [
        {
          "@id": "rdfs:comment"
        }
      ]
    },
    {
      "@id": "https://data.datatourisme.fr/b1d3f934-23f7-392d-87ac-29500ecdc111",
      "dc:contributor": [
        "https://api.deepl.com/v2/translate"
      ],
      "rdf:language": [
        "de"
      ],
      "rdf:predicate": [
        {
          "@id": "rdfs:comment"
        }
      ]
    }
  ],
  "isLocatedAt": [
    {
      "@id": "https://data.datatourisme.fr/f2d53246-ee79-337c-aa07-82cbfe7e050e",
      "schema:address": [
        {
          "@id": "https://data.datatourisme.fr/54b10e19-add7-3979-beb4-2e54f604cd43",
          "schema:addressLocality": "Chelles",
          "schema:postalCode": "77500",
          "schema:streetAddress": [
            "Esplanade de la Légion d'Honneur"
          ],
          "@type": [
            "schema:PostalAddress",
            "PostalAddress"
          ],
          "hasAddressCity": {
            "@id": "kb:77108",
            "@type": [
              "City"
            ],
            "rdfs:label": {
              "de": [
                "Chelles"
              ],
              "pt": [
                "Chelles"
              ],
              "en": [
                "Chelles"
              ],
              "it": [
                "Chelles"
              ],
              "fr": [
                "Chelles"
              ],
              "nl": [
                "Chelles"
              ],
              "es": [
                "Chelles"
              ]
            },
            "insee": "77108",
            "isPartOfDepartment": {
              "@id": "kb:France1177",
              "@type": [
                "Department"
              ],
              "rdfs:label": {
                "de": [
                  "Seine-et-Marne"
                ],
                "pt": [
                  "Seine-et-Marne"
                ],
                "en": [
                  "Seine-et-Marne"
                ],
                "it": [
                  "Seine-et-Marne"
                ],
                "fr": [
                  "Seine-et-Marne"
                ],
                "nl": [
                  "Seine-et-Marne"
                ],
                "es": [
                  "Seine-et-Marne"
                ]
              },
              "insee": "77",
              "isPartOfRegion": {
                "@id": "kb:France11",
                "@type": [
                  "Region"
                ],
                "rdfs:label": {
                  "de": [
                    "Île-de-France"
                  ],
                  "pt": [
                    "Île-de-France"
                  ],
                  "en": [
                    "Île-de-France"
                  ],
                  "it": [
                    "Île-de-France"
                  ],
                  "fr": [
                    "Île-de-France"
                  ],
                  "nl": [
                    "Île-de-France"
                  ],
                  "es": [
                    "Île-de-France"
                  ]
                },
                "insee": "11",
                "isPartOfCountry": {
                  "@id": "kb:France",
                  "@type": [
                    "schema:Country"
                  ],
                  "rdfs:label": {
                    "de": [
                      "France",
                      "Frankreich"
                    ],
                    "pt": [
                      "França",
                      "France"
                    ],
                    "en": [
                      "France"
                    ],
                    "it": [
                      "France",
                      "Francia"
                    ],
                    "fr": [
                      "France"
                    ],
                    "nl": [
                      "France",
                      "Frankrijk"
                    ],
                    "es": [
                      "France",
                      "Francia"
                    ]
                  }
                }
              }
            }
          }
        }
      ],
      "schema:geo": {
        "@id": "https://data.datatourisme.fr/2201782d-bea7-35d0-8575-23c0d617255d",
        "schema:latitude": "48.878544",
        "schema:longitude": "2.589591",
        "@type": [
          "schema:GeoCoordinates"
        ]
      },
      "schema:openingHoursSpecification": [
        {
          "@id": "https://data.datatourisme.fr/f87e535a-636d-3343-ad63-8a03392e7511",
          "schema:validFrom": "2023-01-01T00:00:00",
          "schema:validThrough": "2023-12-31T23:59:59",
          "@type": [
            "schema:OpeningHoursSpecification"
          ]
        }
      ],
      "@type": [
        "schema:Place",
        "Place"
      ]
    }
  ],
  "isOwnedBy": [
    {
      "@id": "https://data.datatourisme.fr/a7bb87df-a9ed-3a59-b797-317824914af0",
      "schema:email": [
        "aurore.luneau@attractivite77.fr",
        "marie.dussouchaut@attractivite77.fr",
        "webmaster@attractivite77.fr"
      ],
      "schema:legalName": "Seine et Marne Attractivité",
      "@type": [
        "schema:Organization",
        "foaf:Agent",
        "Agent"
      ],
      "foaf:homepage": [
        "https://www.seineetmarnevivreengrand.fr/"
      ]
    }
  ],
  "lastUpdate": "2023-02-13",
  "lastUpdateDatatourisme": "2023-02-22T06:42:37.906Z"
}