{
  "@id": "https://data.datatourisme.fr/13/15b724dd-c8b6-385d-933f-10f34d3bd8df",
  "dc:identifier": "730553",
  "schema:endDate": [
    "2023-12-31"
  ],
  "schema:startDate": [
    "2023-01-01"
  ],
  "@type": [
    "schema:Event",
    "schema:SaleEvent",
    "EntertainmentAndEvent",
    "Market",
    "PointOfInterest",
    "SaleEvent"
  ],
  "rdfs:comment": {
    "de": [
      "Kaufen Sie auf dem Markt im Stadtzentrum ein."
    ],
    "en": [
      "Come and do your shopping in the center of the market."
    ],
    "it": [
      "Venite a fare shopping nel mercato del centro città."
    ],
    "fr": [
      "Venez faire vos emplettes sur le marché du centre-ville."
    ],
    "nl": [
      "Kom boodschappen doen op de markt in het centrum."
    ],
    "es": [
      "De comprar por el mercado del centro."
    ]
  },
  "rdfs:label": {
    "en": [
      "City center Market"
    ],
    "fr": [
      "Marché du centre-ville d'Aubervilliers"
    ]
  },
  "hasBeenCreatedBy": {
    "@id": "https://data.datatourisme.fr/13/298923c8-1900-35e9-9288-b430794814c4",
    "dc:identifier": "1015",
    "schema:email": [
      "jt.charbonnier@plainecommunetourisme.com",
      "s.vallier@plainecommunetourisme.com",
      "webmarketer@plainecommunetourisme.com"
    ],
    "schema:legalName": "Office de Tourisme Plaine commune grand Paris",
    "@type": [
      "schema:Organization",
      "foaf:Agent",
      "Agent"
    ],
    "foaf:homepage": [
      "https://www.tourisme-plainecommune-paris.com/"
    ]
  },
  "hasBeenPublishedBy": [
    {
      "@id": "https://data.datatourisme.fr/8a9feb4b-2cbd-3d2c-b507-bd6c6776b23b",
      "schema:legalName": "Apidae Tourisme Scic SA - source : Apidae Tourisme",
      "@type": [
        "schema:Organization",
        "foaf:Agent",
        "Agent"
      ],
      "foaf:homepage": [
        "https://www.apidae-tourisme.com/"
      ]
    }
  ],
  "hasContact": [
    {
      "@id": "https://data.datatourisme.fr/859e56e3-00e5-39ce-b7c2-e56dd571e6f5",
      "schema:telephone": [
        "+33 1 48 39 51 76"
      ],
      "@type": [
        "foaf:Agent",
        "Agent"
      ],
      "foaf:homepage": [
        "http://www.aubervilliers.fr/Les-marches"
      ]
    }
  ],
  "hasDescription": [
    {
      "@id": "https://data.datatourisme.fr/45af8e16-d5a8-3596-91e3-e61056553a48",
      "@type": [
        "Description"
      ],
      "hasTranslatedProperty": [
        {
          "@id": "https://data.datatourisme.fr/001a640b-f0e9-35ba-94e6-71d0241411ad",
          "dc:contributor": [
            "https://api.deepl.com/v2/translate"
          ],
          "rdf:language": [
            "it"
          ],
          "rdf:predicate": [
            "shortDescription"
          ]
        },
        {
          "@id": "https://data.datatourisme.fr/26d359ba-775b-3cdc-8c31-b7e00395fcaa",
          "dc:contributor": [
            "https://api.deepl.com/v2/translate"
          ],
          "rdf:language": [
            "nl"
          ],
          "rdf:predicate": [
            "shortDescription"
          ]
        },
        {
          "@id": "https://data.datatourisme.fr/30ca690d-06ca-3c4a-b27b-99af6e5e40bc",
          "dc:contributor": [
            "https://api.deepl.com/v2/translate"
          ],
          "rdf:language": [
            "de"
          ],
          "rdf:predicate": [
            "shortDescription"
          ]
        }
      ],
      "shortDescription": {
        "de": [
          "Kaufen Sie auf dem Markt im Stadtzentrum ein."
        ],
        "en": [
          "Come and do your shopping in the center of the market."
        ],
        "it": [
          "Venite a fare shopping nel mercato del centro città."
        ],
        "fr": [
          "Venez faire vos emplettes sur le marché du centre-ville."
        ],
        "nl": [
          "Kom boodschappen doen op de markt in het centrum."
        ],
        "es": [
          "De comprar por el mercado del centro."
        ]
      }
    }
  ],
  "hasTranslatedProperty": [
    {
      "@id": "https://data.datatourisme.fr/06a1512f-8ef1-350f-ad1f-5de22f88d75e",
      "dc:contributor": [
        "https://api.deepl.com/v2/translate"
      ],
      "rdf:language": [
        "nl"
      ],
      "rdf:predicate": [
        {
          "@id": "rdfs:comment"
        }
      ]
    },
    {
      "@id": "https://data.datatourisme.fr/6db3261f-8c4c-3088-939a-18c077d27a40",
      "dc:contributor": [
        "https://api.deepl.com/v2/translate"
      ],
      "rdf:language": [
        "it"
      ],
      "rdf:predicate": [
        {
          "@id": "rdfs:comment"
        }
      ]
    },
    {
      "@id": "https://data.datatourisme.fr/731406f2-a48d-38d4-8d98-33ab2f58fa7d",
      "dc:contributor": [
        "https://api.deepl.com/v2/translate"
      ],
      "rdf:language": [
        "de"
      ],
      "rdf:predicate": [
        {
          "@id": "rdfs:comment"
        }
      ]
    }
  ],
  "isLocatedAt": [
    {
      "@id": "https://data.datatourisme.fr/09442cc2-bc8f-3819-8492-7126ce293a57",
      "schema:address": [
        {
          "@id": "https://data.datatourisme.fr/8ae16a7f-83b3-321e-b9e1-c52adbbc5538",
          "schema:addressLocality": "Aubervilliers",
          "schema:postalCode": "93300",
          "schema:streetAddress": [
            "Place Rosa Parks"
          ],
          "@type": [
            "schema:PostalAddress",
            "PostalAddress"
          ],
          "hasAddressCity": {
            "@id": "kb:93001",
            "@type": [
              "City"
            ],
            "rdfs:label": {
              "de": [
                "Aubervilliers"
              ],
              "pt": [
                "Aubervilliers"
              ],
              "en": [
                "Aubervilliers"
              ],
              "it": [
                "Aubervilliers"
              ],
              "fr": [
                "Aubervilliers"
              ],
              "nl": [
                "Aubervilliers"
              ],
              "es": [
                "Aubervilliers"
              ]
            },
            "insee": "93001",
            "isPartOfDepartment": {
              "@id": "kb:France1193",
              "@type": [
                "Department"
              ],
              "rdfs:label": {
                "de": [
                  "Seine-Saint-Denis"
                ],
                "pt": [
                  "Seine-Saint-Denis"
                ],
                "en": [
                  "Seine-Saint-Denis"
                ],
                "it": [
                  "Seine-Saint-Denis"
                ],
                "fr": [
                  "Seine-Saint-Denis"
                ],
                "nl": [
                  "Seine-Saint-Denis"
                ],
                "es": [
                  "Seine-Saint-Denis"
                ]
              },
              "insee": "93",
              "isPartOfRegion": {
                "@id": "kb:France11",
                "@type": [
                  "Region"
                ],
                "rdfs:label": {
                  "de": [
                    "Île-de-France"
                  ],
                  "pt": [
                    "Île-de-France"
                  ],
                  "en": [
                    "Île-de-France"
                  ],
                  "it": [
                    "Île-de-France"
                  ],
                  "fr": [
                    "Île-de-France"
                  ],
                  "nl": [
                    "Île-de-France"
                  ],
                  "es": [
                    "Île-de-France"
                  ]
                },
                "insee": "11",
                "isPartOfCountry": {
                  "@id": "kb:France",
                  "@type": [
                    "schema:Country"
                  ],
                  "rdfs:label": {
                    "de": [
                      "France",
                      "Frankreich"
                    ],
                    "pt": [
                      "França",
                      "France"
                    ],
                    "en": [
                      "France"
                    ],
                    "it": [
                      "France",
                      "Francia"
                    ],
                    "fr": [
                      "France"
                    ],
                    "nl": [
                      "France",
                      "Frankrijk"
                    ],
                    "es": [
                      "France",
                      "Francia"
                    ]
                  }
                }
              }
            }
          }
        }
      ],
      "schema:geo": {
        "@id": "https://data.datatourisme.fr/fd4e7088-b7ca-3272-9219-9a5f57133ed6",
        "schema:latitude": "48.914344",
        "schema:longitude": "2.37947",
        "@type": [
          "schema:GeoCoordinates"
        ]
      },
      "schema:openingHoursSpecification": [
        {
          "@id": "https://data.datatourisme.fr/59d25a09-d5bc-3b4e-8fff-c4c253bcff7c",
          "schema:closes": "13:00:00",
          "schema:opens": "08:00:00",
          "schema:validFrom": "2023-01-01T00:00:00",
          "schema:validThrough": "2023-12-31T23:59:59",
          "@type": [
            "schema:OpeningHoursSpecification"
          ]
        }
      ],
      "@type": [
        "schema:Place",
        "Place"
      ]
    }
  ],
  "isOwnedBy": [
    {
      "@id": "https://data.datatourisme.fr/0d295593-2e92-3cc3-8700-156dfc8eed88",
      "schema:email": [
        "jt.charbonnier@plainecommunetourisme.com",
        "s.vallier@plainecommunetourisme.com",
        "webmarketer@plainecommunetourisme.com"
      ],
      "schema:legalName": "Office de Tourisme Plaine commune grand Paris",
      "@type": [
        "schema:Organization",
        "foaf:Agent",
        "Agent"
      ],
      "foaf:homepage": [
        "https://www.tourisme-plainecommune-paris.com/"
      ]
    }
  ],
  "lastUpdate": "2020-09-30",
  "lastUpdateDatatourisme": "2023-02-01T18:07:35.857Z",
  "takesPlaceAt": [
    {
      "@id": "https://data.datatourisme.fr/d827837b-6f0d-3612-94c8-27688a64dc64",
      "@type": [
        "Period",
        "RecurrentPeriod"
      ],
      "appliesOnDay": [
        {
          "@id": "schema:Saturday",
          "@type": [
            "schema:DayOfWeek"
          ],
          "rdfs:label": {
            "de": [
              "Samstag"
            ],
            "pt": [
              "Sábado"
            ],
            "en": [
              "Saturday"
            ],
            "it": [
              "Sabato"
            ],
            "fr": [
              "Samedi"
            ],
            "nl": [
              "Zaterdag"
            ],
            "es": [
              "Sábado"
            ]
          }
        },
        {
          "@id": "schema:Thursday",
          "@type": [
            "schema:DayOfWeek"
          ],
          "rdfs:label": {
            "de": [
              "Donnerstag"
            ],
            "pt": [
              "Quinta-feira"
            ],
            "en": [
              "Thursday"
            ],
            "it": [
              "Giovedì"
            ],
            "fr": [
              "Jeudi"
            ],
            "es": [
              "Jueves"
            ],
            "nl": [
              "Donderdag"
            ]
          }
        },
        {
          "@id": "schema:Tuesday",
          "@type": [
            "schema:DayOfWeek"
          ],
          "rdfs:label": {
            "de": [
              "Dienstag"
            ],
            "pt": [
              "Terça-feira"
            ],
            "en": [
              "Tuesday"
            ],
            "it": [
              "Martedì"
            ],
            "fr": [
              "Mardi"
            ],
            "es": [
              "Martes"
            ],
            "nl": [
              "Dinsdag"
            ]
          }
        }
      ],
      "endDate": "2023-12-31",
      "endTime": "13:00:00",
      "startDate": "2023-01-01",
      "startTime": "08:00:00"
    }
  ]
}