{
  "@id": "https://data.datatourisme.fr/13/151252d3-20cc-3d7a-bdb7-d566037704b9",
  "dc:identifier": "4836097",
  "@type": [
    "schema:FoodEstablishment",
    "FoodEstablishment",
    "PlaceOfInterest",
    "PointOfInterest"
  ],
  "rdfs:comment": {
    "de": [
      "Crêpe-Handwerker, gegenüber dem Bahnhof von Sartrouville. Die Crêperie de la Gare mit ihrer schönen Terrasse ist der ideale Anlaufpunkt für Stadtbewohner, die gerne essen und trinken."
    ],
    "en": [
      "Artisan Crêpier, in front of Sartrouville train station. Beautiful terrace, the Crêperie de la Gare is the ideal place for city dwellers and gourmets."
    ],
    "it": [
      "Artisan Crêpier, di fronte alla stazione di Sartrouville. Con la sua splendida terrazza, la Crêperie de la Gare è il luogo ideale per i cittadini golosi."
    ],
    "fr": [
      "Artisan Crêpier, face à la gare de Sartrouville. Belle terrasse, la Crêperie de la Gare est le point de chute idéal des citadins gourmands et gourmets."
    ],
    "zh": [
      "在Sartrouville火车站对面，品尝传统手工制可丽饼。Crêperie de la Gare可丽饼餐厅拥有一个漂亮的露台，是美食家和甜食爱好者的理想歇脚地点。"
    ],
    "nl": [
      "Artisan Crêpier, tegenover het station van Sartrouville. Met zijn mooie terras is de Crêperie de la Gare de ideale plek voor stedelingen met een zoetekauw."
    ],
    "es": [
      "Artisan Crêpier, frente a la estación de Sartrouville. Con su hermosa terraza, la Crêperie de la Gare es el lugar ideal para los habitantes de la ciudad más golosos."
    ]
  },
  "rdfs:label": {
    "fr": [
      "La Crêperie de la Gare"
    ],
    "zh": [
      "Crêperie de la Gare可丽饼餐厅"
    ]
  },
  "hasBeenCreatedBy": {
    "@id": "https://data.datatourisme.fr/13/1baff70e-2669-3837-a347-efd3a874a341",
    "dc:identifier": "1489",
    "schema:email": [
      "emilie.prai@saintgermainenlaye.fr",
      "emilie.rochat@seine-saintgermain.fr",
      "melissa.moreau@saintgermainenlaye.fr"
    ],
    "schema:legalName": "Office de Tourisme Intercommunal de Saint Germain Boucles de Seine",
    "@type": [
      "schema:Organization",
      "foaf:Agent",
      "Agent"
    ],
    "foaf:homepage": [
      "http://www.reservation.seine-saintgermain.fr/"
    ]
  },
  "hasBeenPublishedBy": [
    {
      "@id": "https://data.datatourisme.fr/8a9feb4b-2cbd-3d2c-b507-bd6c6776b23b",
      "schema:legalName": "Apidae Tourisme Scic SA - source : Apidae Tourisme",
      "@type": [
        "schema:Organization",
        "foaf:Agent",
        "Agent"
      ],
      "foaf:homepage": [
        "https://www.apidae-tourisme.com/"
      ]
    }
  ],
  "hasContact": [
    {
      "@id": "https://data.datatourisme.fr/3c85bb93-4765-3f1c-8bd9-dd0340487225",
      "schema:telephone": [
        "+33 1 30 08 57 52"
      ],
      "@type": [
        "foaf:Agent",
        "Agent"
      ]
    }
  ],
  "hasDescription": [
    {
      "@id": "https://data.datatourisme.fr/67ae0ea7-1802-3261-8555-924e45f44ad9",
      "@type": [
        "Description"
      ],
      "hasTranslatedProperty": [
        {
          "@id": "https://data.datatourisme.fr/4d09c69c-3bed-34ec-9d9b-b97f9fb0e3db",
          "dc:contributor": [
            "https://api.deepl.com/v2/translate"
          ],
          "rdf:language": [
            "en"
          ],
          "rdf:predicate": [
            "shortDescription"
          ]
        },
        {
          "@id": "https://data.datatourisme.fr/4e69a6d4-cd4e-3961-bf6f-083e4a947817",
          "dc:contributor": [
            "https://api.deepl.com/v2/translate"
          ],
          "rdf:language": [
            "de"
          ],
          "rdf:predicate": [
            "shortDescription"
          ]
        },
        {
          "@id": "https://data.datatourisme.fr/773ea0ed-0c5f-38b9-8f7a-04621ffa347c",
          "dc:contributor": [
            "https://api.deepl.com/v2/translate"
          ],
          "rdf:language": [
            "es"
          ],
          "rdf:predicate": [
            "shortDescription"
          ]
        },
        {
          "@id": "https://data.datatourisme.fr/d5e17b43-197b-3e55-9d68-8d4473f1d293",
          "dc:contributor": [
            "https://api.deepl.com/v2/translate"
          ],
          "rdf:language": [
            "it"
          ],
          "rdf:predicate": [
            "shortDescription"
          ]
        },
        {
          "@id": "https://data.datatourisme.fr/e5c211bd-1354-3a1a-8ee1-662ad9499ca4",
          "dc:contributor": [
            "https://api.deepl.com/v2/translate"
          ],
          "rdf:language": [
            "nl"
          ],
          "rdf:predicate": [
            "shortDescription"
          ]
        }
      ],
      "shortDescription": {
        "de": [
          "Crêpe-Handwerker, gegenüber dem Bahnhof von Sartrouville. Die Crêperie de la Gare mit ihrer schönen Terrasse ist der ideale Anlaufpunkt für Stadtbewohner, die gerne essen und trinken."
        ],
        "en": [
          "Artisan Crêpier, in front of Sartrouville train station. Beautiful terrace, the Crêperie de la Gare is the ideal place for city dwellers and gourmets."
        ],
        "it": [
          "Artisan Crêpier, di fronte alla stazione di Sartrouville. Con la sua splendida terrazza, la Crêperie de la Gare è il luogo ideale per i cittadini golosi."
        ],
        "fr": [
          "Artisan Crêpier, face à la gare de Sartrouville. Belle terrasse, la Crêperie de la Gare est le point de chute idéal des citadins gourmands et gourmets."
        ],
        "zh": [
          "在Sartrouville火车站对面，品尝传统手工制可丽饼。Crêperie de la Gare可丽饼餐厅拥有一个漂亮的露台，是美食家和甜食爱好者的理想歇脚地点。"
        ],
        "nl": [
          "Artisan Crêpier, tegenover het station van Sartrouville. Met zijn mooie terras is de Crêperie de la Gare de ideale plek voor stedelingen met een zoetekauw."
        ],
        "es": [
          "Artisan Crêpier, frente a la estación de Sartrouville. Con su hermosa terraza, la Crêperie de la Gare es el lugar ideal para los habitantes de la ciudad más golosos."
        ]
      }
    }
  ],
  "hasTranslatedProperty": [
    {
      "@id": "https://data.datatourisme.fr/16d908ab-3f02-3aa5-9f71-2b40cb639984",
      "dc:contributor": [
        "https://api.deepl.com/v2/translate"
      ],
      "rdf:language": [
        "it"
      ],
      "rdf:predicate": [
        {
          "@id": "rdfs:comment"
        }
      ]
    },
    {
      "@id": "https://data.datatourisme.fr/207b72ce-2914-328d-829c-f826e8b75a91",
      "dc:contributor": [
        "https://api.deepl.com/v2/translate"
      ],
      "rdf:language": [
        "es"
      ],
      "rdf:predicate": [
        {
          "@id": "rdfs:comment"
        }
      ]
    },
    {
      "@id": "https://data.datatourisme.fr/3f508e70-0aec-37dd-b048-d92fa20c5719",
      "dc:contributor": [
        "https://api.deepl.com/v2/translate"
      ],
      "rdf:language": [
        "nl"
      ],
      "rdf:predicate": [
        {
          "@id": "rdfs:comment"
        }
      ]
    },
    {
      "@id": "https://data.datatourisme.fr/50c17f39-bdd1-3207-b616-1312fa5d9236",
      "dc:contributor": [
        "https://api.deepl.com/v2/translate"
      ],
      "rdf:language": [
        "en"
      ],
      "rdf:predicate": [
        {
          "@id": "rdfs:comment"
        }
      ]
    },
    {
      "@id": "https://data.datatourisme.fr/96d7caa6-1ccb-3d2d-a9ce-0bff71cd31ff",
      "dc:contributor": [
        "https://api.deepl.com/v2/translate"
      ],
      "rdf:language": [
        "de"
      ],
      "rdf:predicate": [
        {
          "@id": "rdfs:comment"
        }
      ]
    }
  ],
  "isLocatedAt": [
    {
      "@id": "https://data.datatourisme.fr/ab3e6d5c-dd64-31e8-976f-c939ffd799c0",
      "schema:address": [
        {
          "@id": "https://data.datatourisme.fr/3d0f67c6-bb0f-302a-a1be-e0cb3328d61c",
          "schema:addressLocality": "Sartrouville",
          "schema:postalCode": "78500",
          "schema:streetAddress": [
            "1 place des Fusillés"
          ],
          "@type": [
            "schema:PostalAddress",
            "PostalAddress"
          ],
          "hasAddressCity": {
            "@id": "kb:78586",
            "@type": [
              "City"
            ],
            "rdfs:label": {
              "de": [
                "Sartrouville"
              ],
              "pt": [
                "Sartrouville"
              ],
              "en": [
                "Sartrouville"
              ],
              "it": [
                "Sartrouville"
              ],
              "fr": [
                "Sartrouville"
              ],
              "nl": [
                "Sartrouville"
              ],
              "es": [
                "Sartrouville"
              ]
            },
            "insee": "78586",
            "isPartOfDepartment": {
              "@id": "kb:France1178",
              "@type": [
                "Department"
              ],
              "rdfs:label": {
                "de": [
                  "Yvelines"
                ],
                "pt": [
                  "Yvelines"
                ],
                "en": [
                  "Yvelines"
                ],
                "it": [
                  "Yvelines"
                ],
                "fr": [
                  "Yvelines"
                ],
                "nl": [
                  "Yvelines"
                ],
                "es": [
                  "Yvelines"
                ]
              },
              "insee": "78",
              "isPartOfRegion": {
                "@id": "kb:France11",
                "@type": [
                  "Region"
                ],
                "rdfs:label": {
                  "de": [
                    "Île-de-France"
                  ],
                  "pt": [
                    "Île-de-France"
                  ],
                  "en": [
                    "Île-de-France"
                  ],
                  "it": [
                    "Île-de-France"
                  ],
                  "fr": [
                    "Île-de-France"
                  ],
                  "nl": [
                    "Île-de-France"
                  ],
                  "es": [
                    "Île-de-France"
                  ]
                },
                "insee": "11",
                "isPartOfCountry": {
                  "@id": "kb:France",
                  "@type": [
                    "schema:Country"
                  ],
                  "rdfs:label": {
                    "de": [
                      "France",
                      "Frankreich"
                    ],
                    "pt": [
                      "França",
                      "France"
                    ],
                    "en": [
                      "France"
                    ],
                    "it": [
                      "France",
                      "Francia"
                    ],
                    "fr": [
                      "France"
                    ],
                    "nl": [
                      "France",
                      "Frankrijk"
                    ],
                    "es": [
                      "France",
                      "Francia"
                    ]
                  }
                }
              }
            }
          }
        }
      ],
      "schema:geo": {
        "@id": "https://data.datatourisme.fr/a045cec6-7f53-3d04-8912-3eb2a6e95e4d",
        "schema:latitude": "48.938366",
        "schema:longitude": "2.158876",
        "@type": [
          "schema:GeoCoordinates"
        ]
      },
      "schema:openingHoursSpecification": [
        {
          "@id": "https://data.datatourisme.fr/ff8fbb78-9bbc-38a2-8711-fef9024a78d0",
          "schema:validFrom": "2023-01-01T00:00:00",
          "schema:validThrough": "2023-12-31T23:59:59",
          "@type": [
            "schema:OpeningHoursSpecification"
          ],
          "additionalInformation": {
            "de": [
              "dienstag bis Donnerstag: 12.00 - 14.00 Uhr, 17.00 - 22.00 Uhr\r\nfreitag und Samstag: 12.00 - 23.00 Uhr\r\nsonntag: 12.00 - 22.00 Uhr\r\nmontags: 12.00 - 14.00 Uhr, 17.00 - 22.00 Uhr"
            ],
            "en": [
              "tuesday to Thursday: 12:00 - 14:00, 17:00 - 22:00\r\nfriday and Saturday: 12pm - 11pm\r\nsunday: 12pm - 10pm\r\nmonday: 12:00 - 14:00, 17:00 - 22:00"
            ],
            "it": [
              "da martedì a giovedì: 12.00-14.00, 17.00-22.00\r\nvenerdì e sabato: 12:00 - 23:00\r\ndomenica: 12:00 - 22:00\r\nlunedì: 12.00 - 14.00, 17.00 - 22.00"
            ],
            "fr": [
              "du mardi au jeudi : 12h00 - 14h00, 17h00 - 22h00\r\nle vendredi et le samedi : 12h00 - 23h00\r\nle dimanche : 12h00 - 22h00\r\nle lundi : 12h00 - 14h00, 17h00 - 22h00"
            ],
            "nl": [
              "dinsdag t/m donderdag: 12.00 - 14.00 uur, 17.00 - 22.00 uur\r\nvrijdag en zaterdag: 12:00 - 23:00 uur\r\nzondag: 12:00 - 22:00\r\nmaandag: 12:00 - 14:00, 17:00 - 22:00"
            ],
            "es": [
              "de martes a jueves: de 12:00 a 14:00 horas, de 17:00 a 22:00 horas\r\nviernes y sábado: 12:00 - 23:00\r\ndomingo: 12:00 - 22:00\r\nlunes: 12:00 - 14:00, 17:00 - 22:00"
            ]
          },
          "hasTranslatedProperty": [
            {
              "@id": "https://data.datatourisme.fr/1b9f867c-502b-3e83-89cb-da3015cbdb66",
              "dc:contributor": [
                "https://api.deepl.com/v2/translate"
              ],
              "rdf:language": [
                "it"
              ],
              "rdf:predicate": [
                "additionalInformation"
              ]
            },
            {
              "@id": "https://data.datatourisme.fr/3a74e178-b99c-3fe2-a8df-2f97e268b081",
              "dc:contributor": [
                "https://api.deepl.com/v2/translate"
              ],
              "rdf:language": [
                "nl"
              ],
              "rdf:predicate": [
                "additionalInformation"
              ]
            },
            {
              "@id": "https://data.datatourisme.fr/61a0809a-4cc7-344e-8eff-182a763cc2c9",
              "dc:contributor": [
                "https://api.deepl.com/v2/translate"
              ],
              "rdf:language": [
                "en"
              ],
              "rdf:predicate": [
                "additionalInformation"
              ]
            },
            {
              "@id": "https://data.datatourisme.fr/9a14f229-5534-39d0-8071-de9fddde7544",
              "dc:contributor": [
                "https://api.deepl.com/v2/translate"
              ],
              "rdf:language": [
                "de"
              ],
              "rdf:predicate": [
                "additionalInformation"
              ]
            },
            {
              "@id": "https://data.datatourisme.fr/fa49ec58-9135-3125-b283-66d207b26ba7",
              "dc:contributor": [
                "https://api.deepl.com/v2/translate"
              ],
              "rdf:language": [
                "es"
              ],
              "rdf:predicate": [
                "additionalInformation"
              ]
            }
          ]
        }
      ],
      "@type": [
        "schema:Place",
        "Place"
      ]
    }
  ],
  "isOwnedBy": [
    {
      "@id": "https://data.datatourisme.fr/73484530-94e0-3b9c-86da-e2ddfa7df7ed",
      "schema:email": [
        "emilie.prai@saintgermainenlaye.fr",
        "emilie.rochat@seine-saintgermain.fr",
        "melissa.moreau@saintgermainenlaye.fr"
      ],
      "schema:legalName": "Office de Tourisme Intercommunal de Saint Germain Boucles de Seine",
      "@type": [
        "schema:Organization",
        "foaf:Agent",
        "Agent"
      ],
      "foaf:homepage": [
        "http://www.reservation.seine-saintgermain.fr/"
      ]
    }
  ],
  "lastUpdate": "2022-02-01",
  "lastUpdateDatatourisme": "2023-02-05T06:36:58.633Z"
}