{
  "@id": "https://data.datatourisme.fr/13/159f3f38-6241-375a-aba5-c7a3ca3ee830",
  "dc:identifier": "6397325",
  "@type": [
    "schema:FoodEstablishment",
    "FoodEstablishment",
    "PlaceOfInterest",
    "PointOfInterest"
  ],
  "rdfs:comment": {
    "de": [
      "Die Crêperie Ty breizh befindet sich gegenüber dem Parkhaus Cygne, nur zwei Minuten vom Bahnhof entfernt.\r\n\r\nSpezialitäten sind herzhafte Galettes und süße Crêpes, Salate und Eis."
    ],
    "en": [
      "The Ty Breizh creperie is located in front of the Cygne parking lot, two minutes from the station.\r\n\r\nSpecialities of salted pancakes and sweet pancakes, salads and ice creams."
    ],
    "it": [
      "La crêperie Ty Breizh si trova di fronte al parcheggio Cygne, a due minuti dalla stazione.\r\n\r\nSpecialità di frittelle salate e dolci, insalate e gelati."
    ],
    "fr": [
      "La crêperie Ty breizh est située face au parking du Cygne, à deux minutes de la gare.\r\n\r\nSpécialités de galettes salées et crêpes sucrées, salades et glaces."
    ],
    "es": [
      "La crepería Ty Breizh se encuentra frente al aparcamiento de Cygne, a dos minutos de la estación.\r\n\r\nEspecialidades de crepes saladas y crepes dulces, ensaladas y helados."
    ],
    "nl": [
      "De crêperie Ty Breizh ligt tegenover de parkeerplaats van Cygne, op twee minuten van het station.\r\n\r\nSpecialiteiten van gezouten en zoete pannenkoeken, salades en ijs."
    ]
  },
  "rdfs:label": {
    "fr": [
      "Ty Breizh, crêperie à Houdan"
    ]
  },
  "hasBeenCreatedBy": {
    "@id": "https://data.datatourisme.fr/13/db60b95d-ecde-3d94-8b4c-d8685417cfdc",
    "dc:identifier": "2418",
    "schema:email": [
      "contact@tourismepayshoudanais.fr",
      "direction@tourismepayshoudanais.fr"
    ],
    "schema:legalName": "Office de Tourisme du Pays Houdanais",
    "@type": [
      "schema:Organization",
      "foaf:Agent",
      "Agent"
    ],
    "foaf:homepage": [
      "http://www.tourisme-pays-houdanais.fr/"
    ]
  },
  "hasBeenPublishedBy": [
    {
      "@id": "https://data.datatourisme.fr/8a9feb4b-2cbd-3d2c-b507-bd6c6776b23b",
      "schema:legalName": "Apidae Tourisme Scic SA - source : Apidae Tourisme",
      "@type": [
        "schema:Organization",
        "foaf:Agent",
        "Agent"
      ],
      "foaf:homepage": [
        "https://www.apidae-tourisme.com/"
      ]
    }
  ],
  "hasContact": [
    {
      "@id": "https://data.datatourisme.fr/32e4b6d0-8269-3978-b412-2ae21fc83e27",
      "schema:telephone": [
        "+33 1 30 59 73 41"
      ],
      "@type": [
        "foaf:Agent",
        "Agent"
      ]
    }
  ],
  "hasDescription": [
    {
      "@id": "https://data.datatourisme.fr/d5a96c89-7f43-38f7-a6f5-fcd1c730b881",
      "@type": [
        "Description"
      ],
      "hasTranslatedProperty": [
        {
          "@id": "https://data.datatourisme.fr/09f83d67-da85-3460-bd9d-1a60dd88aec5",
          "dc:contributor": [
            "https://api.deepl.com/v2/translate"
          ],
          "rdf:language": [
            "es"
          ],
          "rdf:predicate": [
            "shortDescription"
          ]
        },
        {
          "@id": "https://data.datatourisme.fr/0e491ad0-09eb-311f-ae1e-75fc9cfa2bf3",
          "dc:contributor": [
            "https://api.deepl.com/v2/translate"
          ],
          "rdf:language": [
            "it"
          ],
          "rdf:predicate": [
            "shortDescription"
          ]
        },
        {
          "@id": "https://data.datatourisme.fr/482bba25-476b-37cf-b831-34fde52847b7",
          "dc:contributor": [
            "https://api.deepl.com/v2/translate"
          ],
          "rdf:language": [
            "nl"
          ],
          "rdf:predicate": [
            "shortDescription"
          ]
        },
        {
          "@id": "https://data.datatourisme.fr/9ecb8f92-f762-3cc7-a2d8-31f2cfad0658",
          "dc:contributor": [
            "https://api.deepl.com/v2/translate"
          ],
          "rdf:language": [
            "en"
          ],
          "rdf:predicate": [
            "shortDescription"
          ]
        },
        {
          "@id": "https://data.datatourisme.fr/f25835af-3658-3651-93fd-161ddc4692b7",
          "dc:contributor": [
            "https://api.deepl.com/v2/translate"
          ],
          "rdf:language": [
            "de"
          ],
          "rdf:predicate": [
            "shortDescription"
          ]
        }
      ],
      "shortDescription": {
        "de": [
          "Die Crêperie Ty breizh befindet sich gegenüber dem Parkhaus Cygne, nur zwei Minuten vom Bahnhof entfernt.\r\n\r\nSpezialitäten sind herzhafte Galettes und süße Crêpes, Salate und Eis."
        ],
        "en": [
          "The Ty Breizh creperie is located in front of the Cygne parking lot, two minutes from the station.\r\n\r\nSpecialities of salted pancakes and sweet pancakes, salads and ice creams."
        ],
        "it": [
          "La crêperie Ty Breizh si trova di fronte al parcheggio Cygne, a due minuti dalla stazione.\r\n\r\nSpecialità di frittelle salate e dolci, insalate e gelati."
        ],
        "fr": [
          "La crêperie Ty breizh est située face au parking du Cygne, à deux minutes de la gare.\r\n\r\nSpécialités de galettes salées et crêpes sucrées, salades et glaces."
        ],
        "es": [
          "La crepería Ty Breizh se encuentra frente al aparcamiento de Cygne, a dos minutos de la estación.\r\n\r\nEspecialidades de crepes saladas y crepes dulces, ensaladas y helados."
        ],
        "nl": [
          "De crêperie Ty Breizh ligt tegenover de parkeerplaats van Cygne, op twee minuten van het station.\r\n\r\nSpecialiteiten van gezouten en zoete pannenkoeken, salades en ijs."
        ]
      }
    }
  ],
  "hasTranslatedProperty": [
    {
      "@id": "https://data.datatourisme.fr/3da79feb-2d4d-303a-8d2b-b4673fbd6af6",
      "dc:contributor": [
        "https://api.deepl.com/v2/translate"
      ],
      "rdf:language": [
        "it"
      ],
      "rdf:predicate": [
        {
          "@id": "rdfs:comment"
        }
      ]
    },
    {
      "@id": "https://data.datatourisme.fr/641b4489-90ff-3c74-8fed-f7901a36394a",
      "dc:contributor": [
        "https://api.deepl.com/v2/translate"
      ],
      "rdf:language": [
        "de"
      ],
      "rdf:predicate": [
        {
          "@id": "rdfs:comment"
        }
      ]
    },
    {
      "@id": "https://data.datatourisme.fr/784581cc-d390-35e3-9be0-73819e3f7a65",
      "dc:contributor": [
        "https://api.deepl.com/v2/translate"
      ],
      "rdf:language": [
        "en"
      ],
      "rdf:predicate": [
        {
          "@id": "rdfs:comment"
        }
      ]
    },
    {
      "@id": "https://data.datatourisme.fr/ae7e41b7-43a7-3b02-b510-e094e0a37bbc",
      "dc:contributor": [
        "https://api.deepl.com/v2/translate"
      ],
      "rdf:language": [
        "es"
      ],
      "rdf:predicate": [
        {
          "@id": "rdfs:comment"
        }
      ]
    },
    {
      "@id": "https://data.datatourisme.fr/b819d4cf-7be4-34e7-a3a2-95fa35639602",
      "dc:contributor": [
        "https://api.deepl.com/v2/translate"
      ],
      "rdf:language": [
        "nl"
      ],
      "rdf:predicate": [
        {
          "@id": "rdfs:comment"
        }
      ]
    }
  ],
  "isLocatedAt": [
    {
      "@id": "https://data.datatourisme.fr/906e7e5f-0bb1-39e6-ba0c-73e03cc4e3d4",
      "schema:address": [
        {
          "@id": "https://data.datatourisme.fr/63c71399-4406-330a-8903-0bc37176b268",
          "schema:addressLocality": "Houdan",
          "schema:postalCode": "78550",
          "schema:streetAddress": [
            "1 Avenue de la République"
          ],
          "@type": [
            "schema:PostalAddress",
            "PostalAddress"
          ],
          "hasAddressCity": {
            "@id": "kb:78310",
            "@type": [
              "City"
            ],
            "rdfs:label": {
              "de": [
                "Houdan"
              ],
              "pt": [
                "Houdan"
              ],
              "en": [
                "Houdan"
              ],
              "it": [
                "Houdan"
              ],
              "fr": [
                "Houdan"
              ],
              "nl": [
                "Houdan"
              ],
              "es": [
                "Houdan"
              ]
            },
            "insee": "78310",
            "isPartOfDepartment": {
              "@id": "kb:France1178",
              "@type": [
                "Department"
              ],
              "rdfs:label": {
                "de": [
                  "Yvelines"
                ],
                "pt": [
                  "Yvelines"
                ],
                "en": [
                  "Yvelines"
                ],
                "it": [
                  "Yvelines"
                ],
                "fr": [
                  "Yvelines"
                ],
                "nl": [
                  "Yvelines"
                ],
                "es": [
                  "Yvelines"
                ]
              },
              "insee": "78",
              "isPartOfRegion": {
                "@id": "kb:France11",
                "@type": [
                  "Region"
                ],
                "rdfs:label": {
                  "de": [
                    "Île-de-France"
                  ],
                  "pt": [
                    "Île-de-France"
                  ],
                  "en": [
                    "Île-de-France"
                  ],
                  "it": [
                    "Île-de-France"
                  ],
                  "fr": [
                    "Île-de-France"
                  ],
                  "nl": [
                    "Île-de-France"
                  ],
                  "es": [
                    "Île-de-France"
                  ]
                },
                "insee": "11",
                "isPartOfCountry": {
                  "@id": "kb:France",
                  "@type": [
                    "schema:Country"
                  ],
                  "rdfs:label": {
                    "de": [
                      "France",
                      "Frankreich"
                    ],
                    "pt": [
                      "França",
                      "France"
                    ],
                    "en": [
                      "France"
                    ],
                    "it": [
                      "France",
                      "Francia"
                    ],
                    "fr": [
                      "France"
                    ],
                    "nl": [
                      "France",
                      "Frankrijk"
                    ],
                    "es": [
                      "France",
                      "Francia"
                    ]
                  }
                }
              }
            }
          }
        }
      ],
      "schema:geo": {
        "@id": "https://data.datatourisme.fr/42f8ef84-265e-3723-a818-48ac3306200d",
        "schema:latitude": "48.794455",
        "schema:longitude": "1.602732",
        "@type": [
          "schema:GeoCoordinates"
        ]
      },
      "schema:openingHoursSpecification": [
        {
          "@id": "https://data.datatourisme.fr/4aa97df0-9f72-3630-ac71-980c8c6b0c2b",
          "schema:closes": "22:00:00",
          "schema:opens": "12:00:00",
          "schema:validFrom": "2023-01-01T00:00:00",
          "schema:validThrough": "2023-12-31T23:59:59",
          "@type": [
            "schema:OpeningHoursSpecification"
          ],
          "additionalInformation": {
            "de": [
              "12:00-14:00 19:00-22:00\r\nBetriebsferien im August"
            ],
            "en": [
              "12:00-14:00 19:00-22:00\r\nAnnual closing in August"
            ],
            "it": [
              "12:00-14:00 19:00-22:00\r\nChiusura annuale in agosto"
            ],
            "fr": [
              "12:00-14:00  19:00-22:00\r\nFermeture annuelle en août"
            ],
            "nl": [
              "12:00-14:00 19:00-22:00\r\nJaarlijkse sluiting in augustus"
            ],
            "es": [
              "12:00-14:00 19:00-22:00\r\nCierre anual en agosto"
            ]
          },
          "hasTranslatedProperty": [
            {
              "@id": "https://data.datatourisme.fr/7a0ad759-f75c-386d-832f-b8b72e0f53f4",
              "dc:contributor": [
                "https://api.deepl.com/v2/translate"
              ],
              "rdf:language": [
                "de"
              ],
              "rdf:predicate": [
                "additionalInformation"
              ]
            },
            {
              "@id": "https://data.datatourisme.fr/cdc54298-c5bf-3daf-ae21-4dfb67b30aea",
              "dc:contributor": [
                "https://api.deepl.com/v2/translate"
              ],
              "rdf:language": [
                "es"
              ],
              "rdf:predicate": [
                "additionalInformation"
              ]
            },
            {
              "@id": "https://data.datatourisme.fr/dc7a0966-91a4-3ebf-a169-b3fc273b5854",
              "dc:contributor": [
                "https://api.deepl.com/v2/translate"
              ],
              "rdf:language": [
                "it"
              ],
              "rdf:predicate": [
                "additionalInformation"
              ]
            },
            {
              "@id": "https://data.datatourisme.fr/ee0be16d-5f15-3645-90dd-73e1fba19db3",
              "dc:contributor": [
                "https://api.deepl.com/v2/translate"
              ],
              "rdf:language": [
                "nl"
              ],
              "rdf:predicate": [
                "additionalInformation"
              ]
            },
            {
              "@id": "https://data.datatourisme.fr/fe0c0053-69b6-3b83-9ecd-dc8f77857e23",
              "dc:contributor": [
                "https://api.deepl.com/v2/translate"
              ],
              "rdf:language": [
                "en"
              ],
              "rdf:predicate": [
                "additionalInformation"
              ]
            }
          ]
        }
      ],
      "@type": [
        "schema:Place",
        "Place"
      ]
    }
  ],
  "isOwnedBy": [
    {
      "@id": "https://data.datatourisme.fr/6d30d275-e3dd-35c6-853e-7e6626cc4159",
      "schema:email": [
        "contact@tourismepayshoudanais.fr",
        "direction@tourismepayshoudanais.fr"
      ],
      "schema:legalName": "Office de Tourisme du Pays Houdanais",
      "@type": [
        "schema:Organization",
        "foaf:Agent",
        "Agent"
      ],
      "foaf:homepage": [
        "http://www.tourisme-pays-houdanais.fr/"
      ]
    }
  ],
  "lastUpdate": "2023-05-03",
  "lastUpdateDatatourisme": "2023-05-04T06:05:15.569Z"
}