{
  "@id": "https://data.datatourisme.fr/13/156f9a2a-7c0c-37dd-a5ee-d1ee20d1a004",
  "dc:identifier": "830040",
  "@type": [
    "schema:Park",
    "CulturalSite",
    "ParkAndGarden",
    "PlaceOfInterest",
    "PointOfInterest"
  ],
  "rdfs:comment": {
    "de": [
      "Der Parc Départemental de la Boucle de Montesson liegt in der unberührten Umgebung einer Seine-Schleife und erstreckt sich über 20 Hektar. Mit seinem Teich, seinem Schilfgürtel und seiner reichen Vogelwelt erwartet er Sie zu Momenten der Entspannung und Freizeitgestaltung."
    ],
    "en": [
      "Located in the preserved environment of a loop of the Seine, the Boucle de Montesson Departmental Park extends over 20 hectares. With its pond, its reed bed and its ornithological riches, it awaits you for moments of relaxation and leisure."
    ],
    "it": [
      "Situato nell'ambiente preservato di un'ansa della Senna, il Parco Dipartimentale Boucle de Montesson si estende per 20 ettari. Con il suo laghetto, il suo canneto e la sua ricchezza ornitologica, vi aspetta per momenti di relax e svago."
    ],
    "fr": [
      "Situé dans l’environnement préservé d’une boucle de Seine, le parc Départemental de la Boucle de Montesson s’étend sur 20 hectares. Avec son étang, sa roselière et ses richesses ornithologiques, il vous attend pour des moments de détente et de loisirs."
    ],
    "zh": [
      "占地20公顷的Boucle de Montesson省级公园坐落在塞纳河畔受保护的自然环境中。这里的池塘、芦原和丰富的鸟类资源正等着您前来探索，并在这里度过愉快的休闲、放松时光。"
    ],
    "es": [
      "Situado en el entorno preservado de un bucle del Sena, el Parque Departamental de Boucle de Montesson ocupa 20 hectáreas. Con su estanque, su cañaveral y su riqueza ornitológica, le espera para momentos de relax y ocio."
    ],
    "nl": [
      "Het departementale park Boucle de Montesson, gelegen in de beschermde omgeving van een lus van de Seine, beslaat 20 hectare. Met zijn vijver, zijn rietveld en zijn ornithologische rijkdom wacht het op u voor momenten van ontspanning en vrije tijd."
    ]
  },
  "rdfs:label": {
    "fr": [
      "Parc Départemental de la Boucle de Montesson \"Domaine de la Borde\""
    ],
    "zh": [
      "Parc Départemental de la Boucle de Montesson省级公园"
    ]
  },
  "hasBeenCreatedBy": {
    "@id": "https://data.datatourisme.fr/13/5a142a55-461d-3fef-816a-cfb927fee0bd",
    "dc:identifier": "1710",
    "schema:email": [
      "ebasset@yvelines.fr",
      "tourisme@yvelines.fr"
    ],
    "schema:legalName": "Conseil Départemental des Yvelines",
    "@type": [
      "schema:Organization",
      "foaf:Agent",
      "Agent"
    ]
  },
  "hasBeenPublishedBy": [
    {
      "@id": "https://data.datatourisme.fr/8a9feb4b-2cbd-3d2c-b507-bd6c6776b23b",
      "schema:legalName": "Apidae Tourisme Scic SA - source : Apidae Tourisme",
      "@type": [
        "schema:Organization",
        "foaf:Agent",
        "Agent"
      ],
      "foaf:homepage": [
        "https://www.apidae-tourisme.com/"
      ]
    }
  ],
  "hasContact": [
    {
      "@id": "https://data.datatourisme.fr/8fb1b833-80c6-353a-a253-6fed1b577f8b",
      "schema:email": [
        "contact@yvelines.fr"
      ],
      "@type": [
        "foaf:Agent",
        "Agent"
      ]
    }
  ],
  "hasDescription": [
    {
      "@id": "https://data.datatourisme.fr/deae63ad-ea69-3d17-8618-e26a1b679c9a",
      "@type": [
        "Description"
      ],
      "hasTranslatedProperty": [
        {
          "@id": "https://data.datatourisme.fr/22eadfce-cb49-3722-93bd-3a786d798abf",
          "dc:contributor": [
            "https://api.deepl.com/v2/translate"
          ],
          "rdf:language": [
            "de"
          ],
          "rdf:predicate": [
            "shortDescription"
          ]
        },
        {
          "@id": "https://data.datatourisme.fr/30f587c3-9a70-38f6-99bb-75e345174095",
          "dc:contributor": [
            "https://api.deepl.com/v2/translate"
          ],
          "rdf:language": [
            "es"
          ],
          "rdf:predicate": [
            "shortDescription"
          ]
        },
        {
          "@id": "https://data.datatourisme.fr/96190976-533c-32cf-97d6-66511799c027",
          "dc:contributor": [
            "https://api.deepl.com/v2/translate"
          ],
          "rdf:language": [
            "it"
          ],
          "rdf:predicate": [
            "shortDescription"
          ]
        },
        {
          "@id": "https://data.datatourisme.fr/ae5afb61-3c42-3219-a729-f69017010cfe",
          "dc:contributor": [
            "https://api.deepl.com/v2/translate"
          ],
          "rdf:language": [
            "en"
          ],
          "rdf:predicate": [
            "shortDescription"
          ]
        },
        {
          "@id": "https://data.datatourisme.fr/dd0bbc94-e823-312e-b88c-6181ce6e215e",
          "dc:contributor": [
            "https://api.deepl.com/v2/translate"
          ],
          "rdf:language": [
            "nl"
          ],
          "rdf:predicate": [
            "shortDescription"
          ]
        }
      ],
      "shortDescription": {
        "de": [
          "Der Parc Départemental de la Boucle de Montesson liegt in der unberührten Umgebung einer Seine-Schleife und erstreckt sich über 20 Hektar. Mit seinem Teich, seinem Schilfgürtel und seiner reichen Vogelwelt erwartet er Sie zu Momenten der Entspannung und Freizeitgestaltung."
        ],
        "en": [
          "Located in the preserved environment of a loop of the Seine, the Boucle de Montesson Departmental Park extends over 20 hectares. With its pond, its reed bed and its ornithological riches, it awaits you for moments of relaxation and leisure."
        ],
        "it": [
          "Situato nell'ambiente preservato di un'ansa della Senna, il Parco Dipartimentale Boucle de Montesson si estende per 20 ettari. Con il suo laghetto, il suo canneto e la sua ricchezza ornitologica, vi aspetta per momenti di relax e svago."
        ],
        "fr": [
          "Situé dans l’environnement préservé d’une boucle de Seine, le parc Départemental de la Boucle de Montesson s’étend sur 20 hectares. Avec son étang, sa roselière et ses richesses ornithologiques, il vous attend pour des moments de détente et de loisirs."
        ],
        "zh": [
          "占地20公顷的Boucle de Montesson省级公园坐落在塞纳河畔受保护的自然环境中。这里的池塘、芦原和丰富的鸟类资源正等着您前来探索，并在这里度过愉快的休闲、放松时光。"
        ],
        "es": [
          "Situado en el entorno preservado de un bucle del Sena, el Parque Departamental de Boucle de Montesson ocupa 20 hectáreas. Con su estanque, su cañaveral y su riqueza ornitológica, le espera para momentos de relax y ocio."
        ],
        "nl": [
          "Het departementale park Boucle de Montesson, gelegen in de beschermde omgeving van een lus van de Seine, beslaat 20 hectare. Met zijn vijver, zijn rietveld en zijn ornithologische rijkdom wacht het op u voor momenten van ontspanning en vrije tijd."
        ]
      }
    }
  ],
  "hasTheme": [
    {
      "@id": "kb:Culture",
      "@type": [
        "CulturalTheme"
      ],
      "rdfs:label": {
        "de": [
          "Kultur"
        ],
        "pt": [
          "Cultura"
        ],
        "en": [
          "Culture"
        ],
        "it": [
          "Cultura"
        ],
        "fr": [
          "Culture"
        ],
        "nl": [
          "Cultuur"
        ],
        "es": [
          "Cultura"
        ]
      }
    }
  ],
  "hasTranslatedProperty": [
    {
      "@id": "https://data.datatourisme.fr/01bc3a47-1560-3570-ba6d-cc5ee4bec66c",
      "dc:contributor": [
        "https://api.deepl.com/v2/translate"
      ],
      "rdf:language": [
        "de"
      ],
      "rdf:predicate": [
        {
          "@id": "rdfs:comment"
        }
      ]
    },
    {
      "@id": "https://data.datatourisme.fr/05278069-b97f-35f5-8b2f-4e083c4dcfef",
      "dc:contributor": [
        "https://api.deepl.com/v2/translate"
      ],
      "rdf:language": [
        "nl"
      ],
      "rdf:predicate": [
        {
          "@id": "rdfs:comment"
        }
      ]
    },
    {
      "@id": "https://data.datatourisme.fr/1be05deb-9b0c-3b4b-a774-1170dbfab7de",
      "dc:contributor": [
        "https://api.deepl.com/v2/translate"
      ],
      "rdf:language": [
        "es"
      ],
      "rdf:predicate": [
        {
          "@id": "rdfs:comment"
        }
      ]
    },
    {
      "@id": "https://data.datatourisme.fr/4e44362c-095c-31b1-a093-c3381fb05732",
      "dc:contributor": [
        "https://api.deepl.com/v2/translate"
      ],
      "rdf:language": [
        "en"
      ],
      "rdf:predicate": [
        {
          "@id": "rdfs:comment"
        }
      ]
    },
    {
      "@id": "https://data.datatourisme.fr/adb8f476-870e-3a2e-90b2-a72e702279b4",
      "dc:contributor": [
        "https://api.deepl.com/v2/translate"
      ],
      "rdf:language": [
        "it"
      ],
      "rdf:predicate": [
        {
          "@id": "rdfs:comment"
        }
      ]
    }
  ],
  "isLocatedAt": [
    {
      "@id": "https://data.datatourisme.fr/b7f5017c-3028-3a74-aaac-d7dc66956e5d",
      "schema:address": [
        {
          "@id": "https://data.datatourisme.fr/1d5e5cc5-9219-3ca5-be6a-1c466678a24a",
          "schema:addressLocality": "Montesson",
          "schema:postalCode": "78360",
          "schema:streetAddress": [
            "155 avenue Gabriel Peri"
          ],
          "@type": [
            "schema:PostalAddress",
            "PostalAddress"
          ],
          "hasAddressCity": {
            "@id": "kb:78418",
            "@type": [
              "City"
            ],
            "rdfs:label": {
              "de": [
                "Montesson"
              ],
              "pt": [
                "Montesson"
              ],
              "en": [
                "Montesson"
              ],
              "it": [
                "Montesson"
              ],
              "fr": [
                "Montesson"
              ],
              "nl": [
                "Montesson"
              ],
              "es": [
                "Montesson"
              ]
            },
            "insee": "78418",
            "isPartOfDepartment": {
              "@id": "kb:France1178",
              "@type": [
                "Department"
              ],
              "rdfs:label": {
                "de": [
                  "Yvelines"
                ],
                "pt": [
                  "Yvelines"
                ],
                "en": [
                  "Yvelines"
                ],
                "it": [
                  "Yvelines"
                ],
                "fr": [
                  "Yvelines"
                ],
                "nl": [
                  "Yvelines"
                ],
                "es": [
                  "Yvelines"
                ]
              },
              "insee": "78",
              "isPartOfRegion": {
                "@id": "kb:France11",
                "@type": [
                  "Region"
                ],
                "rdfs:label": {
                  "de": [
                    "Île-de-France"
                  ],
                  "pt": [
                    "Île-de-France"
                  ],
                  "en": [
                    "Île-de-France"
                  ],
                  "it": [
                    "Île-de-France"
                  ],
                  "fr": [
                    "Île-de-France"
                  ],
                  "nl": [
                    "Île-de-France"
                  ],
                  "es": [
                    "Île-de-France"
                  ]
                },
                "insee": "11",
                "isPartOfCountry": {
                  "@id": "kb:France",
                  "@type": [
                    "schema:Country"
                  ],
                  "rdfs:label": {
                    "de": [
                      "France",
                      "Frankreich"
                    ],
                    "pt": [
                      "França",
                      "France"
                    ],
                    "en": [
                      "France"
                    ],
                    "it": [
                      "France",
                      "Francia"
                    ],
                    "fr": [
                      "France"
                    ],
                    "nl": [
                      "France",
                      "Frankrijk"
                    ],
                    "es": [
                      "France",
                      "Francia"
                    ]
                  }
                }
              }
            }
          }
        }
      ],
      "schema:geo": {
        "@id": "https://data.datatourisme.fr/feb0c8f8-ebf0-3ac7-b26c-c9f8333a20f4",
        "schema:latitude": "48.920694",
        "schema:longitude": "2.128702",
        "@type": [
          "schema:GeoCoordinates"
        ]
      },
      "schema:openingHoursSpecification": [
        {
          "@id": "https://data.datatourisme.fr/f87e535a-636d-3343-ad63-8a03392e7511",
          "schema:validFrom": "2023-01-01T00:00:00",
          "schema:validThrough": "2023-12-31T23:59:59",
          "@type": [
            "schema:OpeningHoursSpecification"
          ]
        }
      ],
      "@type": [
        "schema:Place",
        "Place"
      ]
    }
  ],
  "isOwnedBy": [
    {
      "@id": "https://data.datatourisme.fr/51418642-d8c7-3896-8f4e-6e25435e4c26",
      "schema:email": [
        "ebasset@yvelines.fr",
        "tourisme@yvelines.fr"
      ],
      "schema:legalName": "Conseil Départemental des Yvelines",
      "@type": [
        "schema:Organization",
        "foaf:Agent",
        "Agent"
      ]
    }
  ],
  "lastUpdate": "2022-04-05",
  "lastUpdateDatatourisme": "2023-02-22T06:42:37.905Z"
}