{
  "@id": "https://data.datatourisme.fr/13/0c81c7e0-03b9-34a1-ae9b-b96231a9d652",
  "dc:identifier": "878376",
  "@type": [
    "schema:FoodEstablishment",
    "FoodEstablishment",
    "PlaceOfInterest",
    "PointOfInterest"
  ],
  "rdfs:comment": {
    "de": [
      "Im Restaurant Tokara können Sie die verschiedenen Spezialitäten der japanischen Küche entdecken!"
    ],
    "en": [
      "Tokara Restaurant invites you to discover the different specialties of Japanese food !"
    ],
    "it": [
      "Il ristorante Tokara vi invita a scoprire le diverse specialità della cucina giapponese!"
    ],
    "fr": [
      "Le restaurant Tokara vous propose de découvrir les différentes spécialités de la cuisine japonaise !"
    ],
    "nl": [
      "Het restaurant Tokara nodigt u uit om de verschillende specialiteiten van de Japanse keuken te ontdekken!"
    ],
    "es": [
      "El restaurante Tokara le invita a descubrir las diferentes especialidades de la cocina japonesa"
    ]
  },
  "rdfs:label": {
    "de": [
      "Restaurant Tokara"
    ],
    "ru": [
      "Restaurant Tokara"
    ],
    "en": [
      "Restaurant Tokara"
    ],
    "it": [
      "Restaurant Tokara"
    ],
    "fr": [
      "Restaurant Tokara"
    ],
    "zh": [
      "Restaurant Tokara"
    ],
    "nl": [
      "Restaurant Tokara"
    ],
    "es": [
      "Restaurant Tokara"
    ]
  },
  "hasBeenCreatedBy": {
    "@id": "https://data.datatourisme.fr/13/c6036a69-be21-3b66-8499-b75718a3ef24",
    "dc:identifier": "1120",
    "schema:email": [
      "groupes@rueil-tourisme.com",
      "ot@rueil-tourisme.com",
      "servicegroupes@rueil-tourisme.com"
    ],
    "schema:legalName": "Office de Tourisme de Rueil-Malmaison",
    "@type": [
      "schema:Organization",
      "foaf:Agent",
      "Agent"
    ],
    "foaf:homepage": [
      "https://www.rueil-tourisme.com/fr"
    ]
  },
  "hasBeenPublishedBy": [
    {
      "@id": "https://data.datatourisme.fr/8a9feb4b-2cbd-3d2c-b507-bd6c6776b23b",
      "schema:legalName": "Apidae Tourisme Scic SA - source : Apidae Tourisme",
      "@type": [
        "schema:Organization",
        "foaf:Agent",
        "Agent"
      ],
      "foaf:homepage": [
        "https://www.apidae-tourisme.com/"
      ]
    }
  ],
  "hasContact": [
    {
      "@id": "https://data.datatourisme.fr/614debe0-4921-34c8-9b08-a48c7465b640",
      "schema:email": [
        "ychristinex@gmail.com"
      ],
      "schema:telephone": [
        "+33 1 47 51 38 38"
      ],
      "@type": [
        "foaf:Agent",
        "Agent"
      ],
      "foaf:homepage": [
        "http://www.sushitokara.fr/"
      ]
    }
  ],
  "hasDescription": [
    {
      "@id": "https://data.datatourisme.fr/fb0e4b5d-7d3f-3a20-ba12-a24881467df4",
      "@type": [
        "Description"
      ],
      "hasTranslatedProperty": [
        {
          "@id": "https://data.datatourisme.fr/48ee3383-2ea1-31ce-a58a-a2249dabd2ad",
          "dc:contributor": [
            "https://api.deepl.com/v2/translate"
          ],
          "rdf:language": [
            "es"
          ],
          "rdf:predicate": [
            "shortDescription"
          ]
        },
        {
          "@id": "https://data.datatourisme.fr/60bbabb2-9257-3b33-bbed-0e67f6ee1f26",
          "dc:contributor": [
            "https://api.deepl.com/v2/translate"
          ],
          "rdf:language": [
            "nl"
          ],
          "rdf:predicate": [
            "shortDescription"
          ]
        },
        {
          "@id": "https://data.datatourisme.fr/94a53065-5dc6-3eba-9713-ae81b4e4e11a",
          "dc:contributor": [
            "https://api.deepl.com/v2/translate"
          ],
          "rdf:language": [
            "it"
          ],
          "rdf:predicate": [
            "shortDescription"
          ]
        },
        {
          "@id": "https://data.datatourisme.fr/a4b2d76c-4d2b-3220-b3cb-91fe67521569",
          "dc:contributor": [
            "https://api.deepl.com/v2/translate"
          ],
          "rdf:language": [
            "de"
          ],
          "rdf:predicate": [
            "shortDescription"
          ]
        }
      ],
      "shortDescription": {
        "de": [
          "Im Restaurant Tokara können Sie die verschiedenen Spezialitäten der japanischen Küche entdecken!"
        ],
        "en": [
          "Tokara Restaurant invites you to discover the different specialties of Japanese food !"
        ],
        "it": [
          "Il ristorante Tokara vi invita a scoprire le diverse specialità della cucina giapponese!"
        ],
        "fr": [
          "Le restaurant Tokara vous propose de découvrir les différentes spécialités de la cuisine japonaise !"
        ],
        "nl": [
          "Het restaurant Tokara nodigt u uit om de verschillende specialiteiten van de Japanse keuken te ontdekken!"
        ],
        "es": [
          "El restaurante Tokara le invita a descubrir las diferentes especialidades de la cocina japonesa"
        ]
      }
    }
  ],
  "hasTranslatedProperty": [
    {
      "@id": "https://data.datatourisme.fr/0a3b7a5f-31c3-3b30-abc9-faf8d9af4210",
      "dc:contributor": [
        "https://api.deepl.com/v2/translate"
      ],
      "rdf:language": [
        "es"
      ],
      "rdf:predicate": [
        {
          "@id": "rdfs:comment"
        }
      ]
    },
    {
      "@id": "https://data.datatourisme.fr/31cd0ca1-ab63-3e24-95b9-4a8886acc1c4",
      "dc:contributor": [
        "https://api.deepl.com/v2/translate"
      ],
      "rdf:language": [
        "nl"
      ],
      "rdf:predicate": [
        {
          "@id": "rdfs:comment"
        }
      ]
    },
    {
      "@id": "https://data.datatourisme.fr/b3bc263d-6c05-3c3e-b0bb-db0a5a4d91db",
      "dc:contributor": [
        "https://api.deepl.com/v2/translate"
      ],
      "rdf:language": [
        "de"
      ],
      "rdf:predicate": [
        {
          "@id": "rdfs:comment"
        }
      ]
    },
    {
      "@id": "https://data.datatourisme.fr/d7bc8d2d-e732-38ea-91f1-db31f94afdf9",
      "dc:contributor": [
        "https://api.deepl.com/v2/translate"
      ],
      "rdf:language": [
        "it"
      ],
      "rdf:predicate": [
        {
          "@id": "rdfs:comment"
        }
      ]
    }
  ],
  "isLocatedAt": [
    {
      "@id": "https://data.datatourisme.fr/3b1b3f9a-8f04-3aea-9afd-075d11ebd44f",
      "schema:address": [
        {
          "@id": "https://data.datatourisme.fr/5919d29c-f00d-3178-b06a-1be8f420ad94",
          "schema:addressLocality": "Rueil-Malmaison",
          "schema:postalCode": "92500",
          "schema:streetAddress": [
            "143 Route de l'Empereur"
          ],
          "@type": [
            "schema:PostalAddress",
            "PostalAddress"
          ],
          "hasAddressCity": {
            "@id": "kb:92063",
            "@type": [
              "City"
            ],
            "rdfs:label": {
              "de": [
                "Rueil-Malmaison"
              ],
              "pt": [
                "Rueil-Malmaison"
              ],
              "en": [
                "Rueil-Malmaison"
              ],
              "it": [
                "Rueil-Malmaison"
              ],
              "fr": [
                "Rueil-Malmaison"
              ],
              "nl": [
                "Rueil-Malmaison"
              ],
              "es": [
                "Rueil-Malmaison"
              ]
            },
            "insee": "92063",
            "isPartOfDepartment": {
              "@id": "kb:France1192",
              "@type": [
                "Department"
              ],
              "rdfs:label": {
                "de": [
                  "Hauts-de-Seine"
                ],
                "pt": [
                  "Hauts-de-Seine"
                ],
                "en": [
                  "Hauts-de-Seine"
                ],
                "it": [
                  "Hauts-de-Seine"
                ],
                "fr": [
                  "Hauts-de-Seine"
                ],
                "nl": [
                  "Hauts-de-Seine"
                ],
                "es": [
                  "Hauts-de-Seine"
                ]
              },
              "insee": "92",
              "isPartOfRegion": {
                "@id": "kb:France11",
                "@type": [
                  "Region"
                ],
                "rdfs:label": {
                  "de": [
                    "Île-de-France"
                  ],
                  "pt": [
                    "Île-de-France"
                  ],
                  "en": [
                    "Île-de-France"
                  ],
                  "it": [
                    "Île-de-France"
                  ],
                  "fr": [
                    "Île-de-France"
                  ],
                  "nl": [
                    "Île-de-France"
                  ],
                  "es": [
                    "Île-de-France"
                  ]
                },
                "insee": "11",
                "isPartOfCountry": {
                  "@id": "kb:France",
                  "@type": [
                    "schema:Country"
                  ],
                  "rdfs:label": {
                    "de": [
                      "France",
                      "Frankreich"
                    ],
                    "pt": [
                      "França",
                      "France"
                    ],
                    "en": [
                      "France"
                    ],
                    "it": [
                      "France",
                      "Francia"
                    ],
                    "fr": [
                      "France"
                    ],
                    "nl": [
                      "France",
                      "Frankrijk"
                    ],
                    "es": [
                      "France",
                      "Francia"
                    ]
                  }
                }
              }
            }
          }
        }
      ],
      "schema:geo": {
        "@id": "https://data.datatourisme.fr/3ee15d60-a658-3db2-af73-7edff60ebff1",
        "schema:latitude": "48.864261",
        "schema:longitude": "2.180347",
        "@type": [
          "schema:GeoCoordinates"
        ]
      },
      "schema:openingHoursSpecification": [
        {
          "@id": "https://data.datatourisme.fr/3e94e1d8-c01f-38db-adf6-bbe17e539c6d",
          "schema:closes": "22:00:00",
          "schema:opens": "11:30:00",
          "schema:validFrom": "2023-01-01T00:00:00",
          "schema:validThrough": "2023-12-31T23:59:59",
          "@type": [
            "schema:OpeningHoursSpecification"
          ],
          "additionalInformation": {
            "de": [
              "Täglich geöffnet von 11:30 bis 14:30 Uhr und von 18:30 bis 22:00 Uhr außer Sonntagmittag"
            ],
            "en": [
              "Open every day from 11.30am to 2.30pm and 6.30pm to 10pm except Sunday lunchtime"
            ],
            "it": [
              "Aperto tutti i giorni dalle 11:30 alle 14:30 e dalle 18:30 alle 22:00, tranne la domenica a pranzo"
            ],
            "fr": [
              "Ouvert tous les jours de 11h30 à 14h30 et de 18h30 à 22h sauf le dimanche midi"
            ],
            "nl": [
              "Dagelijks geopend van 11:30 tot 14:30 en van 18:30 tot 22:00 behalve zondagmiddag"
            ],
            "es": [
              "Abierto todos los días de 11:30 a 14:30 y de 18:30 a 22:00, excepto el domingo al mediodía"
            ]
          },
          "hasTranslatedProperty": [
            {
              "@id": "https://data.datatourisme.fr/4aef76a3-6429-3baf-bf90-93fd69556a38",
              "dc:contributor": [
                "https://api.deepl.com/v2/translate"
              ],
              "rdf:language": [
                "en"
              ],
              "rdf:predicate": [
                "additionalInformation"
              ]
            },
            {
              "@id": "https://data.datatourisme.fr/5d882fe2-3d4c-30ba-b9a2-6370a3ef143d",
              "dc:contributor": [
                "https://api.deepl.com/v2/translate"
              ],
              "rdf:language": [
                "nl"
              ],
              "rdf:predicate": [
                "additionalInformation"
              ]
            },
            {
              "@id": "https://data.datatourisme.fr/748f769f-e2c3-321a-92b1-4d1ad0babd9c",
              "dc:contributor": [
                "https://api.deepl.com/v2/translate"
              ],
              "rdf:language": [
                "es"
              ],
              "rdf:predicate": [
                "additionalInformation"
              ]
            },
            {
              "@id": "https://data.datatourisme.fr/b2a5a49b-dcdb-3638-abcd-93464254c785",
              "dc:contributor": [
                "https://api.deepl.com/v2/translate"
              ],
              "rdf:language": [
                "it"
              ],
              "rdf:predicate": [
                "additionalInformation"
              ]
            },
            {
              "@id": "https://data.datatourisme.fr/df3a62ed-1acc-3d9b-a3a2-0c59d28b99d8",
              "dc:contributor": [
                "https://api.deepl.com/v2/translate"
              ],
              "rdf:language": [
                "de"
              ],
              "rdf:predicate": [
                "additionalInformation"
              ]
            }
          ]
        }
      ],
      "@type": [
        "schema:Place",
        "Place"
      ]
    }
  ],
  "isOwnedBy": [
    {
      "@id": "https://data.datatourisme.fr/411e06c7-c380-31e2-9a2e-bca47ac7011f",
      "schema:email": [
        "ot@rueil-tourisme.com",
        "servicegroupes@rueil-tourisme.com"
      ],
      "schema:legalName": "Office de Tourisme de Rueil-Malmaison",
      "@type": [
        "schema:Organization",
        "foaf:Agent",
        "Agent"
      ],
      "foaf:homepage": [
        "https://www.rueil-tourisme.com/fr"
      ]
    }
  ],
  "lastUpdate": "2020-09-29",
  "lastUpdateDatatourisme": "2023-05-30T05:49:20.323Z",
  "offers": [
    {
      "@id": "https://data.datatourisme.fr/4978b7bd-0779-3039-ba4f-f61915485271",
      "schema:priceSpecification": [
        {
          "@id": "https://data.datatourisme.fr/0669092d-f993-33b4-8bd8-86b0167a0f25",
          "schema:maxPrice": [
            "11",
            "48"
          ],
          "schema:minPrice": [
            "2.5",
            "9.8"
          ],
          "schema:priceCurrency": "EUR",
          "@type": [
            "schema:PriceSpecification",
            "PriceSpecification"
          ],
          "appliesOnPeriod": [
            {
              "@id": "https://data.datatourisme.fr/5714d2b4-e37d-3b81-a7fb-3e46a0efbefb",
              "@type": [
                "Period"
              ],
              "endDate": "2020-12-31",
              "startDate": "2020-01-01"
            }
          ]
        }
      ],
      "@type": [
        "schema:Offer",
        "Offer"
      ]
    }
  ]
}