{
  "@id": "https://data.datatourisme.fr/13/0cd400e4-4b14-3d00-89ef-c36097b8a686",
  "dc:identifier": "5394923",
  "schema:endDate": [
    "2023-01-06"
  ],
  "schema:startDate": [
    "2023-11-07"
  ],
  "@type": [
    "schema:Event",
    "EntertainmentAndEvent",
    "PointOfInterest"
  ],
  "rdfs:label": {
    "fr": [
      "Vitrines de Noël au Printemps"
    ]
  },
  "hasBeenCreatedBy": {
    "@id": "https://data.datatourisme.fr/13/03e0704b-5690-32de-a186-1dc3ad3316c9",
    "dc:identifier": "1019",
    "schema:email": [
      "bgeigle@visitparisregion.com",
      "hcaldo@visitparisregion.com",
      "mtanaskovic@visitparisregion.com"
    ],
    "schema:legalName": "Comité Régional du Tourisme Paris Ile de France",
    "@type": [
      "schema:Organization",
      "foaf:Agent",
      "Agent"
    ],
    "foaf:homepage": [
      "http://www.visitparisregion.com/"
    ]
  },
  "hasBeenPublishedBy": [
    {
      "@id": "https://data.datatourisme.fr/8a9feb4b-2cbd-3d2c-b507-bd6c6776b23b",
      "schema:legalName": "Apidae Tourisme Scic SA - source : Apidae Tourisme",
      "@type": [
        "schema:Organization",
        "foaf:Agent",
        "Agent"
      ],
      "foaf:homepage": [
        "https://www.apidae-tourisme.com/"
      ]
    }
  ],
  "hasContact": [
    {
      "@id": "https://data.datatourisme.fr/72af1fe3-51a5-3063-b5fa-62fc5d82554e",
      "schema:telephone": [
        "+33 1 42 82 50 00"
      ],
      "@type": [
        "foaf:Agent",
        "Agent"
      ],
      "foaf:homepage": [
        "http://www.printemps.com/magasins/paris-haussmann"
      ]
    }
  ],
  "isLocatedAt": [
    {
      "@id": "https://data.datatourisme.fr/903a26d5-8c11-31ab-adb4-ee54edb633ea",
      "schema:address": [
        {
          "@id": "https://data.datatourisme.fr/904ae42d-49ca-33e9-b947-792e7755e649",
          "schema:addressLocality": "Paris",
          "schema:postalCode": "75009",
          "schema:streetAddress": [
            "64 boulevard Haussmann",
            "Printemps"
          ],
          "@type": [
            "schema:PostalAddress",
            "PostalAddress"
          ],
          "hasAddressCity": {
            "@id": "kb:75056",
            "@type": [
              "City"
            ],
            "rdfs:label": {
              "de": [
                "Paris"
              ],
              "pt": [
                "Paris"
              ],
              "en": [
                "Paris"
              ],
              "it": [
                "Paris"
              ],
              "fr": [
                "Paris"
              ],
              "nl": [
                "Paris"
              ],
              "es": [
                "Paris"
              ]
            },
            "insee": "75056",
            "isPartOfDepartment": {
              "@id": "kb:France1175",
              "@type": [
                "Department"
              ],
              "rdfs:label": {
                "de": [
                  "Paris"
                ],
                "pt": [
                  "Paris"
                ],
                "en": [
                  "Paris"
                ],
                "it": [
                  "Paris"
                ],
                "fr": [
                  "Paris"
                ],
                "nl": [
                  "Paris"
                ],
                "es": [
                  "Paris"
                ]
              },
              "insee": "75",
              "isPartOfRegion": {
                "@id": "kb:France11",
                "@type": [
                  "Region"
                ],
                "rdfs:label": {
                  "de": [
                    "Île-de-France"
                  ],
                  "pt": [
                    "Île-de-France"
                  ],
                  "en": [
                    "Île-de-France"
                  ],
                  "it": [
                    "Île-de-France"
                  ],
                  "fr": [
                    "Île-de-France"
                  ],
                  "nl": [
                    "Île-de-France"
                  ],
                  "es": [
                    "Île-de-France"
                  ]
                },
                "insee": "11",
                "isPartOfCountry": {
                  "@id": "kb:France",
                  "@type": [
                    "schema:Country"
                  ],
                  "rdfs:label": {
                    "de": [
                      "France",
                      "Frankreich"
                    ],
                    "pt": [
                      "França",
                      "France"
                    ],
                    "en": [
                      "France"
                    ],
                    "it": [
                      "France",
                      "Francia"
                    ],
                    "fr": [
                      "France"
                    ],
                    "nl": [
                      "France",
                      "Frankrijk"
                    ],
                    "es": [
                      "France",
                      "Francia"
                    ]
                  }
                }
              }
            }
          }
        }
      ],
      "schema:geo": {
        "@id": "https://data.datatourisme.fr/eb06600a-ab92-3a49-b22a-d392ea3f6828",
        "schema:latitude": "48.873979",
        "schema:longitude": "2.3278",
        "@type": [
          "schema:GeoCoordinates"
        ]
      },
      "schema:openingHoursSpecification": [
        {
          "@id": "https://data.datatourisme.fr/6e3ec4b0-2a57-3af6-9fd0-ed6ff2553ae7",
          "schema:closes": "20:00:00",
          "schema:opens": "09:35:00",
          "schema:validFrom": "2023-11-07T00:00:00",
          "schema:validThrough": "2023-01-06T23:59:59",
          "@type": [
            "schema:OpeningHoursSpecification"
          ],
          "additionalInformation": {
            "de": [
              "Am Sonntag geschlossen. Außerordentliche Schließung am 1. Mai. Sonntag: 11h-19h\r\n\r\nNachtaktion am Donnerstag bis 20:45 Uhr."
            ],
            "en": [
              "Closed on Sundays. Exceptional closure on May 1st. Sunday: 11am-7pm\r\n\r\nNocturnal on Thursdays until 8:45 p.m."
            ],
            "it": [
              "Chiuso la domenica. Eccezionalmente chiuso il 1° maggio. Domenica: 11.00-19.00\r\n\r\nNotturno il giovedì fino alle 20.45."
            ],
            "fr": [
              "Fermé le dimanche. Fermeture exceptionnelle le 1er mai. Le dimanche : 11h-19h\r\n\r\nNocturne le jeudi jusqu’à 20h45."
            ],
            "nl": [
              "Gesloten op zondag. Uitzonderlijk gesloten op 1 mei. Zondag: 11.00-19.00 uur\r\n\r\nNocturne op donderdag tot 20.45 uur."
            ],
            "es": [
              "Cerrado los domingos. Cerrado excepcionalmente el 1 de mayo. Domingo: de 11:00 a 19:00 horas\r\n\r\nNocturno el jueves hasta las 20.45 horas."
            ]
          },
          "hasTranslatedProperty": [
            {
              "@id": "https://data.datatourisme.fr/5f1a2994-7668-3c93-ad6b-624b04d6a815",
              "dc:contributor": [
                "https://api.deepl.com/v2/translate"
              ],
              "rdf:language": [
                "de"
              ],
              "rdf:predicate": [
                "additionalInformation"
              ]
            },
            {
              "@id": "https://data.datatourisme.fr/b5419209-7b6b-3706-9bc1-20896619ba6a",
              "dc:contributor": [
                "https://api.deepl.com/v2/translate"
              ],
              "rdf:language": [
                "en"
              ],
              "rdf:predicate": [
                "additionalInformation"
              ]
            },
            {
              "@id": "https://data.datatourisme.fr/bf031c84-467f-3802-ad92-9822c94986f8",
              "dc:contributor": [
                "https://api.deepl.com/v2/translate"
              ],
              "rdf:language": [
                "it"
              ],
              "rdf:predicate": [
                "additionalInformation"
              ]
            },
            {
              "@id": "https://data.datatourisme.fr/fa3884c5-fe0f-3fdf-8412-8f5d2820c00f",
              "dc:contributor": [
                "https://api.deepl.com/v2/translate"
              ],
              "rdf:language": [
                "es"
              ],
              "rdf:predicate": [
                "additionalInformation"
              ]
            },
            {
              "@id": "https://data.datatourisme.fr/fec0be34-5d2a-3a34-b9fa-d9137da3ccc2",
              "dc:contributor": [
                "https://api.deepl.com/v2/translate"
              ],
              "rdf:language": [
                "nl"
              ],
              "rdf:predicate": [
                "additionalInformation"
              ]
            }
          ]
        }
      ],
      "@type": [
        "schema:Place",
        "Place"
      ]
    }
  ],
  "isOwnedBy": [
    {
      "@id": "https://data.datatourisme.fr/26ecd6f0-563c-356a-b0f9-ad3ec17effc4",
      "schema:email": [
        "bgeigle@visitparisregion.com",
        "hcaldo@visitparisregion.com",
        "mtanaskovic@visitparisregion.com"
      ],
      "schema:legalName": "Comité Régional du Tourisme Paris Ile de France",
      "@type": [
        "schema:Organization",
        "foaf:Agent",
        "Agent"
      ],
      "foaf:homepage": [
        "http://www.visitparisregion.com/"
      ]
    }
  ],
  "lastUpdate": "2019-12-04",
  "lastUpdateDatatourisme": "2023-05-30T05:49:20.351Z",
  "takesPlaceAt": [
    {
      "@id": "https://data.datatourisme.fr/8e89db38-655b-3cbb-adc1-dd5db1d1202e",
      "@type": [
        "Period"
      ],
      "endDate": "2023-01-06",
      "endTime": "20:00:00",
      "startDate": "2023-11-07",
      "startTime": "09:35:00"
    }
  ]
}