{
  "@id": "https://data.datatourisme.fr/13/0c98410c-c69d-3586-94c6-1c4fbce9fdcb",
  "dc:identifier": "727861",
  "@type": [
    "schema:FoodEstablishment",
    "FoodEstablishment",
    "PlaceOfInterest",
    "PointOfInterest"
  ],
  "rdfs:comment": {
    "de": [
      "Lassen Sie sich in diesem traditionellen Restaurant mit hausgemachter Küche verwöhnen!"
    ],
    "en": [
      "Come and enjoy this traditional restaurant with its home-made cuisine!"
    ],
    "it": [
      "Venite a gustare questo ristorante tradizionale con la sua cucina casalinga!"
    ],
    "fr": [
      "Venez vous régaler dans ce restaurant traditionnel proposant une cuisine faite maison !"
    ],
    "es": [
      "Venga a disfrutar de este restaurante tradicional con cocina casera"
    ],
    "nl": [
      "Kom genieten van dit traditionele restaurant met zijn huisgemaakte gerechten!"
    ]
  },
  "rdfs:label": {
    "en": [
      "L'Escale"
    ],
    "fr": [
      "L'Escale"
    ]
  },
  "hasBeenCreatedBy": {
    "@id": "https://data.datatourisme.fr/13/6d70cb65-d152-3172-adcc-e4c0e971e21c",
    "dc:identifier": "1038",
    "schema:email": [
      "communication@provins.net"
    ],
    "schema:legalName": "Provins Tourisme entre Bassée, Montois et Morin",
    "@type": [
      "schema:Organization",
      "foaf:Agent",
      "Agent"
    ],
    "foaf:homepage": [
      "https://www.provins.net/"
    ]
  },
  "hasBeenPublishedBy": [
    {
      "@id": "https://data.datatourisme.fr/1db24fc4-b534-39bf-bdaf-152c6f98730e",
      "schema:legalName": "Seine et Marne Attractivité - source : Apidae Tourisme",
      "@type": [
        "schema:Organization",
        "foaf:Agent",
        "Agent"
      ],
      "foaf:homepage": [
        "https://www.apidae-tourisme.com/"
      ]
    }
  ],
  "hasContact": [
    {
      "@id": "https://data.datatourisme.fr/ac355ab8-b829-373d-ac95-cb658b9ebe72",
      "schema:telephone": [
        "+33 1 64 00 63 20"
      ],
      "@type": [
        "foaf:Agent",
        "Agent"
      ],
      "foaf:homepage": [
        "https://www.lescalerest.fr/"
      ]
    }
  ],
  "hasDescription": [
    {
      "@id": "https://data.datatourisme.fr/e196aa20-2a7a-3c75-9ea2-518a7c0958dc",
      "@type": [
        "Description"
      ],
      "hasTranslatedProperty": [
        {
          "@id": "https://data.datatourisme.fr/529584cc-772e-390c-9297-2e963ce2b828",
          "dc:contributor": [
            "https://api.deepl.com/v2/translate"
          ],
          "rdf:language": [
            "it"
          ],
          "rdf:predicate": [
            "shortDescription"
          ]
        },
        {
          "@id": "https://data.datatourisme.fr/7230f33b-8511-32bb-a32c-9b6561dbca9a",
          "dc:contributor": [
            "https://api.deepl.com/v2/translate"
          ],
          "rdf:language": [
            "nl"
          ],
          "rdf:predicate": [
            "shortDescription"
          ]
        },
        {
          "@id": "https://data.datatourisme.fr/bca64d93-bc74-39bc-8c84-ee1936ff3fc0",
          "dc:contributor": [
            "https://api.deepl.com/v2/translate"
          ],
          "rdf:language": [
            "de"
          ],
          "rdf:predicate": [
            "shortDescription"
          ]
        },
        {
          "@id": "https://data.datatourisme.fr/d488c2a9-7954-3140-a053-5492b075ecab",
          "dc:contributor": [
            "https://api.deepl.com/v2/translate"
          ],
          "rdf:language": [
            "es"
          ],
          "rdf:predicate": [
            "shortDescription"
          ]
        }
      ],
      "shortDescription": {
        "de": [
          "Lassen Sie sich in diesem traditionellen Restaurant mit hausgemachter Küche verwöhnen!"
        ],
        "en": [
          "Come and enjoy this traditional restaurant with its home-made cuisine!"
        ],
        "it": [
          "Venite a gustare questo ristorante tradizionale con la sua cucina casalinga!"
        ],
        "fr": [
          "Venez vous régaler dans ce restaurant traditionnel proposant une cuisine faite maison !"
        ],
        "es": [
          "Venga a disfrutar de este restaurante tradicional con cocina casera"
        ],
        "nl": [
          "Kom genieten van dit traditionele restaurant met zijn huisgemaakte gerechten!"
        ]
      }
    }
  ],
  "hasTranslatedProperty": [
    {
      "@id": "https://data.datatourisme.fr/173ffbaa-c59c-30ed-a5fb-54e85b41488a",
      "dc:contributor": [
        "https://api.deepl.com/v2/translate"
      ],
      "rdf:language": [
        "nl"
      ],
      "rdf:predicate": [
        {
          "@id": "rdfs:comment"
        }
      ]
    },
    {
      "@id": "https://data.datatourisme.fr/7e919276-e408-36cf-8f70-0f256c412970",
      "dc:contributor": [
        "https://api.deepl.com/v2/translate"
      ],
      "rdf:language": [
        "de"
      ],
      "rdf:predicate": [
        {
          "@id": "rdfs:comment"
        }
      ]
    },
    {
      "@id": "https://data.datatourisme.fr/84e1cd04-de8f-375a-9fca-d4cbdd27847f",
      "dc:contributor": [
        "https://api.deepl.com/v2/translate"
      ],
      "rdf:language": [
        "es"
      ],
      "rdf:predicate": [
        {
          "@id": "rdfs:comment"
        }
      ]
    },
    {
      "@id": "https://data.datatourisme.fr/d46a3c9a-924d-367d-8792-42ca58fbbec1",
      "dc:contributor": [
        "https://api.deepl.com/v2/translate"
      ],
      "rdf:language": [
        "it"
      ],
      "rdf:predicate": [
        {
          "@id": "rdfs:comment"
        }
      ]
    }
  ],
  "isLocatedAt": [
    {
      "@id": "https://data.datatourisme.fr/437f7dde-01bf-31db-963c-1680a25a2e1d",
      "schema:address": [
        {
          "@id": "https://data.datatourisme.fr/e3bee13b-3380-3817-bc6e-522eaef29321",
          "schema:addressLocality": "Jutigny",
          "schema:postalCode": "77650",
          "schema:streetAddress": [
            "11 Route Nationale"
          ],
          "@type": [
            "schema:PostalAddress",
            "PostalAddress"
          ],
          "hasAddressCity": {
            "@id": "kb:77242",
            "@type": [
              "City"
            ],
            "rdfs:label": {
              "de": [
                "Jutigny"
              ],
              "pt": [
                "Jutigny"
              ],
              "en": [
                "Jutigny"
              ],
              "it": [
                "Jutigny"
              ],
              "fr": [
                "Jutigny"
              ],
              "nl": [
                "Jutigny"
              ],
              "es": [
                "Jutigny"
              ]
            },
            "insee": "77242",
            "isPartOfDepartment": {
              "@id": "kb:France1177",
              "@type": [
                "Department"
              ],
              "rdfs:label": {
                "de": [
                  "Seine-et-Marne"
                ],
                "pt": [
                  "Seine-et-Marne"
                ],
                "en": [
                  "Seine-et-Marne"
                ],
                "it": [
                  "Seine-et-Marne"
                ],
                "fr": [
                  "Seine-et-Marne"
                ],
                "nl": [
                  "Seine-et-Marne"
                ],
                "es": [
                  "Seine-et-Marne"
                ]
              },
              "insee": "77",
              "isPartOfRegion": {
                "@id": "kb:France11",
                "@type": [
                  "Region"
                ],
                "rdfs:label": {
                  "de": [
                    "Île-de-France"
                  ],
                  "pt": [
                    "Île-de-France"
                  ],
                  "en": [
                    "Île-de-France"
                  ],
                  "it": [
                    "Île-de-France"
                  ],
                  "fr": [
                    "Île-de-France"
                  ],
                  "nl": [
                    "Île-de-France"
                  ],
                  "es": [
                    "Île-de-France"
                  ]
                },
                "insee": "11",
                "isPartOfCountry": {
                  "@id": "kb:France",
                  "@type": [
                    "schema:Country"
                  ],
                  "rdfs:label": {
                    "de": [
                      "France",
                      "Frankreich"
                    ],
                    "pt": [
                      "França",
                      "France"
                    ],
                    "en": [
                      "France"
                    ],
                    "it": [
                      "France",
                      "Francia"
                    ],
                    "fr": [
                      "France"
                    ],
                    "nl": [
                      "France",
                      "Frankrijk"
                    ],
                    "es": [
                      "France",
                      "Francia"
                    ]
                  }
                }
              }
            }
          }
        }
      ],
      "schema:geo": {
        "@id": "https://data.datatourisme.fr/41190a68-5ab7-335b-b3e4-8f906afc8ef2",
        "schema:latitude": "48.49808",
        "schema:longitude": "3.2306",
        "@type": [
          "schema:GeoCoordinates"
        ]
      },
      "schema:openingHoursSpecification": [
        {
          "@id": "https://data.datatourisme.fr/f87e535a-636d-3343-ad63-8a03392e7511",
          "schema:validFrom": "2023-01-01T00:00:00",
          "schema:validThrough": "2023-12-31T23:59:59",
          "@type": [
            "schema:OpeningHoursSpecification"
          ]
        }
      ],
      "@type": [
        "schema:Place",
        "Place"
      ]
    }
  ],
  "isOwnedBy": [
    {
      "@id": "https://data.datatourisme.fr/7346881a-c323-3b24-b0bd-8d227215d231",
      "schema:email": [
        "communication@provins.net"
      ],
      "schema:legalName": "Provins Tourisme entre Bassée, Montois et Morin",
      "@type": [
        "schema:Organization",
        "foaf:Agent",
        "Agent"
      ],
      "foaf:homepage": [
        "https://www.provins.net/"
      ]
    }
  ],
  "lastUpdate": "2023-03-02",
  "lastUpdateDatatourisme": "2023-03-03T06:39:45.595Z"
}