{
  "@id": "https://data.datatourisme.fr/13/0caafaec-6362-376a-a333-7257cc78b436",
  "dc:identifier": "5453173",
  "@type": [
    "schema:FoodEstablishment",
    "FoodEstablishment",
    "PlaceOfInterest",
    "PointOfInterest"
  ],
  "rdfs:comment": {
    "de": [
      "O?tentations ist ein Restaurant, eine Bar und ein Café am Rond Point du Christ de Saclay. Es bietet eine raffinierte traditionelle Küche in einer gemütlichen Umgebung."
    ],
    "en": [
      "O'tentations is a restaurant, bar and café located on the Christ de Saclay roundabout. It serves sophisticated, traditional cuisine in a warm, friendly setting."
    ],
    "it": [
      "O?tentations è un ristorante, bar e caffè situato sulla rotatoria di Christ de Saclay. Offre una raffinata cucina tradizionale in un ambiente accogliente."
    ],
    "fr": [
      "O’tentations est un restaurant, bar et café situé sur le rond point du Christ de Saclay. Il offre une cuisine traditionnelle raffinée dans un cadre chaleureux."
    ],
    "nl": [
      "O?tentations is een restaurant, bar en café op de rotonde Christ de Saclay. Het biedt een verfijnde traditionele keuken in een warme omgeving."
    ],
    "es": [
      "O'tentations es un restaurante, bar y cafetería situado en la rotonda Christ de Saclay. Ofrece una refinada cocina tradicional en un ambiente cálido."
    ]
  },
  "rdfs:label": {
    "fr": [
      "O'Tentations"
    ]
  },
  "hasBeenCreatedBy": {
    "@id": "https://data.datatourisme.fr/13/e034fb6b-66aa-3c1d-88f4-45ddfb08da98",
    "dc:identifier": "1233",
    "schema:email": [
      "d.trioux@destination-paris-saclay.com"
    ],
    "schema:legalName": "Destination Paris-Saclay",
    "@type": [
      "schema:Organization",
      "foaf:Agent",
      "Agent"
    ],
    "foaf:homepage": [
      "https://www.destination-paris-saclay.com/"
    ]
  },
  "hasBeenPublishedBy": [
    {
      "@id": "https://data.datatourisme.fr/8a9feb4b-2cbd-3d2c-b507-bd6c6776b23b",
      "schema:legalName": "Apidae Tourisme Scic SA - source : Apidae Tourisme",
      "@type": [
        "schema:Organization",
        "foaf:Agent",
        "Agent"
      ],
      "foaf:homepage": [
        "https://www.apidae-tourisme.com/"
      ]
    }
  ],
  "hasContact": [
    {
      "@id": "https://data.datatourisme.fr/280b2046-9ce1-3c86-8c81-ada0d1956fbc",
      "schema:telephone": [
        "+33 6 37 25 31 01",
        "+33 9 75 73 04 25"
      ],
      "@type": [
        "foaf:Agent",
        "Agent"
      ]
    }
  ],
  "hasDescription": [
    {
      "@id": "https://data.datatourisme.fr/9edaf6cd-2202-3bdf-85c4-0aec0b2d9c92",
      "@type": [
        "Description"
      ],
      "hasTranslatedProperty": [
        {
          "@id": "https://data.datatourisme.fr/27c07776-5846-3a5a-8a75-c8f8d1d323e1",
          "dc:contributor": [
            "https://api.deepl.com/v2/translate"
          ],
          "rdf:language": [
            "de"
          ],
          "rdf:predicate": [
            "shortDescription"
          ]
        },
        {
          "@id": "https://data.datatourisme.fr/814c75fa-0899-3890-aeec-f684cf36dddd",
          "dc:contributor": [
            "https://api.deepl.com/v2/translate"
          ],
          "rdf:language": [
            "nl"
          ],
          "rdf:predicate": [
            "shortDescription"
          ]
        },
        {
          "@id": "https://data.datatourisme.fr/ee009329-ed90-3a5f-b68d-edfc069a357d",
          "dc:contributor": [
            "https://api.deepl.com/v2/translate"
          ],
          "rdf:language": [
            "it"
          ],
          "rdf:predicate": [
            "shortDescription"
          ]
        },
        {
          "@id": "https://data.datatourisme.fr/ffef47e1-939f-3912-b176-901c839c8bdf",
          "dc:contributor": [
            "https://api.deepl.com/v2/translate"
          ],
          "rdf:language": [
            "es"
          ],
          "rdf:predicate": [
            "shortDescription"
          ]
        }
      ],
      "shortDescription": {
        "de": [
          "O?tentations ist ein Restaurant, eine Bar und ein Café am Rond Point du Christ de Saclay. Es bietet eine raffinierte traditionelle Küche in einer gemütlichen Umgebung."
        ],
        "en": [
          "O'tentations is a restaurant, bar and café located on the Christ de Saclay roundabout. It serves sophisticated, traditional cuisine in a warm, friendly setting."
        ],
        "it": [
          "O?tentations è un ristorante, bar e caffè situato sulla rotatoria di Christ de Saclay. Offre una raffinata cucina tradizionale in un ambiente accogliente."
        ],
        "fr": [
          "O’tentations est un restaurant, bar et café situé sur le rond point du Christ de Saclay. Il offre une cuisine traditionnelle raffinée dans un cadre chaleureux."
        ],
        "nl": [
          "O?tentations is een restaurant, bar en café op de rotonde Christ de Saclay. Het biedt een verfijnde traditionele keuken in een warme omgeving."
        ],
        "es": [
          "O'tentations es un restaurante, bar y cafetería situado en la rotonda Christ de Saclay. Ofrece una refinada cocina tradicional en un ambiente cálido."
        ]
      }
    }
  ],
  "hasTranslatedProperty": [
    {
      "@id": "https://data.datatourisme.fr/17b30ee2-91c1-33c6-b4b0-b88b360b39fe",
      "dc:contributor": [
        "https://api.deepl.com/v2/translate"
      ],
      "rdf:language": [
        "it"
      ],
      "rdf:predicate": [
        {
          "@id": "rdfs:comment"
        }
      ]
    },
    {
      "@id": "https://data.datatourisme.fr/7efe8c09-496a-394b-a891-f687489b8690",
      "dc:contributor": [
        "https://api.deepl.com/v2/translate"
      ],
      "rdf:language": [
        "nl"
      ],
      "rdf:predicate": [
        {
          "@id": "rdfs:comment"
        }
      ]
    },
    {
      "@id": "https://data.datatourisme.fr/ae04c7c3-d2d0-326f-b49d-00b0086e31fa",
      "dc:contributor": [
        "https://api.deepl.com/v2/translate"
      ],
      "rdf:language": [
        "de"
      ],
      "rdf:predicate": [
        {
          "@id": "rdfs:comment"
        }
      ]
    },
    {
      "@id": "https://data.datatourisme.fr/fd677e5c-59d0-38bb-9029-4e57623382ce",
      "dc:contributor": [
        "https://api.deepl.com/v2/translate"
      ],
      "rdf:language": [
        "es"
      ],
      "rdf:predicate": [
        {
          "@id": "rdfs:comment"
        }
      ]
    }
  ],
  "isLocatedAt": [
    {
      "@id": "https://data.datatourisme.fr/88aea0fc-fa05-3167-a21e-1b80a4da3424",
      "schema:address": [
        {
          "@id": "https://data.datatourisme.fr/1ca626f2-700a-3bd2-aa5d-f15d64aa2ad4",
          "schema:addressLocality": "Saclay",
          "schema:postalCode": "91400",
          "schema:streetAddress": [
            "5, route de Bièvres"
          ],
          "@type": [
            "schema:PostalAddress",
            "PostalAddress"
          ],
          "hasAddressCity": {
            "@id": "kb:91534",
            "@type": [
              "City"
            ],
            "rdfs:label": {
              "de": [
                "Saclay"
              ],
              "pt": [
                "Saclay"
              ],
              "en": [
                "Saclay"
              ],
              "it": [
                "Saclay"
              ],
              "fr": [
                "Saclay"
              ],
              "nl": [
                "Saclay"
              ],
              "es": [
                "Saclay"
              ]
            },
            "insee": "91534",
            "isPartOfDepartment": {
              "@id": "kb:France1191",
              "@type": [
                "Department"
              ],
              "rdfs:label": {
                "de": [
                  "Essonne"
                ],
                "pt": [
                  "Essonne"
                ],
                "en": [
                  "Essonne"
                ],
                "it": [
                  "Essonne"
                ],
                "fr": [
                  "Essonne"
                ],
                "nl": [
                  "Essonne"
                ],
                "es": [
                  "Essonne"
                ]
              },
              "insee": "91",
              "isPartOfRegion": {
                "@id": "kb:France11",
                "@type": [
                  "Region"
                ],
                "rdfs:label": {
                  "de": [
                    "Île-de-France"
                  ],
                  "pt": [
                    "Île-de-France"
                  ],
                  "en": [
                    "Île-de-France"
                  ],
                  "it": [
                    "Île-de-France"
                  ],
                  "fr": [
                    "Île-de-France"
                  ],
                  "nl": [
                    "Île-de-France"
                  ],
                  "es": [
                    "Île-de-France"
                  ]
                },
                "insee": "11",
                "isPartOfCountry": {
                  "@id": "kb:France",
                  "@type": [
                    "schema:Country"
                  ],
                  "rdfs:label": {
                    "de": [
                      "France",
                      "Frankreich"
                    ],
                    "pt": [
                      "França",
                      "France"
                    ],
                    "en": [
                      "France"
                    ],
                    "it": [
                      "France",
                      "Francia"
                    ],
                    "fr": [
                      "France"
                    ],
                    "nl": [
                      "France",
                      "Frankrijk"
                    ],
                    "es": [
                      "France",
                      "Francia"
                    ]
                  }
                }
              }
            }
          }
        }
      ],
      "schema:geo": {
        "@id": "https://data.datatourisme.fr/2f848672-7c4b-3082-a125-186c0edd5534",
        "schema:latitude": "48.73114",
        "schema:longitude": "2.164336",
        "@type": [
          "schema:GeoCoordinates"
        ]
      },
      "schema:openingHoursSpecification": [
        {
          "@id": "https://data.datatourisme.fr/f87e535a-636d-3343-ad63-8a03392e7511",
          "schema:validFrom": "2023-01-01T00:00:00",
          "schema:validThrough": "2023-12-31T23:59:59",
          "@type": [
            "schema:OpeningHoursSpecification"
          ]
        }
      ],
      "@type": [
        "schema:Place",
        "Place"
      ]
    }
  ],
  "isOwnedBy": [
    {
      "@id": "https://data.datatourisme.fr/d87037ec-223f-3b91-8276-b2fe7d28f333",
      "schema:email": [
        "d.trioux@destination-paris-saclay.com"
      ],
      "schema:legalName": "Destination Paris-Saclay",
      "@type": [
        "schema:Organization",
        "foaf:Agent",
        "Agent"
      ],
      "foaf:homepage": [
        "https://www.destination-paris-saclay.com/"
      ]
    }
  ],
  "lastUpdate": "2022-12-15",
  "lastUpdateDatatourisme": "2023-02-01T18:07:35.721Z"
}