{
  "@id": "https://data.datatourisme.fr/13/0c7e470f-757d-32ee-8dcd-fef7cd999706",
  "dc:identifier": "5116738",
  "@type": [
    "schema:LocalBusiness",
    "ArtGalleryOrExhibitionGallery",
    "PlaceOfInterest",
    "PointOfInterest",
    "SportsAndLeisurePlace",
    "Store"
  ],
  "rdfs:comment": {
    "de": [
      "Ein Café, eine Boutique und eine Kunstgalerie."
    ],
    "en": [
      "Le Petit Cormier, tea room, shop and gallery."
    ],
    "it": [
      "Le Petit Cormier vi invita a scoprire i sapori della sua sala da tè, l'originalità e l'autenticità dei prodotti artigianali della sua boutique e gli universi degli artisti che hanno scelto la sua galleria per esporre."
    ],
    "fr": [
      "Le Petit Cormier vous invite à découvrir les saveurs de son Salon de Thé, l'originalité et l'authenticité des produits artisanaux de sa Boutique & les univers des artistes qui auront choisi sa Galerie pour exposer."
    ],
    "nl": [
      "Le Petit Cormier nodigt u uit om de smaken van zijn theesalon, de originaliteit en authenticiteit van de ambachtelijke producten in zijn boetiek en de werelden van de kunstenaars die zijn galerie hebben gekozen om te exposeren, te ontdekken."
    ],
    "es": [
      "Le Petit Cormier le invita a descubrir los sabores de su Salón de Té, la originalidad y autenticidad de los productos artesanales de su Boutique y los universos de los artistas que han elegido su Galería para exponer."
    ]
  },
  "rdfs:label": {
    "de": [
      "Kunstgalerie \"Le Petit Cormier\""
    ],
    "en": [
      "Le Petit Cormier, Exhibition Space"
    ],
    "fr": [
      "Le Petit Cormier, galerie d'art"
    ]
  },
  "hasBeenCreatedBy": {
    "@id": "https://data.datatourisme.fr/13/84f0f204-82cd-37e5-aaca-f7364a643d33",
    "dc:identifier": "1640",
    "schema:email": [
      "fabrizia.brun@ccmsl.com",
      "marie.striebel@ccmsl.com",
      "tourisme@ccmsl.com"
    ],
    "schema:legalName": "Communauté de Communes Moret Seine et Loing",
    "@type": [
      "schema:Organization",
      "foaf:Agent",
      "Agent"
    ],
    "foaf:homepage": [
      "http://www.ccmsl.fr/"
    ]
  },
  "hasBeenPublishedBy": [
    {
      "@id": "https://data.datatourisme.fr/1db24fc4-b534-39bf-bdaf-152c6f98730e",
      "schema:legalName": "Seine et Marne Attractivité - source : Apidae Tourisme",
      "@type": [
        "schema:Organization",
        "foaf:Agent",
        "Agent"
      ],
      "foaf:homepage": [
        "https://www.apidae-tourisme.com/"
      ]
    }
  ],
  "hasContact": [
    {
      "@id": "https://data.datatourisme.fr/727762e1-69ab-3cc2-a419-01233876efe8",
      "schema:email": [
        "contact@lepetitcormier.fr",
        "tourisme@ccmsl.com"
      ],
      "schema:telephone": [
        "+33 1 60 70 41 66",
        "+33 1 64 78 27 49"
      ],
      "@type": [
        "foaf:Agent",
        "Agent"
      ],
      "foaf:homepage": [
        "http://www.lepetitcormier.fr/",
        "http://www.msl-tourisme.fr/"
      ]
    }
  ],
  "hasDescription": [
    {
      "@id": "https://data.datatourisme.fr/7f12a01e-dd79-3978-8623-96e6b98c5968",
      "@type": [
        "Description"
      ],
      "hasTranslatedProperty": [
        {
          "@id": "https://data.datatourisme.fr/960d22af-dcc2-36f8-b0eb-0640e73de100",
          "dc:contributor": [
            "https://api.deepl.com/v2/translate"
          ],
          "rdf:language": [
            "es"
          ],
          "rdf:predicate": [
            "shortDescription"
          ]
        },
        {
          "@id": "https://data.datatourisme.fr/ab90a879-dddf-3baa-919d-28d8a9348284",
          "dc:contributor": [
            "https://api.deepl.com/v2/translate"
          ],
          "rdf:language": [
            "it"
          ],
          "rdf:predicate": [
            "shortDescription"
          ]
        },
        {
          "@id": "https://data.datatourisme.fr/f8601a7a-0a10-3e57-a215-ff9f9c8f6e4e",
          "dc:contributor": [
            "https://api.deepl.com/v2/translate"
          ],
          "rdf:language": [
            "nl"
          ],
          "rdf:predicate": [
            "shortDescription"
          ]
        }
      ],
      "shortDescription": {
        "de": [
          "Ein Café, eine Boutique und eine Kunstgalerie."
        ],
        "en": [
          "Le Petit Cormier, tea room, shop and gallery."
        ],
        "it": [
          "Le Petit Cormier vi invita a scoprire i sapori della sua sala da tè, l'originalità e l'autenticità dei prodotti artigianali della sua boutique e gli universi degli artisti che hanno scelto la sua galleria per esporre."
        ],
        "fr": [
          "Le Petit Cormier vous invite à découvrir les saveurs de son Salon de Thé, l'originalité et l'authenticité des produits artisanaux de sa Boutique & les univers des artistes qui auront choisi sa Galerie pour exposer."
        ],
        "nl": [
          "Le Petit Cormier nodigt u uit om de smaken van zijn theesalon, de originaliteit en authenticiteit van de ambachtelijke producten in zijn boetiek en de werelden van de kunstenaars die zijn galerie hebben gekozen om te exposeren, te ontdekken."
        ],
        "es": [
          "Le Petit Cormier le invita a descubrir los sabores de su Salón de Té, la originalidad y autenticidad de los productos artesanales de su Boutique y los universos de los artistas que han elegido su Galería para exponer."
        ]
      }
    }
  ],
  "hasTranslatedProperty": [
    {
      "@id": "https://data.datatourisme.fr/0ab06cdb-9f96-3cef-9003-beb376232b58",
      "dc:contributor": [
        "https://api.deepl.com/v2/translate"
      ],
      "rdf:language": [
        "nl"
      ],
      "rdf:predicate": [
        {
          "@id": "rdfs:comment"
        }
      ]
    },
    {
      "@id": "https://data.datatourisme.fr/21c05b2c-cac5-3563-8b30-4321d631171a",
      "dc:contributor": [
        "https://api.deepl.com/v2/translate"
      ],
      "rdf:language": [
        "es"
      ],
      "rdf:predicate": [
        {
          "@id": "rdfs:comment"
        }
      ]
    },
    {
      "@id": "https://data.datatourisme.fr/c5200d82-bdb7-3d30-a97e-4924ac69884a",
      "dc:contributor": [
        "https://api.deepl.com/v2/translate"
      ],
      "rdf:language": [
        "it"
      ],
      "rdf:predicate": [
        {
          "@id": "rdfs:comment"
        }
      ]
    }
  ],
  "isLocatedAt": [
    {
      "@id": "https://data.datatourisme.fr/aac57eae-8069-337b-a164-a6185ad8ecac",
      "schema:address": [
        {
          "@id": "https://data.datatourisme.fr/a4f46515-aa9c-3c7c-bfd8-70ca9ac59fcf",
          "schema:addressLocality": "Montigny-sur-Loing",
          "schema:postalCode": "77690",
          "schema:streetAddress": [
            "2 ruelle des Cormiers"
          ],
          "@type": [
            "schema:PostalAddress",
            "PostalAddress"
          ],
          "hasAddressCity": {
            "@id": "kb:77312",
            "@type": [
              "City"
            ],
            "rdfs:label": {
              "de": [
                "Montigny-sur-Loing"
              ],
              "pt": [
                "Montigny-sur-Loing"
              ],
              "en": [
                "Montigny-sur-Loing"
              ],
              "it": [
                "Montigny-sur-Loing"
              ],
              "fr": [
                "Montigny-sur-Loing"
              ],
              "nl": [
                "Montigny-sur-Loing"
              ],
              "es": [
                "Montigny-sur-Loing"
              ]
            },
            "insee": "77312",
            "isPartOfDepartment": {
              "@id": "kb:France1177",
              "@type": [
                "Department"
              ],
              "rdfs:label": {
                "de": [
                  "Seine-et-Marne"
                ],
                "pt": [
                  "Seine-et-Marne"
                ],
                "en": [
                  "Seine-et-Marne"
                ],
                "it": [
                  "Seine-et-Marne"
                ],
                "fr": [
                  "Seine-et-Marne"
                ],
                "nl": [
                  "Seine-et-Marne"
                ],
                "es": [
                  "Seine-et-Marne"
                ]
              },
              "insee": "77",
              "isPartOfRegion": {
                "@id": "kb:France11",
                "@type": [
                  "Region"
                ],
                "rdfs:label": {
                  "de": [
                    "Île-de-France"
                  ],
                  "pt": [
                    "Île-de-France"
                  ],
                  "en": [
                    "Île-de-France"
                  ],
                  "it": [
                    "Île-de-France"
                  ],
                  "fr": [
                    "Île-de-France"
                  ],
                  "nl": [
                    "Île-de-France"
                  ],
                  "es": [
                    "Île-de-France"
                  ]
                },
                "insee": "11",
                "isPartOfCountry": {
                  "@id": "kb:France",
                  "@type": [
                    "schema:Country"
                  ],
                  "rdfs:label": {
                    "de": [
                      "France",
                      "Frankreich"
                    ],
                    "pt": [
                      "França",
                      "France"
                    ],
                    "en": [
                      "France"
                    ],
                    "it": [
                      "France",
                      "Francia"
                    ],
                    "fr": [
                      "France"
                    ],
                    "nl": [
                      "France",
                      "Frankrijk"
                    ],
                    "es": [
                      "France",
                      "Francia"
                    ]
                  }
                }
              }
            }
          }
        }
      ],
      "schema:geo": {
        "@id": "https://data.datatourisme.fr/98451e81-ca7f-33c8-84a9-a96f79c7956b",
        "schema:latitude": "48.335144",
        "schema:longitude": "2.743472",
        "@type": [
          "schema:GeoCoordinates"
        ]
      },
      "schema:openingHoursSpecification": [
        {
          "@id": "https://data.datatourisme.fr/579526dd-5785-3df3-b3a0-5d9b1c42a88f",
          "schema:closes": "12:30:00",
          "schema:opens": "10:00:00",
          "schema:validFrom": "2023-04-01T00:00:00",
          "schema:validThrough": "2023-09-30T23:59:59",
          "@type": [
            "schema:OpeningHoursSpecification"
          ]
        },
        {
          "@id": "https://data.datatourisme.fr/8b85ee01-8220-3c72-a853-8b12d2feaea2",
          "schema:closes": "12:30:00",
          "schema:opens": "10:00:00",
          "schema:validFrom": "2023-12-01T00:00:00",
          "schema:validThrough": "2023-12-31T23:59:59",
          "@type": [
            "schema:OpeningHoursSpecification"
          ]
        },
        {
          "@id": "https://data.datatourisme.fr/ea127c65-1f04-3652-ba96-e228f4858a8e",
          "schema:closes": "12:30:00",
          "schema:opens": "10:00:00",
          "schema:validFrom": "2023-01-01T00:00:00",
          "schema:validThrough": "2023-03-31T23:59:59",
          "@type": [
            "schema:OpeningHoursSpecification"
          ]
        },
        {
          "@id": "https://data.datatourisme.fr/f5bc812a-f4f3-3f84-ace4-c0dd99c13811",
          "schema:closes": "12:30:00",
          "schema:opens": "10:00:00",
          "schema:validFrom": "2023-10-01T00:00:00",
          "schema:validThrough": "2023-11-30T23:59:59",
          "@type": [
            "schema:OpeningHoursSpecification"
          ]
        }
      ],
      "@type": [
        "schema:Place",
        "Place"
      ]
    }
  ],
  "isOwnedBy": [
    {
      "@id": "https://data.datatourisme.fr/6d26ae2c-7de7-397c-b135-928637ab3b5f",
      "schema:email": [
        "fabrizia.brun@ccmsl.com",
        "marie.striebel@ccmsl.com"
      ],
      "schema:legalName": "Communauté de Communes Moret Seine et Loing",
      "@type": [
        "schema:Organization",
        "foaf:Agent",
        "Agent"
      ],
      "foaf:homepage": [
        "http://www.ccmsl.fr/"
      ]
    }
  ],
  "lastUpdate": "2022-11-25",
  "lastUpdateDatatourisme": "2023-02-01T18:07:35.579Z"
}