{
  "@id": "https://data.datatourisme.fr/13/0c307e7c-729c-30a8-a998-ed3ae3f682b8",
  "dc:identifier": "5134825",
  "@type": [
    "schema:Accommodation",
    "schema:FoodEstablishment",
    "schema:Hotel",
    "schema:LodgingBusiness",
    "schema:Restaurant",
    "Accommodation",
    "FoodEstablishment",
    "Hotel",
    "HotelRestaurant",
    "HotelTrade",
    "PlaceOfInterest",
    "PointOfInterest",
    "Restaurant"
  ],
  "rdfs:comment": {
    "de": [
      "Sind Sie bereit für das ultimative Erlebnis? Das Golden Tulip 4**** Hotel befindet sich in der Nähe des Flughafens Roissy CDG. Dieses Hotel ist der ideale Ort für eine Geschäftsreise, Seminare oder Veranstaltungen. Genießen Sie während Ihres Urlaubs einen Ausflug nach Paris!"
    ],
    "en": [
      "Ready for the ultimate experience? The Golden Tulip 4**** hotel is located near Roissy CDG Airport. The ideal place for a business trip, meeting or event. Enjoy a break in Paris during your holiday!"
    ],
    "it": [
      "Pronti per l'esperienza più bella? L'hotel Golden Tulip 4**** si trova vicino all'aeroporto Roissy CDG. Questo hotel è il luogo ideale per un viaggio d'affari, un seminario o un evento. Godetevi una fuga a Parigi durante le vostre vacanze!"
    ],
    "fr": [
      "Prêt pour une ultime expérience ? L'hôtel Golden Tulip 4**** est situé à proximité de l'aéroport Roissy CDG. Cet hôtel est l'endroit idéal pour un déplacement professionnel, séminaires ou évènements. Profitez d'une escapade à Paris pendant vos vacances !"
    ],
    "es": [
      "¿Listo para vivir la experiencia definitiva? El hotel Golden Tulip 4**** está situado cerca del aeropuerto Roissy CDG. Este hotel es el lugar ideal para un viaje de negocios, un seminario o un evento. ¡Disfrute de una escapada a París durante sus vacaciones!"
    ],
    "nl": [
      "Klaar voor de ultieme ervaring? Het Golden Tulip 4**** hotel ligt vlakbij de luchthaven Roissy CDG. Dit hotel is de ideale plek voor een zakenreis, seminar of evenement. Geniet van een uitje naar Parijs tijdens uw vakantie!"
    ]
  },
  "rdfs:label": {
    "de": [
      "Hôtel Golden Tulip Paris Aéroport CDG Villepinte"
    ],
    "ru": [
      "Hôtel Golden Tulip Paris Aéroport CDG Villepinte"
    ],
    "en": [
      "Hôtel Golden Tulip Paris Aéroport CDG Villepinte"
    ],
    "it": [
      "Hôtel Golden Tulip Paris Aéroport CDG Villepinte"
    ],
    "fr": [
      "Hôtel Golden Tulip Paris CDG Aéroport Villepinte"
    ],
    "zh": [
      "Hôtel Golden Tulip Paris Aéroport CDG Villepinte"
    ],
    "nl": [
      "Hôtel Golden Tulip Paris Aéroport CDG Villepinte"
    ],
    "es": [
      "Hôtel Golden Tulip Paris Aéroport CDG Villepinte"
    ]
  },
  "hasBeenCreatedBy": {
    "@id": "https://data.datatourisme.fr/13/7810ccd4-1bf2-3faa-a2c4-e1f20db70a71",
    "dc:identifier": "1272",
    "schema:email": [
      "afertah@ville-roissy95.fr",
      "csebban@ville-roissy95.fr",
      "mlegris@ville-roissy95.fr"
    ],
    "schema:legalName": "Office de Tourisme Grand Roissy",
    "@type": [
      "schema:Organization",
      "foaf:Agent",
      "Agent"
    ],
    "foaf:homepage": [
      "https://www.grand-roissy-tourisme.com/"
    ]
  },
  "hasBeenPublishedBy": [
    {
      "@id": "https://data.datatourisme.fr/8a9feb4b-2cbd-3d2c-b507-bd6c6776b23b",
      "schema:legalName": "Apidae Tourisme Scic SA - source : Apidae Tourisme",
      "@type": [
        "schema:Organization",
        "foaf:Agent",
        "Agent"
      ],
      "foaf:homepage": [
        "https://www.apidae-tourisme.com/"
      ]
    }
  ],
  "hasContact": [
    {
      "@id": "https://data.datatourisme.fr/eeeec242-2eed-34da-8e97-70f13291b94d",
      "schema:email": [
        "groupes.roissy@goldentulipcdgvillepinte.com",
        "roissy@goldentulipcdgvillepinte.com",
        "seminaires.roissy@goldentulipcdgvillepinte.com"
      ],
      "schema:telephone": [
        "+33 1 34 29 00 00",
        "+33 1 34 29 03 80",
        "+33 1 34 29 88 50"
      ],
      "@type": [
        "foaf:Agent",
        "Agent"
      ],
      "foaf:homepage": [
        "http://www.goldentulipcdgvillepinte.com/fr"
      ]
    }
  ],
  "hasDescription": [
    {
      "@id": "https://data.datatourisme.fr/051afc07-13d1-3440-ac53-9c3be5ee6528",
      "@type": [
        "Description"
      ],
      "hasTranslatedProperty": [
        {
          "@id": "https://data.datatourisme.fr/267d9645-a55e-389f-9a2f-2a5a853bdf67",
          "dc:contributor": [
            "https://api.deepl.com/v2/translate"
          ],
          "rdf:language": [
            "it"
          ],
          "rdf:predicate": [
            "shortDescription"
          ]
        },
        {
          "@id": "https://data.datatourisme.fr/68b30980-99f4-3325-8dde-35b04e24c018",
          "dc:contributor": [
            "https://api.deepl.com/v2/translate"
          ],
          "rdf:language": [
            "de"
          ],
          "rdf:predicate": [
            "shortDescription"
          ]
        },
        {
          "@id": "https://data.datatourisme.fr/acecd048-317a-3d44-be1d-3d4cb4d16146",
          "dc:contributor": [
            "https://api.deepl.com/v2/translate"
          ],
          "rdf:language": [
            "nl"
          ],
          "rdf:predicate": [
            "shortDescription"
          ]
        },
        {
          "@id": "https://data.datatourisme.fr/d43d8a40-89b3-30dd-affb-e1a8ef19f5d9",
          "dc:contributor": [
            "https://api.deepl.com/v2/translate"
          ],
          "rdf:language": [
            "es"
          ],
          "rdf:predicate": [
            "shortDescription"
          ]
        }
      ],
      "shortDescription": {
        "de": [
          "Sind Sie bereit für das ultimative Erlebnis? Das Golden Tulip 4**** Hotel befindet sich in der Nähe des Flughafens Roissy CDG. Dieses Hotel ist der ideale Ort für eine Geschäftsreise, Seminare oder Veranstaltungen. Genießen Sie während Ihres Urlaubs einen Ausflug nach Paris!"
        ],
        "en": [
          "Ready for the ultimate experience? The Golden Tulip 4**** hotel is located near Roissy CDG Airport. The ideal place for a business trip, meeting or event. Enjoy a break in Paris during your holiday!"
        ],
        "it": [
          "Pronti per l'esperienza più bella? L'hotel Golden Tulip 4**** si trova vicino all'aeroporto Roissy CDG. Questo hotel è il luogo ideale per un viaggio d'affari, un seminario o un evento. Godetevi una fuga a Parigi durante le vostre vacanze!"
        ],
        "fr": [
          "Prêt pour une ultime expérience ? L'hôtel Golden Tulip 4**** est situé à proximité de l'aéroport Roissy CDG. Cet hôtel est l'endroit idéal pour un déplacement professionnel, séminaires ou évènements. Profitez d'une escapade à Paris pendant vos vacances !"
        ],
        "es": [
          "¿Listo para vivir la experiencia definitiva? El hotel Golden Tulip 4**** está situado cerca del aeropuerto Roissy CDG. Este hotel es el lugar ideal para un viaje de negocios, un seminario o un evento. ¡Disfrute de una escapada a París durante sus vacaciones!"
        ],
        "nl": [
          "Klaar voor de ultieme ervaring? Het Golden Tulip 4**** hotel ligt vlakbij de luchthaven Roissy CDG. Dit hotel is de ideale plek voor een zakenreis, seminar of evenement. Geniet van een uitje naar Parijs tijdens uw vakantie!"
        ]
      }
    }
  ],
  "hasTranslatedProperty": [
    {
      "@id": "https://data.datatourisme.fr/022d1f33-bc99-3576-930a-9c254aee9151",
      "dc:contributor": [
        "https://api.deepl.com/v2/translate"
      ],
      "rdf:language": [
        "it"
      ],
      "rdf:predicate": [
        {
          "@id": "rdfs:comment"
        }
      ]
    },
    {
      "@id": "https://data.datatourisme.fr/45fa4814-cef0-391c-bbba-1b1ac502975d",
      "dc:contributor": [
        "https://api.deepl.com/v2/translate"
      ],
      "rdf:language": [
        "de"
      ],
      "rdf:predicate": [
        {
          "@id": "rdfs:comment"
        }
      ]
    },
    {
      "@id": "https://data.datatourisme.fr/985fa27b-9bcd-3291-ade4-16b629a0d61a",
      "dc:contributor": [
        "https://api.deepl.com/v2/translate"
      ],
      "rdf:language": [
        "nl"
      ],
      "rdf:predicate": [
        {
          "@id": "rdfs:comment"
        }
      ]
    },
    {
      "@id": "https://data.datatourisme.fr/fd00a648-4674-3c90-a2f2-f43b4a04b301",
      "dc:contributor": [
        "https://api.deepl.com/v2/translate"
      ],
      "rdf:language": [
        "es"
      ],
      "rdf:predicate": [
        {
          "@id": "rdfs:comment"
        }
      ]
    }
  ],
  "isLocatedAt": [
    {
      "@id": "https://data.datatourisme.fr/27e77505-f1d3-333f-b17e-bd6470778ada",
      "schema:address": [
        {
          "@id": "https://data.datatourisme.fr/9331d78b-b574-3519-9263-1888c0963300",
          "schema:addressLocality": "Roissy-en-France",
          "schema:postalCode": "95700",
          "schema:streetAddress": [
            "11 Allée du Verger"
          ],
          "@type": [
            "schema:PostalAddress",
            "PostalAddress"
          ],
          "hasAddressCity": {
            "@id": "kb:95527",
            "@type": [
              "City"
            ],
            "rdfs:label": {
              "de": [
                "Roissy-en-France"
              ],
              "pt": [
                "Roissy-en-France"
              ],
              "en": [
                "Roissy-en-France"
              ],
              "it": [
                "Roissy-en-France"
              ],
              "fr": [
                "Roissy-en-France"
              ],
              "nl": [
                "Roissy-en-France"
              ],
              "es": [
                "Roissy-en-France"
              ]
            },
            "insee": "95527",
            "isPartOfDepartment": {
              "@id": "kb:France1195",
              "@type": [
                "Department"
              ],
              "rdfs:label": {
                "de": [
                  "Val-d'Oise"
                ],
                "pt": [
                  "Val-d'Oise"
                ],
                "en": [
                  "Val-d'Oise"
                ],
                "it": [
                  "Val-d'Oise"
                ],
                "fr": [
                  "Val-d'Oise"
                ],
                "nl": [
                  "Val-d'Oise"
                ],
                "es": [
                  "Val-d'Oise"
                ]
              },
              "insee": "95",
              "isPartOfRegion": {
                "@id": "kb:France11",
                "@type": [
                  "Region"
                ],
                "rdfs:label": {
                  "de": [
                    "Île-de-France"
                  ],
                  "pt": [
                    "Île-de-France"
                  ],
                  "en": [
                    "Île-de-France"
                  ],
                  "it": [
                    "Île-de-France"
                  ],
                  "fr": [
                    "Île-de-France"
                  ],
                  "nl": [
                    "Île-de-France"
                  ],
                  "es": [
                    "Île-de-France"
                  ]
                },
                "insee": "11",
                "isPartOfCountry": {
                  "@id": "kb:France",
                  "@type": [
                    "schema:Country"
                  ],
                  "rdfs:label": {
                    "de": [
                      "France",
                      "Frankreich"
                    ],
                    "pt": [
                      "França",
                      "France"
                    ],
                    "en": [
                      "France"
                    ],
                    "it": [
                      "France",
                      "Francia"
                    ],
                    "fr": [
                      "France"
                    ],
                    "nl": [
                      "France",
                      "Frankrijk"
                    ],
                    "es": [
                      "France",
                      "Francia"
                    ]
                  }
                }
              }
            }
          }
        }
      ],
      "schema:geo": {
        "@id": "https://data.datatourisme.fr/358b5ca4-02ee-398e-b941-914005858926",
        "schema:latitude": "48.998",
        "schema:longitude": "2.5171",
        "@type": [
          "schema:GeoCoordinates"
        ]
      },
      "schema:openingHoursSpecification": [
        {
          "@id": "https://data.datatourisme.fr/f87e535a-636d-3343-ad63-8a03392e7511",
          "schema:validFrom": "2023-01-01T00:00:00",
          "schema:validThrough": "2023-12-31T23:59:59",
          "@type": [
            "schema:OpeningHoursSpecification"
          ]
        }
      ],
      "@type": [
        "schema:Place",
        "Place"
      ]
    }
  ],
  "isOwnedBy": [
    {
      "@id": "https://data.datatourisme.fr/818ba162-886f-3d2a-a3d0-b535923ee594",
      "schema:email": [
        "afertah@ville-roissy95.fr",
        "csebban@ville-roissy95.fr",
        "mlegris@ville-roissy95.fr"
      ],
      "schema:legalName": "Office de Tourisme Grand Roissy",
      "@type": [
        "schema:Organization",
        "foaf:Agent",
        "Agent"
      ],
      "foaf:homepage": [
        "https://www.grand-roissy-tourisme.com/"
      ]
    }
  ],
  "lastUpdate": "2023-03-09",
  "lastUpdateDatatourisme": "2023-05-30T05:49:20.291Z",
  "offers": [
    {
      "@id": "https://data.datatourisme.fr/dcc6b04f-ccad-36d2-9174-f30b13c22aa7",
      "schema:priceSpecification": [
        {
          "@id": "https://data.datatourisme.fr/5e972253-7fd1-393f-a84f-e428b5d0df57",
          "schema:maxPrice": [
            "15",
            "19"
          ],
          "schema:minPrice": [
            "12",
            "125",
            "15",
            "19",
            "95"
          ],
          "schema:priceCurrency": "EUR",
          "@type": [
            "schema:PriceSpecification",
            "PriceSpecification"
          ],
          "appliesOnPeriod": [
            {
              "@id": "https://data.datatourisme.fr/7ff82ba6-ad07-3a8b-987f-de828797f6b6",
              "@type": [
                "Period"
              ],
              "endDate": "2025-12-31",
              "startDate": "2023-01-01"
            }
          ]
        }
      ],
      "@type": [
        "schema:Offer",
        "Offer"
      ]
    }
  ]
}