{
  "@id": "https://data.datatourisme.fr/13/0cc7ae5f-7911-3a39-b1da-4d69849fbd45",
  "dc:identifier": "6290176",
  "@type": [
    "schema:LocalBusiness",
    "CraftsmanShop",
    "PlaceOfInterest",
    "PointOfInterest",
    "Store"
  ],
  "rdfs:comment": {
    "de": [
      "Schmuck und Accessoires aus recycelten Fahrradschläuchen"
    ],
    "en": [
      "Jewelry and accessories made from recycled inner tubes"
    ],
    "it": [
      "Gioielli e accessori realizzati con camere d'aria riciclate"
    ],
    "fr": [
      "Bijoux et accessoires fabriqués avec des chambres à air recyclées"
    ],
    "nl": [
      "Sieraden en accessoires gemaakt van gerecyclede binnenbanden"
    ],
    "es": [
      "Joyas y accesorios fabricados con cámaras de aire recicladas"
    ]
  },
  "rdfs:label": {
    "fr": [
      "La recyclerie d'Emilie"
    ]
  },
  "hasBeenCreatedBy": {
    "@id": "https://data.datatourisme.fr/13/4f16c818-875d-3fcb-a867-c7bdc89be7eb",
    "dc:identifier": "1085",
    "schema:email": [
      "d.gougetdelandres@millylaforet-tourisme.com"
    ],
    "schema:legalName": "Office de Tourisme de Milly-la-Forêt",
    "@type": [
      "schema:Organization",
      "foaf:Agent",
      "Agent"
    ]
  },
  "hasBeenPublishedBy": [
    {
      "@id": "https://data.datatourisme.fr/8a9feb4b-2cbd-3d2c-b507-bd6c6776b23b",
      "schema:legalName": "Apidae Tourisme Scic SA - source : Apidae Tourisme",
      "@type": [
        "schema:Organization",
        "foaf:Agent",
        "Agent"
      ],
      "foaf:homepage": [
        "https://www.apidae-tourisme.com/"
      ]
    }
  ],
  "hasContact": [
    {
      "@id": "https://data.datatourisme.fr/7ad4b5b6-fad3-34c5-a9f7-0ea9a24a4af6",
      "schema:email": [
        "larecycleriedemilie@gmail.com"
      ],
      "@type": [
        "foaf:Agent",
        "Agent"
      ],
      "foaf:homepage": [
        "https://www.etsy.com/fr/shop/RecycleriedEmilie?ref=profile_header",
        "https://www.instagram.com/larecycleriedemilie/?hl=fr"
      ]
    }
  ],
  "hasDescription": [
    {
      "@id": "https://data.datatourisme.fr/6e2d6255-c3e1-3bc4-a9ab-18df05a1248b",
      "@type": [
        "Description"
      ],
      "hasTranslatedProperty": [
        {
          "@id": "https://data.datatourisme.fr/28029985-cf9f-353f-9acf-d1966de9e87c",
          "dc:contributor": [
            "https://api.deepl.com/v2/translate"
          ],
          "rdf:language": [
            "de"
          ],
          "rdf:predicate": [
            "shortDescription"
          ]
        },
        {
          "@id": "https://data.datatourisme.fr/a2021caf-944c-311f-89e9-ffeeab2f7b7a",
          "dc:contributor": [
            "https://api.deepl.com/v2/translate"
          ],
          "rdf:language": [
            "it"
          ],
          "rdf:predicate": [
            "shortDescription"
          ]
        },
        {
          "@id": "https://data.datatourisme.fr/a2117ce8-94f5-3530-9704-186e2b10ba42",
          "dc:contributor": [
            "https://api.deepl.com/v2/translate"
          ],
          "rdf:language": [
            "en"
          ],
          "rdf:predicate": [
            "shortDescription"
          ]
        },
        {
          "@id": "https://data.datatourisme.fr/be15b14d-1e15-30d5-8a49-f537e917e728",
          "dc:contributor": [
            "https://api.deepl.com/v2/translate"
          ],
          "rdf:language": [
            "es"
          ],
          "rdf:predicate": [
            "shortDescription"
          ]
        },
        {
          "@id": "https://data.datatourisme.fr/eb244a83-4016-3835-9329-3891f91d6238",
          "dc:contributor": [
            "https://api.deepl.com/v2/translate"
          ],
          "rdf:language": [
            "nl"
          ],
          "rdf:predicate": [
            "shortDescription"
          ]
        }
      ],
      "shortDescription": {
        "de": [
          "Schmuck und Accessoires aus recycelten Fahrradschläuchen"
        ],
        "en": [
          "Jewelry and accessories made from recycled inner tubes"
        ],
        "it": [
          "Gioielli e accessori realizzati con camere d'aria riciclate"
        ],
        "fr": [
          "Bijoux et accessoires fabriqués avec des chambres à air recyclées"
        ],
        "nl": [
          "Sieraden en accessoires gemaakt van gerecyclede binnenbanden"
        ],
        "es": [
          "Joyas y accesorios fabricados con cámaras de aire recicladas"
        ]
      }
    }
  ],
  "hasTranslatedProperty": [
    {
      "@id": "https://data.datatourisme.fr/23744858-51b9-3148-9584-1716aa93b7b5",
      "dc:contributor": [
        "https://api.deepl.com/v2/translate"
      ],
      "rdf:language": [
        "es"
      ],
      "rdf:predicate": [
        {
          "@id": "rdfs:comment"
        }
      ]
    },
    {
      "@id": "https://data.datatourisme.fr/40cf1e33-7180-390b-bd66-340f1a5350bc",
      "dc:contributor": [
        "https://api.deepl.com/v2/translate"
      ],
      "rdf:language": [
        "nl"
      ],
      "rdf:predicate": [
        {
          "@id": "rdfs:comment"
        }
      ]
    },
    {
      "@id": "https://data.datatourisme.fr/57ab77c3-fa65-399d-84fa-25e2cd487440",
      "dc:contributor": [
        "https://api.deepl.com/v2/translate"
      ],
      "rdf:language": [
        "de"
      ],
      "rdf:predicate": [
        {
          "@id": "rdfs:comment"
        }
      ]
    },
    {
      "@id": "https://data.datatourisme.fr/58b11cd0-72bf-30f0-a91c-482278894f7c",
      "dc:contributor": [
        "https://api.deepl.com/v2/translate"
      ],
      "rdf:language": [
        "it"
      ],
      "rdf:predicate": [
        {
          "@id": "rdfs:comment"
        }
      ]
    },
    {
      "@id": "https://data.datatourisme.fr/d8cee55d-6736-343c-b26f-f72fe92298be",
      "dc:contributor": [
        "https://api.deepl.com/v2/translate"
      ],
      "rdf:language": [
        "en"
      ],
      "rdf:predicate": [
        {
          "@id": "rdfs:comment"
        }
      ]
    }
  ],
  "isLocatedAt": [
    {
      "@id": "https://data.datatourisme.fr/ab69e4bd-bf56-3f40-9d1a-caa98cf9fe01",
      "schema:address": [
        {
          "@id": "https://data.datatourisme.fr/75052ba1-b71b-3461-988b-2a32bf919fa8",
          "schema:addressLocality": "Boutigny-sur-Essonne",
          "schema:postalCode": "91820",
          "@type": [
            "schema:PostalAddress",
            "PostalAddress"
          ],
          "hasAddressCity": {
            "@id": "kb:91099",
            "@type": [
              "City"
            ],
            "rdfs:label": {
              "de": [
                "Boutigny-sur-Essonne"
              ],
              "pt": [
                "Boutigny-sur-Essonne"
              ],
              "en": [
                "Boutigny-sur-Essonne"
              ],
              "it": [
                "Boutigny-sur-Essonne"
              ],
              "fr": [
                "Boutigny-sur-Essonne"
              ],
              "nl": [
                "Boutigny-sur-Essonne"
              ],
              "es": [
                "Boutigny-sur-Essonne"
              ]
            },
            "insee": "91099",
            "isPartOfDepartment": {
              "@id": "kb:France1191",
              "@type": [
                "Department"
              ],
              "rdfs:label": {
                "de": [
                  "Essonne"
                ],
                "pt": [
                  "Essonne"
                ],
                "en": [
                  "Essonne"
                ],
                "it": [
                  "Essonne"
                ],
                "fr": [
                  "Essonne"
                ],
                "nl": [
                  "Essonne"
                ],
                "es": [
                  "Essonne"
                ]
              },
              "insee": "91",
              "isPartOfRegion": {
                "@id": "kb:France11",
                "@type": [
                  "Region"
                ],
                "rdfs:label": {
                  "de": [
                    "Île-de-France"
                  ],
                  "pt": [
                    "Île-de-France"
                  ],
                  "en": [
                    "Île-de-France"
                  ],
                  "it": [
                    "Île-de-France"
                  ],
                  "fr": [
                    "Île-de-France"
                  ],
                  "nl": [
                    "Île-de-France"
                  ],
                  "es": [
                    "Île-de-France"
                  ]
                },
                "insee": "11",
                "isPartOfCountry": {
                  "@id": "kb:France",
                  "@type": [
                    "schema:Country"
                  ],
                  "rdfs:label": {
                    "de": [
                      "France",
                      "Frankreich"
                    ],
                    "pt": [
                      "França",
                      "France"
                    ],
                    "en": [
                      "France"
                    ],
                    "it": [
                      "France",
                      "Francia"
                    ],
                    "fr": [
                      "France"
                    ],
                    "nl": [
                      "France",
                      "Frankrijk"
                    ],
                    "es": [
                      "France",
                      "Francia"
                    ]
                  }
                }
              }
            }
          }
        }
      ],
      "schema:geo": {
        "@id": "https://data.datatourisme.fr/f705ffaf-5a88-3d89-b223-f98c53228247",
        "schema:latitude": "48.435848",
        "schema:longitude": "2.376919",
        "@type": [
          "schema:GeoCoordinates"
        ]
      },
      "schema:openingHoursSpecification": [
        {
          "@id": "https://data.datatourisme.fr/f87e535a-636d-3343-ad63-8a03392e7511",
          "schema:validFrom": "2023-01-01T00:00:00",
          "schema:validThrough": "2023-12-31T23:59:59",
          "@type": [
            "schema:OpeningHoursSpecification"
          ]
        }
      ],
      "@type": [
        "schema:Place",
        "Place"
      ]
    }
  ],
  "isOwnedBy": [
    {
      "@id": "https://data.datatourisme.fr/ba14239d-77c2-3f22-8840-5bca53349549",
      "schema:email": [
        "d.gougetdelandres@millylaforet-tourisme.com"
      ],
      "schema:legalName": "Office de Tourisme de Milly-la-Forêt",
      "@type": [
        "schema:Organization",
        "foaf:Agent",
        "Agent"
      ]
    }
  ],
  "lastUpdate": "2022-10-08",
  "lastUpdateDatatourisme": "2023-02-01T18:07:35.826Z"
}