{
  "@id": "https://data.datatourisme.fr/13/0cdcdf59-90f2-3a5c-ba3a-84f4b7d0f3f1",
  "dc:identifier": "703871",
  "@type": [
    "schema:MovieTheater",
    "Cinema",
    "PlaceOfInterest",
    "PointOfInterest",
    "SportsAndLeisurePlace",
    "Theater"
  ],
  "rdfs:comment": {
    "de": [
      "Der Espace 1789 ist ein Ort für multidisziplinäre Veranstaltungen und ein Arthouse-Kino"
    ],
    "en": [
      "The Espace 1789 is a place of multidisciplinary show and arthouse cinema"
    ],
    "it": [
      "L'Espace 1789 è uno spazio multidisciplinare per spettacoli e un cinema d'essai"
    ],
    "fr": [
      "L’Espace 1789 est un lieu de spectacle pluridisciplinaire et un cinéma d’art et essai"
    ],
    "es": [
      "Espace 1789 es un lugar de espectáculo pluridisciplinario y un cine de arte y de ensayo"
    ],
    "nl": [
      "De Espace 1789 is een multidisciplinaire performance ruimte en een art house cinema"
    ]
  },
  "rdfs:label": {
    "en": [
      "Espace 1789"
    ],
    "fr": [
      "Espace 1789"
    ],
    "es": [
      "Espace 1789"
    ]
  },
  "hasBeenCreatedBy": {
    "@id": "https://data.datatourisme.fr/13/298923c8-1900-35e9-9288-b430794814c4",
    "dc:identifier": "1015",
    "schema:email": [
      "jt.charbonnier@plainecommunetourisme.com",
      "s.vallier@plainecommunetourisme.com",
      "webmarketer@plainecommunetourisme.com"
    ],
    "schema:legalName": "Office de Tourisme Plaine commune grand Paris",
    "@type": [
      "schema:Organization",
      "foaf:Agent",
      "Agent"
    ],
    "foaf:homepage": [
      "https://www.tourisme-plainecommune-paris.com/"
    ]
  },
  "hasBeenPublishedBy": [
    {
      "@id": "https://data.datatourisme.fr/8a9feb4b-2cbd-3d2c-b507-bd6c6776b23b",
      "schema:legalName": "Apidae Tourisme Scic SA - source : Apidae Tourisme",
      "@type": [
        "schema:Organization",
        "foaf:Agent",
        "Agent"
      ],
      "foaf:homepage": [
        "https://www.apidae-tourisme.com/"
      ]
    }
  ],
  "hasContact": [
    {
      "@id": "https://data.datatourisme.fr/17ffa085-b7d7-3651-a97d-4b2498853dd7",
      "schema:email": [
        "resa@espace-1789.com"
      ],
      "schema:telephone": [
        "+33 1 40 11 70 72"
      ],
      "@type": [
        "foaf:Agent",
        "Agent"
      ],
      "foaf:homepage": [
        "http://www.espace-1789.com/"
      ]
    }
  ],
  "hasDescription": [
    {
      "@id": "https://data.datatourisme.fr/eff33b9d-b8a2-37e9-870a-ac441643ab05",
      "@type": [
        "Description"
      ],
      "hasTranslatedProperty": [
        {
          "@id": "https://data.datatourisme.fr/5fd47c8e-9776-3899-b65e-f9bd8750fe4d",
          "dc:contributor": [
            "https://api.deepl.com/v2/translate"
          ],
          "rdf:language": [
            "it"
          ],
          "rdf:predicate": [
            "shortDescription"
          ]
        },
        {
          "@id": "https://data.datatourisme.fr/e2030978-cc66-35f6-88af-fcb8a18519de",
          "dc:contributor": [
            "https://api.deepl.com/v2/translate"
          ],
          "rdf:language": [
            "nl"
          ],
          "rdf:predicate": [
            "shortDescription"
          ]
        },
        {
          "@id": "https://data.datatourisme.fr/e70f73cd-777c-31f4-a5cc-3733dd1a5195",
          "dc:contributor": [
            "https://api.deepl.com/v2/translate"
          ],
          "rdf:language": [
            "de"
          ],
          "rdf:predicate": [
            "shortDescription"
          ]
        }
      ],
      "shortDescription": {
        "de": [
          "Der Espace 1789 ist ein Ort für multidisziplinäre Veranstaltungen und ein Arthouse-Kino"
        ],
        "en": [
          "The Espace 1789 is a place of multidisciplinary show and arthouse cinema"
        ],
        "it": [
          "L'Espace 1789 è uno spazio multidisciplinare per spettacoli e un cinema d'essai"
        ],
        "fr": [
          "L’Espace 1789 est un lieu de spectacle pluridisciplinaire et un cinéma d’art et essai"
        ],
        "es": [
          "Espace 1789 es un lugar de espectáculo pluridisciplinario y un cine de arte y de ensayo"
        ],
        "nl": [
          "De Espace 1789 is een multidisciplinaire performance ruimte en een art house cinema"
        ]
      }
    }
  ],
  "hasTranslatedProperty": [
    {
      "@id": "https://data.datatourisme.fr/1038b189-9254-38fc-b97a-026bb0e85449",
      "dc:contributor": [
        "https://api.deepl.com/v2/translate"
      ],
      "rdf:language": [
        "nl"
      ],
      "rdf:predicate": [
        {
          "@id": "rdfs:comment"
        }
      ]
    },
    {
      "@id": "https://data.datatourisme.fr/241b0c33-b4e3-3719-918b-ec8a2efd65d4",
      "dc:contributor": [
        "https://api.deepl.com/v2/translate"
      ],
      "rdf:language": [
        "de"
      ],
      "rdf:predicate": [
        {
          "@id": "rdfs:comment"
        }
      ]
    },
    {
      "@id": "https://data.datatourisme.fr/f77e8358-4e95-3eb2-894b-d3b4c8a8d8fe",
      "dc:contributor": [
        "https://api.deepl.com/v2/translate"
      ],
      "rdf:language": [
        "it"
      ],
      "rdf:predicate": [
        {
          "@id": "rdfs:comment"
        }
      ]
    }
  ],
  "isLocatedAt": [
    {
      "@id": "https://data.datatourisme.fr/325d7480-a0ad-3da5-bd6d-280e83e89796",
      "schema:address": [
        {
          "@id": "https://data.datatourisme.fr/e65d3b13-4518-3f7e-a3d6-52611946d363",
          "schema:addressLocality": "Saint-Ouen-sur-Seine",
          "schema:postalCode": "93400",
          "schema:streetAddress": [
            "2-4 rue Alexandre Bachelet"
          ],
          "@type": [
            "schema:PostalAddress",
            "PostalAddress"
          ],
          "hasAddressCity": {
            "@id": "kb:93070",
            "@type": [
              "City"
            ],
            "rdfs:label": {
              "de": [
                "Saint-Ouen-sur-Seine"
              ],
              "pt": [
                "Saint-Ouen-sur-Seine"
              ],
              "en": [
                "Saint-Ouen-sur-Seine"
              ],
              "it": [
                "Saint-Ouen-sur-Seine"
              ],
              "fr": [
                "Saint-Ouen-sur-Seine"
              ],
              "nl": [
                "Saint-Ouen-sur-Seine"
              ],
              "es": [
                "Saint-Ouen-sur-Seine"
              ]
            },
            "insee": "93070",
            "isPartOfDepartment": {
              "@id": "kb:France1193",
              "@type": [
                "Department"
              ],
              "rdfs:label": {
                "de": [
                  "Seine-Saint-Denis"
                ],
                "pt": [
                  "Seine-Saint-Denis"
                ],
                "en": [
                  "Seine-Saint-Denis"
                ],
                "it": [
                  "Seine-Saint-Denis"
                ],
                "fr": [
                  "Seine-Saint-Denis"
                ],
                "nl": [
                  "Seine-Saint-Denis"
                ],
                "es": [
                  "Seine-Saint-Denis"
                ]
              },
              "insee": "93",
              "isPartOfRegion": {
                "@id": "kb:France11",
                "@type": [
                  "Region"
                ],
                "rdfs:label": {
                  "de": [
                    "Île-de-France"
                  ],
                  "pt": [
                    "Île-de-France"
                  ],
                  "en": [
                    "Île-de-France"
                  ],
                  "it": [
                    "Île-de-France"
                  ],
                  "fr": [
                    "Île-de-France"
                  ],
                  "nl": [
                    "Île-de-France"
                  ],
                  "es": [
                    "Île-de-France"
                  ]
                },
                "insee": "11",
                "isPartOfCountry": {
                  "@id": "kb:France",
                  "@type": [
                    "schema:Country"
                  ],
                  "rdfs:label": {
                    "de": [
                      "France",
                      "Frankreich"
                    ],
                    "pt": [
                      "França",
                      "France"
                    ],
                    "en": [
                      "France"
                    ],
                    "it": [
                      "France",
                      "Francia"
                    ],
                    "fr": [
                      "France"
                    ],
                    "nl": [
                      "France",
                      "Frankrijk"
                    ],
                    "es": [
                      "France",
                      "Francia"
                    ]
                  }
                }
              }
            }
          }
        }
      ],
      "schema:geo": {
        "@id": "https://data.datatourisme.fr/6906ebec-aac2-36c2-a462-2925b20ac04a",
        "schema:latitude": "48.908169",
        "schema:longitude": "2.333624",
        "@type": [
          "schema:GeoCoordinates"
        ]
      },
      "schema:openingHoursSpecification": [
        {
          "@id": "https://data.datatourisme.fr/4dd31b8c-469a-30a7-a7d8-cb6934b50ff4",
          "schema:validFrom": "2023-01-01T00:00:00",
          "schema:validThrough": "2023-12-31T23:59:59",
          "@type": [
            "schema:OpeningHoursSpecification"
          ],
          "additionalInformation": {
            "de": [
              "Montag bis Freitag von 10:00 bis 12:00 Uhr und von 14:00 bis 17:30 Uhr\r\nSamstags und sonntags von 14:30 bis 18:00 Uhr."
            ],
            "en": [
              "Monday to Friday from 10am to 12pm and from 2pm to 5.30pm\r\nSaturday and Sunday from 2:30 to 6:00 pm."
            ],
            "it": [
              "Dal lunedì al venerdì dalle 10.00 alle 12.00 e dalle 14.00 alle 17.30\r\nSabato e domenica dalle 14.30 alle 18.00."
            ],
            "fr": [
              "Lundi au vendredi de 10h à 12h et de 14h à 17h30 \r\nLe samedi et dimanche de 14h30 à 18h."
            ],
            "nl": [
              "Maandag tot vrijdag van 10 tot 12 uur en van 14 tot 17.30 uur\r\nZaterdag en zondag van 14.30 tot 18.00 uur."
            ],
            "es": [
              "De lunes a viernes, de 10:00 a 12:00 y de 14:00 a 17:30\r\nSábado y domingo de 14.30 a 18.00 horas."
            ]
          },
          "hasTranslatedProperty": [
            {
              "@id": "https://data.datatourisme.fr/0915b454-9aed-38f4-bafb-b0a2a1f0399a",
              "dc:contributor": [
                "https://api.deepl.com/v2/translate"
              ],
              "rdf:language": [
                "de"
              ],
              "rdf:predicate": [
                "additionalInformation"
              ]
            },
            {
              "@id": "https://data.datatourisme.fr/109e2670-bc46-3c35-93d7-90ed148f2ab2",
              "dc:contributor": [
                "https://api.deepl.com/v2/translate"
              ],
              "rdf:language": [
                "nl"
              ],
              "rdf:predicate": [
                "additionalInformation"
              ]
            },
            {
              "@id": "https://data.datatourisme.fr/82e33bf0-638f-3b50-ab57-f2c6dc6a4c06",
              "dc:contributor": [
                "https://api.deepl.com/v2/translate"
              ],
              "rdf:language": [
                "it"
              ],
              "rdf:predicate": [
                "additionalInformation"
              ]
            },
            {
              "@id": "https://data.datatourisme.fr/98b7d273-a22a-3849-a3ef-1d4f60da6645",
              "dc:contributor": [
                "https://api.deepl.com/v2/translate"
              ],
              "rdf:language": [
                "es"
              ],
              "rdf:predicate": [
                "additionalInformation"
              ]
            },
            {
              "@id": "https://data.datatourisme.fr/dbf2f2b5-3155-3628-94ef-56bd9a9181e5",
              "dc:contributor": [
                "https://api.deepl.com/v2/translate"
              ],
              "rdf:language": [
                "en"
              ],
              "rdf:predicate": [
                "additionalInformation"
              ]
            }
          ]
        }
      ],
      "@type": [
        "schema:Place",
        "Place"
      ]
    }
  ],
  "isOwnedBy": [
    {
      "@id": "https://data.datatourisme.fr/0d295593-2e92-3cc3-8700-156dfc8eed88",
      "schema:email": [
        "jt.charbonnier@plainecommunetourisme.com",
        "s.vallier@plainecommunetourisme.com",
        "webmarketer@plainecommunetourisme.com"
      ],
      "schema:legalName": "Office de Tourisme Plaine commune grand Paris",
      "@type": [
        "schema:Organization",
        "foaf:Agent",
        "Agent"
      ],
      "foaf:homepage": [
        "https://www.tourisme-plainecommune-paris.com/"
      ]
    }
  ],
  "lastUpdate": "2022-09-04",
  "lastUpdateDatatourisme": "2023-02-01T18:07:35.681Z"
}