{
  "@id": "https://data.datatourisme.fr/13/0c8a1d68-8108-3298-99a7-a941252700d2",
  "dc:identifier": "5151342",
  "@type": [
    "schema:FoodEstablishment",
    "FoodEstablishment",
    "PlaceOfInterest",
    "PointOfInterest"
  ],
  "rdfs:comment": {
    "de": [
      "Für Liebhaber der indischen Küche: Krapfen, Tandoori-Hähnchen, Madras-Garnelen, Bengali-Fisch... so viele Gerichte, die Ihren Gaumen auf eine Reise schicken werden!"
    ],
    "en": [
      "For lovers of Indian cuisine: doughnuts, tandoori chicken, madras shrimps, Bengali fish... so many dishes that will make your taste buds travel!"
    ],
    "it": [
      "Per gli amanti della cucina indiana: frittelle, pollo tandoori, gamberi madras, pesce bengalese... tutti piatti che faranno viaggiare le vostre papille gustative!"
    ],
    "fr": [
      "Pour les amateurs de cuisine indienne : beignets, poulet tandoori, crevettes madras, poisson bengali... autant de plats qui feront voyager vos papilles !"
    ],
    "nl": [
      "Voor de liefhebbers van de Indische keuken: beignets, tandoori kip, garnalen madras, Bengaalse vis... allemaal gerechten die uw smaakpapillen op reis doen gaan!"
    ],
    "es": [
      "Para los amantes de la cocina india: buñuelos, pollo tandoori, gambas madras, pescado bengalí... ¡todos los platos que harán viajar a sus papilas gustativas!"
    ]
  },
  "rdfs:label": {
    "fr": [
      "Jodhaa's"
    ]
  },
  "hasBeenCreatedBy": {
    "@id": "https://data.datatourisme.fr/13/1baff70e-2669-3837-a347-efd3a874a341",
    "dc:identifier": "1489",
    "schema:email": [
      "emilie.prai@saintgermainenlaye.fr",
      "emilie.rochat@seine-saintgermain.fr",
      "melissa.moreau@saintgermainenlaye.fr"
    ],
    "schema:legalName": "Office de Tourisme Intercommunal de Saint Germain Boucles de Seine",
    "@type": [
      "schema:Organization",
      "foaf:Agent",
      "Agent"
    ],
    "foaf:homepage": [
      "http://www.reservation.seine-saintgermain.fr/"
    ]
  },
  "hasBeenPublishedBy": [
    {
      "@id": "https://data.datatourisme.fr/8a9feb4b-2cbd-3d2c-b507-bd6c6776b23b",
      "schema:legalName": "Apidae Tourisme Scic SA - source : Apidae Tourisme",
      "@type": [
        "schema:Organization",
        "foaf:Agent",
        "Agent"
      ],
      "foaf:homepage": [
        "https://www.apidae-tourisme.com/"
      ]
    }
  ],
  "hasContact": [
    {
      "@id": "https://data.datatourisme.fr/a50e05bb-f0c1-3a5b-8d60-04c9ce402e07",
      "schema:telephone": [
        "+33 1 39 12 30 56"
      ],
      "@type": [
        "foaf:Agent",
        "Agent"
      ]
    }
  ],
  "hasDescription": [
    {
      "@id": "https://data.datatourisme.fr/4a41c07d-968a-3345-8dfd-1d2b83e968fd",
      "@type": [
        "Description"
      ],
      "hasTranslatedProperty": [
        {
          "@id": "https://data.datatourisme.fr/1a31d8f1-8965-3744-8171-9763323a9f24",
          "dc:contributor": [
            "https://api.deepl.com/v2/translate"
          ],
          "rdf:language": [
            "en"
          ],
          "rdf:predicate": [
            "shortDescription"
          ]
        },
        {
          "@id": "https://data.datatourisme.fr/53acb271-ab66-3141-9bb4-9b1c5bfaa791",
          "dc:contributor": [
            "https://api.deepl.com/v2/translate"
          ],
          "rdf:language": [
            "es"
          ],
          "rdf:predicate": [
            "shortDescription"
          ]
        },
        {
          "@id": "https://data.datatourisme.fr/7911745e-0845-358b-b697-81cf6d67607a",
          "dc:contributor": [
            "https://api.deepl.com/v2/translate"
          ],
          "rdf:language": [
            "de"
          ],
          "rdf:predicate": [
            "shortDescription"
          ]
        },
        {
          "@id": "https://data.datatourisme.fr/909b0ace-327e-3bfe-8d34-9ac35844c9be",
          "dc:contributor": [
            "https://api.deepl.com/v2/translate"
          ],
          "rdf:language": [
            "nl"
          ],
          "rdf:predicate": [
            "shortDescription"
          ]
        },
        {
          "@id": "https://data.datatourisme.fr/bfebe1fb-5647-3b35-be02-ab1fae2c0407",
          "dc:contributor": [
            "https://api.deepl.com/v2/translate"
          ],
          "rdf:language": [
            "it"
          ],
          "rdf:predicate": [
            "shortDescription"
          ]
        }
      ],
      "shortDescription": {
        "de": [
          "Für Liebhaber der indischen Küche: Krapfen, Tandoori-Hähnchen, Madras-Garnelen, Bengali-Fisch... so viele Gerichte, die Ihren Gaumen auf eine Reise schicken werden!"
        ],
        "en": [
          "For lovers of Indian cuisine: doughnuts, tandoori chicken, madras shrimps, Bengali fish... so many dishes that will make your taste buds travel!"
        ],
        "it": [
          "Per gli amanti della cucina indiana: frittelle, pollo tandoori, gamberi madras, pesce bengalese... tutti piatti che faranno viaggiare le vostre papille gustative!"
        ],
        "fr": [
          "Pour les amateurs de cuisine indienne : beignets, poulet tandoori, crevettes madras, poisson bengali... autant de plats qui feront voyager vos papilles !"
        ],
        "nl": [
          "Voor de liefhebbers van de Indische keuken: beignets, tandoori kip, garnalen madras, Bengaalse vis... allemaal gerechten die uw smaakpapillen op reis doen gaan!"
        ],
        "es": [
          "Para los amantes de la cocina india: buñuelos, pollo tandoori, gambas madras, pescado bengalí... ¡todos los platos que harán viajar a sus papilas gustativas!"
        ]
      }
    }
  ],
  "hasTranslatedProperty": [
    {
      "@id": "https://data.datatourisme.fr/10c1d514-278c-37df-84b4-350e56f9ebf1",
      "dc:contributor": [
        "https://api.deepl.com/v2/translate"
      ],
      "rdf:language": [
        "de"
      ],
      "rdf:predicate": [
        {
          "@id": "rdfs:comment"
        }
      ]
    },
    {
      "@id": "https://data.datatourisme.fr/22c5c7df-2e72-3e2e-af32-6b706142f6f9",
      "dc:contributor": [
        "https://api.deepl.com/v2/translate"
      ],
      "rdf:language": [
        "en"
      ],
      "rdf:predicate": [
        {
          "@id": "rdfs:comment"
        }
      ]
    },
    {
      "@id": "https://data.datatourisme.fr/73ef6788-795b-3dd0-abe9-1a695bf187d7",
      "dc:contributor": [
        "https://api.deepl.com/v2/translate"
      ],
      "rdf:language": [
        "es"
      ],
      "rdf:predicate": [
        {
          "@id": "rdfs:comment"
        }
      ]
    },
    {
      "@id": "https://data.datatourisme.fr/a4aa14a9-0319-3e84-a2d1-a2a3978eb175",
      "dc:contributor": [
        "https://api.deepl.com/v2/translate"
      ],
      "rdf:language": [
        "nl"
      ],
      "rdf:predicate": [
        {
          "@id": "rdfs:comment"
        }
      ]
    },
    {
      "@id": "https://data.datatourisme.fr/f2bcfa51-2f53-3d14-a735-15a43947b738",
      "dc:contributor": [
        "https://api.deepl.com/v2/translate"
      ],
      "rdf:language": [
        "it"
      ],
      "rdf:predicate": [
        {
          "@id": "rdfs:comment"
        }
      ]
    }
  ],
  "isLocatedAt": [
    {
      "@id": "https://data.datatourisme.fr/fedc0511-eea6-3d2a-9133-f5b93657776a",
      "schema:address": [
        {
          "@id": "https://data.datatourisme.fr/0a915e16-7db0-312e-983a-32c234b3f3c0",
          "schema:addressLocality": "Sartrouville",
          "schema:postalCode": "78500",
          "schema:streetAddress": [
            "21 avenue de la République"
          ],
          "@type": [
            "schema:PostalAddress",
            "PostalAddress"
          ],
          "hasAddressCity": {
            "@id": "kb:78586",
            "@type": [
              "City"
            ],
            "rdfs:label": {
              "de": [
                "Sartrouville"
              ],
              "pt": [
                "Sartrouville"
              ],
              "en": [
                "Sartrouville"
              ],
              "it": [
                "Sartrouville"
              ],
              "fr": [
                "Sartrouville"
              ],
              "nl": [
                "Sartrouville"
              ],
              "es": [
                "Sartrouville"
              ]
            },
            "insee": "78586",
            "isPartOfDepartment": {
              "@id": "kb:France1178",
              "@type": [
                "Department"
              ],
              "rdfs:label": {
                "de": [
                  "Yvelines"
                ],
                "pt": [
                  "Yvelines"
                ],
                "en": [
                  "Yvelines"
                ],
                "it": [
                  "Yvelines"
                ],
                "fr": [
                  "Yvelines"
                ],
                "nl": [
                  "Yvelines"
                ],
                "es": [
                  "Yvelines"
                ]
              },
              "insee": "78",
              "isPartOfRegion": {
                "@id": "kb:France11",
                "@type": [
                  "Region"
                ],
                "rdfs:label": {
                  "de": [
                    "Île-de-France"
                  ],
                  "pt": [
                    "Île-de-France"
                  ],
                  "en": [
                    "Île-de-France"
                  ],
                  "it": [
                    "Île-de-France"
                  ],
                  "fr": [
                    "Île-de-France"
                  ],
                  "nl": [
                    "Île-de-France"
                  ],
                  "es": [
                    "Île-de-France"
                  ]
                },
                "insee": "11",
                "isPartOfCountry": {
                  "@id": "kb:France",
                  "@type": [
                    "schema:Country"
                  ],
                  "rdfs:label": {
                    "de": [
                      "France",
                      "Frankreich"
                    ],
                    "pt": [
                      "França",
                      "France"
                    ],
                    "en": [
                      "France"
                    ],
                    "it": [
                      "France",
                      "Francia"
                    ],
                    "fr": [
                      "France"
                    ],
                    "nl": [
                      "France",
                      "Frankrijk"
                    ],
                    "es": [
                      "France",
                      "Francia"
                    ]
                  }
                }
              }
            }
          }
        }
      ],
      "schema:geo": {
        "@id": "https://data.datatourisme.fr/cec5d2bd-4652-3697-9487-41adf1d291ff",
        "schema:latitude": "48.936647",
        "schema:longitude": "2.155424",
        "@type": [
          "schema:GeoCoordinates"
        ]
      },
      "schema:openingHoursSpecification": [
        {
          "@id": "https://data.datatourisme.fr/dbe359d5-b8d1-3487-b41b-b1003f689bb5",
          "schema:validFrom": "2023-01-01T00:00:00",
          "schema:validThrough": "2023-12-31T23:59:59",
          "@type": [
            "schema:OpeningHoursSpecification"
          ],
          "additionalInformation": {
            "de": [
              "Montag: 18h-23h15\r\nDienstag bis Sonntag: 12:00-15:00 Uhr / 18:00-23:00 Uhr"
            ],
            "en": [
              "Monday: 6:00pm-9:15pm\r\nTuesday to Sunday: 12h-15h / 18h-23h"
            ],
            "it": [
              "Lunedì: 18.00-11.15\r\nDa martedì a domenica: 12.00-15.00 / 18.00-11.00"
            ],
            "fr": [
              "Lundi : 18h-23h15\r\nDu mardi au dimanche : 12h-15h / 18h-23h"
            ],
            "nl": [
              "Maandag: 18.00-11.15 uur\r\nDinsdag tot zondag: 12pm-3pm / 18pm-11pm"
            ],
            "es": [
              "Lunes: de 18:00 a 23:15\r\nDe martes a domingo: de 12:00 a 15:00 horas / de 18:00 a 23:00 horas"
            ]
          },
          "hasTranslatedProperty": [
            {
              "@id": "https://data.datatourisme.fr/1fd71dff-38ae-33dd-87c1-38f236ca347b",
              "dc:contributor": [
                "https://api.deepl.com/v2/translate"
              ],
              "rdf:language": [
                "en"
              ],
              "rdf:predicate": [
                "additionalInformation"
              ]
            },
            {
              "@id": "https://data.datatourisme.fr/617d834b-770c-3363-8af2-dda8534fc9b5",
              "dc:contributor": [
                "https://api.deepl.com/v2/translate"
              ],
              "rdf:language": [
                "nl"
              ],
              "rdf:predicate": [
                "additionalInformation"
              ]
            },
            {
              "@id": "https://data.datatourisme.fr/839f662b-b157-39dd-a702-136f5a5f2e7c",
              "dc:contributor": [
                "https://api.deepl.com/v2/translate"
              ],
              "rdf:language": [
                "it"
              ],
              "rdf:predicate": [
                "additionalInformation"
              ]
            },
            {
              "@id": "https://data.datatourisme.fr/96b3a493-1af5-3fa5-98cc-6745b8dd366d",
              "dc:contributor": [
                "https://api.deepl.com/v2/translate"
              ],
              "rdf:language": [
                "de"
              ],
              "rdf:predicate": [
                "additionalInformation"
              ]
            },
            {
              "@id": "https://data.datatourisme.fr/e0a15399-a779-3f75-b1f0-053d3d0d8220",
              "dc:contributor": [
                "https://api.deepl.com/v2/translate"
              ],
              "rdf:language": [
                "es"
              ],
              "rdf:predicate": [
                "additionalInformation"
              ]
            }
          ]
        }
      ],
      "@type": [
        "schema:Place",
        "Place"
      ]
    }
  ],
  "isOwnedBy": [
    {
      "@id": "https://data.datatourisme.fr/73484530-94e0-3b9c-86da-e2ddfa7df7ed",
      "schema:email": [
        "emilie.prai@saintgermainenlaye.fr",
        "emilie.rochat@seine-saintgermain.fr",
        "melissa.moreau@saintgermainenlaye.fr"
      ],
      "schema:legalName": "Office de Tourisme Intercommunal de Saint Germain Boucles de Seine",
      "@type": [
        "schema:Organization",
        "foaf:Agent",
        "Agent"
      ],
      "foaf:homepage": [
        "http://www.reservation.seine-saintgermain.fr/"
      ]
    }
  ],
  "lastUpdate": "2020-10-08",
  "lastUpdateDatatourisme": "2023-02-01T18:07:36.131Z"
}