{
  "@id": "https://data.datatourisme.fr/13/11b7d133-f773-3862-bcd0-3e8e5b66ab26",
  "dc:identifier": "5794136",
  "@type": [
    "schema:Park",
    "CulturalSite",
    "ParkAndGarden",
    "PlaceOfInterest",
    "PointOfInterest"
  ],
  "rdfs:comment": {
    "de": [
      "Schlendern Sie entlang des angelegten Grünzugs zwischen dem Parc départemental George Valbon in La Courneuve und dem Viertel Trois Rivières."
    ],
    "en": [
      "Stroll along the green corridor between the George Valbon departmental park in La Courneuve and the Trois Rivières district."
    ],
    "it": [
      "Passeggiate lungo il corridoio verde tra il parco dipartimentale George Valbon a La Courneuve e il quartiere di Trois Rivières."
    ],
    "fr": [
      "Flânez le long de la coulée verte aménagée entre le parc départemental George Valbon de La Courneuve et le quartier des Trois Rivières."
    ],
    "nl": [
      "Wandel langs de groene corridor tussen het departementale park George Valbon in La Courneuve en de wijk Trois Rivières."
    ],
    "es": [
      "Pasee por el corredor verde entre el parque departamental George Valbon de La Courneuve y el barrio de Trois Rivières."
    ]
  },
  "rdfs:label": {
    "fr": [
      "Promenade des Trois Rivières"
    ]
  },
  "hasBeenCreatedBy": {
    "@id": "https://data.datatourisme.fr/13/298923c8-1900-35e9-9288-b430794814c4",
    "dc:identifier": "1015",
    "schema:email": [
      "jt.charbonnier@plainecommunetourisme.com",
      "s.vallier@plainecommunetourisme.com",
      "webmarketer@plainecommunetourisme.com"
    ],
    "schema:legalName": "Office de Tourisme Plaine commune grand Paris",
    "@type": [
      "schema:Organization",
      "foaf:Agent",
      "Agent"
    ],
    "foaf:homepage": [
      "https://www.tourisme-plainecommune-paris.com/"
    ]
  },
  "hasBeenPublishedBy": [
    {
      "@id": "https://data.datatourisme.fr/8a9feb4b-2cbd-3d2c-b507-bd6c6776b23b",
      "schema:legalName": "Apidae Tourisme Scic SA - source : Apidae Tourisme",
      "@type": [
        "schema:Organization",
        "foaf:Agent",
        "Agent"
      ],
      "foaf:homepage": [
        "https://www.apidae-tourisme.com/"
      ]
    }
  ],
  "hasContact": [
    {
      "@id": "https://data.datatourisme.fr/60038a9a-264b-3e87-a5ba-2c923d48c68d",
      "schema:telephone": [
        "+33 1 49 71 82 27"
      ],
      "@type": [
        "foaf:Agent",
        "Agent"
      ],
      "foaf:homepage": [
        "http://www.stains.fr/divertir/espaces-verts/se-promener/"
      ]
    }
  ],
  "hasDescription": [
    {
      "@id": "https://data.datatourisme.fr/98f46f5d-55c4-3ce2-acba-0432935490d4",
      "@type": [
        "Description"
      ],
      "hasTranslatedProperty": [
        {
          "@id": "https://data.datatourisme.fr/0f2e759d-6aaf-32fe-913c-29476e08d6e4",
          "dc:contributor": [
            "https://api.deepl.com/v2/translate"
          ],
          "rdf:language": [
            "es"
          ],
          "rdf:predicate": [
            "shortDescription"
          ]
        },
        {
          "@id": "https://data.datatourisme.fr/109282b0-3cda-342f-852a-dfca9b85c7e0",
          "dc:contributor": [
            "https://api.deepl.com/v2/translate"
          ],
          "rdf:language": [
            "it"
          ],
          "rdf:predicate": [
            "shortDescription"
          ]
        },
        {
          "@id": "https://data.datatourisme.fr/7d80ac16-d76a-3e59-8190-9de18ba7d35a",
          "dc:contributor": [
            "https://api.deepl.com/v2/translate"
          ],
          "rdf:language": [
            "en"
          ],
          "rdf:predicate": [
            "shortDescription"
          ]
        },
        {
          "@id": "https://data.datatourisme.fr/b8974842-290d-390b-9fe8-d5acbc4cd5e3",
          "dc:contributor": [
            "https://api.deepl.com/v2/translate"
          ],
          "rdf:language": [
            "nl"
          ],
          "rdf:predicate": [
            "shortDescription"
          ]
        },
        {
          "@id": "https://data.datatourisme.fr/eddda64b-a5a1-37ad-9413-b058256633b3",
          "dc:contributor": [
            "https://api.deepl.com/v2/translate"
          ],
          "rdf:language": [
            "de"
          ],
          "rdf:predicate": [
            "shortDescription"
          ]
        }
      ],
      "shortDescription": {
        "de": [
          "Schlendern Sie entlang des angelegten Grünzugs zwischen dem Parc départemental George Valbon in La Courneuve und dem Viertel Trois Rivières."
        ],
        "en": [
          "Stroll along the green corridor between the George Valbon departmental park in La Courneuve and the Trois Rivières district."
        ],
        "it": [
          "Passeggiate lungo il corridoio verde tra il parco dipartimentale George Valbon a La Courneuve e il quartiere di Trois Rivières."
        ],
        "fr": [
          "Flânez le long de la coulée verte aménagée entre le parc départemental George Valbon de La Courneuve et le quartier des Trois Rivières."
        ],
        "nl": [
          "Wandel langs de groene corridor tussen het departementale park George Valbon in La Courneuve en de wijk Trois Rivières."
        ],
        "es": [
          "Pasee por el corredor verde entre el parque departamental George Valbon de La Courneuve y el barrio de Trois Rivières."
        ]
      }
    }
  ],
  "hasTheme": [
    {
      "@id": "kb:Culture",
      "@type": [
        "CulturalTheme"
      ],
      "rdfs:label": {
        "de": [
          "Kultur"
        ],
        "pt": [
          "Cultura"
        ],
        "en": [
          "Culture"
        ],
        "it": [
          "Cultura"
        ],
        "fr": [
          "Culture"
        ],
        "nl": [
          "Cultuur"
        ],
        "es": [
          "Cultura"
        ]
      }
    }
  ],
  "hasTranslatedProperty": [
    {
      "@id": "https://data.datatourisme.fr/2e61ac9c-5bdf-3be3-abb8-b20195f089ed",
      "dc:contributor": [
        "https://api.deepl.com/v2/translate"
      ],
      "rdf:language": [
        "es"
      ],
      "rdf:predicate": [
        {
          "@id": "rdfs:comment"
        }
      ]
    },
    {
      "@id": "https://data.datatourisme.fr/6e5a7c19-8629-3399-89a1-6c4d7b148a65",
      "dc:contributor": [
        "https://api.deepl.com/v2/translate"
      ],
      "rdf:language": [
        "it"
      ],
      "rdf:predicate": [
        {
          "@id": "rdfs:comment"
        }
      ]
    },
    {
      "@id": "https://data.datatourisme.fr/a551ce10-d39a-3b3d-8c9a-bf979056a134",
      "dc:contributor": [
        "https://api.deepl.com/v2/translate"
      ],
      "rdf:language": [
        "nl"
      ],
      "rdf:predicate": [
        {
          "@id": "rdfs:comment"
        }
      ]
    },
    {
      "@id": "https://data.datatourisme.fr/b4fe9a94-1954-37a8-8cad-215ffde076f5",
      "dc:contributor": [
        "https://api.deepl.com/v2/translate"
      ],
      "rdf:language": [
        "de"
      ],
      "rdf:predicate": [
        {
          "@id": "rdfs:comment"
        }
      ]
    },
    {
      "@id": "https://data.datatourisme.fr/b7f85993-1909-3ea3-a17a-1d54760fb34a",
      "dc:contributor": [
        "https://api.deepl.com/v2/translate"
      ],
      "rdf:language": [
        "en"
      ],
      "rdf:predicate": [
        {
          "@id": "rdfs:comment"
        }
      ]
    }
  ],
  "isLocatedAt": [
    {
      "@id": "https://data.datatourisme.fr/8c21b1df-1391-3be1-804f-781be21462ab",
      "schema:address": [
        {
          "@id": "https://data.datatourisme.fr/4f853272-bfab-36db-844d-a658e7957605",
          "schema:addressLocality": "Stains",
          "schema:postalCode": "93240",
          "schema:streetAddress": [
            "Avenue Monmousseau"
          ],
          "@type": [
            "schema:PostalAddress",
            "PostalAddress"
          ],
          "hasAddressCity": {
            "@id": "kb:93072",
            "@type": [
              "City"
            ],
            "rdfs:label": {
              "de": [
                "Stains"
              ],
              "pt": [
                "Stains"
              ],
              "en": [
                "Stains"
              ],
              "it": [
                "Stains"
              ],
              "fr": [
                "Stains"
              ],
              "nl": [
                "Stains"
              ],
              "es": [
                "Stains"
              ]
            },
            "insee": "93072",
            "isPartOfDepartment": {
              "@id": "kb:France1193",
              "@type": [
                "Department"
              ],
              "rdfs:label": {
                "de": [
                  "Seine-Saint-Denis"
                ],
                "pt": [
                  "Seine-Saint-Denis"
                ],
                "en": [
                  "Seine-Saint-Denis"
                ],
                "it": [
                  "Seine-Saint-Denis"
                ],
                "fr": [
                  "Seine-Saint-Denis"
                ],
                "nl": [
                  "Seine-Saint-Denis"
                ],
                "es": [
                  "Seine-Saint-Denis"
                ]
              },
              "insee": "93",
              "isPartOfRegion": {
                "@id": "kb:France11",
                "@type": [
                  "Region"
                ],
                "rdfs:label": {
                  "de": [
                    "Île-de-France"
                  ],
                  "pt": [
                    "Île-de-France"
                  ],
                  "en": [
                    "Île-de-France"
                  ],
                  "it": [
                    "Île-de-France"
                  ],
                  "fr": [
                    "Île-de-France"
                  ],
                  "nl": [
                    "Île-de-France"
                  ],
                  "es": [
                    "Île-de-France"
                  ]
                },
                "insee": "11",
                "isPartOfCountry": {
                  "@id": "kb:France",
                  "@type": [
                    "schema:Country"
                  ],
                  "rdfs:label": {
                    "de": [
                      "France",
                      "Frankreich"
                    ],
                    "pt": [
                      "França",
                      "France"
                    ],
                    "en": [
                      "France"
                    ],
                    "it": [
                      "France",
                      "Francia"
                    ],
                    "fr": [
                      "France"
                    ],
                    "nl": [
                      "France",
                      "Frankrijk"
                    ],
                    "es": [
                      "France",
                      "Francia"
                    ]
                  }
                }
              }
            }
          }
        }
      ],
      "schema:geo": {
        "@id": "https://data.datatourisme.fr/37470e3d-3e48-32f4-bca2-a0be431cd06e",
        "schema:latitude": "48.948323",
        "schema:longitude": "2.392205",
        "@type": [
          "schema:GeoCoordinates"
        ]
      },
      "schema:openingHoursSpecification": [
        {
          "@id": "https://data.datatourisme.fr/79bceeb3-9d7d-3ead-afd4-5ac644132fb4",
          "schema:closes": "23:59:00",
          "schema:opens": "00:01:00",
          "schema:validFrom": "2023-01-01T00:00:00",
          "schema:validThrough": "2023-12-31T23:59:59",
          "@type": [
            "schema:OpeningHoursSpecification"
          ]
        }
      ],
      "@type": [
        "schema:Place",
        "Place"
      ]
    }
  ],
  "isOwnedBy": [
    {
      "@id": "https://data.datatourisme.fr/0d295593-2e92-3cc3-8700-156dfc8eed88",
      "schema:email": [
        "jt.charbonnier@plainecommunetourisme.com",
        "s.vallier@plainecommunetourisme.com",
        "webmarketer@plainecommunetourisme.com"
      ],
      "schema:legalName": "Office de Tourisme Plaine commune grand Paris",
      "@type": [
        "schema:Organization",
        "foaf:Agent",
        "Agent"
      ],
      "foaf:homepage": [
        "https://www.tourisme-plainecommune-paris.com/"
      ]
    }
  ],
  "lastUpdate": "2021-05-03",
  "lastUpdateDatatourisme": "2023-02-22T06:42:37.874Z"
}