{
  "@id": "https://data.datatourisme.fr/13/11cc43e8-485f-3dff-ac93-524fb60633eb",
  "dc:identifier": "5757141",
  "@type": [
    "schema:FoodEstablishment",
    "FoodEstablishment",
    "PlaceOfInterest",
    "PointOfInterest"
  ],
  "rdfs:comment": {
    "de": [
      "Seit fast 20 Jahren verwöhnt Sie das Le Petit Prince mit italienischen Spezialitäten. Am Wochenende abends wechselt die Stimmung: Nutzen Sie die Karaoke-Anlage, um Ihren Geburtstag oder Junggesellenabschied zu feiern oder einen gemütlichen Moment mit Freunden zu verbringen."
    ],
    "en": [
      "For almost 20 years, Le Petit Prince has been treating you to Italian specialities. On weekends, in the evening, come and enjoy the karaoke to celebrate your birthdays, bachelor parties or spend a convivial moment with friends."
    ],
    "it": [
      "Da quasi 20 anni, Le Petit Prince vi delizia con specialità italiane. Nei fine settimana, la sera, venite a godervi il karaoke per festeggiare i vostri compleanni, gli addii al celibato o per trascorrere un momento conviviale con gli amici."
    ],
    "fr": [
      "Depuis presque 20 ans, Le Petit Prince vous régale de spécialités italiennes. Le week-end en soirée changement d'ambiance, venez profiter du karaoké pour fêter vos anniversaires, enterrement de vie de célibataires ou passer un moment convivial entre amis."
    ],
    "nl": [
      "Le Petit Prince verwent u al bijna 20 jaar met Italiaanse specialiteiten. Kom in het weekend 's avonds genieten van de karaoke om uw verjaardagen, vrijgezellenfeesten of een gezellig moment met vrienden te vieren."
    ],
    "es": [
      "Desde hace casi 20 años, Le Petit Prince le ofrece especialidades italianas. Los fines de semana, por la noche, ven a disfrutar del karaoke para celebrar tus cumpleaños, despedidas de soltero o pasar un momento de convivencia con los amigos."
    ]
  },
  "rdfs:label": {
    "fr": [
      "Le petit Prince"
    ]
  },
  "hasBeenCreatedBy": {
    "@id": "https://data.datatourisme.fr/13/3fb451ca-2e89-33a1-b095-b059d8705b15",
    "dc:identifier": "1522",
    "schema:email": [
      "anicoud@terres-de-seine.fr",
      "anne.perchec@gpseo.fr",
      "contact@terres-de-seine.fr",
      "estelle.rouille@gpseo.fr",
      "fbony@terres-de-seine.fr",
      "hillaryramanank@yahoo.fr",
      "vgateau@terres-de-seine.fr",
      "xcadilhac.oti.gpseo@gmail.com"
    ],
    "schema:legalName": "Communauté Urbaine Grand Paris Seine & Oise",
    "@type": [
      "schema:Organization",
      "foaf:Agent",
      "Agent"
    ],
    "foaf:homepage": [
      "https://www.insectes.org/",
      "https://www.terres-de-seine.fr/"
    ]
  },
  "hasBeenPublishedBy": [
    {
      "@id": "https://data.datatourisme.fr/8a9feb4b-2cbd-3d2c-b507-bd6c6776b23b",
      "schema:legalName": "Apidae Tourisme Scic SA - source : Apidae Tourisme",
      "@type": [
        "schema:Organization",
        "foaf:Agent",
        "Agent"
      ],
      "foaf:homepage": [
        "https://www.apidae-tourisme.com/"
      ]
    }
  ],
  "hasContact": [
    {
      "@id": "https://data.datatourisme.fr/61f36184-5d75-302d-8cae-7865aa9acd22",
      "schema:telephone": [
        "+33 1 30 99 22 39"
      ],
      "@type": [
        "foaf:Agent",
        "Agent"
      ]
    }
  ],
  "hasDescription": [
    {
      "@id": "https://data.datatourisme.fr/5272cc80-19d2-35c2-819c-4d9f5d6170e0",
      "@type": [
        "Description"
      ],
      "hasTranslatedProperty": [
        {
          "@id": "https://data.datatourisme.fr/341c2f37-08d8-38c9-9734-6d120fdc0392",
          "dc:contributor": [
            "https://api.deepl.com/v2/translate"
          ],
          "rdf:language": [
            "nl"
          ],
          "rdf:predicate": [
            "shortDescription"
          ]
        },
        {
          "@id": "https://data.datatourisme.fr/4c1c532e-ff03-3530-9ea1-bbcd8894c5d1",
          "dc:contributor": [
            "https://api.deepl.com/v2/translate"
          ],
          "rdf:language": [
            "es"
          ],
          "rdf:predicate": [
            "shortDescription"
          ]
        },
        {
          "@id": "https://data.datatourisme.fr/9ac6bbab-040e-333d-8917-0794321caeef",
          "dc:contributor": [
            "https://api.deepl.com/v2/translate"
          ],
          "rdf:language": [
            "de"
          ],
          "rdf:predicate": [
            "shortDescription"
          ]
        },
        {
          "@id": "https://data.datatourisme.fr/9f2666f9-d67c-3716-92ee-5c735cf3a379",
          "dc:contributor": [
            "https://api.deepl.com/v2/translate"
          ],
          "rdf:language": [
            "it"
          ],
          "rdf:predicate": [
            "shortDescription"
          ]
        },
        {
          "@id": "https://data.datatourisme.fr/e66e78f5-53cd-3195-b755-e0c3c839a180",
          "dc:contributor": [
            "https://api.deepl.com/v2/translate"
          ],
          "rdf:language": [
            "en"
          ],
          "rdf:predicate": [
            "shortDescription"
          ]
        }
      ],
      "shortDescription": {
        "de": [
          "Seit fast 20 Jahren verwöhnt Sie das Le Petit Prince mit italienischen Spezialitäten. Am Wochenende abends wechselt die Stimmung: Nutzen Sie die Karaoke-Anlage, um Ihren Geburtstag oder Junggesellenabschied zu feiern oder einen gemütlichen Moment mit Freunden zu verbringen."
        ],
        "en": [
          "For almost 20 years, Le Petit Prince has been treating you to Italian specialities. On weekends, in the evening, come and enjoy the karaoke to celebrate your birthdays, bachelor parties or spend a convivial moment with friends."
        ],
        "it": [
          "Da quasi 20 anni, Le Petit Prince vi delizia con specialità italiane. Nei fine settimana, la sera, venite a godervi il karaoke per festeggiare i vostri compleanni, gli addii al celibato o per trascorrere un momento conviviale con gli amici."
        ],
        "fr": [
          "Depuis presque 20 ans, Le Petit Prince vous régale de spécialités italiennes. Le week-end en soirée changement d'ambiance, venez profiter du karaoké pour fêter vos anniversaires, enterrement de vie de célibataires ou passer un moment convivial entre amis."
        ],
        "nl": [
          "Le Petit Prince verwent u al bijna 20 jaar met Italiaanse specialiteiten. Kom in het weekend 's avonds genieten van de karaoke om uw verjaardagen, vrijgezellenfeesten of een gezellig moment met vrienden te vieren."
        ],
        "es": [
          "Desde hace casi 20 años, Le Petit Prince le ofrece especialidades italianas. Los fines de semana, por la noche, ven a disfrutar del karaoke para celebrar tus cumpleaños, despedidas de soltero o pasar un momento de convivencia con los amigos."
        ]
      }
    }
  ],
  "hasTheme": [
    {
      "@id": "kb:MediterraneanCuisine",
      "@type": [
        "CuisineCategory"
      ],
      "rdfs:label": {
        "de": [
          "Mediterrane Küche"
        ],
        "pt": [
          "Cozinha mediterrânica"
        ],
        "en": [
          "Mediterranean cuisine"
        ],
        "it": [
          "Cucina mediterranea"
        ],
        "fr": [
          "Cuisine méditerranéenne"
        ],
        "nl": [
          "Mediterrane keuken"
        ],
        "es": [
          "Cocina mediterránea"
        ]
      }
    }
  ],
  "hasTranslatedProperty": [
    {
      "@id": "https://data.datatourisme.fr/218cec39-aec4-3705-9325-1bcc5225861b",
      "dc:contributor": [
        "https://api.deepl.com/v2/translate"
      ],
      "rdf:language": [
        "nl"
      ],
      "rdf:predicate": [
        {
          "@id": "rdfs:comment"
        }
      ]
    },
    {
      "@id": "https://data.datatourisme.fr/8ebfed92-1b4c-3192-8a51-4bb94cff4f96",
      "dc:contributor": [
        "https://api.deepl.com/v2/translate"
      ],
      "rdf:language": [
        "es"
      ],
      "rdf:predicate": [
        {
          "@id": "rdfs:comment"
        }
      ]
    },
    {
      "@id": "https://data.datatourisme.fr/b04c7fac-44bb-356d-ad36-38decefeb51b",
      "dc:contributor": [
        "https://api.deepl.com/v2/translate"
      ],
      "rdf:language": [
        "it"
      ],
      "rdf:predicate": [
        {
          "@id": "rdfs:comment"
        }
      ]
    },
    {
      "@id": "https://data.datatourisme.fr/e6790e94-1762-3c8c-aeae-c5ec72ab38c1",
      "dc:contributor": [
        "https://api.deepl.com/v2/translate"
      ],
      "rdf:language": [
        "de"
      ],
      "rdf:predicate": [
        {
          "@id": "rdfs:comment"
        }
      ]
    },
    {
      "@id": "https://data.datatourisme.fr/f2d13c20-d4ed-311a-a01b-bc76b5dede3e",
      "dc:contributor": [
        "https://api.deepl.com/v2/translate"
      ],
      "rdf:language": [
        "en"
      ],
      "rdf:predicate": [
        {
          "@id": "rdfs:comment"
        }
      ]
    }
  ],
  "isLocatedAt": [
    {
      "@id": "https://data.datatourisme.fr/84d63458-1bd1-3f8f-b36a-72423affbe42",
      "schema:address": [
        {
          "@id": "https://data.datatourisme.fr/42f9b878-55cc-32e7-a1f4-66c86f16b1ca",
          "schema:addressLocality": "Meulan-en-Yvelines",
          "schema:postalCode": "78250",
          "schema:streetAddress": [
            "48 rue Gambetta"
          ],
          "@type": [
            "schema:PostalAddress",
            "PostalAddress"
          ],
          "hasAddressCity": {
            "@id": "kb:78401",
            "@type": [
              "City"
            ],
            "rdfs:label": {
              "de": [
                "Meulan-en-Yvelines"
              ],
              "pt": [
                "Meulan-en-Yvelines"
              ],
              "en": [
                "Meulan-en-Yvelines"
              ],
              "it": [
                "Meulan-en-Yvelines"
              ],
              "fr": [
                "Meulan-en-Yvelines"
              ],
              "nl": [
                "Meulan-en-Yvelines"
              ],
              "es": [
                "Meulan-en-Yvelines"
              ]
            },
            "insee": "78401",
            "isPartOfDepartment": {
              "@id": "kb:France1178",
              "@type": [
                "Department"
              ],
              "rdfs:label": {
                "de": [
                  "Yvelines"
                ],
                "pt": [
                  "Yvelines"
                ],
                "en": [
                  "Yvelines"
                ],
                "it": [
                  "Yvelines"
                ],
                "fr": [
                  "Yvelines"
                ],
                "nl": [
                  "Yvelines"
                ],
                "es": [
                  "Yvelines"
                ]
              },
              "insee": "78",
              "isPartOfRegion": {
                "@id": "kb:France11",
                "@type": [
                  "Region"
                ],
                "rdfs:label": {
                  "de": [
                    "Île-de-France"
                  ],
                  "pt": [
                    "Île-de-France"
                  ],
                  "en": [
                    "Île-de-France"
                  ],
                  "it": [
                    "Île-de-France"
                  ],
                  "fr": [
                    "Île-de-France"
                  ],
                  "nl": [
                    "Île-de-France"
                  ],
                  "es": [
                    "Île-de-France"
                  ]
                },
                "insee": "11",
                "isPartOfCountry": {
                  "@id": "kb:France",
                  "@type": [
                    "schema:Country"
                  ],
                  "rdfs:label": {
                    "de": [
                      "France",
                      "Frankreich"
                    ],
                    "pt": [
                      "França",
                      "France"
                    ],
                    "en": [
                      "France"
                    ],
                    "it": [
                      "France",
                      "Francia"
                    ],
                    "fr": [
                      "France"
                    ],
                    "nl": [
                      "France",
                      "Frankrijk"
                    ],
                    "es": [
                      "France",
                      "Francia"
                    ]
                  }
                }
              }
            }
          }
        }
      ],
      "schema:geo": {
        "@id": "https://data.datatourisme.fr/66aa3d3a-5adc-3672-a64d-5bb64984a4c1",
        "schema:latitude": "49.005276",
        "schema:longitude": "1.913737",
        "@type": [
          "schema:GeoCoordinates"
        ]
      },
      "schema:openingHoursSpecification": [
        {
          "@id": "https://data.datatourisme.fr/f87e535a-636d-3343-ad63-8a03392e7511",
          "schema:validFrom": "2023-01-01T00:00:00",
          "schema:validThrough": "2023-12-31T23:59:59",
          "@type": [
            "schema:OpeningHoursSpecification"
          ]
        }
      ],
      "@type": [
        "schema:Place",
        "Place"
      ]
    }
  ],
  "isOwnedBy": [
    {
      "@id": "https://data.datatourisme.fr/7ba0cae7-7ba0-34c1-8818-e8daa864b28a",
      "schema:email": [
        "anicoud@terres-de-seine.fr",
        "estelle.rouille@gpseo.fr",
        "fbony@terres-de-seine.fr",
        "hillaryramanank@yahoo.fr",
        "vgateau@terres-de-seine.fr",
        "xcadilhac.oti.gpseo@gmail.com"
      ],
      "schema:legalName": "Communauté Urbaine Grand Paris Seine & Oise",
      "@type": [
        "schema:Organization",
        "foaf:Agent",
        "Agent"
      ],
      "foaf:homepage": [
        "https://www.terres-de-seine.fr/"
      ]
    }
  ],
  "lastUpdate": "2021-03-27",
  "lastUpdateDatatourisme": "2023-03-05T06:38:28.905Z",
  "providesCuisineOfType": [
    {
      "@id": "kb:MediterraneanCuisine",
      "@type": [
        "CuisineCategory"
      ],
      "rdfs:label": {
        "de": [
          "Mediterrane Küche"
        ],
        "pt": [
          "Cozinha mediterrânica"
        ],
        "en": [
          "Mediterranean cuisine"
        ],
        "it": [
          "Cucina mediterranea"
        ],
        "fr": [
          "Cuisine méditerranéenne"
        ],
        "nl": [
          "Mediterrane keuken"
        ],
        "es": [
          "Cocina mediterránea"
        ]
      }
    }
  ]
}