{
  "@id": "https://data.datatourisme.fr/13/116195fe-f13a-3f9e-b078-de4fa6423dd2",
  "dc:identifier": "864321",
  "@type": [
    "schema:LocalBusiness",
    "schema:TouristInformationCenter",
    "LocalTouristOffice",
    "PlaceOfInterest",
    "PointOfInterest",
    "Store",
    "TouristInformationCenter"
  ],
  "rdfs:comment": {
    "de": [
      "Einige Kilometer südlich von Paris bietet Sceaux eine einzigartige, grüne und beruhigte Umgebung mit einem bemerkenswerten Angebot an Kulturerbe, Kultur und Kunsthandwerk, um den Großraum Paris zu erkunden."
    ],
    "en": [
      "A few kilometers south of Paris, Sceaux offers a unique, green and peaceful setting, with a remarkable range of heritage, culture and crafts to discover the Paris region."
    ],
    "it": [
      "A pochi chilometri a sud di Parigi, Sceaux offre un ambiente unico, verde e tranquillo, con una notevole offerta di patrimonio, cultura e artigianato da scoprire nella regione parigina."
    ],
    "fr": [
      "À quelques kilomètres au sud de Paris, Sceaux propose un cadre unique, vert et apaisé, avec une offre patrimoniale, culturelle et artisanale remarquable pour découvrir la région parisienne."
    ],
    "nl": [
      "Enkele kilometers ten zuiden van Parijs biedt Sceaux een unieke, groene en rustige omgeving, met een opmerkelijk aanbod van erfgoed, cultuur en ambachten om de regio Parijs te ontdekken."
    ],
    "es": [
      "A pocos kilómetros al sur de París, Sceaux ofrece un entorno único, verde y tranquilo, con una notable oferta patrimonial, cultural y artesanal para descubrir la región parisina."
    ]
  },
  "rdfs:label": {
    "fr": [
      "Maison du Tourisme de Sceaux"
    ]
  },
  "hasBeenCreatedBy": {
    "@id": "https://data.datatourisme.fr/13/5a142a55-461d-3fef-816a-cfb927fee0bd",
    "dc:identifier": "1710",
    "schema:email": [
      "ebasset@yvelines.fr",
      "tourisme@yvelines.fr"
    ],
    "schema:legalName": "Conseil Départemental des Yvelines",
    "@type": [
      "schema:Organization",
      "foaf:Agent",
      "Agent"
    ]
  },
  "hasBeenPublishedBy": [
    {
      "@id": "https://data.datatourisme.fr/8a9feb4b-2cbd-3d2c-b507-bd6c6776b23b",
      "schema:legalName": "Apidae Tourisme Scic SA - source : Apidae Tourisme",
      "@type": [
        "schema:Organization",
        "foaf:Agent",
        "Agent"
      ],
      "foaf:homepage": [
        "https://www.apidae-tourisme.com/"
      ]
    }
  ],
  "hasContact": [
    {
      "@id": "https://data.datatourisme.fr/ed6fbb45-1b53-3957-9f37-9fc6ebcb81ff",
      "schema:email": [
        "maisondutourisme@sceaux.fr"
      ],
      "schema:telephone": [
        "+33 1 46 61 19 03"
      ],
      "@type": [
        "foaf:Agent",
        "Agent"
      ],
      "foaf:homepage": [
        "http://tourisme.sceaux.fr/"
      ]
    }
  ],
  "hasDescription": [
    {
      "@id": "https://data.datatourisme.fr/d5516d11-62a8-3726-8b95-acbec1d7bafa",
      "@type": [
        "Description"
      ],
      "hasTranslatedProperty": [
        {
          "@id": "https://data.datatourisme.fr/0c8d1792-114a-3c4a-9665-c2c45100e586",
          "dc:contributor": [
            "https://api.deepl.com/v2/translate"
          ],
          "rdf:language": [
            "es"
          ],
          "rdf:predicate": [
            "shortDescription"
          ]
        },
        {
          "@id": "https://data.datatourisme.fr/1c44c2b9-0d77-3a58-8e7c-cf544b849205",
          "dc:contributor": [
            "https://api.deepl.com/v2/translate"
          ],
          "rdf:language": [
            "de"
          ],
          "rdf:predicate": [
            "shortDescription"
          ]
        },
        {
          "@id": "https://data.datatourisme.fr/9783a392-01d5-3340-bf7c-7892cd88fad3",
          "dc:contributor": [
            "https://api.deepl.com/v2/translate"
          ],
          "rdf:language": [
            "it"
          ],
          "rdf:predicate": [
            "shortDescription"
          ]
        },
        {
          "@id": "https://data.datatourisme.fr/b0489f75-df4c-3e52-bec7-bca2f39b28a6",
          "dc:contributor": [
            "https://api.deepl.com/v2/translate"
          ],
          "rdf:language": [
            "nl"
          ],
          "rdf:predicate": [
            "shortDescription"
          ]
        },
        {
          "@id": "https://data.datatourisme.fr/ce198c55-dec3-35c2-b718-5c250c2b4b66",
          "dc:contributor": [
            "https://api.deepl.com/v2/translate"
          ],
          "rdf:language": [
            "en"
          ],
          "rdf:predicate": [
            "shortDescription"
          ]
        }
      ],
      "shortDescription": {
        "de": [
          "Einige Kilometer südlich von Paris bietet Sceaux eine einzigartige, grüne und beruhigte Umgebung mit einem bemerkenswerten Angebot an Kulturerbe, Kultur und Kunsthandwerk, um den Großraum Paris zu erkunden."
        ],
        "en": [
          "A few kilometers south of Paris, Sceaux offers a unique, green and peaceful setting, with a remarkable range of heritage, culture and crafts to discover the Paris region."
        ],
        "it": [
          "A pochi chilometri a sud di Parigi, Sceaux offre un ambiente unico, verde e tranquillo, con una notevole offerta di patrimonio, cultura e artigianato da scoprire nella regione parigina."
        ],
        "fr": [
          "À quelques kilomètres au sud de Paris, Sceaux propose un cadre unique, vert et apaisé, avec une offre patrimoniale, culturelle et artisanale remarquable pour découvrir la région parisienne."
        ],
        "nl": [
          "Enkele kilometers ten zuiden van Parijs biedt Sceaux een unieke, groene en rustige omgeving, met een opmerkelijk aanbod van erfgoed, cultuur en ambachten om de regio Parijs te ontdekken."
        ],
        "es": [
          "A pocos kilómetros al sur de París, Sceaux ofrece un entorno único, verde y tranquilo, con una notable oferta patrimonial, cultural y artesanal para descubrir la región parisina."
        ]
      }
    }
  ],
  "hasReview": [
    {
      "@id": "https://data.datatourisme.fr/6e866798-cae5-351c-9e8d-963661217e60",
      "@type": [
        "Review"
      ],
      "hasReviewValue": {
        "@id": "kb:LabelRating_AccueilVelo",
        "@type": [
          "LabelRating"
        ],
        "rdfs:label": {
          "de": [
            "Accueil Vélo"
          ],
          "pt": [
            "Accueil Vélo"
          ],
          "en": [
            "Accueil Vélo"
          ],
          "it": [
            "Accueil Vélo"
          ],
          "fr": [
            "Accueil Vélo"
          ],
          "nl": [
            "Accueil Vélo"
          ],
          "es": [
            "Accueil Vélo"
          ]
        },
        "isCompliantWith": [
          "PlaceOfInterest"
        ]
      }
    }
  ],
  "hasTranslatedProperty": [
    {
      "@id": "https://data.datatourisme.fr/2980ded3-6df8-3788-9263-673bd90cb812",
      "dc:contributor": [
        "https://api.deepl.com/v2/translate"
      ],
      "rdf:language": [
        "de"
      ],
      "rdf:predicate": [
        {
          "@id": "rdfs:comment"
        }
      ]
    },
    {
      "@id": "https://data.datatourisme.fr/48526ae5-820b-3be0-9607-8ad14a2acc35",
      "dc:contributor": [
        "https://api.deepl.com/v2/translate"
      ],
      "rdf:language": [
        "es"
      ],
      "rdf:predicate": [
        {
          "@id": "rdfs:comment"
        }
      ]
    },
    {
      "@id": "https://data.datatourisme.fr/8f98e3d4-4364-3480-8532-8220cdea49bb",
      "dc:contributor": [
        "https://api.deepl.com/v2/translate"
      ],
      "rdf:language": [
        "nl"
      ],
      "rdf:predicate": [
        {
          "@id": "rdfs:comment"
        }
      ]
    },
    {
      "@id": "https://data.datatourisme.fr/936b1f02-9ff8-3900-8534-9552285d55c6",
      "dc:contributor": [
        "https://api.deepl.com/v2/translate"
      ],
      "rdf:language": [
        "en"
      ],
      "rdf:predicate": [
        {
          "@id": "rdfs:comment"
        }
      ]
    },
    {
      "@id": "https://data.datatourisme.fr/b09b2671-8d69-31da-a987-be1460acb69e",
      "dc:contributor": [
        "https://api.deepl.com/v2/translate"
      ],
      "rdf:language": [
        "it"
      ],
      "rdf:predicate": [
        {
          "@id": "rdfs:comment"
        }
      ]
    }
  ],
  "isLocatedAt": [
    {
      "@id": "https://data.datatourisme.fr/301734af-9fc5-3823-9eaf-78673c50137a",
      "schema:address": [
        {
          "@id": "https://data.datatourisme.fr/3516cc9a-ebef-3cd1-b69a-4e0808102cd8",
          "schema:addressLocality": "Sceaux",
          "schema:postalCode": "92330",
          "schema:streetAddress": [
            "70 rue Houdan",
            "Jardin de la Ménagerie"
          ],
          "@type": [
            "schema:PostalAddress",
            "PostalAddress"
          ],
          "hasAddressCity": {
            "@id": "kb:92071",
            "@type": [
              "City"
            ],
            "rdfs:label": {
              "de": [
                "Sceaux"
              ],
              "pt": [
                "Sceaux"
              ],
              "en": [
                "Sceaux"
              ],
              "it": [
                "Sceaux"
              ],
              "fr": [
                "Sceaux"
              ],
              "nl": [
                "Sceaux"
              ],
              "es": [
                "Sceaux"
              ]
            },
            "insee": "92071",
            "isPartOfDepartment": {
              "@id": "kb:France1192",
              "@type": [
                "Department"
              ],
              "rdfs:label": {
                "de": [
                  "Hauts-de-Seine"
                ],
                "pt": [
                  "Hauts-de-Seine"
                ],
                "en": [
                  "Hauts-de-Seine"
                ],
                "it": [
                  "Hauts-de-Seine"
                ],
                "fr": [
                  "Hauts-de-Seine"
                ],
                "nl": [
                  "Hauts-de-Seine"
                ],
                "es": [
                  "Hauts-de-Seine"
                ]
              },
              "insee": "92",
              "isPartOfRegion": {
                "@id": "kb:France11",
                "@type": [
                  "Region"
                ],
                "rdfs:label": {
                  "de": [
                    "Île-de-France"
                  ],
                  "pt": [
                    "Île-de-France"
                  ],
                  "en": [
                    "Île-de-France"
                  ],
                  "it": [
                    "Île-de-France"
                  ],
                  "fr": [
                    "Île-de-France"
                  ],
                  "nl": [
                    "Île-de-France"
                  ],
                  "es": [
                    "Île-de-France"
                  ]
                },
                "insee": "11",
                "isPartOfCountry": {
                  "@id": "kb:France",
                  "@type": [
                    "schema:Country"
                  ],
                  "rdfs:label": {
                    "de": [
                      "France",
                      "Frankreich"
                    ],
                    "pt": [
                      "França",
                      "France"
                    ],
                    "en": [
                      "France"
                    ],
                    "it": [
                      "France",
                      "Francia"
                    ],
                    "fr": [
                      "France"
                    ],
                    "nl": [
                      "France",
                      "Frankrijk"
                    ],
                    "es": [
                      "France",
                      "Francia"
                    ]
                  }
                }
              }
            }
          }
        }
      ],
      "schema:geo": {
        "@id": "https://data.datatourisme.fr/e70a901e-e491-3d96-8b89-97a782be7706",
        "schema:latitude": "48.77745",
        "schema:longitude": "2.295366",
        "@type": [
          "schema:GeoCoordinates"
        ]
      },
      "schema:openingHoursSpecification": [
        {
          "@id": "https://data.datatourisme.fr/09584a5b-fd92-3e42-ab86-24d54cffe723",
          "schema:closes": "17:30:00",
          "schema:opens": "10:00:00",
          "schema:validFrom": "2023-01-01T00:00:00",
          "schema:validThrough": "2023-12-31T23:59:59",
          "@type": [
            "schema:OpeningHoursSpecification"
          ],
          "additionalInformation": {
            "fr": [
              "10:00-12:30\r\n14:30-17:30"
            ]
          }
        }
      ],
      "@type": [
        "schema:Place",
        "Place"
      ]
    }
  ],
  "isOwnedBy": [
    {
      "@id": "https://data.datatourisme.fr/51418642-d8c7-3896-8f4e-6e25435e4c26",
      "schema:email": [
        "ebasset@yvelines.fr",
        "tourisme@yvelines.fr"
      ],
      "schema:legalName": "Conseil Départemental des Yvelines",
      "@type": [
        "schema:Organization",
        "foaf:Agent",
        "Agent"
      ]
    }
  ],
  "lastUpdate": "2022-12-22",
  "lastUpdateDatatourisme": "2023-02-01T18:07:36.148Z"
}