{
  "@id": "https://data.datatourisme.fr/13/11cfd622-1f5e-36ac-8081-c96cefc6718f",
  "dc:identifier": "5440289",
  "@type": [
    "schema:FoodEstablishment",
    "FoodEstablishment",
    "PlaceOfInterest",
    "PointOfInterest"
  ],
  "rdfs:comment": {
    "de": [
      "Im Herzen des Pariser Blumenparks und in der Nähe aller wichtigen Einrichtungen des Waldes empfängt Le Bosquet Naturliebhaber zu Mahlzeiten in einer grünen Umgebung."
    ],
    "en": [
      "In the heart of the Parc Floral de Paris and close to all the major wood amenities, Le Bosquet welcomes nature lovers for meals in a green setting."
    ],
    "it": [
      "Nel cuore del Parc Floral de Paris e vicino a tutte le principali strutture del bosco, il Bosquet accoglie gli amanti della natura per pranzare in un ambiente verde."
    ],
    "fr": [
      "Au cœur du Parc Floral de Paris et à proximité de tous les grands équipements du bois, le Bosquet accueille les amoureux de la nature pour des repas dans un cadre verdoyant."
    ],
    "nl": [
      "In het hart van het Parc Floral de Paris en dicht bij alle belangrijke voorzieningen van het bos, ontvangt het Bosquet natuurliefhebbers voor maaltijden in een groene omgeving."
    ],
    "es": [
      "En el corazón del Parque Floral de París y cerca de las principales instalaciones del bosque, el Bosquet acoge a los amantes de la naturaleza para comer en un entorno verde."
    ]
  },
  "rdfs:label": {
    "fr": [
      "Le Bosquet"
    ]
  },
  "hasBeenCreatedBy": {
    "@id": "https://data.datatourisme.fr/13/a3545bd7-9d31-39a7-ad3a-78690adf73fc",
    "dc:identifier": "1857",
    "schema:email": [
      "alexandra.picot@pemb.fr",
      "apicot@vincennes.fr",
      "cabarnou@vincennes.fr",
      "christine.abarnou@pemb.fr",
      "imeffre@vincennes.fr",
      "pascale.fossati@pemb.fr",
      "sdossantos@vincennes.fr"
    ],
    "schema:legalName": "Etablissement Public territorial Paris Est Marne et Bois",
    "@type": [
      "schema:Organization",
      "foaf:Agent",
      "Agent"
    ],
    "foaf:homepage": [
      "http://www.vincennes-tourisme.fr/"
    ]
  },
  "hasBeenPublishedBy": [
    {
      "@id": "https://data.datatourisme.fr/8a9feb4b-2cbd-3d2c-b507-bd6c6776b23b",
      "schema:legalName": "Apidae Tourisme Scic SA - source : Apidae Tourisme",
      "@type": [
        "schema:Organization",
        "foaf:Agent",
        "Agent"
      ],
      "foaf:homepage": [
        "https://www.apidae-tourisme.com/"
      ]
    }
  ],
  "hasContact": [
    {
      "@id": "https://data.datatourisme.fr/f61225b8-7752-3909-86ec-2781374aa184",
      "schema:email": [
        "restaurantbosquet@orange.fr"
      ],
      "schema:telephone": [
        "+33 1 43 28 87 15"
      ],
      "@type": [
        "foaf:Agent",
        "Agent"
      ],
      "foaf:homepage": [
        "http://www.restaurantbosquet.fr/"
      ]
    }
  ],
  "hasDescription": [
    {
      "@id": "https://data.datatourisme.fr/540abb95-6c95-3a2d-9aeb-f27d02104bb8",
      "@type": [
        "Description"
      ],
      "hasTranslatedProperty": [
        {
          "@id": "https://data.datatourisme.fr/2e9117fc-b991-3454-8529-78bee5c98053",
          "dc:contributor": [
            "https://api.deepl.com/v2/translate"
          ],
          "rdf:language": [
            "de"
          ],
          "rdf:predicate": [
            "shortDescription"
          ]
        },
        {
          "@id": "https://data.datatourisme.fr/4a9c7f89-e7d5-3eb6-b6a0-0ce50ca056f5",
          "dc:contributor": [
            "https://api.deepl.com/v2/translate"
          ],
          "rdf:language": [
            "en"
          ],
          "rdf:predicate": [
            "shortDescription"
          ]
        },
        {
          "@id": "https://data.datatourisme.fr/57250be4-0167-357f-9327-a89137d714f4",
          "dc:contributor": [
            "https://api.deepl.com/v2/translate"
          ],
          "rdf:language": [
            "nl"
          ],
          "rdf:predicate": [
            "shortDescription"
          ]
        },
        {
          "@id": "https://data.datatourisme.fr/c0001ba0-f0da-31c6-bfff-85c246bb3677",
          "dc:contributor": [
            "https://api.deepl.com/v2/translate"
          ],
          "rdf:language": [
            "it"
          ],
          "rdf:predicate": [
            "shortDescription"
          ]
        },
        {
          "@id": "https://data.datatourisme.fr/e9fd6639-a064-329d-87a9-e774d9be238f",
          "dc:contributor": [
            "https://api.deepl.com/v2/translate"
          ],
          "rdf:language": [
            "es"
          ],
          "rdf:predicate": [
            "shortDescription"
          ]
        }
      ],
      "shortDescription": {
        "de": [
          "Im Herzen des Pariser Blumenparks und in der Nähe aller wichtigen Einrichtungen des Waldes empfängt Le Bosquet Naturliebhaber zu Mahlzeiten in einer grünen Umgebung."
        ],
        "en": [
          "In the heart of the Parc Floral de Paris and close to all the major wood amenities, Le Bosquet welcomes nature lovers for meals in a green setting."
        ],
        "it": [
          "Nel cuore del Parc Floral de Paris e vicino a tutte le principali strutture del bosco, il Bosquet accoglie gli amanti della natura per pranzare in un ambiente verde."
        ],
        "fr": [
          "Au cœur du Parc Floral de Paris et à proximité de tous les grands équipements du bois, le Bosquet accueille les amoureux de la nature pour des repas dans un cadre verdoyant."
        ],
        "nl": [
          "In het hart van het Parc Floral de Paris en dicht bij alle belangrijke voorzieningen van het bos, ontvangt het Bosquet natuurliefhebbers voor maaltijden in een groene omgeving."
        ],
        "es": [
          "En el corazón del Parque Floral de París y cerca de las principales instalaciones del bosque, el Bosquet acoge a los amantes de la naturaleza para comer en un entorno verde."
        ]
      }
    }
  ],
  "hasTranslatedProperty": [
    {
      "@id": "https://data.datatourisme.fr/0c74c5ff-e036-34c2-a711-4ec63c71f732",
      "dc:contributor": [
        "https://api.deepl.com/v2/translate"
      ],
      "rdf:language": [
        "nl"
      ],
      "rdf:predicate": [
        {
          "@id": "rdfs:comment"
        }
      ]
    },
    {
      "@id": "https://data.datatourisme.fr/541591d6-8925-3e15-a13d-a12b72870f45",
      "dc:contributor": [
        "https://api.deepl.com/v2/translate"
      ],
      "rdf:language": [
        "en"
      ],
      "rdf:predicate": [
        {
          "@id": "rdfs:comment"
        }
      ]
    },
    {
      "@id": "https://data.datatourisme.fr/ab68f455-7205-3b99-b6a9-5e9df425d3fc",
      "dc:contributor": [
        "https://api.deepl.com/v2/translate"
      ],
      "rdf:language": [
        "it"
      ],
      "rdf:predicate": [
        {
          "@id": "rdfs:comment"
        }
      ]
    },
    {
      "@id": "https://data.datatourisme.fr/da30b3a8-ed2e-3be1-9da4-3b71d391eb0b",
      "dc:contributor": [
        "https://api.deepl.com/v2/translate"
      ],
      "rdf:language": [
        "es"
      ],
      "rdf:predicate": [
        {
          "@id": "rdfs:comment"
        }
      ]
    },
    {
      "@id": "https://data.datatourisme.fr/e43c16de-619d-3e65-aedf-c4821c5fdcde",
      "dc:contributor": [
        "https://api.deepl.com/v2/translate"
      ],
      "rdf:language": [
        "de"
      ],
      "rdf:predicate": [
        {
          "@id": "rdfs:comment"
        }
      ]
    }
  ],
  "isLocatedAt": [
    {
      "@id": "https://data.datatourisme.fr/37d06c41-462f-3ab1-81ed-34762c4899de",
      "schema:address": [
        {
          "@id": "https://data.datatourisme.fr/ecd25928-a0e7-3d6e-9ed8-e43b69a9591e",
          "schema:addressLocality": "Paris",
          "schema:postalCode": "75012",
          "schema:streetAddress": [
            "Parc Floral de Paris",
            "Route de la Pyramide"
          ],
          "@type": [
            "schema:PostalAddress",
            "PostalAddress"
          ],
          "hasAddressCity": {
            "@id": "kb:75056",
            "@type": [
              "City"
            ],
            "rdfs:label": {
              "de": [
                "Paris"
              ],
              "pt": [
                "Paris"
              ],
              "en": [
                "Paris"
              ],
              "it": [
                "Paris"
              ],
              "fr": [
                "Paris"
              ],
              "nl": [
                "Paris"
              ],
              "es": [
                "Paris"
              ]
            },
            "insee": "75056",
            "isPartOfDepartment": {
              "@id": "kb:France1175",
              "@type": [
                "Department"
              ],
              "rdfs:label": {
                "de": [
                  "Paris"
                ],
                "pt": [
                  "Paris"
                ],
                "en": [
                  "Paris"
                ],
                "it": [
                  "Paris"
                ],
                "fr": [
                  "Paris"
                ],
                "nl": [
                  "Paris"
                ],
                "es": [
                  "Paris"
                ]
              },
              "insee": "75",
              "isPartOfRegion": {
                "@id": "kb:France11",
                "@type": [
                  "Region"
                ],
                "rdfs:label": {
                  "de": [
                    "Île-de-France"
                  ],
                  "pt": [
                    "Île-de-France"
                  ],
                  "en": [
                    "Île-de-France"
                  ],
                  "it": [
                    "Île-de-France"
                  ],
                  "fr": [
                    "Île-de-France"
                  ],
                  "nl": [
                    "Île-de-France"
                  ],
                  "es": [
                    "Île-de-France"
                  ]
                },
                "insee": "11",
                "isPartOfCountry": {
                  "@id": "kb:France",
                  "@type": [
                    "schema:Country"
                  ],
                  "rdfs:label": {
                    "de": [
                      "France",
                      "Frankreich"
                    ],
                    "pt": [
                      "França",
                      "France"
                    ],
                    "en": [
                      "France"
                    ],
                    "it": [
                      "France",
                      "Francia"
                    ],
                    "fr": [
                      "France"
                    ],
                    "nl": [
                      "France",
                      "Frankrijk"
                    ],
                    "es": [
                      "France",
                      "Francia"
                    ]
                  }
                }
              }
            }
          }
        }
      ],
      "schema:geo": {
        "@id": "https://data.datatourisme.fr/105b4cd6-174c-354a-b0e5-82e7f10f4328",
        "schema:latitude": "48.839621",
        "schema:longitude": "2.443805",
        "@type": [
          "schema:GeoCoordinates"
        ]
      },
      "schema:openingHoursSpecification": [
        {
          "@id": "https://data.datatourisme.fr/2b4550ab-8a45-3b0e-816e-21d4a7ffe368",
          "schema:closes": "19:30:00",
          "schema:opens": "09:30:00",
          "schema:validFrom": "2023-04-01T00:00:00",
          "schema:validThrough": "2023-09-30T23:59:59",
          "@type": [
            "schema:OpeningHoursSpecification"
          ]
        },
        {
          "@id": "https://data.datatourisme.fr/4108fd7a-d66f-3783-b304-57eb765a6770",
          "schema:closes": "16:30:00",
          "schema:opens": "09:30:00",
          "schema:validFrom": "2023-11-01T00:00:00",
          "schema:validThrough": "2023-03-31T23:59:59",
          "@type": [
            "schema:OpeningHoursSpecification"
          ]
        },
        {
          "@id": "https://data.datatourisme.fr/9121003d-9b47-3710-9d04-f87fcc947bd5",
          "schema:closes": "18:00:00",
          "schema:opens": "09:30:00",
          "schema:validFrom": "2023-10-01T00:00:00",
          "schema:validThrough": "2023-10-31T23:59:59",
          "@type": [
            "schema:OpeningHoursSpecification"
          ]
        }
      ],
      "@type": [
        "schema:Place",
        "Place"
      ]
    }
  ],
  "isOwnedBy": [
    {
      "@id": "https://data.datatourisme.fr/d82d267a-d8a4-3b5b-a4d9-880376d67169",
      "schema:email": [
        "apicot@vincennes.fr",
        "cabarnou@vincennes.fr"
      ],
      "schema:legalName": "Etablissement Public territorial Paris Est Marne et Bois",
      "@type": [
        "schema:Organization",
        "foaf:Agent",
        "Agent"
      ],
      "foaf:homepage": [
        "http://www.vincennes-tourisme.fr/"
      ]
    }
  ],
  "lastUpdate": "2022-07-09",
  "lastUpdateDatatourisme": "2023-05-30T05:49:20.271Z"
}