{
  "@id": "https://data.datatourisme.fr/13/11751dc1-a1b4-3374-8a29-b1253aef5605",
  "dc:identifier": "693972",
  "@type": [
    "schema:CivicStructure",
    "PlaceOfInterest",
    "PlayArea",
    "PointOfInterest",
    "SportsAndLeisurePlace"
  ],
  "rdfs:comment": {
    "de": [
      "Im Kapla-Zentrum können Sie die berühmten kleinen Holzbrettchen in zahlreichen Animationen entdecken. Hier haben Sie die Gelegenheit, beeindruckende Bauwerke zu errichten. Eine Aktivität, die Groß und Klein begeistern wird."
    ],
    "en": [
      "The Kapla Centre will make you discover its famous little wooden planks through numerous animations. It is the opportunity to build impressive constructions. An activity that will delight young and old alike."
    ],
    "it": [
      "Il Centro Kapla offre un'ampia gamma di attività per scoprire le famose tavole di legno. Si tratta di un'opportunità per realizzare costruzioni imponenti. Un'attività che piacerà a grandi e piccini."
    ],
    "fr": [
      "Le Centre Kapla vous fait découvrir ses célèbres petites planchettes de bois à travers de nombreuses animations. C’est l’occasion de réaliser d’impressionnantes constructions. Une activité qui ravira petits et grands."
    ],
    "nl": [
      "Het Kapla-centrum laat u kennismaken met zijn beroemde houten plankjes door middel van talrijke activiteiten. Dit is een kans om indrukwekkende constructies te bouwen. Een activiteit waar jong en oud plezier aan zullen beleven."
    ],
    "es": [
      "El Centro Kapla ofrece un amplio abanico de actividades para descubrir las famosas tablas de madera. Se trata de una oportunidad para realizar construcciones impresionantes. Una actividad que hará las delicias de grandes y pequeños."
    ]
  },
  "rdfs:label": {
    "fr": [
      "Centre Kapla Paris"
    ]
  },
  "hasBeenCreatedBy": {
    "@id": "https://data.datatourisme.fr/13/03e0704b-5690-32de-a186-1dc3ad3316c9",
    "dc:identifier": "1019",
    "schema:email": [
      "bgeigle@visitparisregion.com",
      "hcaldo@visitparisregion.com",
      "mtanaskovic@visitparisregion.com"
    ],
    "schema:legalName": "Comité Régional du Tourisme Paris Ile de France",
    "@type": [
      "schema:Organization",
      "foaf:Agent",
      "Agent"
    ],
    "foaf:homepage": [
      "http://www.visitparisregion.com/"
    ]
  },
  "hasBeenPublishedBy": [
    {
      "@id": "https://data.datatourisme.fr/8a9feb4b-2cbd-3d2c-b507-bd6c6776b23b",
      "schema:legalName": "Apidae Tourisme Scic SA - source : Apidae Tourisme",
      "@type": [
        "schema:Organization",
        "foaf:Agent",
        "Agent"
      ],
      "foaf:homepage": [
        "https://www.apidae-tourisme.com/"
      ]
    }
  ],
  "hasContact": [
    {
      "@id": "https://data.datatourisme.fr/0892c520-25ce-3409-ba97-aa5628bd6a67",
      "schema:telephone": [
        "+33 1 43 56 13 38"
      ],
      "@type": [
        "foaf:Agent",
        "Agent"
      ]
    }
  ],
  "hasDescription": [
    {
      "@id": "https://data.datatourisme.fr/da454d1c-10ec-3ba9-b57f-a917ab99c072",
      "@type": [
        "Description"
      ],
      "hasTranslatedProperty": [
        {
          "@id": "https://data.datatourisme.fr/0a1b2919-c0e2-3897-b1bd-434bfb4f8e99",
          "dc:contributor": [
            "https://api.deepl.com/v2/translate"
          ],
          "rdf:language": [
            "es"
          ],
          "rdf:predicate": [
            "shortDescription"
          ]
        },
        {
          "@id": "https://data.datatourisme.fr/3f45f019-1105-3275-8d31-765232f91eb2",
          "dc:contributor": [
            "https://api.deepl.com/v2/translate"
          ],
          "rdf:language": [
            "de"
          ],
          "rdf:predicate": [
            "shortDescription"
          ]
        },
        {
          "@id": "https://data.datatourisme.fr/8f8445e5-7035-31c0-997b-6ef515c28b71",
          "dc:contributor": [
            "https://api.deepl.com/v2/translate"
          ],
          "rdf:language": [
            "nl"
          ],
          "rdf:predicate": [
            "shortDescription"
          ]
        },
        {
          "@id": "https://data.datatourisme.fr/b2424edf-1a34-3e6d-af68-f63242d9130a",
          "dc:contributor": [
            "https://api.deepl.com/v2/translate"
          ],
          "rdf:language": [
            "it"
          ],
          "rdf:predicate": [
            "shortDescription"
          ]
        },
        {
          "@id": "https://data.datatourisme.fr/d093f3e6-15a7-3b10-8527-8987e96de08b",
          "dc:contributor": [
            "https://api.deepl.com/v2/translate"
          ],
          "rdf:language": [
            "en"
          ],
          "rdf:predicate": [
            "shortDescription"
          ]
        }
      ],
      "shortDescription": {
        "de": [
          "Im Kapla-Zentrum können Sie die berühmten kleinen Holzbrettchen in zahlreichen Animationen entdecken. Hier haben Sie die Gelegenheit, beeindruckende Bauwerke zu errichten. Eine Aktivität, die Groß und Klein begeistern wird."
        ],
        "en": [
          "The Kapla Centre will make you discover its famous little wooden planks through numerous animations. It is the opportunity to build impressive constructions. An activity that will delight young and old alike."
        ],
        "it": [
          "Il Centro Kapla offre un'ampia gamma di attività per scoprire le famose tavole di legno. Si tratta di un'opportunità per realizzare costruzioni imponenti. Un'attività che piacerà a grandi e piccini."
        ],
        "fr": [
          "Le Centre Kapla vous fait découvrir ses célèbres petites planchettes de bois à travers de nombreuses animations. C’est l’occasion de réaliser d’impressionnantes constructions. Une activité qui ravira petits et grands."
        ],
        "nl": [
          "Het Kapla-centrum laat u kennismaken met zijn beroemde houten plankjes door middel van talrijke activiteiten. Dit is een kans om indrukwekkende constructies te bouwen. Een activiteit waar jong en oud plezier aan zullen beleven."
        ],
        "es": [
          "El Centro Kapla ofrece un amplio abanico de actividades para descubrir las famosas tablas de madera. Se trata de una oportunidad para realizar construcciones impresionantes. Una actividad que hará las delicias de grandes y pequeños."
        ]
      }
    }
  ],
  "hasTranslatedProperty": [
    {
      "@id": "https://data.datatourisme.fr/0aca1a86-9745-3a11-9efe-32644c0e1050",
      "dc:contributor": [
        "https://api.deepl.com/v2/translate"
      ],
      "rdf:language": [
        "en"
      ],
      "rdf:predicate": [
        {
          "@id": "rdfs:comment"
        }
      ]
    },
    {
      "@id": "https://data.datatourisme.fr/325f078e-82a9-3238-bb0f-e72a1dec463d",
      "dc:contributor": [
        "https://api.deepl.com/v2/translate"
      ],
      "rdf:language": [
        "nl"
      ],
      "rdf:predicate": [
        {
          "@id": "rdfs:comment"
        }
      ]
    },
    {
      "@id": "https://data.datatourisme.fr/8c4682f6-54fe-3f63-a859-6c8b0c49ad12",
      "dc:contributor": [
        "https://api.deepl.com/v2/translate"
      ],
      "rdf:language": [
        "it"
      ],
      "rdf:predicate": [
        {
          "@id": "rdfs:comment"
        }
      ]
    },
    {
      "@id": "https://data.datatourisme.fr/a8e41074-f425-3138-b934-dc7a512f5b78",
      "dc:contributor": [
        "https://api.deepl.com/v2/translate"
      ],
      "rdf:language": [
        "de"
      ],
      "rdf:predicate": [
        {
          "@id": "rdfs:comment"
        }
      ]
    },
    {
      "@id": "https://data.datatourisme.fr/e8ae1869-9b32-3c32-bed8-a731d40eccb3",
      "dc:contributor": [
        "https://api.deepl.com/v2/translate"
      ],
      "rdf:language": [
        "es"
      ],
      "rdf:predicate": [
        {
          "@id": "rdfs:comment"
        }
      ]
    }
  ],
  "isLocatedAt": [
    {
      "@id": "https://data.datatourisme.fr/498c2705-ccf1-3eed-83bc-9568f44412cf",
      "schema:address": [
        {
          "@id": "https://data.datatourisme.fr/317653b9-b65b-3a8c-8a22-7aa9346d76c5",
          "schema:addressLocality": "Paris 11e Arrondissement",
          "schema:postalCode": "75011",
          "schema:streetAddress": [
            "27 rue de Montreuil"
          ],
          "@type": [
            "schema:PostalAddress",
            "PostalAddress"
          ],
          "hasAddressCity": {
            "@id": "kb:75111",
            "@type": [
              "City"
            ],
            "rdfs:label": {
              "de": [
                "Paris 11e Arrondissement"
              ],
              "pt": [
                "Paris 11e Arrondissement"
              ],
              "en": [
                "Paris 11e Arrondissement"
              ],
              "it": [
                "Paris 11e Arrondissement"
              ],
              "fr": [
                "Paris 11e Arrondissement"
              ],
              "nl": [
                "Paris 11e Arrondissement"
              ],
              "es": [
                "Paris 11e Arrondissement"
              ]
            },
            "insee": "75111",
            "isPartOfDepartment": {
              "@id": "kb:France1175",
              "@type": [
                "Department"
              ],
              "rdfs:label": {
                "de": [
                  "Paris"
                ],
                "pt": [
                  "Paris"
                ],
                "en": [
                  "Paris"
                ],
                "it": [
                  "Paris"
                ],
                "fr": [
                  "Paris"
                ],
                "nl": [
                  "Paris"
                ],
                "es": [
                  "Paris"
                ]
              },
              "insee": "75",
              "isPartOfRegion": {
                "@id": "kb:France11",
                "@type": [
                  "Region"
                ],
                "rdfs:label": {
                  "de": [
                    "Île-de-France"
                  ],
                  "pt": [
                    "Île-de-France"
                  ],
                  "en": [
                    "Île-de-France"
                  ],
                  "it": [
                    "Île-de-France"
                  ],
                  "fr": [
                    "Île-de-France"
                  ],
                  "nl": [
                    "Île-de-France"
                  ],
                  "es": [
                    "Île-de-France"
                  ]
                },
                "insee": "11",
                "isPartOfCountry": {
                  "@id": "kb:France",
                  "@type": [
                    "schema:Country"
                  ],
                  "rdfs:label": {
                    "de": [
                      "France",
                      "Frankreich"
                    ],
                    "pt": [
                      "França",
                      "France"
                    ],
                    "en": [
                      "France"
                    ],
                    "it": [
                      "France",
                      "Francia"
                    ],
                    "fr": [
                      "France"
                    ],
                    "nl": [
                      "France",
                      "Frankrijk"
                    ],
                    "es": [
                      "France",
                      "Francia"
                    ]
                  }
                }
              }
            }
          }
        }
      ],
      "schema:geo": {
        "@id": "https://data.datatourisme.fr/2eb27acb-10c0-3664-8547-9ac1d9bc4dcd",
        "schema:elevation": "59",
        "schema:latitude": "48.851017",
        "schema:longitude": "2.385373",
        "@type": [
          "schema:GeoCoordinates"
        ]
      },
      "schema:openingHoursSpecification": [
        {
          "@id": "https://data.datatourisme.fr/68f1f6a6-decb-3d2e-9ec2-e0d8af72979a",
          "schema:closes": "18:00:00",
          "schema:opens": "09:00:00",
          "schema:validFrom": "2023-01-01T00:00:00",
          "schema:validThrough": "2023-12-31T23:59:59",
          "@type": [
            "schema:OpeningHoursSpecification"
          ]
        }
      ],
      "@type": [
        "schema:Place",
        "Place"
      ]
    }
  ],
  "isOwnedBy": [
    {
      "@id": "https://data.datatourisme.fr/26ecd6f0-563c-356a-b0f9-ad3ec17effc4",
      "schema:email": [
        "bgeigle@visitparisregion.com",
        "hcaldo@visitparisregion.com",
        "mtanaskovic@visitparisregion.com"
      ],
      "schema:legalName": "Comité Régional du Tourisme Paris Ile de France",
      "@type": [
        "schema:Organization",
        "foaf:Agent",
        "Agent"
      ],
      "foaf:homepage": [
        "http://www.visitparisregion.com/"
      ]
    }
  ],
  "lastUpdate": "2020-09-29",
  "lastUpdateDatatourisme": "2023-05-30T05:49:20.252Z",
  "offers": [
    {
      "@id": "https://data.datatourisme.fr/f6a5dcd1-d8b3-32a4-96d3-e36f6dad87dd",
      "schema:priceSpecification": [
        {
          "@id": "https://data.datatourisme.fr/8d89df50-5906-301f-ac0e-02ef127a8fae",
          "schema:maxPrice": [
            "15"
          ],
          "schema:minPrice": [
            "15"
          ],
          "schema:priceCurrency": "EUR",
          "@type": [
            "schema:PriceSpecification",
            "PriceSpecification"
          ],
          "appliesOnPeriod": [
            {
              "@id": "https://data.datatourisme.fr/553c556a-fef2-3f8c-926e-e25212e9d99e",
              "@type": [
                "Period"
              ],
              "endDate": "2015-12-31",
              "startDate": "2015-01-01"
            }
          ]
        }
      ],
      "@type": [
        "schema:Offer",
        "Offer"
      ]
    }
  ]
}