{
  "@id": "https://data.datatourisme.fr/13/0b37aadd-6ef2-3ad6-a014-7d6bc3a07e17",
  "dc:identifier": "6509394",
  "@type": [
    "schema:LocalBusiness",
    "PlaceOfInterest",
    "PointOfInterest",
    "SightseeingBoat",
    "SportsAndLeisurePlace"
  ],
  "rdfs:comment": {
    "de": [
      "Beobachten Sie, wie die letzten Sonnenstrahlen langsam verschwinden und durch die milde Nacht ersetzt werden. Stoßen Sie mit einem Glas an und verbringen Sie eine gesellige Zeit an der Marne!"
    ],
    "en": [
      "Watch the last rays of the sun slowly fade away to be replaced by the softness of the night. Have a drink and spend a convivial moment on the Marne!"
    ],
    "it": [
      "Osservate gli ultimi raggi del sole che si spengono lentamente per essere sostituiti dalla dolcezza della notte. Bevete un drink e trascorrete un momento di convivialità sulla Marna!"
    ],
    "fr": [
      "Admirez les derniers rayons du soleil s'effacer doucement pour être remplacé par la douceur de la nuit. Trinquez autour d'un verre et passez un moment convivial sur la Marne !"
    ],
    "nl": [
      "Zie hoe de laatste zonnestralen langzaam verdwijnen om plaats te maken voor de zachtheid van de nacht. Neem een drankje en breng een gezellig moment door aan de Marne!"
    ],
    "es": [
      "Contemple cómo los últimos rayos del sol se desvanecen lentamente para ser sustituidos por la suavidad de la noche. Tómese una copa y pase un rato agradable a orillas del Marne"
    ]
  },
  "rdfs:label": {
    "fr": [
      "Balade fluviale apéro"
    ]
  },
  "hasBeenCreatedBy": {
    "@id": "https://data.datatourisme.fr/13/3806734b-256c-37e4-9ec2-c6bffa26d9e7",
    "dc:identifier": "1028",
    "schema:email": [
      "agnes.allanou@marneetgondoire.fr",
      "anne.godin@marneetgondoire.fr"
    ],
    "schema:legalName": "Office de Tourisme de Marne et Gondoire",
    "@type": [
      "schema:Organization",
      "foaf:Agent",
      "Agent"
    ],
    "foaf:homepage": [
      "http://www.marneetgondoire-tourisme.fr/"
    ]
  },
  "hasBeenPublishedBy": [
    {
      "@id": "https://data.datatourisme.fr/1db24fc4-b534-39bf-bdaf-152c6f98730e",
      "schema:legalName": "Seine et Marne Attractivité - source : Apidae Tourisme",
      "@type": [
        "schema:Organization",
        "foaf:Agent",
        "Agent"
      ],
      "foaf:homepage": [
        "https://www.apidae-tourisme.com/"
      ]
    }
  ],
  "hasContact": [
    {
      "@id": "https://data.datatourisme.fr/00aba271-61b6-3760-908b-deac7f1581f6",
      "schema:email": [
        "officedetourisme@marneetgondoire.fr"
      ],
      "schema:telephone": [
        "+33 1 64 02 15 15"
      ],
      "@type": [
        "foaf:Agent",
        "Agent"
      ],
      "foaf:homepage": [
        "http://www.marneetgondoire-tourisme.fr/",
        "https://www.instagram.com/marneetgondoiretourisme/"
      ]
    }
  ],
  "hasDescription": [
    {
      "@id": "https://data.datatourisme.fr/c9a63510-8597-3dac-9fb8-62cdf074c2e3",
      "@type": [
        "Description"
      ],
      "hasTranslatedProperty": [
        {
          "@id": "https://data.datatourisme.fr/018a064f-53b2-3eed-88bb-8207309a942d",
          "dc:contributor": [
            "https://api.deepl.com/v2/translate"
          ],
          "rdf:language": [
            "en"
          ],
          "rdf:predicate": [
            "shortDescription"
          ]
        },
        {
          "@id": "https://data.datatourisme.fr/027d8442-910f-3b0e-8c47-7911ca69c87e",
          "dc:contributor": [
            "https://api.deepl.com/v2/translate"
          ],
          "rdf:language": [
            "it"
          ],
          "rdf:predicate": [
            "shortDescription"
          ]
        },
        {
          "@id": "https://data.datatourisme.fr/0e66df7f-2beb-3821-9835-a6fc8285510b",
          "dc:contributor": [
            "https://api.deepl.com/v2/translate"
          ],
          "rdf:language": [
            "nl"
          ],
          "rdf:predicate": [
            "shortDescription"
          ]
        },
        {
          "@id": "https://data.datatourisme.fr/428b5cd4-0cd3-324e-a647-923f09a2367c",
          "dc:contributor": [
            "https://api.deepl.com/v2/translate"
          ],
          "rdf:language": [
            "de"
          ],
          "rdf:predicate": [
            "shortDescription"
          ]
        },
        {
          "@id": "https://data.datatourisme.fr/8898d19d-cb18-3fd3-bd52-94d21945d267",
          "dc:contributor": [
            "https://api.deepl.com/v2/translate"
          ],
          "rdf:language": [
            "es"
          ],
          "rdf:predicate": [
            "shortDescription"
          ]
        }
      ],
      "shortDescription": {
        "de": [
          "Beobachten Sie, wie die letzten Sonnenstrahlen langsam verschwinden und durch die milde Nacht ersetzt werden. Stoßen Sie mit einem Glas an und verbringen Sie eine gesellige Zeit an der Marne!"
        ],
        "en": [
          "Watch the last rays of the sun slowly fade away to be replaced by the softness of the night. Have a drink and spend a convivial moment on the Marne!"
        ],
        "it": [
          "Osservate gli ultimi raggi del sole che si spengono lentamente per essere sostituiti dalla dolcezza della notte. Bevete un drink e trascorrete un momento di convivialità sulla Marna!"
        ],
        "fr": [
          "Admirez les derniers rayons du soleil s'effacer doucement pour être remplacé par la douceur de la nuit. Trinquez autour d'un verre et passez un moment convivial sur la Marne !"
        ],
        "nl": [
          "Zie hoe de laatste zonnestralen langzaam verdwijnen om plaats te maken voor de zachtheid van de nacht. Neem een drankje en breng een gezellig moment door aan de Marne!"
        ],
        "es": [
          "Contemple cómo los últimos rayos del sol se desvanecen lentamente para ser sustituidos por la suavidad de la noche. Tómese una copa y pase un rato agradable a orillas del Marne"
        ]
      }
    }
  ],
  "hasTranslatedProperty": [
    {
      "@id": "https://data.datatourisme.fr/00b46520-9593-3ee4-9dbe-fc1ec4e42753",
      "dc:contributor": [
        "https://api.deepl.com/v2/translate"
      ],
      "rdf:language": [
        "nl"
      ],
      "rdf:predicate": [
        {
          "@id": "rdfs:comment"
        }
      ]
    },
    {
      "@id": "https://data.datatourisme.fr/3e7cfc49-c485-3ed3-97ad-2cfb8612a533",
      "dc:contributor": [
        "https://api.deepl.com/v2/translate"
      ],
      "rdf:language": [
        "en"
      ],
      "rdf:predicate": [
        {
          "@id": "rdfs:comment"
        }
      ]
    },
    {
      "@id": "https://data.datatourisme.fr/536a6795-d14f-3051-af6c-ab63ac3dd03e",
      "dc:contributor": [
        "https://api.deepl.com/v2/translate"
      ],
      "rdf:language": [
        "it"
      ],
      "rdf:predicate": [
        {
          "@id": "rdfs:comment"
        }
      ]
    },
    {
      "@id": "https://data.datatourisme.fr/5370c70f-3f89-3aa4-95db-2cc03cfe2145",
      "dc:contributor": [
        "https://api.deepl.com/v2/translate"
      ],
      "rdf:language": [
        "es"
      ],
      "rdf:predicate": [
        {
          "@id": "rdfs:comment"
        }
      ]
    },
    {
      "@id": "https://data.datatourisme.fr/ed5f3884-8f21-326d-b3c7-acaca724ae09",
      "dc:contributor": [
        "https://api.deepl.com/v2/translate"
      ],
      "rdf:language": [
        "de"
      ],
      "rdf:predicate": [
        {
          "@id": "rdfs:comment"
        }
      ]
    }
  ],
  "isLocatedAt": [
    {
      "@id": "https://data.datatourisme.fr/f5303842-724c-350c-a951-6079ba78536f",
      "schema:address": [
        {
          "@id": "https://data.datatourisme.fr/448b5069-65c0-3a01-b188-417f06225ade",
          "schema:addressLocality": "Lagny-sur-Marne",
          "schema:postalCode": "77400",
          "schema:streetAddress": [
            "Halte fluviale de l'Office de Tourisme",
            "Quai Savarin"
          ],
          "@type": [
            "schema:PostalAddress",
            "PostalAddress"
          ],
          "hasAddressCity": {
            "@id": "kb:77243",
            "@type": [
              "City"
            ],
            "rdfs:label": {
              "de": [
                "Lagny-sur-Marne"
              ],
              "pt": [
                "Lagny-sur-Marne"
              ],
              "en": [
                "Lagny-sur-Marne"
              ],
              "it": [
                "Lagny-sur-Marne"
              ],
              "fr": [
                "Lagny-sur-Marne"
              ],
              "nl": [
                "Lagny-sur-Marne"
              ],
              "es": [
                "Lagny-sur-Marne"
              ]
            },
            "insee": "77243",
            "isPartOfDepartment": {
              "@id": "kb:France1177",
              "@type": [
                "Department"
              ],
              "rdfs:label": {
                "de": [
                  "Seine-et-Marne"
                ],
                "pt": [
                  "Seine-et-Marne"
                ],
                "en": [
                  "Seine-et-Marne"
                ],
                "it": [
                  "Seine-et-Marne"
                ],
                "fr": [
                  "Seine-et-Marne"
                ],
                "nl": [
                  "Seine-et-Marne"
                ],
                "es": [
                  "Seine-et-Marne"
                ]
              },
              "insee": "77",
              "isPartOfRegion": {
                "@id": "kb:France11",
                "@type": [
                  "Region"
                ],
                "rdfs:label": {
                  "de": [
                    "Île-de-France"
                  ],
                  "pt": [
                    "Île-de-France"
                  ],
                  "en": [
                    "Île-de-France"
                  ],
                  "it": [
                    "Île-de-France"
                  ],
                  "fr": [
                    "Île-de-France"
                  ],
                  "nl": [
                    "Île-de-France"
                  ],
                  "es": [
                    "Île-de-France"
                  ]
                },
                "insee": "11",
                "isPartOfCountry": {
                  "@id": "kb:France",
                  "@type": [
                    "schema:Country"
                  ],
                  "rdfs:label": {
                    "de": [
                      "France",
                      "Frankreich"
                    ],
                    "pt": [
                      "França",
                      "France"
                    ],
                    "en": [
                      "France"
                    ],
                    "it": [
                      "France",
                      "Francia"
                    ],
                    "fr": [
                      "France"
                    ],
                    "nl": [
                      "France",
                      "Frankrijk"
                    ],
                    "es": [
                      "France",
                      "Francia"
                    ]
                  }
                }
              }
            }
          }
        }
      ],
      "schema:geo": {
        "@id": "https://data.datatourisme.fr/2315a39e-4f09-303a-a5ae-ba581f29c58e",
        "schema:latitude": "48.880157",
        "schema:longitude": "2.704461",
        "@type": [
          "schema:GeoCoordinates"
        ]
      },
      "schema:openingHoursSpecification": [
        {
          "@id": "https://data.datatourisme.fr/1a64bb74-23c9-3b76-b864-e3e226b6d8c3",
          "schema:closes": "20:00:00",
          "schema:opens": "18:30:00",
          "schema:validFrom": "2023-07-29T00:00:00",
          "schema:validThrough": "2023-07-29T23:59:59",
          "@type": [
            "schema:OpeningHoursSpecification"
          ],
          "additionalInformation": {
            "de": [
              "Einsteigen: 5 Minuten vor Beginn der Fahrt."
            ],
            "en": [
              "Boarding: 5 minutes before the beginning of the ride."
            ],
            "it": [
              "Imbarco: 5 minuti prima dell'inizio del tour."
            ],
            "fr": [
              "Embarquement : 5 minutes avant le début de la balade."
            ],
            "nl": [
              "Instappen: 5 minuten voor het begin van de tour."
            ],
            "es": [
              "Embarque: 5 minutos antes del inicio del recorrido."
            ]
          },
          "hasTranslatedProperty": [
            {
              "@id": "https://data.datatourisme.fr/03675801-f7b3-36cc-b47d-97abb20786a5",
              "dc:contributor": [
                "https://api.deepl.com/v2/translate"
              ],
              "rdf:language": [
                "en"
              ],
              "rdf:predicate": [
                "additionalInformation"
              ]
            },
            {
              "@id": "https://data.datatourisme.fr/0a8fdf73-3f4f-3344-9d97-cf40e1345acd",
              "dc:contributor": [
                "https://api.deepl.com/v2/translate"
              ],
              "rdf:language": [
                "it"
              ],
              "rdf:predicate": [
                "additionalInformation"
              ]
            },
            {
              "@id": "https://data.datatourisme.fr/84495668-242f-329c-9a33-6fccab57b030",
              "dc:contributor": [
                "https://api.deepl.com/v2/translate"
              ],
              "rdf:language": [
                "de"
              ],
              "rdf:predicate": [
                "additionalInformation"
              ]
            },
            {
              "@id": "https://data.datatourisme.fr/94c695db-94ed-3a04-a0e1-32d4c70797d9",
              "dc:contributor": [
                "https://api.deepl.com/v2/translate"
              ],
              "rdf:language": [
                "nl"
              ],
              "rdf:predicate": [
                "additionalInformation"
              ]
            },
            {
              "@id": "https://data.datatourisme.fr/b521a578-52e0-3e0d-8181-38dfa13d7d04",
              "dc:contributor": [
                "https://api.deepl.com/v2/translate"
              ],
              "rdf:language": [
                "es"
              ],
              "rdf:predicate": [
                "additionalInformation"
              ]
            }
          ]
        },
        {
          "@id": "https://data.datatourisme.fr/26eb5a5e-96fa-36ce-bc80-19e366be1da8",
          "schema:closes": "20:00:00",
          "schema:opens": "18:30:00",
          "schema:validFrom": "2023-07-07T00:00:00",
          "schema:validThrough": "2023-07-07T23:59:59",
          "@type": [
            "schema:OpeningHoursSpecification"
          ],
          "additionalInformation": {
            "de": [
              "Einsteigen: 5 Minuten vor Beginn der Fahrt."
            ],
            "en": [
              "Boarding: 5 minutes before the beginning of the ride."
            ],
            "it": [
              "Imbarco: 5 minuti prima dell'inizio del tour."
            ],
            "fr": [
              "Embarquement : 5 minutes avant le début de la balade."
            ],
            "nl": [
              "Instappen: 5 minuten voor het begin van de tour."
            ],
            "es": [
              "Embarque: 5 minutos antes del inicio del recorrido."
            ]
          },
          "hasTranslatedProperty": [
            {
              "@id": "https://data.datatourisme.fr/1ade3cb2-1d0c-3b3e-8e26-2132d76339b7",
              "dc:contributor": [
                "https://api.deepl.com/v2/translate"
              ],
              "rdf:language": [
                "es"
              ],
              "rdf:predicate": [
                "additionalInformation"
              ]
            },
            {
              "@id": "https://data.datatourisme.fr/770c3ca1-51bc-322c-8391-6ea705cccd55",
              "dc:contributor": [
                "https://api.deepl.com/v2/translate"
              ],
              "rdf:language": [
                "it"
              ],
              "rdf:predicate": [
                "additionalInformation"
              ]
            },
            {
              "@id": "https://data.datatourisme.fr/c341d9d0-4ccc-3fa2-98cf-ffd3cdaba695",
              "dc:contributor": [
                "https://api.deepl.com/v2/translate"
              ],
              "rdf:language": [
                "de"
              ],
              "rdf:predicate": [
                "additionalInformation"
              ]
            },
            {
              "@id": "https://data.datatourisme.fr/d66ff2b1-0811-34de-a9d2-6ca3356604f3",
              "dc:contributor": [
                "https://api.deepl.com/v2/translate"
              ],
              "rdf:language": [
                "nl"
              ],
              "rdf:predicate": [
                "additionalInformation"
              ]
            },
            {
              "@id": "https://data.datatourisme.fr/e187254d-38b1-3dfa-a9ed-ce77b976080e",
              "dc:contributor": [
                "https://api.deepl.com/v2/translate"
              ],
              "rdf:language": [
                "en"
              ],
              "rdf:predicate": [
                "additionalInformation"
              ]
            }
          ]
        },
        {
          "@id": "https://data.datatourisme.fr/3a6e744e-d0fe-3d88-898c-6b9d91592c85",
          "schema:closes": "20:00:00",
          "schema:opens": "18:30:00",
          "schema:validFrom": "2023-05-20T00:00:00",
          "schema:validThrough": "2023-05-20T23:59:59",
          "@type": [
            "schema:OpeningHoursSpecification"
          ],
          "additionalInformation": {
            "de": [
              "Einsteigen: 5 Minuten vor Beginn der Fahrt."
            ],
            "en": [
              "Boarding: 5 minutes before the beginning of the ride."
            ],
            "it": [
              "Imbarco: 5 minuti prima dell'inizio del tour."
            ],
            "fr": [
              "Embarquement : 5 minutes avant le début de la balade."
            ],
            "nl": [
              "Instappen: 5 minuten voor het begin van de tour."
            ],
            "es": [
              "Embarque: 5 minutos antes del inicio del recorrido."
            ]
          },
          "hasTranslatedProperty": [
            {
              "@id": "https://data.datatourisme.fr/0614db77-81c5-3a52-8d56-b0221015e6a8",
              "dc:contributor": [
                "https://api.deepl.com/v2/translate"
              ],
              "rdf:language": [
                "nl"
              ],
              "rdf:predicate": [
                "additionalInformation"
              ]
            },
            {
              "@id": "https://data.datatourisme.fr/241d209f-5967-3b17-812b-fffb7628afb0",
              "dc:contributor": [
                "https://api.deepl.com/v2/translate"
              ],
              "rdf:language": [
                "es"
              ],
              "rdf:predicate": [
                "additionalInformation"
              ]
            },
            {
              "@id": "https://data.datatourisme.fr/31ac4f90-b343-36f5-a5c8-d10d6e44ec9f",
              "dc:contributor": [
                "https://api.deepl.com/v2/translate"
              ],
              "rdf:language": [
                "en"
              ],
              "rdf:predicate": [
                "additionalInformation"
              ]
            },
            {
              "@id": "https://data.datatourisme.fr/3fd0b57c-39ce-32df-915b-2964b843834c",
              "dc:contributor": [
                "https://api.deepl.com/v2/translate"
              ],
              "rdf:language": [
                "de"
              ],
              "rdf:predicate": [
                "additionalInformation"
              ]
            },
            {
              "@id": "https://data.datatourisme.fr/7575bcd3-61cc-31a8-af0f-ed27f647e059",
              "dc:contributor": [
                "https://api.deepl.com/v2/translate"
              ],
              "rdf:language": [
                "it"
              ],
              "rdf:predicate": [
                "additionalInformation"
              ]
            }
          ]
        },
        {
          "@id": "https://data.datatourisme.fr/6bf370eb-706c-3e64-88b0-6e2c990dd81f",
          "schema:closes": "20:00:00",
          "schema:opens": "18:30:00",
          "schema:validFrom": "2023-07-21T00:00:00",
          "schema:validThrough": "2023-07-21T23:59:59",
          "@type": [
            "schema:OpeningHoursSpecification"
          ],
          "additionalInformation": {
            "de": [
              "Einsteigen: 5 Minuten vor Beginn der Fahrt."
            ],
            "en": [
              "Boarding: 5 minutes before the beginning of the ride."
            ],
            "it": [
              "Imbarco: 5 minuti prima dell'inizio del tour."
            ],
            "fr": [
              "Embarquement : 5 minutes avant le début de la balade."
            ],
            "nl": [
              "Instappen: 5 minuten voor het begin van de tour."
            ],
            "es": [
              "Embarque: 5 minutos antes del inicio del recorrido."
            ]
          },
          "hasTranslatedProperty": [
            {
              "@id": "https://data.datatourisme.fr/573903ea-ce8b-3eef-902d-6ad3af5902b1",
              "dc:contributor": [
                "https://api.deepl.com/v2/translate"
              ],
              "rdf:language": [
                "en"
              ],
              "rdf:predicate": [
                "additionalInformation"
              ]
            },
            {
              "@id": "https://data.datatourisme.fr/616384e7-18a0-3a21-acd3-f51e8443d4b4",
              "dc:contributor": [
                "https://api.deepl.com/v2/translate"
              ],
              "rdf:language": [
                "de"
              ],
              "rdf:predicate": [
                "additionalInformation"
              ]
            },
            {
              "@id": "https://data.datatourisme.fr/d07065b7-c657-32a4-8035-bd0067aeee06",
              "dc:contributor": [
                "https://api.deepl.com/v2/translate"
              ],
              "rdf:language": [
                "es"
              ],
              "rdf:predicate": [
                "additionalInformation"
              ]
            },
            {
              "@id": "https://data.datatourisme.fr/fad037e8-8feb-391c-9a81-c71dc8197be1",
              "dc:contributor": [
                "https://api.deepl.com/v2/translate"
              ],
              "rdf:language": [
                "nl"
              ],
              "rdf:predicate": [
                "additionalInformation"
              ]
            },
            {
              "@id": "https://data.datatourisme.fr/fbbad931-c59a-3a85-ab97-0bf0ce71f413",
              "dc:contributor": [
                "https://api.deepl.com/v2/translate"
              ],
              "rdf:language": [
                "it"
              ],
              "rdf:predicate": [
                "additionalInformation"
              ]
            }
          ]
        },
        {
          "@id": "https://data.datatourisme.fr/a069ee90-dc18-3235-b96b-49e0c0f686ec",
          "schema:closes": "20:00:00",
          "schema:opens": "18:30:00",
          "schema:validFrom": "2023-05-26T00:00:00",
          "schema:validThrough": "2023-05-26T23:59:59",
          "@type": [
            "schema:OpeningHoursSpecification"
          ],
          "additionalInformation": {
            "de": [
              "Einsteigen: 5 Minuten vor Beginn der Fahrt."
            ],
            "en": [
              "Boarding: 5 minutes before the beginning of the ride."
            ],
            "it": [
              "Imbarco: 5 minuti prima dell'inizio del tour."
            ],
            "fr": [
              "Embarquement : 5 minutes avant le début de la balade."
            ],
            "nl": [
              "Instappen: 5 minuten voor het begin van de tour."
            ],
            "es": [
              "Embarque: 5 minutos antes del inicio del recorrido."
            ]
          },
          "hasTranslatedProperty": [
            {
              "@id": "https://data.datatourisme.fr/2aa133db-0668-3932-b421-586656ee0382",
              "dc:contributor": [
                "https://api.deepl.com/v2/translate"
              ],
              "rdf:language": [
                "en"
              ],
              "rdf:predicate": [
                "additionalInformation"
              ]
            },
            {
              "@id": "https://data.datatourisme.fr/35d079d3-997e-3070-aa9a-eb8ff6b6abcd",
              "dc:contributor": [
                "https://api.deepl.com/v2/translate"
              ],
              "rdf:language": [
                "de"
              ],
              "rdf:predicate": [
                "additionalInformation"
              ]
            },
            {
              "@id": "https://data.datatourisme.fr/6ce77b82-eb2b-328d-87ba-7da22d91932d",
              "dc:contributor": [
                "https://api.deepl.com/v2/translate"
              ],
              "rdf:language": [
                "es"
              ],
              "rdf:predicate": [
                "additionalInformation"
              ]
            },
            {
              "@id": "https://data.datatourisme.fr/bcf1353c-4cee-3b46-8709-28ec069f1e53",
              "dc:contributor": [
                "https://api.deepl.com/v2/translate"
              ],
              "rdf:language": [
                "nl"
              ],
              "rdf:predicate": [
                "additionalInformation"
              ]
            },
            {
              "@id": "https://data.datatourisme.fr/f9acc098-8166-3031-b7c3-1ccc830c3a60",
              "dc:contributor": [
                "https://api.deepl.com/v2/translate"
              ],
              "rdf:language": [
                "it"
              ],
              "rdf:predicate": [
                "additionalInformation"
              ]
            }
          ]
        },
        {
          "@id": "https://data.datatourisme.fr/d7f0e5e7-edf2-3f05-8e45-346b1bd20c28",
          "schema:closes": "20:00:00",
          "schema:opens": "18:30:00",
          "schema:validFrom": "2023-08-12T00:00:00",
          "schema:validThrough": "2023-08-12T23:59:59",
          "@type": [
            "schema:OpeningHoursSpecification"
          ],
          "additionalInformation": {
            "de": [
              "Einsteigen: 5 Minuten vor Beginn der Fahrt."
            ],
            "en": [
              "Boarding: 5 minutes before the beginning of the ride."
            ],
            "it": [
              "Imbarco: 5 minuti prima dell'inizio del tour."
            ],
            "fr": [
              "Embarquement : 5 minutes avant le début de la balade."
            ],
            "nl": [
              "Instappen: 5 minuten voor het begin van de tour."
            ],
            "es": [
              "Embarque: 5 minutos antes del inicio del recorrido."
            ]
          },
          "hasTranslatedProperty": [
            {
              "@id": "https://data.datatourisme.fr/034c5489-9c0a-3d68-b03b-ebf1e304a3b7",
              "dc:contributor": [
                "https://api.deepl.com/v2/translate"
              ],
              "rdf:language": [
                "en"
              ],
              "rdf:predicate": [
                "additionalInformation"
              ]
            },
            {
              "@id": "https://data.datatourisme.fr/0f4c60b3-c33b-360b-a482-2cb98ab60520",
              "dc:contributor": [
                "https://api.deepl.com/v2/translate"
              ],
              "rdf:language": [
                "es"
              ],
              "rdf:predicate": [
                "additionalInformation"
              ]
            },
            {
              "@id": "https://data.datatourisme.fr/163330bb-6da5-307d-9c00-66e9010a2518",
              "dc:contributor": [
                "https://api.deepl.com/v2/translate"
              ],
              "rdf:language": [
                "nl"
              ],
              "rdf:predicate": [
                "additionalInformation"
              ]
            },
            {
              "@id": "https://data.datatourisme.fr/ce280640-31b2-3175-9fb4-f090c1cc8bc7",
              "dc:contributor": [
                "https://api.deepl.com/v2/translate"
              ],
              "rdf:language": [
                "de"
              ],
              "rdf:predicate": [
                "additionalInformation"
              ]
            },
            {
              "@id": "https://data.datatourisme.fr/eb02feab-cba7-37be-bd92-17e228923005",
              "dc:contributor": [
                "https://api.deepl.com/v2/translate"
              ],
              "rdf:language": [
                "it"
              ],
              "rdf:predicate": [
                "additionalInformation"
              ]
            }
          ]
        }
      ],
      "@type": [
        "schema:Place",
        "Place"
      ]
    }
  ],
  "isOwnedBy": [
    {
      "@id": "https://data.datatourisme.fr/aa5f63c7-f828-3b9c-bf4e-378b5e04afc7",
      "schema:email": [
        "agnes.allanou@marneetgondoire.fr",
        "anne.godin@marneetgondoire.fr"
      ],
      "schema:legalName": "Office de Tourisme de Marne et Gondoire",
      "@type": [
        "schema:Organization",
        "foaf:Agent",
        "Agent"
      ],
      "foaf:homepage": [
        "http://www.marneetgondoire-tourisme.fr/"
      ]
    }
  ],
  "lastUpdate": "2023-05-02",
  "lastUpdateDatatourisme": "2023-05-30T05:49:20.323Z",
  "offers": [
    {
      "@id": "https://data.datatourisme.fr/94362a58-214d-3a08-94a0-35816999ccf6",
      "schema:priceSpecification": [
        {
          "@id": "https://data.datatourisme.fr/92d3905e-1fd1-36fe-8527-c825c6eb6ca7",
          "schema:maxPrice": [
            "20",
            "31"
          ],
          "schema:minPrice": [
            "20",
            "31"
          ],
          "schema:priceCurrency": "EUR",
          "@type": [
            "schema:PriceSpecification",
            "PriceSpecification"
          ],
          "appliesOnPeriod": [
            {
              "@id": "https://data.datatourisme.fr/4f744291-a338-3b04-b51e-aa810acdce98",
              "@type": [
                "Period"
              ],
              "endDate": "2023-09-30",
              "startDate": "2023-05-20"
            }
          ]
        }
      ],
      "@type": [
        "schema:Offer",
        "Offer"
      ]
    }
  ]
}