{
  "@id": "https://data.datatourisme.fr/13/0bdfe352-c720-3be6-ab75-1416546601f5",
  "dc:identifier": "5652969",
  "@type": [
    "schema:FoodEstablishment",
    "FoodEstablishment",
    "PlaceOfInterest",
    "PointOfInterest"
  ],
  "rdfs:comment": {
    "de": [
      "Indisches Restaurant"
    ],
    "en": [
      "Indian restaurant"
    ],
    "it": [
      "Ristorante indiano"
    ],
    "fr": [
      "Restaurant Indien"
    ],
    "es": [
      "Restaurante indio"
    ],
    "nl": [
      "Indiaas Restaurant"
    ]
  },
  "rdfs:label": {
    "fr": [
      "Bojanam"
    ]
  },
  "hasBeenCreatedBy": {
    "@id": "https://data.datatourisme.fr/13/4f16c818-875d-3fcb-a867-c7bdc89be7eb",
    "dc:identifier": "1085",
    "schema:email": [
      "d.gougetdelandres@millylaforet-tourisme.com"
    ],
    "schema:legalName": "Office de Tourisme de Milly-la-Forêt",
    "@type": [
      "schema:Organization",
      "foaf:Agent",
      "Agent"
    ]
  },
  "hasBeenPublishedBy": [
    {
      "@id": "https://data.datatourisme.fr/8a9feb4b-2cbd-3d2c-b507-bd6c6776b23b",
      "schema:legalName": "Apidae Tourisme Scic SA - source : Apidae Tourisme",
      "@type": [
        "schema:Organization",
        "foaf:Agent",
        "Agent"
      ],
      "foaf:homepage": [
        "https://www.apidae-tourisme.com/"
      ]
    }
  ],
  "hasContact": [
    {
      "@id": "https://data.datatourisme.fr/d889e56a-15a4-314b-be27-26b5aa65c547",
      "schema:email": [
        "resto.bojanam@gmail.com"
      ],
      "schema:telephone": [
        "+33 1 60 75 88 83",
        "+33 7 86 56 43 79"
      ],
      "@type": [
        "foaf:Agent",
        "Agent"
      ],
      "foaf:homepage": [
        "https://bojanam-restaurantindien.fr/"
      ]
    }
  ],
  "hasDescription": [
    {
      "@id": "https://data.datatourisme.fr/e978bb07-37dd-3c9e-b338-d113462c3c34",
      "@type": [
        "Description"
      ],
      "hasTranslatedProperty": [
        {
          "@id": "https://data.datatourisme.fr/95fbabc5-5ea2-3e85-b26f-f01d9cf53ee9",
          "dc:contributor": [
            "https://api.deepl.com/v2/translate"
          ],
          "rdf:language": [
            "nl"
          ],
          "rdf:predicate": [
            "shortDescription"
          ]
        },
        {
          "@id": "https://data.datatourisme.fr/b2281993-64b9-3626-af66-a7fa9baf1481",
          "dc:contributor": [
            "https://api.deepl.com/v2/translate"
          ],
          "rdf:language": [
            "de"
          ],
          "rdf:predicate": [
            "shortDescription"
          ]
        },
        {
          "@id": "https://data.datatourisme.fr/cead8e29-e74e-3715-b4a8-bacd6cbec534",
          "dc:contributor": [
            "https://api.deepl.com/v2/translate"
          ],
          "rdf:language": [
            "es"
          ],
          "rdf:predicate": [
            "shortDescription"
          ]
        },
        {
          "@id": "https://data.datatourisme.fr/cf5b8da8-1af2-395d-b007-6b2b2dd38ed0",
          "dc:contributor": [
            "https://api.deepl.com/v2/translate"
          ],
          "rdf:language": [
            "it"
          ],
          "rdf:predicate": [
            "shortDescription"
          ]
        }
      ],
      "shortDescription": {
        "de": [
          "Indisches Restaurant"
        ],
        "en": [
          "Indian restaurant"
        ],
        "it": [
          "Ristorante indiano"
        ],
        "fr": [
          "Restaurant Indien"
        ],
        "es": [
          "Restaurante indio"
        ],
        "nl": [
          "Indiaas Restaurant"
        ]
      }
    }
  ],
  "hasTranslatedProperty": [
    {
      "@id": "https://data.datatourisme.fr/0918bad3-df03-38dd-93fe-b4c50ff48423",
      "dc:contributor": [
        "https://api.deepl.com/v2/translate"
      ],
      "rdf:language": [
        "it"
      ],
      "rdf:predicate": [
        {
          "@id": "rdfs:comment"
        }
      ]
    },
    {
      "@id": "https://data.datatourisme.fr/0dbca7b8-7dd5-3f60-8572-1d881c084d30",
      "dc:contributor": [
        "https://api.deepl.com/v2/translate"
      ],
      "rdf:language": [
        "nl"
      ],
      "rdf:predicate": [
        {
          "@id": "rdfs:comment"
        }
      ]
    },
    {
      "@id": "https://data.datatourisme.fr/d7484eec-076a-3fd3-b78c-a36cb7c3858f",
      "dc:contributor": [
        "https://api.deepl.com/v2/translate"
      ],
      "rdf:language": [
        "es"
      ],
      "rdf:predicate": [
        {
          "@id": "rdfs:comment"
        }
      ]
    },
    {
      "@id": "https://data.datatourisme.fr/f17b029f-8ba0-3aa0-bd76-747568e48a0d",
      "dc:contributor": [
        "https://api.deepl.com/v2/translate"
      ],
      "rdf:language": [
        "de"
      ],
      "rdf:predicate": [
        {
          "@id": "rdfs:comment"
        }
      ]
    }
  ],
  "isLocatedAt": [
    {
      "@id": "https://data.datatourisme.fr/bc1b9d4a-7a47-31aa-af32-e61040079a9c",
      "schema:address": [
        {
          "@id": "https://data.datatourisme.fr/27a257e3-2743-3cf8-aa75-6ab0d0587cc0",
          "schema:addressLocality": "Maisse",
          "schema:postalCode": "91720",
          "schema:streetAddress": [
            "9 rue de la Ferté Alais"
          ],
          "@type": [
            "schema:PostalAddress",
            "PostalAddress"
          ],
          "hasAddressCity": {
            "@id": "kb:91359",
            "@type": [
              "City"
            ],
            "rdfs:label": {
              "de": [
                "Maisse"
              ],
              "pt": [
                "Maisse"
              ],
              "en": [
                "Maisse"
              ],
              "it": [
                "Maisse"
              ],
              "fr": [
                "Maisse"
              ],
              "nl": [
                "Maisse"
              ],
              "es": [
                "Maisse"
              ]
            },
            "insee": "91359",
            "isPartOfDepartment": {
              "@id": "kb:France1191",
              "@type": [
                "Department"
              ],
              "rdfs:label": {
                "de": [
                  "Essonne"
                ],
                "pt": [
                  "Essonne"
                ],
                "en": [
                  "Essonne"
                ],
                "it": [
                  "Essonne"
                ],
                "fr": [
                  "Essonne"
                ],
                "nl": [
                  "Essonne"
                ],
                "es": [
                  "Essonne"
                ]
              },
              "insee": "91",
              "isPartOfRegion": {
                "@id": "kb:France11",
                "@type": [
                  "Region"
                ],
                "rdfs:label": {
                  "de": [
                    "Île-de-France"
                  ],
                  "pt": [
                    "Île-de-France"
                  ],
                  "en": [
                    "Île-de-France"
                  ],
                  "it": [
                    "Île-de-France"
                  ],
                  "fr": [
                    "Île-de-France"
                  ],
                  "nl": [
                    "Île-de-France"
                  ],
                  "es": [
                    "Île-de-France"
                  ]
                },
                "insee": "11",
                "isPartOfCountry": {
                  "@id": "kb:France",
                  "@type": [
                    "schema:Country"
                  ],
                  "rdfs:label": {
                    "de": [
                      "France",
                      "Frankreich"
                    ],
                    "pt": [
                      "França",
                      "France"
                    ],
                    "en": [
                      "France"
                    ],
                    "it": [
                      "France",
                      "Francia"
                    ],
                    "fr": [
                      "France"
                    ],
                    "nl": [
                      "France",
                      "Frankrijk"
                    ],
                    "es": [
                      "France",
                      "Francia"
                    ]
                  }
                }
              }
            }
          }
        }
      ],
      "schema:geo": {
        "@id": "https://data.datatourisme.fr/dc8de628-3718-3248-bf4b-eb049f4befb5",
        "schema:latitude": "48.394502",
        "schema:longitude": "2.375631",
        "@type": [
          "schema:GeoCoordinates"
        ]
      },
      "schema:openingHoursSpecification": [
        {
          "@id": "https://data.datatourisme.fr/f87e535a-636d-3343-ad63-8a03392e7511",
          "schema:validFrom": "2023-01-01T00:00:00",
          "schema:validThrough": "2023-12-31T23:59:59",
          "@type": [
            "schema:OpeningHoursSpecification"
          ]
        }
      ],
      "@type": [
        "schema:Place",
        "Place"
      ]
    }
  ],
  "isOwnedBy": [
    {
      "@id": "https://data.datatourisme.fr/ba14239d-77c2-3f22-8840-5bca53349549",
      "schema:email": [
        "d.gougetdelandres@millylaforet-tourisme.com"
      ],
      "schema:legalName": "Office de Tourisme de Milly-la-Forêt",
      "@type": [
        "schema:Organization",
        "foaf:Agent",
        "Agent"
      ]
    }
  ],
  "lastUpdate": "2022-09-20",
  "lastUpdateDatatourisme": "2023-02-01T18:07:35.583Z"
}