{
  "@id": "https://data.datatourisme.fr/13/0b24aa8f-a759-3069-ac91-2211eae31842",
  "dc:identifier": "5971515",
  "@type": [
    "PlaceOfInterest",
    "PointOfInterest",
    "SportsAndLeisurePlace"
  ],
  "rdfs:comment": {
    "de": [
      "Laser Zones ist ein Multiaktivitätskomplex, in dem die Welt der Videospiele in die Realität eindringt, damit jeder Spieler in die Rolle seiner Lieblingshelden aus den Spielen schlüpfen kann."
    ],
    "en": [
      "Laser Zones is a multi-activity complex where the world of video games comes to life so that each player can embody his or her favourite game heroes."
    ],
    "it": [
      "Laser Zones è un complesso multiattività in cui il mondo dei videogiochi prende vita e ogni giocatore può vestire i panni dei suoi eroi preferiti."
    ],
    "fr": [
      "Laser Zones est un complexe multi-activités où l’univers du jeu vidéo s’invite dans la réalité pour que chaque joueur puisse incarner ses héros de jeux préférés."
    ],
    "nl": [
      "Laser Zones is een multi-activiteitencomplex waar de wereld van videogames tot leven wordt gebracht zodat elke speler als zijn favoriete gamehelden kan spelen."
    ],
    "es": [
      "Laser Zones es un complejo de actividades múltiples en el que el mundo de los videojuegos cobra vida para que cada jugador pueda jugar como sus héroes favoritos."
    ]
  },
  "rdfs:label": {
    "fr": [
      "Laser Zones"
    ]
  },
  "hasBeenCreatedBy": {
    "@id": "https://data.datatourisme.fr/13/08fe2621-d8e7-36b0-aec0-da35256a998d",
    "dc:identifier": "1016",
    "schema:email": [
      "direction.tourismegpsses@orange.fr",
      "m.delvalle@tourismegps.com",
      "m.meneur@tourismegps.com",
      "m.pantin@tourismegps.com"
    ],
    "schema:legalName": "Office de Tourisme Grand Paris Sud Seine-Essonne-Sénart",
    "@type": [
      "schema:Organization",
      "foaf:Agent",
      "Agent"
    ],
    "foaf:homepage": [
      "https://tourisme-grandparissud.com/"
    ]
  },
  "hasBeenPublishedBy": [
    {
      "@id": "https://data.datatourisme.fr/8a9feb4b-2cbd-3d2c-b507-bd6c6776b23b",
      "schema:legalName": "Apidae Tourisme Scic SA - source : Apidae Tourisme",
      "@type": [
        "schema:Organization",
        "foaf:Agent",
        "Agent"
      ],
      "foaf:homepage": [
        "https://www.apidae-tourisme.com/"
      ]
    }
  ],
  "hasContact": [
    {
      "@id": "https://data.datatourisme.fr/7d308350-2968-35ee-a826-68e98b32f065",
      "schema:email": [
        "contact@laserzones.fr"
      ],
      "schema:telephone": [
        "+33 1 69 36 44 63"
      ],
      "@type": [
        "foaf:Agent",
        "Agent"
      ],
      "foaf:homepage": [
        "https://www.laserzones.fr/"
      ]
    }
  ],
  "hasDescription": [
    {
      "@id": "https://data.datatourisme.fr/b7becc12-6996-36ef-bb02-329426ca192c",
      "@type": [
        "Description"
      ],
      "hasTranslatedProperty": [
        {
          "@id": "https://data.datatourisme.fr/313de685-3ca9-38fc-9942-16ba8a897298",
          "dc:contributor": [
            "https://api.deepl.com/v2/translate"
          ],
          "rdf:language": [
            "de"
          ],
          "rdf:predicate": [
            "shortDescription"
          ]
        },
        {
          "@id": "https://data.datatourisme.fr/591de4f0-6f01-3469-bd06-707e6f471c4a",
          "dc:contributor": [
            "https://api.deepl.com/v2/translate"
          ],
          "rdf:language": [
            "nl"
          ],
          "rdf:predicate": [
            "shortDescription"
          ]
        },
        {
          "@id": "https://data.datatourisme.fr/89b18210-aae1-3c95-9cdd-b858bf010e21",
          "dc:contributor": [
            "https://api.deepl.com/v2/translate"
          ],
          "rdf:language": [
            "es"
          ],
          "rdf:predicate": [
            "shortDescription"
          ]
        },
        {
          "@id": "https://data.datatourisme.fr/a748cdfc-c9aa-3d6c-a98e-3e7de1d0fbd4",
          "dc:contributor": [
            "https://api.deepl.com/v2/translate"
          ],
          "rdf:language": [
            "en"
          ],
          "rdf:predicate": [
            "shortDescription"
          ]
        },
        {
          "@id": "https://data.datatourisme.fr/a93cc0ea-e25f-351d-9353-033928b5b3f6",
          "dc:contributor": [
            "https://api.deepl.com/v2/translate"
          ],
          "rdf:language": [
            "it"
          ],
          "rdf:predicate": [
            "shortDescription"
          ]
        }
      ],
      "shortDescription": {
        "de": [
          "Laser Zones ist ein Multiaktivitätskomplex, in dem die Welt der Videospiele in die Realität eindringt, damit jeder Spieler in die Rolle seiner Lieblingshelden aus den Spielen schlüpfen kann."
        ],
        "en": [
          "Laser Zones is a multi-activity complex where the world of video games comes to life so that each player can embody his or her favourite game heroes."
        ],
        "it": [
          "Laser Zones è un complesso multiattività in cui il mondo dei videogiochi prende vita e ogni giocatore può vestire i panni dei suoi eroi preferiti."
        ],
        "fr": [
          "Laser Zones est un complexe multi-activités où l’univers du jeu vidéo s’invite dans la réalité pour que chaque joueur puisse incarner ses héros de jeux préférés."
        ],
        "nl": [
          "Laser Zones is een multi-activiteitencomplex waar de wereld van videogames tot leven wordt gebracht zodat elke speler als zijn favoriete gamehelden kan spelen."
        ],
        "es": [
          "Laser Zones es un complejo de actividades múltiples en el que el mundo de los videojuegos cobra vida para que cada jugador pueda jugar como sus héroes favoritos."
        ]
      }
    }
  ],
  "hasTheme": [
    {
      "@id": "kb:EscapeGame",
      "@type": [
        "SportsTheme"
      ],
      "rdfs:label": {
        "de": [
          "Escape Game"
        ],
        "pt": [
          "Jogo de evasão"
        ],
        "en": [
          "Escape game"
        ],
        "it": [
          "Escape game"
        ],
        "fr": [
          "Escape game"
        ],
        "es": [
          "Juego de escape"
        ],
        "nl": [
          "Escape room"
        ]
      }
    },
    {
      "@id": "kb:LaserGame",
      "@type": [
        "SportsTheme"
      ],
      "rdfs:label": {
        "de": [
          "Laser-Spiel"
        ],
        "pt": [
          "Jogo laser"
        ],
        "en": [
          "Laser game"
        ],
        "it": [
          "Gioco laser"
        ],
        "fr": [
          "Jeu de laser"
        ],
        "nl": [
          "Lasergamen"
        ],
        "es": [
          "Juego láser"
        ]
      }
    }
  ],
  "hasTranslatedProperty": [
    {
      "@id": "https://data.datatourisme.fr/03de81f5-62a6-35b7-a97d-e7e3aaf3dba3",
      "dc:contributor": [
        "https://api.deepl.com/v2/translate"
      ],
      "rdf:language": [
        "de"
      ],
      "rdf:predicate": [
        {
          "@id": "rdfs:comment"
        }
      ]
    },
    {
      "@id": "https://data.datatourisme.fr/4af39b91-8794-3551-a6ee-11a7aafda42b",
      "dc:contributor": [
        "https://api.deepl.com/v2/translate"
      ],
      "rdf:language": [
        "en"
      ],
      "rdf:predicate": [
        {
          "@id": "rdfs:comment"
        }
      ]
    },
    {
      "@id": "https://data.datatourisme.fr/70e27034-368e-3413-bf26-5a940e683cb1",
      "dc:contributor": [
        "https://api.deepl.com/v2/translate"
      ],
      "rdf:language": [
        "es"
      ],
      "rdf:predicate": [
        {
          "@id": "rdfs:comment"
        }
      ]
    },
    {
      "@id": "https://data.datatourisme.fr/72903b92-afb7-34d9-bc69-b3b0506ba74f",
      "dc:contributor": [
        "https://api.deepl.com/v2/translate"
      ],
      "rdf:language": [
        "nl"
      ],
      "rdf:predicate": [
        {
          "@id": "rdfs:comment"
        }
      ]
    },
    {
      "@id": "https://data.datatourisme.fr/8f3d5349-2c64-371b-8554-3b0f2ade32e2",
      "dc:contributor": [
        "https://api.deepl.com/v2/translate"
      ],
      "rdf:language": [
        "it"
      ],
      "rdf:predicate": [
        {
          "@id": "rdfs:comment"
        }
      ]
    }
  ],
  "isLocatedAt": [
    {
      "@id": "https://data.datatourisme.fr/cc26dd00-fd12-35dd-a7cd-c5a6b810d834",
      "schema:address": [
        {
          "@id": "https://data.datatourisme.fr/30be7f8e-2e25-3724-af08-4822af2c0e61",
          "schema:addressLocality": "Évry-Courcouronnes",
          "schema:postalCode": "91000",
          "schema:streetAddress": [
            "4 Avenue du Bois de l'Épine",
            "Evry"
          ],
          "@type": [
            "schema:PostalAddress",
            "PostalAddress"
          ],
          "hasAddressCity": {
            "@id": "kb:91228",
            "@type": [
              "City"
            ],
            "rdfs:label": {
              "de": [
                "Évry-Courcouronnes"
              ],
              "pt": [
                "Évry-Courcouronnes"
              ],
              "en": [
                "Évry-Courcouronnes"
              ],
              "it": [
                "Évry-Courcouronnes"
              ],
              "fr": [
                "Évry-Courcouronnes"
              ],
              "nl": [
                "Évry-Courcouronnes"
              ],
              "es": [
                "Évry-Courcouronnes"
              ]
            },
            "insee": "91228",
            "isPartOfDepartment": {
              "@id": "kb:France1191",
              "@type": [
                "Department"
              ],
              "rdfs:label": {
                "de": [
                  "Essonne"
                ],
                "pt": [
                  "Essonne"
                ],
                "en": [
                  "Essonne"
                ],
                "it": [
                  "Essonne"
                ],
                "fr": [
                  "Essonne"
                ],
                "nl": [
                  "Essonne"
                ],
                "es": [
                  "Essonne"
                ]
              },
              "insee": "91",
              "isPartOfRegion": {
                "@id": "kb:France11",
                "@type": [
                  "Region"
                ],
                "rdfs:label": {
                  "de": [
                    "Île-de-France"
                  ],
                  "pt": [
                    "Île-de-France"
                  ],
                  "en": [
                    "Île-de-France"
                  ],
                  "it": [
                    "Île-de-France"
                  ],
                  "fr": [
                    "Île-de-France"
                  ],
                  "nl": [
                    "Île-de-France"
                  ],
                  "es": [
                    "Île-de-France"
                  ]
                },
                "insee": "11",
                "isPartOfCountry": {
                  "@id": "kb:France",
                  "@type": [
                    "schema:Country"
                  ],
                  "rdfs:label": {
                    "de": [
                      "France",
                      "Frankreich"
                    ],
                    "pt": [
                      "França",
                      "France"
                    ],
                    "en": [
                      "France"
                    ],
                    "it": [
                      "France",
                      "Francia"
                    ],
                    "fr": [
                      "France"
                    ],
                    "nl": [
                      "France",
                      "Frankrijk"
                    ],
                    "es": [
                      "France",
                      "Francia"
                    ]
                  }
                }
              }
            }
          }
        }
      ],
      "schema:geo": {
        "@id": "https://data.datatourisme.fr/4928fa6e-95fb-3a8d-9405-ff7ff12d698b",
        "schema:latitude": "48.626814",
        "schema:longitude": "2.406671",
        "@type": [
          "schema:GeoCoordinates"
        ]
      },
      "schema:openingHoursSpecification": [
        {
          "@id": "https://data.datatourisme.fr/f87e535a-636d-3343-ad63-8a03392e7511",
          "schema:validFrom": "2023-01-01T00:00:00",
          "schema:validThrough": "2023-12-31T23:59:59",
          "@type": [
            "schema:OpeningHoursSpecification"
          ]
        }
      ],
      "@type": [
        "schema:Place",
        "Place"
      ]
    }
  ],
  "isOwnedBy": [
    {
      "@id": "https://data.datatourisme.fr/637365d0-1279-3996-b918-645e6232b2bf",
      "schema:email": [
        "direction.tourismegpsses@orange.fr",
        "m.delvalle@tourismegps.com",
        "m.meneur@tourismegps.com",
        "m.pantin@tourismegps.com"
      ],
      "schema:legalName": "Office de Tourisme Grand Paris Sud Seine-Essonne-Sénart",
      "@type": [
        "schema:Organization",
        "foaf:Agent",
        "Agent"
      ],
      "foaf:homepage": [
        "https://tourisme-grandparissud.com/"
      ]
    }
  ],
  "lastUpdate": "2022-10-20",
  "lastUpdateDatatourisme": "2023-02-16T06:39:41.884Z"
}