{
  "@id": "https://data.datatourisme.fr/13/0bb0c0d3-c035-3761-ac89-9cf52c777515",
  "dc:identifier": "4940653",
  "@type": [
    "schema:FoodEstablishment",
    "FoodEstablishment",
    "PlaceOfInterest",
    "PointOfInterest"
  ],
  "rdfs:comment": {
    "de": [
      "Die Buffalo Grill Restaurants sind auf amerikanische Gerichte spezialisiert und bieten ein komplettes Menü an, das typisch für ein Steakhouse-Restaurant ist."
    ],
    "en": [
      "Buffalo Grill restaurants specialize in American dishes and offer a full menu typical of a steakhouse restaurant."
    ],
    "it": [
      "I ristoranti Buffalo Grill sono specializzati in piatti americani e offrono un menu completo tipico di un ristorante steakhouse."
    ],
    "fr": [
      "Les restaurants Buffalo Grill sont spécialisés dans les plats américains et proposent un menu complet typique d’un restaurant steakhouse."
    ],
    "es": [
      "Los restaurantes Buffalo Grill están especializados en platos americanos y ofrecen un menú completo típico de un restaurante de carnes."
    ],
    "nl": [
      "Buffalo Grill restaurants zijn gespecialiseerd in Amerikaanse gerechten en bieden een volledig menu dat typisch is voor een steakhouse restaurant."
    ]
  },
  "rdfs:label": {
    "fr": [
      "Buffalo Grill"
    ]
  },
  "hasBeenCreatedBy": {
    "@id": "https://data.datatourisme.fr/13/1baff70e-2669-3837-a347-efd3a874a341",
    "dc:identifier": "1489",
    "schema:email": [
      "emilie.prai@saintgermainenlaye.fr",
      "emilie.rochat@seine-saintgermain.fr",
      "melissa.moreau@saintgermainenlaye.fr"
    ],
    "schema:legalName": "Office de Tourisme Intercommunal de Saint Germain Boucles de Seine",
    "@type": [
      "schema:Organization",
      "foaf:Agent",
      "Agent"
    ],
    "foaf:homepage": [
      "http://www.reservation.seine-saintgermain.fr/"
    ]
  },
  "hasBeenPublishedBy": [
    {
      "@id": "https://data.datatourisme.fr/8a9feb4b-2cbd-3d2c-b507-bd6c6776b23b",
      "schema:legalName": "Apidae Tourisme Scic SA - source : Apidae Tourisme",
      "@type": [
        "schema:Organization",
        "foaf:Agent",
        "Agent"
      ],
      "foaf:homepage": [
        "https://www.apidae-tourisme.com/"
      ]
    }
  ],
  "hasContact": [
    {
      "@id": "https://data.datatourisme.fr/47ac85b0-03cd-380e-a247-424eee49d9ba",
      "schema:telephone": [
        "+33 1 30 15 10 80"
      ],
      "@type": [
        "foaf:Agent",
        "Agent"
      ],
      "foaf:homepage": [
        "https://www.buffalo-grill.fr/restaurant/montesson"
      ]
    }
  ],
  "hasDescription": [
    {
      "@id": "https://data.datatourisme.fr/4e315752-7749-35e8-bc11-1951380e623f",
      "@type": [
        "Description"
      ],
      "hasTranslatedProperty": [
        {
          "@id": "https://data.datatourisme.fr/11479058-53ab-3ba0-be7f-dd1b294a1ca3",
          "dc:contributor": [
            "https://api.deepl.com/v2/translate"
          ],
          "rdf:language": [
            "es"
          ],
          "rdf:predicate": [
            "shortDescription"
          ]
        },
        {
          "@id": "https://data.datatourisme.fr/5d843741-5568-3b5f-b0cd-a4c9950183eb",
          "dc:contributor": [
            "https://api.deepl.com/v2/translate"
          ],
          "rdf:language": [
            "it"
          ],
          "rdf:predicate": [
            "shortDescription"
          ]
        },
        {
          "@id": "https://data.datatourisme.fr/853d875b-5f56-30e1-9730-12d4b1d2e6d5",
          "dc:contributor": [
            "https://api.deepl.com/v2/translate"
          ],
          "rdf:language": [
            "en"
          ],
          "rdf:predicate": [
            "shortDescription"
          ]
        },
        {
          "@id": "https://data.datatourisme.fr/8f9db4da-ee87-3e72-9873-a36a247fc7f0",
          "dc:contributor": [
            "https://api.deepl.com/v2/translate"
          ],
          "rdf:language": [
            "nl"
          ],
          "rdf:predicate": [
            "shortDescription"
          ]
        },
        {
          "@id": "https://data.datatourisme.fr/dc2138a1-af34-3922-afd4-78f65c43dd93",
          "dc:contributor": [
            "https://api.deepl.com/v2/translate"
          ],
          "rdf:language": [
            "de"
          ],
          "rdf:predicate": [
            "shortDescription"
          ]
        }
      ],
      "shortDescription": {
        "de": [
          "Die Buffalo Grill Restaurants sind auf amerikanische Gerichte spezialisiert und bieten ein komplettes Menü an, das typisch für ein Steakhouse-Restaurant ist."
        ],
        "en": [
          "Buffalo Grill restaurants specialize in American dishes and offer a full menu typical of a steakhouse restaurant."
        ],
        "it": [
          "I ristoranti Buffalo Grill sono specializzati in piatti americani e offrono un menu completo tipico di un ristorante steakhouse."
        ],
        "fr": [
          "Les restaurants Buffalo Grill sont spécialisés dans les plats américains et proposent un menu complet typique d’un restaurant steakhouse."
        ],
        "es": [
          "Los restaurantes Buffalo Grill están especializados en platos americanos y ofrecen un menú completo típico de un restaurante de carnes."
        ],
        "nl": [
          "Buffalo Grill restaurants zijn gespecialiseerd in Amerikaanse gerechten en bieden een volledig menu dat typisch is voor een steakhouse restaurant."
        ]
      }
    }
  ],
  "hasTranslatedProperty": [
    {
      "@id": "https://data.datatourisme.fr/411fa0aa-bbb3-3ca8-a4a5-d6cd0f37fbfa",
      "dc:contributor": [
        "https://api.deepl.com/v2/translate"
      ],
      "rdf:language": [
        "de"
      ],
      "rdf:predicate": [
        {
          "@id": "rdfs:comment"
        }
      ]
    },
    {
      "@id": "https://data.datatourisme.fr/4bbbd5cc-5bdc-3b0e-8e6c-c1d5e7e932f8",
      "dc:contributor": [
        "https://api.deepl.com/v2/translate"
      ],
      "rdf:language": [
        "en"
      ],
      "rdf:predicate": [
        {
          "@id": "rdfs:comment"
        }
      ]
    },
    {
      "@id": "https://data.datatourisme.fr/50564c60-c892-3377-9182-1c596dc63104",
      "dc:contributor": [
        "https://api.deepl.com/v2/translate"
      ],
      "rdf:language": [
        "nl"
      ],
      "rdf:predicate": [
        {
          "@id": "rdfs:comment"
        }
      ]
    },
    {
      "@id": "https://data.datatourisme.fr/c77da877-d11a-3626-83a0-a95526846e3e",
      "dc:contributor": [
        "https://api.deepl.com/v2/translate"
      ],
      "rdf:language": [
        "es"
      ],
      "rdf:predicate": [
        {
          "@id": "rdfs:comment"
        }
      ]
    },
    {
      "@id": "https://data.datatourisme.fr/f6730075-8644-3312-bff7-91ae844bcdb6",
      "dc:contributor": [
        "https://api.deepl.com/v2/translate"
      ],
      "rdf:language": [
        "it"
      ],
      "rdf:predicate": [
        {
          "@id": "rdfs:comment"
        }
      ]
    }
  ],
  "isLocatedAt": [
    {
      "@id": "https://data.datatourisme.fr/77b2e464-2f6f-3879-b9de-8112e30e06d2",
      "schema:address": [
        {
          "@id": "https://data.datatourisme.fr/e3503f41-fceb-3a54-9627-44d3916f820a",
          "schema:addressLocality": "Montesson",
          "schema:postalCode": "78360",
          "schema:streetAddress": [
            "3 - 11 Avenue Gabriel Péri"
          ],
          "@type": [
            "schema:PostalAddress",
            "PostalAddress"
          ],
          "hasAddressCity": {
            "@id": "kb:78418",
            "@type": [
              "City"
            ],
            "rdfs:label": {
              "de": [
                "Montesson"
              ],
              "pt": [
                "Montesson"
              ],
              "en": [
                "Montesson"
              ],
              "it": [
                "Montesson"
              ],
              "fr": [
                "Montesson"
              ],
              "nl": [
                "Montesson"
              ],
              "es": [
                "Montesson"
              ]
            },
            "insee": "78418",
            "isPartOfDepartment": {
              "@id": "kb:France1178",
              "@type": [
                "Department"
              ],
              "rdfs:label": {
                "de": [
                  "Yvelines"
                ],
                "pt": [
                  "Yvelines"
                ],
                "en": [
                  "Yvelines"
                ],
                "it": [
                  "Yvelines"
                ],
                "fr": [
                  "Yvelines"
                ],
                "nl": [
                  "Yvelines"
                ],
                "es": [
                  "Yvelines"
                ]
              },
              "insee": "78",
              "isPartOfRegion": {
                "@id": "kb:France11",
                "@type": [
                  "Region"
                ],
                "rdfs:label": {
                  "de": [
                    "Île-de-France"
                  ],
                  "pt": [
                    "Île-de-France"
                  ],
                  "en": [
                    "Île-de-France"
                  ],
                  "it": [
                    "Île-de-France"
                  ],
                  "fr": [
                    "Île-de-France"
                  ],
                  "nl": [
                    "Île-de-France"
                  ],
                  "es": [
                    "Île-de-France"
                  ]
                },
                "insee": "11",
                "isPartOfCountry": {
                  "@id": "kb:France",
                  "@type": [
                    "schema:Country"
                  ],
                  "rdfs:label": {
                    "de": [
                      "France",
                      "Frankreich"
                    ],
                    "pt": [
                      "França",
                      "France"
                    ],
                    "en": [
                      "France"
                    ],
                    "it": [
                      "France",
                      "Francia"
                    ],
                    "fr": [
                      "France"
                    ],
                    "nl": [
                      "France",
                      "Frankrijk"
                    ],
                    "es": [
                      "France",
                      "Francia"
                    ]
                  }
                }
              }
            }
          }
        }
      ],
      "schema:geo": {
        "@id": "https://data.datatourisme.fr/dcf29983-8aa4-3fdd-b259-0d297beed63f",
        "schema:latitude": "48.905854",
        "schema:longitude": "2.114791",
        "@type": [
          "schema:GeoCoordinates"
        ]
      },
      "schema:openingHoursSpecification": [
        {
          "@id": "https://data.datatourisme.fr/145719f0-5d96-3733-b0af-aa679335f3a7",
          "schema:validFrom": "2023-01-01T00:00:00",
          "schema:validThrough": "2023-12-31T23:59:59",
          "@type": [
            "schema:OpeningHoursSpecification"
          ],
          "additionalInformation": {
            "de": [
              "Montag bis Freitag: 18.30-22.30 Uhr\r\nSamstag und Sonntag: 11.30-14.30 Uhr / 18.30-22.30 Uhr"
            ],
            "en": [
              "Monday to Friday: 6:30pm-10:30pm\r\nSaturday and Sunday: 11.30am - 2.30pm / 6.30pm - 10.30pm"
            ],
            "it": [
              "Da lunedì a venerdì: dalle 18.30 alle 22.30\r\nSabato e domenica: 11:30-14:30 / 18:30-22:30"
            ],
            "fr": [
              "Du lundi au vendredi : 18h30-22h30\r\nSamedi et dimanche : 11h30-14h30 / 18h30-22h30"
            ],
            "nl": [
              "Maandag tot vrijdag: 18.30-10.30 uur\r\nZaterdag en zondag: 11u30-2u30 / 18u30-10u30"
            ],
            "es": [
              "De lunes a viernes: 6.30-10.30 pm\r\nSábado y domingo: 11:30-14:30 / 18:30-22:30"
            ]
          },
          "hasTranslatedProperty": [
            {
              "@id": "https://data.datatourisme.fr/51693e63-2212-3868-9e5a-541a3c1d3c83",
              "dc:contributor": [
                "https://api.deepl.com/v2/translate"
              ],
              "rdf:language": [
                "en"
              ],
              "rdf:predicate": [
                "additionalInformation"
              ]
            },
            {
              "@id": "https://data.datatourisme.fr/6432558a-d47e-3527-bce8-7313121998e5",
              "dc:contributor": [
                "https://api.deepl.com/v2/translate"
              ],
              "rdf:language": [
                "nl"
              ],
              "rdf:predicate": [
                "additionalInformation"
              ]
            },
            {
              "@id": "https://data.datatourisme.fr/c92d4fb1-eadf-3de2-97b5-fe0b9a631975",
              "dc:contributor": [
                "https://api.deepl.com/v2/translate"
              ],
              "rdf:language": [
                "de"
              ],
              "rdf:predicate": [
                "additionalInformation"
              ]
            },
            {
              "@id": "https://data.datatourisme.fr/d2a1be9b-a69c-371a-bc4a-ff5240e1d0b6",
              "dc:contributor": [
                "https://api.deepl.com/v2/translate"
              ],
              "rdf:language": [
                "it"
              ],
              "rdf:predicate": [
                "additionalInformation"
              ]
            },
            {
              "@id": "https://data.datatourisme.fr/f1b4ba6e-fb72-364e-b91f-689211df07c9",
              "dc:contributor": [
                "https://api.deepl.com/v2/translate"
              ],
              "rdf:language": [
                "es"
              ],
              "rdf:predicate": [
                "additionalInformation"
              ]
            }
          ]
        }
      ],
      "@type": [
        "schema:Place",
        "Place"
      ]
    }
  ],
  "isOwnedBy": [
    {
      "@id": "https://data.datatourisme.fr/73484530-94e0-3b9c-86da-e2ddfa7df7ed",
      "schema:email": [
        "emilie.prai@saintgermainenlaye.fr",
        "emilie.rochat@seine-saintgermain.fr",
        "melissa.moreau@saintgermainenlaye.fr"
      ],
      "schema:legalName": "Office de Tourisme Intercommunal de Saint Germain Boucles de Seine",
      "@type": [
        "schema:Organization",
        "foaf:Agent",
        "Agent"
      ],
      "foaf:homepage": [
        "http://www.reservation.seine-saintgermain.fr/"
      ]
    }
  ],
  "lastUpdate": "2020-10-05",
  "lastUpdateDatatourisme": "2023-02-01T18:07:36.113Z"
}