{
  "@id": "https://data.datatourisme.fr/13/0b6544d0-1a36-3273-a6f8-4848a49bdcdb",
  "dc:identifier": "900187",
  "@type": [
    "schema:LocalBusiness",
    "ArtGalleryOrExhibitionGallery",
    "PlaceOfInterest",
    "PointOfInterest",
    "SportsAndLeisurePlace",
    "Store"
  ],
  "rdfs:comment": {
    "de": [
      "Die Galerie für zeitgenössische Kunst beherbergt Ausstellungen, die von der Kulturabteilung der Stadt Auvers-sur-Oise organisiert werden. Sie befindet sich im Inneren der Künstlerstadt."
    ],
    "en": [
      "The Contemporary Art Gallery hosts exhibitions organised by the cultural service of the town of Auvers-sur-Oise. It is located inside the artists' city."
    ],
    "it": [
      "La Galleria d'arte contemporanea ospita mostre organizzate dal servizio culturale della città di Auvers-sur-Oise. Si trova all'interno della città degli artisti."
    ],
    "fr": [
      "La Galerie d'Art contemporain accueille les expositions organisées par le service culturel de la ville d'Auvers-sur-Oise. Elle se situe à l'intérieur de la cité des artistes."
    ],
    "es": [
      "La Galería de Arte Contemporáneo acoge exposiciones organizadas por el servicio cultural de la ciudad de Auvers-sur-Oise. Se encuentra dentro de la ciudad de los artistas."
    ],
    "nl": [
      "In de galerie voor hedendaagse kunst worden tentoonstellingen georganiseerd door de culturele dienst van de stad Auvers-sur-Oise. Het ligt in de kunstenaarsstad."
    ]
  },
  "rdfs:label": {
    "fr": [
      "Galerie d'Art contemporain d'Auvers-sur-Oise"
    ]
  },
  "hasBeenCreatedBy": {
    "@id": "https://data.datatourisme.fr/13/3a1dd983-41fa-3c1d-be9b-cf36360e6b84",
    "dc:identifier": "2180",
    "schema:email": [
      "p.barriot@pnr-vexin-francais.fr"
    ],
    "schema:legalName": "Parc naturel régional du Vexin Français",
    "@type": [
      "schema:Organization",
      "foaf:Agent",
      "Agent"
    ],
    "foaf:homepage": [
      "http://www.pnr-vexin-francais.fr/"
    ]
  },
  "hasBeenPublishedBy": [
    {
      "@id": "https://data.datatourisme.fr/8a9feb4b-2cbd-3d2c-b507-bd6c6776b23b",
      "schema:legalName": "Apidae Tourisme Scic SA - source : Apidae Tourisme",
      "@type": [
        "schema:Organization",
        "foaf:Agent",
        "Agent"
      ],
      "foaf:homepage": [
        "https://www.apidae-tourisme.com/"
      ]
    }
  ],
  "hasContact": [
    {
      "@id": "https://data.datatourisme.fr/f561cb38-4387-3c27-8208-8bbf64bc00f9",
      "schema:email": [
        "graps.auvers@gmail.com"
      ],
      "schema:telephone": [
        "+33 1 30 36 13 46"
      ],
      "@type": [
        "foaf:Agent",
        "Agent"
      ],
      "foaf:homepage": [
        "http://www.graps.fr/",
        "https://www.instagram.com/graps.auvers/"
      ]
    }
  ],
  "hasDescription": [
    {
      "@id": "https://data.datatourisme.fr/2f216d9a-0dd5-31a0-8fa9-1ba93890d8fe",
      "@type": [
        "Description"
      ],
      "hasTranslatedProperty": [
        {
          "@id": "https://data.datatourisme.fr/4252b037-f7b9-3c48-a45a-29626ecbcf31",
          "dc:contributor": [
            "https://api.deepl.com/v2/translate"
          ],
          "rdf:language": [
            "en"
          ],
          "rdf:predicate": [
            "shortDescription"
          ]
        },
        {
          "@id": "https://data.datatourisme.fr/52a6570f-d8f5-3ac2-acda-a201c86ded30",
          "dc:contributor": [
            "https://api.deepl.com/v2/translate"
          ],
          "rdf:language": [
            "it"
          ],
          "rdf:predicate": [
            "shortDescription"
          ]
        },
        {
          "@id": "https://data.datatourisme.fr/61c4363d-42a9-395f-8501-bcd5c9f7dc85",
          "dc:contributor": [
            "https://api.deepl.com/v2/translate"
          ],
          "rdf:language": [
            "es"
          ],
          "rdf:predicate": [
            "shortDescription"
          ]
        },
        {
          "@id": "https://data.datatourisme.fr/847be04b-be78-3354-91c0-9535de116639",
          "dc:contributor": [
            "https://api.deepl.com/v2/translate"
          ],
          "rdf:language": [
            "de"
          ],
          "rdf:predicate": [
            "shortDescription"
          ]
        },
        {
          "@id": "https://data.datatourisme.fr/fcc6474a-0e6c-3c79-b90f-5af9dc249637",
          "dc:contributor": [
            "https://api.deepl.com/v2/translate"
          ],
          "rdf:language": [
            "nl"
          ],
          "rdf:predicate": [
            "shortDescription"
          ]
        }
      ],
      "shortDescription": {
        "de": [
          "Die Galerie für zeitgenössische Kunst beherbergt Ausstellungen, die von der Kulturabteilung der Stadt Auvers-sur-Oise organisiert werden. Sie befindet sich im Inneren der Künstlerstadt."
        ],
        "en": [
          "The Contemporary Art Gallery hosts exhibitions organised by the cultural service of the town of Auvers-sur-Oise. It is located inside the artists' city."
        ],
        "it": [
          "La Galleria d'arte contemporanea ospita mostre organizzate dal servizio culturale della città di Auvers-sur-Oise. Si trova all'interno della città degli artisti."
        ],
        "fr": [
          "La Galerie d'Art contemporain accueille les expositions organisées par le service culturel de la ville d'Auvers-sur-Oise. Elle se situe à l'intérieur de la cité des artistes."
        ],
        "es": [
          "La Galería de Arte Contemporáneo acoge exposiciones organizadas por el servicio cultural de la ciudad de Auvers-sur-Oise. Se encuentra dentro de la ciudad de los artistas."
        ],
        "nl": [
          "In de galerie voor hedendaagse kunst worden tentoonstellingen georganiseerd door de culturele dienst van de stad Auvers-sur-Oise. Het ligt in de kunstenaarsstad."
        ]
      }
    }
  ],
  "hasTranslatedProperty": [
    {
      "@id": "https://data.datatourisme.fr/2a4dc237-37d4-3bf5-aec1-eba42c5671cd",
      "dc:contributor": [
        "https://api.deepl.com/v2/translate"
      ],
      "rdf:language": [
        "en"
      ],
      "rdf:predicate": [
        {
          "@id": "rdfs:comment"
        }
      ]
    },
    {
      "@id": "https://data.datatourisme.fr/60a43d58-8f6f-3b69-b659-2295f717d6de",
      "dc:contributor": [
        "https://api.deepl.com/v2/translate"
      ],
      "rdf:language": [
        "de"
      ],
      "rdf:predicate": [
        {
          "@id": "rdfs:comment"
        }
      ]
    },
    {
      "@id": "https://data.datatourisme.fr/7a2324a5-5cb2-3459-81e3-f8ba98cda30f",
      "dc:contributor": [
        "https://api.deepl.com/v2/translate"
      ],
      "rdf:language": [
        "it"
      ],
      "rdf:predicate": [
        {
          "@id": "rdfs:comment"
        }
      ]
    },
    {
      "@id": "https://data.datatourisme.fr/a7d846ab-e5be-3929-b5cc-a3215dc7d24b",
      "dc:contributor": [
        "https://api.deepl.com/v2/translate"
      ],
      "rdf:language": [
        "es"
      ],
      "rdf:predicate": [
        {
          "@id": "rdfs:comment"
        }
      ]
    },
    {
      "@id": "https://data.datatourisme.fr/ee8b65dc-9221-38eb-b6ee-221037dd0a17",
      "dc:contributor": [
        "https://api.deepl.com/v2/translate"
      ],
      "rdf:language": [
        "nl"
      ],
      "rdf:predicate": [
        {
          "@id": "rdfs:comment"
        }
      ]
    }
  ],
  "isLocatedAt": [
    {
      "@id": "https://data.datatourisme.fr/f595af48-cef0-3709-9378-d2eeefe56493",
      "schema:address": [
        {
          "@id": "https://data.datatourisme.fr/6ea234e5-ae42-354d-8a0e-3cb124158495",
          "schema:addressLocality": "Auvers-sur-Oise",
          "schema:postalCode": "95430",
          "schema:streetAddress": [
            "5 rue du Montcel"
          ],
          "@type": [
            "schema:PostalAddress",
            "PostalAddress"
          ],
          "hasAddressCity": {
            "@id": "kb:95039",
            "@type": [
              "City"
            ],
            "rdfs:label": {
              "de": [
                "Auvers-sur-Oise"
              ],
              "pt": [
                "Auvers-sur-Oise"
              ],
              "en": [
                "Auvers-sur-Oise"
              ],
              "it": [
                "Auvers-sur-Oise"
              ],
              "fr": [
                "Auvers-sur-Oise"
              ],
              "nl": [
                "Auvers-sur-Oise"
              ],
              "es": [
                "Auvers-sur-Oise"
              ]
            },
            "insee": "95039",
            "isPartOfDepartment": {
              "@id": "kb:France1195",
              "@type": [
                "Department"
              ],
              "rdfs:label": {
                "de": [
                  "Val-d'Oise"
                ],
                "pt": [
                  "Val-d'Oise"
                ],
                "en": [
                  "Val-d'Oise"
                ],
                "it": [
                  "Val-d'Oise"
                ],
                "fr": [
                  "Val-d'Oise"
                ],
                "nl": [
                  "Val-d'Oise"
                ],
                "es": [
                  "Val-d'Oise"
                ]
              },
              "insee": "95",
              "isPartOfRegion": {
                "@id": "kb:France11",
                "@type": [
                  "Region"
                ],
                "rdfs:label": {
                  "de": [
                    "Île-de-France"
                  ],
                  "pt": [
                    "Île-de-France"
                  ],
                  "en": [
                    "Île-de-France"
                  ],
                  "it": [
                    "Île-de-France"
                  ],
                  "fr": [
                    "Île-de-France"
                  ],
                  "nl": [
                    "Île-de-France"
                  ],
                  "es": [
                    "Île-de-France"
                  ]
                },
                "insee": "11",
                "isPartOfCountry": {
                  "@id": "kb:France",
                  "@type": [
                    "schema:Country"
                  ],
                  "rdfs:label": {
                    "de": [
                      "France",
                      "Frankreich"
                    ],
                    "pt": [
                      "França",
                      "France"
                    ],
                    "en": [
                      "France"
                    ],
                    "it": [
                      "France",
                      "Francia"
                    ],
                    "fr": [
                      "France"
                    ],
                    "nl": [
                      "France",
                      "Frankrijk"
                    ],
                    "es": [
                      "France",
                      "Francia"
                    ]
                  }
                }
              }
            }
          }
        }
      ],
      "schema:geo": {
        "@id": "https://data.datatourisme.fr/eec9352b-09de-31b3-a696-94e235ad170f",
        "schema:latitude": "49.074059",
        "schema:longitude": "2.184459",
        "@type": [
          "schema:GeoCoordinates"
        ]
      },
      "schema:openingHoursSpecification": [
        {
          "@id": "https://data.datatourisme.fr/3b57ae77-cdf1-3b8b-b333-087db62a44a4",
          "schema:validFrom": "2023-01-01T00:00:00",
          "schema:validThrough": "2023-12-31T23:59:59",
          "@type": [
            "schema:OpeningHoursSpecification"
          ],
          "additionalInformation": {
            "de": [
              "Geöffnet an Wochenenden und Feiertagen von 10:30 bis 12:30 Uhr und von 14:00 bis 17:30 Uhr - oder nach Vereinbarung per E-Mail an graps.auvers@gmail.com"
            ],
            "en": [
              "Open weekends and holidays from 10:30 to 12:30 and from 14:00 to 17:30 - or by appointment by mail to graps.auvers@gmail.com"
            ],
            "it": [
              "Aperto nei fine settimana e nei giorni festivi dalle 10:30 alle 12:30 e dalle 14:00 alle 17:30 - o su appuntamento scrivendo a graps.auvers@gmail.com"
            ],
            "fr": [
              "Ouverture les week-ends et jours fériés de 10h30 à 12h30 et de 14h à 17h30 - ou sur rendez-vous par mail à graps.auvers@gmail.com"
            ],
            "nl": [
              "Open weekends en feestdagen van 10:30 tot 12:30 en van 14:00 tot 17:30 - of op afspraak door te mailen naar graps.auvers@gmail.com"
            ],
            "es": [
              "Abierto los fines de semana y los días festivos de 10:30 a 12:30 y de 14:00 a 17:30 - o con cita previa por correo a graps.auvers@gmail.com"
            ]
          },
          "hasTranslatedProperty": [
            {
              "@id": "https://data.datatourisme.fr/21dcde2a-e37e-3b46-9bec-f5f387bc60a6",
              "dc:contributor": [
                "https://api.deepl.com/v2/translate"
              ],
              "rdf:language": [
                "nl"
              ],
              "rdf:predicate": [
                "additionalInformation"
              ]
            },
            {
              "@id": "https://data.datatourisme.fr/4a8ae6ea-6584-3429-a2f3-08f73e0c4c24",
              "dc:contributor": [
                "https://api.deepl.com/v2/translate"
              ],
              "rdf:language": [
                "it"
              ],
              "rdf:predicate": [
                "additionalInformation"
              ]
            },
            {
              "@id": "https://data.datatourisme.fr/7837ff30-1f1b-365f-8bdd-3f9df3c7864f",
              "dc:contributor": [
                "https://api.deepl.com/v2/translate"
              ],
              "rdf:language": [
                "de"
              ],
              "rdf:predicate": [
                "additionalInformation"
              ]
            },
            {
              "@id": "https://data.datatourisme.fr/ad8de45d-6f59-30dc-85d5-eba2671c210d",
              "dc:contributor": [
                "https://api.deepl.com/v2/translate"
              ],
              "rdf:language": [
                "en"
              ],
              "rdf:predicate": [
                "additionalInformation"
              ]
            },
            {
              "@id": "https://data.datatourisme.fr/f0623f96-ab70-3425-856c-87d1e056d85f",
              "dc:contributor": [
                "https://api.deepl.com/v2/translate"
              ],
              "rdf:language": [
                "es"
              ],
              "rdf:predicate": [
                "additionalInformation"
              ]
            }
          ]
        }
      ],
      "@type": [
        "schema:Place",
        "Place"
      ]
    }
  ],
  "isOwnedBy": [
    {
      "@id": "https://data.datatourisme.fr/4c608c50-81e5-397b-9f19-b610e202e801",
      "schema:email": [
        "p.barriot@pnr-vexin-francais.fr"
      ],
      "schema:legalName": "Parc naturel régional du Vexin Français",
      "@type": [
        "schema:Organization",
        "foaf:Agent",
        "Agent"
      ],
      "foaf:homepage": [
        "http://www.pnr-vexin-francais.fr/"
      ]
    }
  ],
  "lastUpdate": "2022-10-11",
  "lastUpdateDatatourisme": "2023-02-01T18:07:36.082Z"
}