{
  "@id": "https://data.datatourisme.fr/13/0b3f743f-2359-3752-bdf2-71d57132c979",
  "dc:identifier": "727843",
  "@type": [
    "schema:FoodEstablishment",
    "FoodEstablishment",
    "PlaceOfInterest",
    "PointOfInterest"
  ],
  "rdfs:comment": {
    "de": [
      "Bietet eine große Auswahl an Pizzen.\r\nAber auch, frischer hausgemachter Teig - täglich frisch zubereitet\r\nAlle unsere Produkte sind Halal-zertifiziert.\r\nes ist auch lieferbar oder zum Mitnehmen"
    ],
    "en": [
      "Plentiful choices of pizzas. \r\nBut also, fresh homemade pasta - Prepared every day.\r\nAll our products are certified halal.\r\nDelivery or takeaway"
    ],
    "it": [
      "Offre un'ampia scelta di pizze.\r\nMa anche la pasta fresca fatta in casa? Preparati ogni giorno\r\nTutti i nostri prodotti sono certificati halal.\r\ndisponibile anche per consegna o asporto"
    ],
    "fr": [
      "Propose un large choix de pizzas.\r\nMais aussi, pâte fraîche maison – Préparée tous les jours. \r\nTous nos produits sont certifiés halal.\r\nc'est aussi en livraison ou à emporter"
    ],
    "es": [
      "Ofrece una amplia selección de pizzas.\r\nPero además, ¿la masa fresca hecha en casa? Preparado todos los días\r\nTodos nuestros productos están certificados como halal.\r\ntambién disponible para entrega o para llevar"
    ],
    "nl": [
      "Biedt een ruime keuze aan pizza's.\r\nMaar ook, vers zelfgemaakt deeg - dagelijks bereid\r\nAl onze producten zijn halal gecertificeerd.\r\nook beschikbaar voor levering of afhaling"
    ]
  },
  "rdfs:label": {
    "de": [
      "Pizza Rella"
    ],
    "ru": [
      "Pizza Rella"
    ],
    "en": [
      "Pizza Rella"
    ],
    "it": [
      "Pizza Rella"
    ],
    "fr": [
      "Pizza Rella"
    ],
    "zh": [
      "Pizza Rella"
    ],
    "nl": [
      "Pizza Rella"
    ],
    "es": [
      "Pizza Rella"
    ]
  },
  "hasBeenCreatedBy": {
    "@id": "https://data.datatourisme.fr/13/a2137a2a-e8e3-3b50-82a3-f8909ecb88fe",
    "dc:identifier": "1065",
    "schema:email": [
      "celine@fontainebleau-tourisme.com",
      "christelle@fontainebleau-tourisme.com",
      "edwige.fontainebleau@gmail.com",
      "emilie@fontainebleau-tourisme.com",
      "lorie@fontainebleau-tourisme.com",
      "magali@fontainebleau-tourisme.com",
      "mathilde@fontainebleau-tourisme.com",
      "stessier.fontainebleautourisme@gmail.com"
    ],
    "schema:legalName": "Fontainebleau Tourisme",
    "@type": [
      "schema:Organization",
      "foaf:Agent",
      "Agent"
    ],
    "foaf:homepage": [
      "http://www.fontainebleau-tourisme.com/"
    ]
  },
  "hasBeenPublishedBy": [
    {
      "@id": "https://data.datatourisme.fr/1db24fc4-b534-39bf-bdaf-152c6f98730e",
      "schema:legalName": "Seine et Marne Attractivité - source : Apidae Tourisme",
      "@type": [
        "schema:Organization",
        "foaf:Agent",
        "Agent"
      ],
      "foaf:homepage": [
        "https://www.apidae-tourisme.com/"
      ]
    }
  ],
  "hasContact": [
    {
      "@id": "https://data.datatourisme.fr/203c8ebf-0fad-3cb2-b5b0-9ecf58b9a977",
      "schema:telephone": [
        "+33 1 64 23 75 13"
      ],
      "@type": [
        "foaf:Agent",
        "Agent"
      ],
      "foaf:homepage": [
        "http://menuperso.com/Pizzarella"
      ]
    }
  ],
  "hasDescription": [
    {
      "@id": "https://data.datatourisme.fr/f98c4249-f779-30b5-b013-2cf389619c68",
      "@type": [
        "Description"
      ],
      "hasTranslatedProperty": [
        {
          "@id": "https://data.datatourisme.fr/2faa4342-6c83-3c7a-8b50-c25c7bf5664f",
          "dc:contributor": [
            "https://api.deepl.com/v2/translate"
          ],
          "rdf:language": [
            "es"
          ],
          "rdf:predicate": [
            "shortDescription"
          ]
        },
        {
          "@id": "https://data.datatourisme.fr/57630b1b-ee13-322c-abd7-31fab780a7cb",
          "dc:contributor": [
            "https://api.deepl.com/v2/translate"
          ],
          "rdf:language": [
            "nl"
          ],
          "rdf:predicate": [
            "shortDescription"
          ]
        },
        {
          "@id": "https://data.datatourisme.fr/9586f091-649c-33ac-b803-c6a24499f2c6",
          "dc:contributor": [
            "https://api.deepl.com/v2/translate"
          ],
          "rdf:language": [
            "de"
          ],
          "rdf:predicate": [
            "shortDescription"
          ]
        },
        {
          "@id": "https://data.datatourisme.fr/d238ab70-6726-3309-bc56-7dd52f0f53e3",
          "dc:contributor": [
            "https://api.deepl.com/v2/translate"
          ],
          "rdf:language": [
            "it"
          ],
          "rdf:predicate": [
            "shortDescription"
          ]
        }
      ],
      "shortDescription": {
        "de": [
          "Bietet eine große Auswahl an Pizzen.\r\nAber auch, frischer hausgemachter Teig - täglich frisch zubereitet\r\nAlle unsere Produkte sind Halal-zertifiziert.\r\nes ist auch lieferbar oder zum Mitnehmen"
        ],
        "en": [
          "Plentiful choices of pizzas. \r\nBut also, fresh homemade pasta - Prepared every day.\r\nAll our products are certified halal.\r\nDelivery or takeaway"
        ],
        "it": [
          "Offre un'ampia scelta di pizze.\r\nMa anche la pasta fresca fatta in casa? Preparati ogni giorno\r\nTutti i nostri prodotti sono certificati halal.\r\ndisponibile anche per consegna o asporto"
        ],
        "fr": [
          "Propose un large choix de pizzas.\r\nMais aussi, pâte fraîche maison – Préparée tous les jours. \r\nTous nos produits sont certifiés halal.\r\nc'est aussi en livraison ou à emporter"
        ],
        "es": [
          "Ofrece una amplia selección de pizzas.\r\nPero además, ¿la masa fresca hecha en casa? Preparado todos los días\r\nTodos nuestros productos están certificados como halal.\r\ntambién disponible para entrega o para llevar"
        ],
        "nl": [
          "Biedt een ruime keuze aan pizza's.\r\nMaar ook, vers zelfgemaakt deeg - dagelijks bereid\r\nAl onze producten zijn halal gecertificeerd.\r\nook beschikbaar voor levering of afhaling"
        ]
      }
    }
  ],
  "hasTranslatedProperty": [
    {
      "@id": "https://data.datatourisme.fr/54496879-1452-3054-9ba3-6c599db0e225",
      "dc:contributor": [
        "https://api.deepl.com/v2/translate"
      ],
      "rdf:language": [
        "it"
      ],
      "rdf:predicate": [
        {
          "@id": "rdfs:comment"
        }
      ]
    },
    {
      "@id": "https://data.datatourisme.fr/9599459e-c8f5-32ff-bf03-b87f1ef44110",
      "dc:contributor": [
        "https://api.deepl.com/v2/translate"
      ],
      "rdf:language": [
        "de"
      ],
      "rdf:predicate": [
        {
          "@id": "rdfs:comment"
        }
      ]
    },
    {
      "@id": "https://data.datatourisme.fr/b9406e7c-2034-38d6-b3e5-ab783e68af1c",
      "dc:contributor": [
        "https://api.deepl.com/v2/translate"
      ],
      "rdf:language": [
        "es"
      ],
      "rdf:predicate": [
        {
          "@id": "rdfs:comment"
        }
      ]
    },
    {
      "@id": "https://data.datatourisme.fr/edee99f5-f6a3-31ae-88fe-52f6a3eac68b",
      "dc:contributor": [
        "https://api.deepl.com/v2/translate"
      ],
      "rdf:language": [
        "nl"
      ],
      "rdf:predicate": [
        {
          "@id": "rdfs:comment"
        }
      ]
    }
  ],
  "isLocatedAt": [
    {
      "@id": "https://data.datatourisme.fr/85073ba2-e2a5-3db2-a94d-8f841f75c841",
      "schema:address": [
        {
          "@id": "https://data.datatourisme.fr/fd7634c6-a3b9-3eda-91e6-e5ddf31db067",
          "schema:addressLocality": "Fontainebleau",
          "schema:postalCode": "77300",
          "schema:streetAddress": [
            "207 rue Grande"
          ],
          "@type": [
            "schema:PostalAddress",
            "PostalAddress"
          ],
          "hasAddressCity": {
            "@id": "kb:77186",
            "@type": [
              "City"
            ],
            "rdfs:label": {
              "de": [
                "Fontainebleau"
              ],
              "pt": [
                "Fontainebleau"
              ],
              "en": [
                "Fontainebleau"
              ],
              "it": [
                "Fontainebleau"
              ],
              "fr": [
                "Fontainebleau"
              ],
              "nl": [
                "Fontainebleau"
              ],
              "es": [
                "Fontainebleau"
              ]
            },
            "insee": "77186",
            "isPartOfDepartment": {
              "@id": "kb:France1177",
              "@type": [
                "Department"
              ],
              "rdfs:label": {
                "de": [
                  "Seine-et-Marne"
                ],
                "pt": [
                  "Seine-et-Marne"
                ],
                "en": [
                  "Seine-et-Marne"
                ],
                "it": [
                  "Seine-et-Marne"
                ],
                "fr": [
                  "Seine-et-Marne"
                ],
                "nl": [
                  "Seine-et-Marne"
                ],
                "es": [
                  "Seine-et-Marne"
                ]
              },
              "insee": "77",
              "isPartOfRegion": {
                "@id": "kb:France11",
                "@type": [
                  "Region"
                ],
                "rdfs:label": {
                  "de": [
                    "Île-de-France"
                  ],
                  "pt": [
                    "Île-de-France"
                  ],
                  "en": [
                    "Île-de-France"
                  ],
                  "it": [
                    "Île-de-France"
                  ],
                  "fr": [
                    "Île-de-France"
                  ],
                  "nl": [
                    "Île-de-France"
                  ],
                  "es": [
                    "Île-de-France"
                  ]
                },
                "insee": "11",
                "isPartOfCountry": {
                  "@id": "kb:France",
                  "@type": [
                    "schema:Country"
                  ],
                  "rdfs:label": {
                    "de": [
                      "France",
                      "Frankreich"
                    ],
                    "pt": [
                      "França",
                      "France"
                    ],
                    "en": [
                      "France"
                    ],
                    "it": [
                      "France",
                      "Francia"
                    ],
                    "fr": [
                      "France"
                    ],
                    "nl": [
                      "France",
                      "Frankrijk"
                    ],
                    "es": [
                      "France",
                      "Francia"
                    ]
                  }
                }
              }
            }
          }
        }
      ],
      "schema:geo": {
        "@id": "https://data.datatourisme.fr/f777673c-b9e3-346f-a5cf-926f6fb3a861",
        "schema:latitude": "48.412117",
        "schema:longitude": "2.705543",
        "@type": [
          "schema:GeoCoordinates"
        ]
      },
      "schema:openingHoursSpecification": [
        {
          "@id": "https://data.datatourisme.fr/2719cb13-bcd2-30ed-9e28-b74702266ad7",
          "schema:validFrom": "2023-01-01T00:00:00",
          "schema:validThrough": "2023-12-31T23:59:59",
          "@type": [
            "schema:OpeningHoursSpecification"
          ],
          "additionalInformation": {
            "de": [
              "Montag bis Freitag: 11h - 15h / 18h - 23h\r\nSamstag: 11h - 14h30 / 18h - 23h\r\nSonntag: 18h - 23h"
            ],
            "en": [
              "Monday to Friday: 11am - 3pm / 6pm - 11pm\r\nSaturday: 11am - 2:30pm / 6pm - 11pm\r\nSunday: 6pm - 11pm"
            ],
            "it": [
              "Da lunedì a venerdì: 11.00 - 15.00 / 18.00 - 23.00\r\nSabato: 11.00 - 14.30 / 18.00 - 23.00\r\nDomenica: 18:00 - 23:00"
            ],
            "fr": [
              "Lundi au vendredi : 11h - 15h / 18h - 23h\r\nSamedi : 11h - 14h30 / 18h - 23h\r\nDimanche : 18h - 23h"
            ],
            "nl": [
              "Maandag tot vrijdag: 11u - 15u / 18u - 23u\r\nZaterdag: 11.00 - 14.30 uur / 18.00 - 23.00 uur\r\nZondag: 18.00 - 23.00 uur"
            ],
            "es": [
              "De lunes a viernes: 11:00 - 15:00 / 18:00 - 23:00\r\nSábado: 11:00 - 14:30 / 18:00 - 23:00\r\nDomingo: 6pm - 11pm"
            ]
          },
          "hasTranslatedProperty": [
            {
              "@id": "https://data.datatourisme.fr/1e685a46-7b7c-3d35-b662-6f36df8b5b6b",
              "dc:contributor": [
                "https://api.deepl.com/v2/translate"
              ],
              "rdf:language": [
                "es"
              ],
              "rdf:predicate": [
                "additionalInformation"
              ]
            },
            {
              "@id": "https://data.datatourisme.fr/3255767a-856c-3ac4-b761-ef6400d64546",
              "dc:contributor": [
                "https://api.deepl.com/v2/translate"
              ],
              "rdf:language": [
                "en"
              ],
              "rdf:predicate": [
                "additionalInformation"
              ]
            },
            {
              "@id": "https://data.datatourisme.fr/72534856-adc2-3e6a-a165-8da160fc79ca",
              "dc:contributor": [
                "https://api.deepl.com/v2/translate"
              ],
              "rdf:language": [
                "it"
              ],
              "rdf:predicate": [
                "additionalInformation"
              ]
            },
            {
              "@id": "https://data.datatourisme.fr/83b2e25f-2c6d-3b19-89ec-26b914e4fc16",
              "dc:contributor": [
                "https://api.deepl.com/v2/translate"
              ],
              "rdf:language": [
                "de"
              ],
              "rdf:predicate": [
                "additionalInformation"
              ]
            },
            {
              "@id": "https://data.datatourisme.fr/f0ced540-4bf8-3728-ba1d-3dfc5e2f9c28",
              "dc:contributor": [
                "https://api.deepl.com/v2/translate"
              ],
              "rdf:language": [
                "nl"
              ],
              "rdf:predicate": [
                "additionalInformation"
              ]
            }
          ]
        }
      ],
      "@type": [
        "schema:Place",
        "Place"
      ]
    }
  ],
  "isOwnedBy": [
    {
      "@id": "https://data.datatourisme.fr/916f1cb3-e1a7-3f46-bb52-81cbe36922b0",
      "schema:email": [
        "celine@fontainebleau-tourisme.com",
        "emilie@fontainebleau-tourisme.com",
        "lorie@fontainebleau-tourisme.com",
        "mathilde@fontainebleau-tourisme.com"
      ],
      "schema:legalName": "Office de tourisme du Pays de Fontainebleau",
      "@type": [
        "schema:Organization",
        "foaf:Agent",
        "Agent"
      ],
      "foaf:homepage": [
        "http://www.fontainebleau-tourisme.com/"
      ]
    }
  ],
  "lastUpdate": "2023-03-09",
  "lastUpdateDatatourisme": "2023-03-10T06:41:44.482Z"
}