{
  "@id": "https://data.datatourisme.fr/13/0b1472bd-7247-31f7-a76c-dfacf492a877",
  "dc:identifier": "817593",
  "@type": [
    "schema:LocalBusiness",
    "EquestrianCenter",
    "PlaceOfInterest",
    "PointOfInterest",
    "SportsAndLeisurePlace"
  ],
  "rdfs:comment": {
    "de": [
      "In einer außergewöhnlichen Umgebung empfängt Sie das Reitzentrum in einer familiären Atmosphäre und bietet die Ausübung verschiedener Aktivitäten zu Pferd und auf Ponys an. Reiten inmitten der Natur, nur eine Stunde von Paris entfernt!"
    ],
    "en": [
      "In an exceptionnal setting, the riding school welcomes you in a family atmosphere and offers various horse and pony riding activities. Horse riding in nature, only one hour from Paris !"
    ],
    "it": [
      "In un contesto eccezionale, il centro ippico vi accoglie in un'atmosfera familiare e offre diverse attività a cavallo e con i pony. Equitazione nel cuore della natura, a un'ora da Parigi!"
    ],
    "fr": [
      "Dans un cadre exceptionnel, le centre équestre vous accueille dans une ambiance familiale et propose la pratique de différentes activités à cheval et à poney. L'équitation en pleine nature, à une heure seulement de Paris !"
    ],
    "nl": [
      "In een uitzonderlijk kader ontvangt de manege u in een familiale sfeer en biedt verschillende paarden- en ponyactiviteiten aan. Paardrijden in het hart van de natuur, op slechts een uur van Parijs!"
    ],
    "es": [
      "En un entorno excepcional, el centro ecuestre le acoge en un ambiente familiar y le ofrece diversas actividades con caballos y ponis. Paseos a caballo en plena naturaleza, ¡a sólo una hora de París!"
    ]
  },
  "rdfs:label": {
    "fr": [
      "Arbonne Equitation"
    ]
  },
  "hasBeenCreatedBy": {
    "@id": "https://data.datatourisme.fr/13/a2137a2a-e8e3-3b50-82a3-f8909ecb88fe",
    "dc:identifier": "1065",
    "schema:email": [
      "celine@fontainebleau-tourisme.com",
      "christelle@fontainebleau-tourisme.com",
      "edwige.fontainebleau@gmail.com",
      "emilie@fontainebleau-tourisme.com",
      "lorie@fontainebleau-tourisme.com",
      "magali@fontainebleau-tourisme.com",
      "mathilde@fontainebleau-tourisme.com",
      "stessier.fontainebleautourisme@gmail.com"
    ],
    "schema:legalName": "Fontainebleau Tourisme",
    "@type": [
      "schema:Organization",
      "foaf:Agent",
      "Agent"
    ],
    "foaf:homepage": [
      "http://www.fontainebleau-tourisme.com/"
    ]
  },
  "hasBeenPublishedBy": [
    {
      "@id": "https://data.datatourisme.fr/1db24fc4-b534-39bf-bdaf-152c6f98730e",
      "schema:legalName": "Seine et Marne Attractivité - source : Apidae Tourisme",
      "@type": [
        "schema:Organization",
        "foaf:Agent",
        "Agent"
      ],
      "foaf:homepage": [
        "https://www.apidae-tourisme.com/"
      ]
    }
  ],
  "hasContact": [
    {
      "@id": "https://data.datatourisme.fr/5d984978-bfad-36bc-b889-74637273fd49",
      "schema:email": [
        "arbonne.equitation@gmail.com"
      ],
      "schema:telephone": [
        "+33 6 28 43 65 48",
        "+33 9 74 56 93 74"
      ],
      "@type": [
        "foaf:Agent",
        "Agent"
      ],
      "foaf:homepage": [
        "http://arbonneequitation.com/"
      ]
    }
  ],
  "hasDescription": [
    {
      "@id": "https://data.datatourisme.fr/d6bf5581-2a5e-3cbd-a723-ac2b77d21d71",
      "@type": [
        "Description"
      ],
      "hasTranslatedProperty": [
        {
          "@id": "https://data.datatourisme.fr/18c653c9-85d2-37f4-a622-924b5bdecf47",
          "dc:contributor": [
            "https://api.deepl.com/v2/translate"
          ],
          "rdf:language": [
            "de"
          ],
          "rdf:predicate": [
            "shortDescription"
          ]
        },
        {
          "@id": "https://data.datatourisme.fr/418aea4d-9a08-3301-8323-e5e97ff5e20e",
          "dc:contributor": [
            "https://api.deepl.com/v2/translate"
          ],
          "rdf:language": [
            "es"
          ],
          "rdf:predicate": [
            "shortDescription"
          ]
        },
        {
          "@id": "https://data.datatourisme.fr/c4ae559a-d231-39b4-8841-d35bf8b63062",
          "dc:contributor": [
            "https://api.deepl.com/v2/translate"
          ],
          "rdf:language": [
            "it"
          ],
          "rdf:predicate": [
            "shortDescription"
          ]
        },
        {
          "@id": "https://data.datatourisme.fr/c9dc9473-c011-34fe-b2eb-7c88e39ed898",
          "dc:contributor": [
            "https://api.deepl.com/v2/translate"
          ],
          "rdf:language": [
            "nl"
          ],
          "rdf:predicate": [
            "shortDescription"
          ]
        }
      ],
      "shortDescription": {
        "de": [
          "In einer außergewöhnlichen Umgebung empfängt Sie das Reitzentrum in einer familiären Atmosphäre und bietet die Ausübung verschiedener Aktivitäten zu Pferd und auf Ponys an. Reiten inmitten der Natur, nur eine Stunde von Paris entfernt!"
        ],
        "en": [
          "In an exceptionnal setting, the riding school welcomes you in a family atmosphere and offers various horse and pony riding activities. Horse riding in nature, only one hour from Paris !"
        ],
        "it": [
          "In un contesto eccezionale, il centro ippico vi accoglie in un'atmosfera familiare e offre diverse attività a cavallo e con i pony. Equitazione nel cuore della natura, a un'ora da Parigi!"
        ],
        "fr": [
          "Dans un cadre exceptionnel, le centre équestre vous accueille dans une ambiance familiale et propose la pratique de différentes activités à cheval et à poney. L'équitation en pleine nature, à une heure seulement de Paris !"
        ],
        "nl": [
          "In een uitzonderlijk kader ontvangt de manege u in een familiale sfeer en biedt verschillende paarden- en ponyactiviteiten aan. Paardrijden in het hart van de natuur, op slechts een uur van Parijs!"
        ],
        "es": [
          "En un entorno excepcional, el centro ecuestre le acoge en un ambiente familiar y le ofrece diversas actividades con caballos y ponis. Paseos a caballo en plena naturaleza, ¡a sólo una hora de París!"
        ]
      }
    }
  ],
  "hasTheme": [
    {
      "@id": "kb:Riding",
      "@type": [
        "SportsTheme"
      ],
      "rdfs:label": {
        "de": [
          "Reiten"
        ],
        "pt": [
          "Equitação"
        ],
        "en": [
          "Riding"
        ],
        "it": [
          "Equitazione"
        ],
        "fr": [
          "Equitation"
        ],
        "nl": [
          "Paardrijden"
        ],
        "es": [
          "Equitación"
        ]
      }
    }
  ],
  "hasTranslatedProperty": [
    {
      "@id": "https://data.datatourisme.fr/0e59b26e-fb91-3932-8373-c99f6599f1f5",
      "dc:contributor": [
        "https://api.deepl.com/v2/translate"
      ],
      "rdf:language": [
        "nl"
      ],
      "rdf:predicate": [
        {
          "@id": "rdfs:comment"
        }
      ]
    },
    {
      "@id": "https://data.datatourisme.fr/1eb4bf97-bba0-35e3-a992-d070fc7719d9",
      "dc:contributor": [
        "https://api.deepl.com/v2/translate"
      ],
      "rdf:language": [
        "de"
      ],
      "rdf:predicate": [
        {
          "@id": "rdfs:comment"
        }
      ]
    },
    {
      "@id": "https://data.datatourisme.fr/44eec388-240a-3193-947e-2ad379349a39",
      "dc:contributor": [
        "https://api.deepl.com/v2/translate"
      ],
      "rdf:language": [
        "it"
      ],
      "rdf:predicate": [
        {
          "@id": "rdfs:comment"
        }
      ]
    },
    {
      "@id": "https://data.datatourisme.fr/ba8a83eb-3f3b-36f6-8915-e46e17e7d39c",
      "dc:contributor": [
        "https://api.deepl.com/v2/translate"
      ],
      "rdf:language": [
        "es"
      ],
      "rdf:predicate": [
        {
          "@id": "rdfs:comment"
        }
      ]
    }
  ],
  "isLocatedAt": [
    {
      "@id": "https://data.datatourisme.fr/b765ecf2-6af3-34b3-9062-ab8705feedd4",
      "schema:address": [
        {
          "@id": "https://data.datatourisme.fr/1303c800-4a94-385d-9bf0-a47e99cfcb15",
          "schema:addressLocality": "Arbonne-la-Forêt",
          "schema:postalCode": "77630",
          "schema:streetAddress": [
            "1047 rue Jean Moulin",
            "Arbonne Equitation"
          ],
          "@type": [
            "schema:PostalAddress",
            "PostalAddress"
          ],
          "hasAddressCity": {
            "@id": "kb:77006",
            "@type": [
              "City"
            ],
            "rdfs:label": {
              "de": [
                "Arbonne-la-Forêt"
              ],
              "pt": [
                "Arbonne-la-Forêt"
              ],
              "en": [
                "Arbonne-la-Forêt"
              ],
              "it": [
                "Arbonne-la-Forêt"
              ],
              "fr": [
                "Arbonne-la-Forêt"
              ],
              "nl": [
                "Arbonne-la-Forêt"
              ],
              "es": [
                "Arbonne-la-Forêt"
              ]
            },
            "insee": "77006",
            "isPartOfDepartment": {
              "@id": "kb:France1177",
              "@type": [
                "Department"
              ],
              "rdfs:label": {
                "de": [
                  "Seine-et-Marne"
                ],
                "pt": [
                  "Seine-et-Marne"
                ],
                "en": [
                  "Seine-et-Marne"
                ],
                "it": [
                  "Seine-et-Marne"
                ],
                "fr": [
                  "Seine-et-Marne"
                ],
                "nl": [
                  "Seine-et-Marne"
                ],
                "es": [
                  "Seine-et-Marne"
                ]
              },
              "insee": "77",
              "isPartOfRegion": {
                "@id": "kb:France11",
                "@type": [
                  "Region"
                ],
                "rdfs:label": {
                  "de": [
                    "Île-de-France"
                  ],
                  "pt": [
                    "Île-de-France"
                  ],
                  "en": [
                    "Île-de-France"
                  ],
                  "it": [
                    "Île-de-France"
                  ],
                  "fr": [
                    "Île-de-France"
                  ],
                  "nl": [
                    "Île-de-France"
                  ],
                  "es": [
                    "Île-de-France"
                  ]
                },
                "insee": "11",
                "isPartOfCountry": {
                  "@id": "kb:France",
                  "@type": [
                    "schema:Country"
                  ],
                  "rdfs:label": {
                    "de": [
                      "France",
                      "Frankreich"
                    ],
                    "pt": [
                      "França",
                      "France"
                    ],
                    "en": [
                      "France"
                    ],
                    "it": [
                      "France",
                      "Francia"
                    ],
                    "fr": [
                      "France"
                    ],
                    "nl": [
                      "France",
                      "Frankrijk"
                    ],
                    "es": [
                      "France",
                      "Francia"
                    ]
                  }
                }
              }
            }
          }
        }
      ],
      "schema:geo": {
        "@id": "https://data.datatourisme.fr/e7adf592-c30b-3971-8fed-c112e5923064",
        "schema:latitude": "48.400818",
        "schema:longitude": "2.561746",
        "@type": [
          "schema:GeoCoordinates"
        ]
      },
      "schema:openingHoursSpecification": [
        {
          "@id": "https://data.datatourisme.fr/feb559db-69a2-31c3-9716-cc88686d90d7",
          "schema:closes": "19:00:00",
          "schema:opens": "08:00:00",
          "schema:validFrom": "2023-01-01T00:00:00",
          "schema:validThrough": "2023-12-31T23:59:59",
          "@type": [
            "schema:OpeningHoursSpecification"
          ]
        }
      ],
      "@type": [
        "schema:Place",
        "Place"
      ]
    }
  ],
  "isOwnedBy": [
    {
      "@id": "https://data.datatourisme.fr/ef04f74c-b32d-30c9-8d13-4a0f6c83b797",
      "schema:email": [
        "celine@fontainebleau-tourisme.com",
        "emilie@fontainebleau-tourisme.com",
        "lorie@fontainebleau-tourisme.com"
      ],
      "schema:legalName": "Office de tourisme du Pays de Fontainebleau",
      "@type": [
        "schema:Organization",
        "foaf:Agent",
        "Agent"
      ],
      "foaf:homepage": [
        "http://www.fontainebleau-tourisme.com/"
      ]
    }
  ],
  "lastUpdate": "2023-05-05",
  "lastUpdateDatatourisme": "2023-05-06T05:52:42.99Z"
}