{
  "@id": "https://data.datatourisme.fr/13/0b9d49e2-25e8-39c1-869f-a615b9d94c54",
  "dc:identifier": "6254179",
  "schema:endDate": [
    "2023-09-06"
  ],
  "schema:startDate": [
    "2023-04-07"
  ],
  "@type": [
    "schema:Event",
    "schema:ExhibitionEvent",
    "CulturalEvent",
    "EntertainmentAndEvent",
    "Exhibition",
    "PointOfInterest"
  ],
  "rdfs:comment": {
    "de": [
      "Nach der Wanderausstellung über Tutanchamun findet in der Grande Halle de la Villette eine neue große Ausstellung über das alte Ägypten statt. Dabei steht die Arbeit mit Gold im Vordergrund."
    ],
    "en": [
      "After the traveling exhibition devoted to Tutankhamun, the Grande Halle de la Villette hosts a new major exhibition on ancient Egypt. The work of gold is highlighted."
    ],
    "it": [
      "Dopo la mostra itinerante dedicata a Tutankhamon, la Grande Halle de la Villette ospita una nuova grande mostra sull'antico Egitto. Il lavoro dell'oro è messo in evidenza."
    ],
    "fr": [
      "Après l'exposition itinérante consacrée à Toutankhamon, la Grande Halle de la Villette accueille une nouvelle grande exposition sur l'Egypte antique. Le travail de l'or y est mis en exergue."
    ],
    "es": [
      "Tras la exposición itinerante dedicada a Tutankamón, la Grande Halle de la Villette acoge una nueva gran exposición sobre el antiguo Egipto. Se destaca la obra de oro."
    ],
    "nl": [
      "Na de reizende tentoonstelling over Toetanchamon wordt in de Grande Halle de la Villette een nieuwe grote tentoonstelling over het oude Egypte gehouden. Het werk van goud wordt benadrukt."
    ]
  },
  "rdfs:label": {
    "en": [
      "Ramses and the gold of the Pharaohs"
    ],
    "fr": [
      "Ramsès et l'or des pharaons"
    ]
  },
  "hasBeenCreatedBy": {
    "@id": "https://data.datatourisme.fr/13/03e0704b-5690-32de-a186-1dc3ad3316c9",
    "dc:identifier": "1019",
    "schema:email": [
      "bgeigle@visitparisregion.com",
      "hcaldo@visitparisregion.com",
      "mtanaskovic@visitparisregion.com"
    ],
    "schema:legalName": "Comité Régional du Tourisme Paris Ile de France",
    "@type": [
      "schema:Organization",
      "foaf:Agent",
      "Agent"
    ],
    "foaf:homepage": [
      "http://www.visitparisregion.com/"
    ]
  },
  "hasBeenPublishedBy": [
    {
      "@id": "https://data.datatourisme.fr/8a9feb4b-2cbd-3d2c-b507-bd6c6776b23b",
      "schema:legalName": "Apidae Tourisme Scic SA - source : Apidae Tourisme",
      "@type": [
        "schema:Organization",
        "foaf:Agent",
        "Agent"
      ],
      "foaf:homepage": [
        "https://www.apidae-tourisme.com/"
      ]
    }
  ],
  "hasContact": [
    {
      "@id": "https://data.datatourisme.fr/0e87f6dc-e43d-38e0-88c0-99647b93a046",
      "schema:telephone": [
        "+33 1 40 03 75 75"
      ],
      "@type": [
        "foaf:Agent",
        "Agent"
      ],
      "foaf:homepage": [
        "http://lavillette.com/"
      ]
    }
  ],
  "hasDescription": [
    {
      "@id": "https://data.datatourisme.fr/6b698e75-779a-3ed4-8e52-d8be10a843ac",
      "@type": [
        "Description"
      ],
      "hasTranslatedProperty": [
        {
          "@id": "https://data.datatourisme.fr/1f76fc60-d20f-3dbb-8298-2d6a94ded932",
          "dc:contributor": [
            "https://api.deepl.com/v2/translate"
          ],
          "rdf:language": [
            "de"
          ],
          "rdf:predicate": [
            "shortDescription"
          ]
        },
        {
          "@id": "https://data.datatourisme.fr/2a2c445f-41cf-36d4-b135-727673cb70db",
          "dc:contributor": [
            "https://api.deepl.com/v2/translate"
          ],
          "rdf:language": [
            "it"
          ],
          "rdf:predicate": [
            "shortDescription"
          ]
        },
        {
          "@id": "https://data.datatourisme.fr/54cba9e5-2ae9-312a-ab93-297d26c14226",
          "dc:contributor": [
            "https://api.deepl.com/v2/translate"
          ],
          "rdf:language": [
            "es"
          ],
          "rdf:predicate": [
            "shortDescription"
          ]
        },
        {
          "@id": "https://data.datatourisme.fr/7daf2e6d-3178-3bd8-946d-7d8ea0abfc33",
          "dc:contributor": [
            "https://api.deepl.com/v2/translate"
          ],
          "rdf:language": [
            "en"
          ],
          "rdf:predicate": [
            "shortDescription"
          ]
        },
        {
          "@id": "https://data.datatourisme.fr/a7fd2127-6f30-3fb3-ba20-8714c4e614f4",
          "dc:contributor": [
            "https://api.deepl.com/v2/translate"
          ],
          "rdf:language": [
            "nl"
          ],
          "rdf:predicate": [
            "shortDescription"
          ]
        }
      ],
      "shortDescription": {
        "de": [
          "Nach der Wanderausstellung über Tutanchamun findet in der Grande Halle de la Villette eine neue große Ausstellung über das alte Ägypten statt. Dabei steht die Arbeit mit Gold im Vordergrund."
        ],
        "en": [
          "After the traveling exhibition devoted to Tutankhamun, the Grande Halle de la Villette hosts a new major exhibition on ancient Egypt. The work of gold is highlighted."
        ],
        "it": [
          "Dopo la mostra itinerante dedicata a Tutankhamon, la Grande Halle de la Villette ospita una nuova grande mostra sull'antico Egitto. Il lavoro dell'oro è messo in evidenza."
        ],
        "fr": [
          "Après l'exposition itinérante consacrée à Toutankhamon, la Grande Halle de la Villette accueille une nouvelle grande exposition sur l'Egypte antique. Le travail de l'or y est mis en exergue."
        ],
        "es": [
          "Tras la exposición itinerante dedicada a Tutankamón, la Grande Halle de la Villette acoge una nueva gran exposición sobre el antiguo Egipto. Se destaca la obra de oro."
        ],
        "nl": [
          "Na de reizende tentoonstelling over Toetanchamon wordt in de Grande Halle de la Villette een nieuwe grote tentoonstelling over het oude Egypte gehouden. Het werk van goud wordt benadrukt."
        ]
      }
    }
  ],
  "hasTranslatedProperty": [
    {
      "@id": "https://data.datatourisme.fr/1aa08d29-3448-3438-a747-e76ab75dbc67",
      "dc:contributor": [
        "https://api.deepl.com/v2/translate"
      ],
      "rdf:language": [
        "nl"
      ],
      "rdf:predicate": [
        {
          "@id": "rdfs:comment"
        }
      ]
    },
    {
      "@id": "https://data.datatourisme.fr/1e2608d2-68e8-346f-9d3c-1552880de899",
      "dc:contributor": [
        "https://api.deepl.com/v2/translate"
      ],
      "rdf:language": [
        "it"
      ],
      "rdf:predicate": [
        {
          "@id": "rdfs:comment"
        }
      ]
    },
    {
      "@id": "https://data.datatourisme.fr/cbf0be91-8b87-3058-ab97-a75c92dafeb8",
      "dc:contributor": [
        "https://api.deepl.com/v2/translate"
      ],
      "rdf:language": [
        "es"
      ],
      "rdf:predicate": [
        {
          "@id": "rdfs:comment"
        }
      ]
    },
    {
      "@id": "https://data.datatourisme.fr/cf186e05-d02f-3968-b8c4-ee57984bc19e",
      "dc:contributor": [
        "https://api.deepl.com/v2/translate"
      ],
      "rdf:language": [
        "en"
      ],
      "rdf:predicate": [
        {
          "@id": "rdfs:comment"
        }
      ]
    },
    {
      "@id": "https://data.datatourisme.fr/f69ae0de-f0d5-33fc-88da-c41fde7ac11b",
      "dc:contributor": [
        "https://api.deepl.com/v2/translate"
      ],
      "rdf:language": [
        "de"
      ],
      "rdf:predicate": [
        {
          "@id": "rdfs:comment"
        }
      ]
    }
  ],
  "isLocatedAt": [
    {
      "@id": "https://data.datatourisme.fr/af9c649e-7e49-34fc-8606-458eeaa29923",
      "schema:address": [
        {
          "@id": "https://data.datatourisme.fr/66268a14-225a-36d1-9252-0d2918060b0b",
          "schema:addressLocality": "Paris",
          "schema:postalCode": "75019",
          "schema:streetAddress": [
            "211 avenue Jean Jaurès",
            "Grande Halle de la Villette"
          ],
          "@type": [
            "schema:PostalAddress",
            "PostalAddress"
          ],
          "hasAddressCity": {
            "@id": "kb:75056",
            "@type": [
              "City"
            ],
            "rdfs:label": {
              "de": [
                "Paris"
              ],
              "pt": [
                "Paris"
              ],
              "en": [
                "Paris"
              ],
              "it": [
                "Paris"
              ],
              "fr": [
                "Paris"
              ],
              "nl": [
                "Paris"
              ],
              "es": [
                "Paris"
              ]
            },
            "insee": "75056",
            "isPartOfDepartment": {
              "@id": "kb:France1175",
              "@type": [
                "Department"
              ],
              "rdfs:label": {
                "de": [
                  "Paris"
                ],
                "pt": [
                  "Paris"
                ],
                "en": [
                  "Paris"
                ],
                "it": [
                  "Paris"
                ],
                "fr": [
                  "Paris"
                ],
                "nl": [
                  "Paris"
                ],
                "es": [
                  "Paris"
                ]
              },
              "insee": "75",
              "isPartOfRegion": {
                "@id": "kb:France11",
                "@type": [
                  "Region"
                ],
                "rdfs:label": {
                  "de": [
                    "Île-de-France"
                  ],
                  "pt": [
                    "Île-de-France"
                  ],
                  "en": [
                    "Île-de-France"
                  ],
                  "it": [
                    "Île-de-France"
                  ],
                  "fr": [
                    "Île-de-France"
                  ],
                  "nl": [
                    "Île-de-France"
                  ],
                  "es": [
                    "Île-de-France"
                  ]
                },
                "insee": "11",
                "isPartOfCountry": {
                  "@id": "kb:France",
                  "@type": [
                    "schema:Country"
                  ],
                  "rdfs:label": {
                    "de": [
                      "France",
                      "Frankreich"
                    ],
                    "pt": [
                      "França",
                      "France"
                    ],
                    "en": [
                      "France"
                    ],
                    "it": [
                      "France",
                      "Francia"
                    ],
                    "fr": [
                      "France"
                    ],
                    "nl": [
                      "France",
                      "Frankrijk"
                    ],
                    "es": [
                      "France",
                      "Francia"
                    ]
                  }
                }
              }
            }
          }
        }
      ],
      "schema:geo": {
        "@id": "https://data.datatourisme.fr/762737cd-108f-320d-a384-c883fa20f5ab",
        "schema:latitude": "48.888952",
        "schema:longitude": "2.392454",
        "@type": [
          "schema:GeoCoordinates"
        ]
      },
      "schema:openingHoursSpecification": [
        {
          "@id": "https://data.datatourisme.fr/c9b8805a-5449-38e6-9c4a-e1a75648f151",
          "schema:validFrom": "2023-04-07T00:00:00",
          "schema:validThrough": "2023-09-06T23:59:59",
          "@type": [
            "schema:OpeningHoursSpecification"
          ]
        }
      ],
      "@type": [
        "schema:Place",
        "Place"
      ]
    }
  ],
  "isOwnedBy": [
    {
      "@id": "https://data.datatourisme.fr/26ecd6f0-563c-356a-b0f9-ad3ec17effc4",
      "schema:email": [
        "bgeigle@visitparisregion.com",
        "hcaldo@visitparisregion.com",
        "mtanaskovic@visitparisregion.com"
      ],
      "schema:legalName": "Comité Régional du Tourisme Paris Ile de France",
      "@type": [
        "schema:Organization",
        "foaf:Agent",
        "Agent"
      ],
      "foaf:homepage": [
        "http://www.visitparisregion.com/"
      ]
    }
  ],
  "lastUpdate": "2022-11-29",
  "lastUpdateDatatourisme": "2023-05-30T05:49:20.386Z",
  "offers": [
    {
      "@id": "https://data.datatourisme.fr/aab0e33b-bd43-3e17-8bdd-bf75a8e7bf08",
      "schema:priceSpecification": [
        {
          "@id": "https://data.datatourisme.fr/5ecfc9b2-3012-3f4e-81ed-97f0b2df186c",
          "@type": [
            "schema:PriceSpecification",
            "PriceSpecification"
          ],
          "appliesOnPeriod": [
            {
              "@id": "https://data.datatourisme.fr/8605f7a3-afd7-3114-96ac-c6202aeb49de",
              "@type": [
                "Period"
              ],
              "endDate": "2023-09-06",
              "startDate": "2023-04-07"
            }
          ]
        }
      ],
      "@type": [
        "schema:Offer",
        "Offer"
      ]
    }
  ],
  "takesPlaceAt": [
    {
      "@id": "https://data.datatourisme.fr/8605f7a3-afd7-3114-96ac-c6202aeb49de",
      "@type": [
        "Period"
      ],
      "endDate": "2023-09-06",
      "startDate": "2023-04-07"
    }
  ]
}