{
  "@id": "https://data.datatourisme.fr/13/0be1b07e-3fa9-3bb0-a5ee-4cc524600d33",
  "dc:identifier": "731015",
  "@type": [
    "schema:Accommodation",
    "schema:Hotel",
    "schema:LodgingBusiness",
    "Accommodation",
    "Hotel",
    "HotelTrade",
    "PlaceOfInterest",
    "PointOfInterest"
  ],
  "rdfs:label": {
    "fr": [
      "Hôtel Kyriad Les Ulis"
    ]
  },
  "hasBeenCreatedBy": {
    "@id": "https://data.datatourisme.fr/13/e034fb6b-66aa-3c1d-88f4-45ddfb08da98",
    "dc:identifier": "1233",
    "schema:email": [
      "d.trioux@destination-paris-saclay.com"
    ],
    "schema:legalName": "Destination Paris-Saclay",
    "@type": [
      "schema:Organization",
      "foaf:Agent",
      "Agent"
    ],
    "foaf:homepage": [
      "https://www.destination-paris-saclay.com/"
    ]
  },
  "hasBeenPublishedBy": [
    {
      "@id": "https://data.datatourisme.fr/8a9feb4b-2cbd-3d2c-b507-bd6c6776b23b",
      "schema:legalName": "Apidae Tourisme Scic SA - source : Apidae Tourisme",
      "@type": [
        "schema:Organization",
        "foaf:Agent",
        "Agent"
      ],
      "foaf:homepage": [
        "https://www.apidae-tourisme.com/"
      ]
    }
  ],
  "hasContact": [
    {
      "@id": "https://data.datatourisme.fr/a2bb0bc6-adea-3df3-b801-6fa65aa3f51e",
      "schema:email": [
        "hotel.kyriad.lesulis@wanadoo.fr"
      ],
      "schema:telephone": [
        "+33 1 64 46 05 06"
      ],
      "@type": [
        "foaf:Agent",
        "Agent"
      ],
      "foaf:homepage": [
        "http://www.kyriad-les-ulis.fr/fr"
      ]
    }
  ],
  "isLocatedAt": [
    {
      "@id": "https://data.datatourisme.fr/16552cbc-8c1f-3f5c-ae49-e28afff5d240",
      "schema:address": [
        {
          "@id": "https://data.datatourisme.fr/ec71e588-4eb3-3729-869c-ba4a68ac55ab",
          "schema:addressLocality": "Les Ulis",
          "schema:postalCode": "91940",
          "schema:streetAddress": [
            "14 avenue des Andes"
          ],
          "@type": [
            "schema:PostalAddress",
            "PostalAddress"
          ],
          "hasAddressCity": {
            "@id": "kb:91692",
            "@type": [
              "City"
            ],
            "rdfs:label": {
              "de": [
                "Les Ulis"
              ],
              "pt": [
                "Les Ulis"
              ],
              "en": [
                "Les Ulis"
              ],
              "it": [
                "Les Ulis"
              ],
              "fr": [
                "Les Ulis"
              ],
              "nl": [
                "Les Ulis"
              ],
              "es": [
                "Les Ulis"
              ]
            },
            "insee": "91692",
            "isPartOfDepartment": {
              "@id": "kb:France1191",
              "@type": [
                "Department"
              ],
              "rdfs:label": {
                "de": [
                  "Essonne"
                ],
                "pt": [
                  "Essonne"
                ],
                "en": [
                  "Essonne"
                ],
                "it": [
                  "Essonne"
                ],
                "fr": [
                  "Essonne"
                ],
                "nl": [
                  "Essonne"
                ],
                "es": [
                  "Essonne"
                ]
              },
              "insee": "91",
              "isPartOfRegion": {
                "@id": "kb:France11",
                "@type": [
                  "Region"
                ],
                "rdfs:label": {
                  "de": [
                    "Île-de-France"
                  ],
                  "pt": [
                    "Île-de-France"
                  ],
                  "en": [
                    "Île-de-France"
                  ],
                  "it": [
                    "Île-de-France"
                  ],
                  "fr": [
                    "Île-de-France"
                  ],
                  "nl": [
                    "Île-de-France"
                  ],
                  "es": [
                    "Île-de-France"
                  ]
                },
                "insee": "11",
                "isPartOfCountry": {
                  "@id": "kb:France",
                  "@type": [
                    "schema:Country"
                  ],
                  "rdfs:label": {
                    "de": [
                      "France",
                      "Frankreich"
                    ],
                    "pt": [
                      "França",
                      "France"
                    ],
                    "en": [
                      "France"
                    ],
                    "it": [
                      "France",
                      "Francia"
                    ],
                    "fr": [
                      "France"
                    ],
                    "nl": [
                      "France",
                      "Frankrijk"
                    ],
                    "es": [
                      "France",
                      "Francia"
                    ]
                  }
                }
              }
            }
          }
        }
      ],
      "schema:geo": {
        "@id": "https://data.datatourisme.fr/d88527b9-dedd-3382-9126-b8ffdf86bed9",
        "schema:latitude": "48.677034",
        "schema:longitude": "2.194164",
        "@type": [
          "schema:GeoCoordinates"
        ]
      },
      "schema:openingHoursSpecification": [
        {
          "@id": "https://data.datatourisme.fr/f87e535a-636d-3343-ad63-8a03392e7511",
          "schema:validFrom": "2023-01-01T00:00:00",
          "schema:validThrough": "2023-12-31T23:59:59",
          "@type": [
            "schema:OpeningHoursSpecification"
          ]
        }
      ],
      "@type": [
        "schema:Place",
        "Place"
      ]
    }
  ],
  "isOwnedBy": [
    {
      "@id": "https://data.datatourisme.fr/d87037ec-223f-3b91-8276-b2fe7d28f333",
      "schema:email": [
        "d.trioux@destination-paris-saclay.com"
      ],
      "schema:legalName": "Destination Paris-Saclay",
      "@type": [
        "schema:Organization",
        "foaf:Agent",
        "Agent"
      ],
      "foaf:homepage": [
        "https://www.destination-paris-saclay.com/"
      ]
    }
  ],
  "lastUpdate": "2023-01-25",
  "lastUpdateDatatourisme": "2023-02-01T18:07:35.906Z"
}