{
  "@id": "https://data.datatourisme.fr/13/0b6d052c-ae69-3b8e-8756-cf914b673d7b",
  "dc:identifier": "5321874",
  "@type": [
    "schema:MovieTheater",
    "Cinema",
    "PlaceOfInterest",
    "PointOfInterest",
    "SportsAndLeisurePlace"
  ],
  "rdfs:comment": {
    "de": [
      "Das Kino Le Vincennes bietet ein abwechslungsreiches Programm, Filme in Originalversion und einen Filmclub am Montagabend."
    ],
    "en": [
      "The cinema Le Vincennes offers a varied programming, films in original version and a ciné-club on Monday evenings."
    ],
    "it": [
      "Il cinema Le Vincennes offre un programma vario, film in versione originale e un cineclub il lunedì sera."
    ],
    "fr": [
      "Le cinéma Le Vincennes propose une programmation variée, des films en version originale et un ciné-club le lundi soir."
    ],
    "es": [
      "El cine Le Vincennes ofrece una programación variada, películas en versión original y un cineclub los lunes por la noche."
    ],
    "nl": [
      "De bioscoop Le Vincennes biedt een gevarieerd programma, films in de originele versie en een filmclub op maandagavond."
    ]
  },
  "rdfs:label": {
    "fr": [
      "Cinéma Le Vincennes"
    ]
  },
  "hasBeenCreatedBy": {
    "@id": "https://data.datatourisme.fr/13/a3545bd7-9d31-39a7-ad3a-78690adf73fc",
    "dc:identifier": "1857",
    "schema:email": [
      "alexandra.picot@pemb.fr",
      "apicot@vincennes.fr",
      "cabarnou@vincennes.fr",
      "christine.abarnou@pemb.fr",
      "imeffre@vincennes.fr",
      "pascale.fossati@pemb.fr",
      "sdossantos@vincennes.fr"
    ],
    "schema:legalName": "Etablissement Public territorial Paris Est Marne et Bois",
    "@type": [
      "schema:Organization",
      "foaf:Agent",
      "Agent"
    ],
    "foaf:homepage": [
      "http://www.vincennes-tourisme.fr/"
    ]
  },
  "hasBeenPublishedBy": [
    {
      "@id": "https://data.datatourisme.fr/8a9feb4b-2cbd-3d2c-b507-bd6c6776b23b",
      "schema:legalName": "Apidae Tourisme Scic SA - source : Apidae Tourisme",
      "@type": [
        "schema:Organization",
        "foaf:Agent",
        "Agent"
      ],
      "foaf:homepage": [
        "https://www.apidae-tourisme.com/"
      ]
    }
  ],
  "hasContact": [
    {
      "@id": "https://data.datatourisme.fr/d6adec8f-b284-3c54-bcd0-52aaba294e08",
      "schema:telephone": [
        "+33 1 43 28 22 56"
      ],
      "@type": [
        "foaf:Agent",
        "Agent"
      ],
      "foaf:homepage": [
        "https://www.cinemalevincennes.com/"
      ]
    }
  ],
  "hasDescription": [
    {
      "@id": "https://data.datatourisme.fr/bfb27716-af15-3bbb-994c-6ba29baec35e",
      "@type": [
        "Description"
      ],
      "hasTranslatedProperty": [
        {
          "@id": "https://data.datatourisme.fr/2594d018-5cb3-3352-8623-0b053c60cdc1",
          "dc:contributor": [
            "https://api.deepl.com/v2/translate"
          ],
          "rdf:language": [
            "de"
          ],
          "rdf:predicate": [
            "shortDescription"
          ]
        },
        {
          "@id": "https://data.datatourisme.fr/41f3ff82-c1a8-33cc-bc12-b5fbb383497c",
          "dc:contributor": [
            "https://api.deepl.com/v2/translate"
          ],
          "rdf:language": [
            "en"
          ],
          "rdf:predicate": [
            "shortDescription"
          ]
        },
        {
          "@id": "https://data.datatourisme.fr/e3dc0eeb-9cdb-3eae-ac6a-25dfde10d4cf",
          "dc:contributor": [
            "https://api.deepl.com/v2/translate"
          ],
          "rdf:language": [
            "nl"
          ],
          "rdf:predicate": [
            "shortDescription"
          ]
        },
        {
          "@id": "https://data.datatourisme.fr/f789ff31-e7d0-3d98-93a0-7729d3cf1711",
          "dc:contributor": [
            "https://api.deepl.com/v2/translate"
          ],
          "rdf:language": [
            "it"
          ],
          "rdf:predicate": [
            "shortDescription"
          ]
        },
        {
          "@id": "https://data.datatourisme.fr/ffa0443c-783b-3cf0-bfb3-58b37debbf69",
          "dc:contributor": [
            "https://api.deepl.com/v2/translate"
          ],
          "rdf:language": [
            "es"
          ],
          "rdf:predicate": [
            "shortDescription"
          ]
        }
      ],
      "shortDescription": {
        "de": [
          "Das Kino Le Vincennes bietet ein abwechslungsreiches Programm, Filme in Originalversion und einen Filmclub am Montagabend."
        ],
        "en": [
          "The cinema Le Vincennes offers a varied programming, films in original version and a ciné-club on Monday evenings."
        ],
        "it": [
          "Il cinema Le Vincennes offre un programma vario, film in versione originale e un cineclub il lunedì sera."
        ],
        "fr": [
          "Le cinéma Le Vincennes propose une programmation variée, des films en version originale et un ciné-club le lundi soir."
        ],
        "es": [
          "El cine Le Vincennes ofrece una programación variada, películas en versión original y un cineclub los lunes por la noche."
        ],
        "nl": [
          "De bioscoop Le Vincennes biedt een gevarieerd programma, films in de originele versie en een filmclub op maandagavond."
        ]
      }
    }
  ],
  "hasTranslatedProperty": [
    {
      "@id": "https://data.datatourisme.fr/15047716-bce0-36ff-accc-852535086b00",
      "dc:contributor": [
        "https://api.deepl.com/v2/translate"
      ],
      "rdf:language": [
        "nl"
      ],
      "rdf:predicate": [
        {
          "@id": "rdfs:comment"
        }
      ]
    },
    {
      "@id": "https://data.datatourisme.fr/2b5d4e61-1044-3b17-933b-29caa77b1542",
      "dc:contributor": [
        "https://api.deepl.com/v2/translate"
      ],
      "rdf:language": [
        "es"
      ],
      "rdf:predicate": [
        {
          "@id": "rdfs:comment"
        }
      ]
    },
    {
      "@id": "https://data.datatourisme.fr/4fd2c3b2-fe8a-3463-80cf-1a7698a1cf3d",
      "dc:contributor": [
        "https://api.deepl.com/v2/translate"
      ],
      "rdf:language": [
        "de"
      ],
      "rdf:predicate": [
        {
          "@id": "rdfs:comment"
        }
      ]
    },
    {
      "@id": "https://data.datatourisme.fr/6ef6e6cf-2491-3051-9179-e481e0972598",
      "dc:contributor": [
        "https://api.deepl.com/v2/translate"
      ],
      "rdf:language": [
        "it"
      ],
      "rdf:predicate": [
        {
          "@id": "rdfs:comment"
        }
      ]
    },
    {
      "@id": "https://data.datatourisme.fr/7284b4e1-dbde-3c0a-80b2-549699241126",
      "dc:contributor": [
        "https://api.deepl.com/v2/translate"
      ],
      "rdf:language": [
        "en"
      ],
      "rdf:predicate": [
        {
          "@id": "rdfs:comment"
        }
      ]
    }
  ],
  "isLocatedAt": [
    {
      "@id": "https://data.datatourisme.fr/3e944c98-93cc-3dce-9a7e-00525f85b03e",
      "schema:address": [
        {
          "@id": "https://data.datatourisme.fr/f095cd6f-9af9-3253-8c23-107fa47d8f5e",
          "schema:addressLocality": "Vincennes",
          "schema:postalCode": "94300",
          "schema:streetAddress": [
            "30 Avenue de Paris"
          ],
          "@type": [
            "schema:PostalAddress",
            "PostalAddress"
          ],
          "hasAddressCity": {
            "@id": "kb:94080",
            "@type": [
              "City"
            ],
            "rdfs:label": {
              "de": [
                "Vincennes"
              ],
              "pt": [
                "Vincennes"
              ],
              "en": [
                "Vincennes"
              ],
              "it": [
                "Vincennes"
              ],
              "fr": [
                "Vincennes"
              ],
              "nl": [
                "Vincennes"
              ],
              "es": [
                "Vincennes"
              ]
            },
            "insee": "94080",
            "isPartOfDepartment": {
              "@id": "kb:France1194",
              "@type": [
                "Department"
              ],
              "rdfs:label": {
                "de": [
                  "Val-de-Marne"
                ],
                "pt": [
                  "Val-de-Marne"
                ],
                "en": [
                  "Val-de-Marne"
                ],
                "it": [
                  "Val-de-Marne"
                ],
                "fr": [
                  "Val-de-Marne"
                ],
                "nl": [
                  "Val-de-Marne"
                ],
                "es": [
                  "Val-de-Marne"
                ]
              },
              "insee": "94",
              "isPartOfRegion": {
                "@id": "kb:France11",
                "@type": [
                  "Region"
                ],
                "rdfs:label": {
                  "de": [
                    "Île-de-France"
                  ],
                  "pt": [
                    "Île-de-France"
                  ],
                  "en": [
                    "Île-de-France"
                  ],
                  "it": [
                    "Île-de-France"
                  ],
                  "fr": [
                    "Île-de-France"
                  ],
                  "nl": [
                    "Île-de-France"
                  ],
                  "es": [
                    "Île-de-France"
                  ]
                },
                "insee": "11",
                "isPartOfCountry": {
                  "@id": "kb:France",
                  "@type": [
                    "schema:Country"
                  ],
                  "rdfs:label": {
                    "de": [
                      "France",
                      "Frankreich"
                    ],
                    "pt": [
                      "França",
                      "France"
                    ],
                    "en": [
                      "France"
                    ],
                    "it": [
                      "France",
                      "Francia"
                    ],
                    "fr": [
                      "France"
                    ],
                    "nl": [
                      "France",
                      "Frankrijk"
                    ],
                    "es": [
                      "France",
                      "Francia"
                    ]
                  }
                }
              }
            }
          }
        }
      ],
      "schema:geo": {
        "@id": "https://data.datatourisme.fr/fb2789e0-0159-3d4d-80f8-7ab129c17747",
        "schema:latitude": "48.845",
        "schema:longitude": "2.4345",
        "@type": [
          "schema:GeoCoordinates"
        ]
      },
      "schema:openingHoursSpecification": [
        {
          "@id": "https://data.datatourisme.fr/f87e535a-636d-3343-ad63-8a03392e7511",
          "schema:validFrom": "2023-01-01T00:00:00",
          "schema:validThrough": "2023-12-31T23:59:59",
          "@type": [
            "schema:OpeningHoursSpecification"
          ]
        }
      ],
      "@type": [
        "schema:Place",
        "Place"
      ]
    }
  ],
  "isOwnedBy": [
    {
      "@id": "https://data.datatourisme.fr/d82d267a-d8a4-3b5b-a4d9-880376d67169",
      "schema:email": [
        "apicot@vincennes.fr",
        "cabarnou@vincennes.fr"
      ],
      "schema:legalName": "Etablissement Public territorial Paris Est Marne et Bois",
      "@type": [
        "schema:Organization",
        "foaf:Agent",
        "Agent"
      ],
      "foaf:homepage": [
        "http://www.vincennes-tourisme.fr/"
      ]
    }
  ],
  "lastUpdate": "2020-09-17",
  "lastUpdateDatatourisme": "2023-02-01T18:07:36.125Z",
  "offers": [
    {
      "@id": "https://data.datatourisme.fr/2457f8ea-97f6-3ef1-b3aa-9d36a26e69ff",
      "schema:priceSpecification": [
        {
          "@id": "https://data.datatourisme.fr/d1d03a11-5f7f-35d3-a5bf-39445bdd329c",
          "schema:maxPrice": [
            "9"
          ],
          "schema:minPrice": [
            "9"
          ],
          "schema:priceCurrency": "EUR",
          "@type": [
            "schema:PriceSpecification",
            "PriceSpecification"
          ],
          "appliesOnPeriod": [
            {
              "@id": "https://data.datatourisme.fr/5714d2b4-e37d-3b81-a7fb-3e46a0efbefb",
              "@type": [
                "Period"
              ],
              "endDate": "2020-12-31",
              "startDate": "2020-01-01"
            }
          ]
        }
      ],
      "@type": [
        "schema:Offer",
        "Offer"
      ]
    }
  ]
}