{
  "@id": "https://data.datatourisme.fr/13/07da8985-cc2d-327e-a4c5-a5f7da4b824e",
  "dc:identifier": "4804620",
  "@type": [
    "schema:LocalBusiness",
    "PlaceOfInterest",
    "PointOfInterest",
    "Store"
  ],
  "rdfs:comment": {
    "de": [
      "Brauchen Sie ein bisschen Bewegung?"
    ],
    "en": [
      "Need to exert yourself?"
    ],
    "it": [
      "Avete bisogno di fare un po' di esercizio?"
    ],
    "fr": [
      "Besoin de se dépenser un peu ?"
    ],
    "es": [
      "¿Necesitas hacer algo de ejercicio?"
    ],
    "nl": [
      "Heb je wat beweging nodig?"
    ]
  },
  "rdfs:label": {
    "fr": [
      "Le street"
    ]
  },
  "hasBeenCreatedBy": {
    "@id": "https://data.datatourisme.fr/13/2056d8c1-dec3-312c-bce6-46b348d189d1",
    "dc:identifier": "2183",
    "schema:email": [
      "tourisme@valparisis.fr"
    ],
    "schema:legalName": "Communauté d'agglomération Val Parisis",
    "@type": [
      "schema:Organization",
      "foaf:Agent",
      "Agent"
    ],
    "foaf:homepage": [
      "https://www.valparisis.fr/"
    ]
  },
  "hasBeenPublishedBy": [
    {
      "@id": "https://data.datatourisme.fr/8a9feb4b-2cbd-3d2c-b507-bd6c6776b23b",
      "schema:legalName": "Apidae Tourisme Scic SA - source : Apidae Tourisme",
      "@type": [
        "schema:Organization",
        "foaf:Agent",
        "Agent"
      ],
      "foaf:homepage": [
        "https://www.apidae-tourisme.com/"
      ]
    }
  ],
  "hasContact": [
    {
      "@id": "https://data.datatourisme.fr/c03e050c-303d-371e-81c3-df9b6dfc1e50",
      "schema:email": [
        "contact@lestreet.fr"
      ],
      "schema:telephone": [
        "+33 1 39 60 90 22"
      ],
      "@type": [
        "foaf:Agent",
        "Agent"
      ],
      "foaf:homepage": [
        "http://www.lestreet.fr/"
      ]
    }
  ],
  "hasDescription": [
    {
      "@id": "https://data.datatourisme.fr/f5d3fa03-ae5f-3043-bf6e-d6b1e0b3feac",
      "@type": [
        "Description"
      ],
      "hasTranslatedProperty": [
        {
          "@id": "https://data.datatourisme.fr/665b97aa-01e9-3a9e-98e2-bbd441719c10",
          "dc:contributor": [
            "https://api.deepl.com/v2/translate"
          ],
          "rdf:language": [
            "es"
          ],
          "rdf:predicate": [
            "shortDescription"
          ]
        },
        {
          "@id": "https://data.datatourisme.fr/6c95ba25-ffa8-3e88-98ac-cc37491e7eb9",
          "dc:contributor": [
            "https://api.deepl.com/v2/translate"
          ],
          "rdf:language": [
            "de"
          ],
          "rdf:predicate": [
            "shortDescription"
          ]
        },
        {
          "@id": "https://data.datatourisme.fr/d35f0a05-2ee6-339e-ae4e-6cd2af3afc68",
          "dc:contributor": [
            "https://api.deepl.com/v2/translate"
          ],
          "rdf:language": [
            "nl"
          ],
          "rdf:predicate": [
            "shortDescription"
          ]
        },
        {
          "@id": "https://data.datatourisme.fr/f83af37f-e108-3ad9-bf3e-ec51070f4a85",
          "dc:contributor": [
            "https://api.deepl.com/v2/translate"
          ],
          "rdf:language": [
            "it"
          ],
          "rdf:predicate": [
            "shortDescription"
          ]
        }
      ],
      "shortDescription": {
        "de": [
          "Brauchen Sie ein bisschen Bewegung?"
        ],
        "en": [
          "Need to exert yourself?"
        ],
        "it": [
          "Avete bisogno di fare un po' di esercizio?"
        ],
        "fr": [
          "Besoin de se dépenser un peu ?"
        ],
        "es": [
          "¿Necesitas hacer algo de ejercicio?"
        ],
        "nl": [
          "Heb je wat beweging nodig?"
        ]
      }
    }
  ],
  "hasTheme": [
    {
      "@id": "kb:Football",
      "@type": [
        "SportsTheme"
      ],
      "rdfs:label": {
        "de": [
          "Fußball"
        ],
        "pt": [
          "Futebol"
        ],
        "en": [
          "Football"
        ],
        "it": [
          "Calcio"
        ],
        "fr": [
          "Football"
        ],
        "nl": [
          "Voetbal"
        ],
        "es": [
          "Fútbol"
        ]
      }
    }
  ],
  "hasTranslatedProperty": [
    {
      "@id": "https://data.datatourisme.fr/76b57202-a24e-38e6-bebd-f7ab0bf27d99",
      "dc:contributor": [
        "https://api.deepl.com/v2/translate"
      ],
      "rdf:language": [
        "es"
      ],
      "rdf:predicate": [
        {
          "@id": "rdfs:comment"
        }
      ]
    },
    {
      "@id": "https://data.datatourisme.fr/918bf712-a012-367f-94aa-4e98975deb77",
      "dc:contributor": [
        "https://api.deepl.com/v2/translate"
      ],
      "rdf:language": [
        "it"
      ],
      "rdf:predicate": [
        {
          "@id": "rdfs:comment"
        }
      ]
    },
    {
      "@id": "https://data.datatourisme.fr/94db5c6c-fe80-3098-91c5-0e3b7717efba",
      "dc:contributor": [
        "https://api.deepl.com/v2/translate"
      ],
      "rdf:language": [
        "nl"
      ],
      "rdf:predicate": [
        {
          "@id": "rdfs:comment"
        }
      ]
    },
    {
      "@id": "https://data.datatourisme.fr/a9195f86-5cb4-33e7-ac68-07fe4749a446",
      "dc:contributor": [
        "https://api.deepl.com/v2/translate"
      ],
      "rdf:language": [
        "de"
      ],
      "rdf:predicate": [
        {
          "@id": "rdfs:comment"
        }
      ]
    }
  ],
  "isLocatedAt": [
    {
      "@id": "https://data.datatourisme.fr/1133c3ec-40f0-3c92-998b-218e7cf1be9b",
      "schema:address": [
        {
          "@id": "https://data.datatourisme.fr/271ca7a5-af6d-3043-9f74-b0df66a8a936",
          "schema:addressLocality": "Beauchamp",
          "schema:postalCode": "95250",
          "schema:streetAddress": [
            "200 Chaussée Jules César"
          ],
          "@type": [
            "schema:PostalAddress",
            "PostalAddress"
          ],
          "hasAddressCity": {
            "@id": "kb:95051",
            "@type": [
              "City"
            ],
            "rdfs:label": {
              "de": [
                "Beauchamp"
              ],
              "pt": [
                "Beauchamp"
              ],
              "en": [
                "Beauchamp"
              ],
              "it": [
                "Beauchamp"
              ],
              "fr": [
                "Beauchamp"
              ],
              "nl": [
                "Beauchamp"
              ],
              "es": [
                "Beauchamp"
              ]
            },
            "insee": "95051",
            "isPartOfDepartment": {
              "@id": "kb:France1195",
              "@type": [
                "Department"
              ],
              "rdfs:label": {
                "de": [
                  "Val-d'Oise"
                ],
                "pt": [
                  "Val-d'Oise"
                ],
                "en": [
                  "Val-d'Oise"
                ],
                "it": [
                  "Val-d'Oise"
                ],
                "fr": [
                  "Val-d'Oise"
                ],
                "nl": [
                  "Val-d'Oise"
                ],
                "es": [
                  "Val-d'Oise"
                ]
              },
              "insee": "95",
              "isPartOfRegion": {
                "@id": "kb:France11",
                "@type": [
                  "Region"
                ],
                "rdfs:label": {
                  "de": [
                    "Île-de-France"
                  ],
                  "pt": [
                    "Île-de-France"
                  ],
                  "en": [
                    "Île-de-France"
                  ],
                  "it": [
                    "Île-de-France"
                  ],
                  "fr": [
                    "Île-de-France"
                  ],
                  "nl": [
                    "Île-de-France"
                  ],
                  "es": [
                    "Île-de-France"
                  ]
                },
                "insee": "11",
                "isPartOfCountry": {
                  "@id": "kb:France",
                  "@type": [
                    "schema:Country"
                  ],
                  "rdfs:label": {
                    "de": [
                      "France",
                      "Frankreich"
                    ],
                    "pt": [
                      "França",
                      "France"
                    ],
                    "en": [
                      "France"
                    ],
                    "it": [
                      "France",
                      "Francia"
                    ],
                    "fr": [
                      "France"
                    ],
                    "nl": [
                      "France",
                      "Frankrijk"
                    ],
                    "es": [
                      "France",
                      "Francia"
                    ]
                  }
                }
              }
            }
          }
        }
      ],
      "schema:geo": {
        "@id": "https://data.datatourisme.fr/8bad56d4-1538-3bb8-aa43-0cc475e4d3da",
        "schema:latitude": "49.016652",
        "schema:longitude": "2.17967",
        "@type": [
          "schema:GeoCoordinates"
        ]
      },
      "schema:openingHoursSpecification": [
        {
          "@id": "https://data.datatourisme.fr/d108a0ce-bd31-33ec-a926-0652c9f26241",
          "schema:closes": "23:45:00",
          "schema:opens": "10:00:00",
          "schema:validFrom": "2023-01-01T00:00:00",
          "schema:validThrough": "2023-12-31T23:59:59",
          "@type": [
            "schema:OpeningHoursSpecification"
          ]
        }
      ],
      "@type": [
        "schema:Place",
        "Place"
      ]
    }
  ],
  "isOwnedBy": [
    {
      "@id": "https://data.datatourisme.fr/faa1762e-8203-3523-81db-9fc45f171d33",
      "schema:email": [
        "tourisme@valparisis.fr"
      ],
      "schema:legalName": "Communauté d'agglomération Val Parisis",
      "@type": [
        "schema:Organization",
        "foaf:Agent",
        "Agent"
      ],
      "foaf:homepage": [
        "https://www.valparisis.fr/"
      ]
    }
  ],
  "lastUpdate": "2021-02-18",
  "lastUpdateDatatourisme": "2023-02-10T06:39:19.793Z"
}