{
  "@id": "https://data.datatourisme.fr/13/07dc13dc-7e11-3256-875f-e67b15380a50",
  "dc:identifier": "5625849",
  "@type": [
    "schema:Product",
    "BusinessPlace",
    "ConventionCentre",
    "NonHousingRealEstateRental",
    "PlaceOfInterest",
    "PointOfInterest",
    "Product",
    "Rental",
    "SportsAndLeisurePlace"
  ],
  "rdfs:comment": {
    "de": [
      "Nur wenige Schritte vom Flughafen Paris Roissy Charles de Gaulle entfernt,\r\ndas Mercure Paris Roissy CDG empfängt Sie in einem großen\r\nzimmer mit allem Komfort Wifi angeboten."
    ],
    "en": [
      "A stone's throw from Paris Roissy Charles de Gaulle Airport,\r\nthe Mercure Paris Roissy CDG welcomes you in a great\r\nroom with all comfort Wifi offered."
    ],
    "it": [
      "A pochi passi dall'aeroporto di Parigi Roissy Charles de Gaulle,\r\nil Mercure Paris Roissy CDG vi accoglie in un ampio\r\ncamera confortevole con connessione Wi-Fi gratuita."
    ],
    "fr": [
      "À deux pas de l’Aéroport Paris Roissy Charles de Gaulle,\r\nle Mercure Paris Roissy CDG vous reçoit dans une grande\r\nchambre tout confort Wifi offert."
    ],
    "nl": [
      "Op een steenworp afstand van de luchthaven Paris Roissy Charles de Gaulle,\r\nhet Mercure Paris Roissy CDG verwelkomt u in een grote\r\ncomfortabele kamer met gratis Wi-Fi."
    ],
    "es": [
      "A un paso del aeropuerto Roissy Charles de Gaulle de París,\r\nel Mercure Paris Roissy CDG le da la bienvenida en un gran\r\nhabitación confortable con Wi-Fi gratuito."
    ]
  },
  "rdfs:label": {
    "fr": [
      "Mercure Paris Roissy CDG"
    ]
  },
  "hasBeenCreatedBy": {
    "@id": "https://data.datatourisme.fr/13/7810ccd4-1bf2-3faa-a2c4-e1f20db70a71",
    "dc:identifier": "1272",
    "schema:email": [
      "afertah@ville-roissy95.fr",
      "csebban@ville-roissy95.fr",
      "mlegris@ville-roissy95.fr"
    ],
    "schema:legalName": "Office de Tourisme Grand Roissy",
    "@type": [
      "schema:Organization",
      "foaf:Agent",
      "Agent"
    ],
    "foaf:homepage": [
      "https://www.grand-roissy-tourisme.com/"
    ]
  },
  "hasBeenPublishedBy": [
    {
      "@id": "https://data.datatourisme.fr/8a9feb4b-2cbd-3d2c-b507-bd6c6776b23b",
      "schema:legalName": "Apidae Tourisme Scic SA - source : Apidae Tourisme",
      "@type": [
        "schema:Organization",
        "foaf:Agent",
        "Agent"
      ],
      "foaf:homepage": [
        "https://www.apidae-tourisme.com/"
      ]
    }
  ],
  "hasContact": [
    {
      "@id": "https://data.datatourisme.fr/2ed88a9c-a465-3e3d-8e83-611e072ff380",
      "schema:email": [
        "h1245@accor.com"
      ],
      "schema:telephone": [
        "+33 1 34 29 40 00"
      ],
      "@type": [
        "foaf:Agent",
        "Agent"
      ],
      "foaf:homepage": [
        "https://www.accorhotels.com/fr/hotel-1245-hotel-mercure-paris-roissy-charles-de-gaulle/index.shtml"
      ]
    }
  ],
  "hasDescription": [
    {
      "@id": "https://data.datatourisme.fr/499cd93f-2707-3ba3-a026-c84859040c68",
      "@type": [
        "Description"
      ],
      "hasTranslatedProperty": [
        {
          "@id": "https://data.datatourisme.fr/358c7b54-bb90-38cc-86c0-fe76808395c8",
          "dc:contributor": [
            "https://api.deepl.com/v2/translate"
          ],
          "rdf:language": [
            "de"
          ],
          "rdf:predicate": [
            "shortDescription"
          ]
        },
        {
          "@id": "https://data.datatourisme.fr/47c2c43b-6e52-3434-86f4-11738e94ec39",
          "dc:contributor": [
            "https://api.deepl.com/v2/translate"
          ],
          "rdf:language": [
            "en"
          ],
          "rdf:predicate": [
            "shortDescription"
          ]
        },
        {
          "@id": "https://data.datatourisme.fr/8d3d3a63-0d54-3d40-85f0-2871bbc5f0f4",
          "dc:contributor": [
            "https://api.deepl.com/v2/translate"
          ],
          "rdf:language": [
            "nl"
          ],
          "rdf:predicate": [
            "shortDescription"
          ]
        },
        {
          "@id": "https://data.datatourisme.fr/b3c21b9e-3785-3a04-a177-b57c7fa10863",
          "dc:contributor": [
            "https://api.deepl.com/v2/translate"
          ],
          "rdf:language": [
            "es"
          ],
          "rdf:predicate": [
            "shortDescription"
          ]
        },
        {
          "@id": "https://data.datatourisme.fr/cee223d0-bc47-326c-a54e-24e02b7e407c",
          "dc:contributor": [
            "https://api.deepl.com/v2/translate"
          ],
          "rdf:language": [
            "it"
          ],
          "rdf:predicate": [
            "shortDescription"
          ]
        }
      ],
      "shortDescription": {
        "de": [
          "Nur wenige Schritte vom Flughafen Paris Roissy Charles de Gaulle entfernt,\r\ndas Mercure Paris Roissy CDG empfängt Sie in einem großen\r\nzimmer mit allem Komfort Wifi angeboten."
        ],
        "en": [
          "A stone's throw from Paris Roissy Charles de Gaulle Airport,\r\nthe Mercure Paris Roissy CDG welcomes you in a great\r\nroom with all comfort Wifi offered."
        ],
        "it": [
          "A pochi passi dall'aeroporto di Parigi Roissy Charles de Gaulle,\r\nil Mercure Paris Roissy CDG vi accoglie in un ampio\r\ncamera confortevole con connessione Wi-Fi gratuita."
        ],
        "fr": [
          "À deux pas de l’Aéroport Paris Roissy Charles de Gaulle,\r\nle Mercure Paris Roissy CDG vous reçoit dans une grande\r\nchambre tout confort Wifi offert."
        ],
        "nl": [
          "Op een steenworp afstand van de luchthaven Paris Roissy Charles de Gaulle,\r\nhet Mercure Paris Roissy CDG verwelkomt u in een grote\r\ncomfortabele kamer met gratis Wi-Fi."
        ],
        "es": [
          "A un paso del aeropuerto Roissy Charles de Gaulle de París,\r\nel Mercure Paris Roissy CDG le da la bienvenida en un gran\r\nhabitación confortable con Wi-Fi gratuito."
        ]
      }
    }
  ],
  "hasTranslatedProperty": [
    {
      "@id": "https://data.datatourisme.fr/31f1d743-89a4-3651-8a09-605a1041e3e5",
      "dc:contributor": [
        "https://api.deepl.com/v2/translate"
      ],
      "rdf:language": [
        "it"
      ],
      "rdf:predicate": [
        {
          "@id": "rdfs:comment"
        }
      ]
    },
    {
      "@id": "https://data.datatourisme.fr/42e26c49-a594-3a10-9903-7a2767171541",
      "dc:contributor": [
        "https://api.deepl.com/v2/translate"
      ],
      "rdf:language": [
        "en"
      ],
      "rdf:predicate": [
        {
          "@id": "rdfs:comment"
        }
      ]
    },
    {
      "@id": "https://data.datatourisme.fr/a163703c-9645-3fbf-8db5-02ae8ec9031e",
      "dc:contributor": [
        "https://api.deepl.com/v2/translate"
      ],
      "rdf:language": [
        "de"
      ],
      "rdf:predicate": [
        {
          "@id": "rdfs:comment"
        }
      ]
    },
    {
      "@id": "https://data.datatourisme.fr/af5e5d0f-65a8-3910-9f95-d40f0895cde9",
      "dc:contributor": [
        "https://api.deepl.com/v2/translate"
      ],
      "rdf:language": [
        "es"
      ],
      "rdf:predicate": [
        {
          "@id": "rdfs:comment"
        }
      ]
    },
    {
      "@id": "https://data.datatourisme.fr/d3b5b750-f28b-3271-a9da-3f8cace1b0ff",
      "dc:contributor": [
        "https://api.deepl.com/v2/translate"
      ],
      "rdf:language": [
        "nl"
      ],
      "rdf:predicate": [
        {
          "@id": "rdfs:comment"
        }
      ]
    }
  ],
  "isLocatedAt": [
    {
      "@id": "https://data.datatourisme.fr/c141163f-4e76-31e6-b00d-e2d7293801cf",
      "schema:address": [
        {
          "@id": "https://data.datatourisme.fr/077203fa-51bc-3c05-8993-132c369299ff",
          "schema:addressLocality": "Roissy-en-France",
          "schema:postalCode": "95700",
          "schema:streetAddress": [
            "3 allée du Verger"
          ],
          "@type": [
            "schema:PostalAddress",
            "PostalAddress"
          ],
          "hasAddressCity": {
            "@id": "kb:95527",
            "@type": [
              "City"
            ],
            "rdfs:label": {
              "de": [
                "Roissy-en-France"
              ],
              "pt": [
                "Roissy-en-France"
              ],
              "en": [
                "Roissy-en-France"
              ],
              "it": [
                "Roissy-en-France"
              ],
              "fr": [
                "Roissy-en-France"
              ],
              "nl": [
                "Roissy-en-France"
              ],
              "es": [
                "Roissy-en-France"
              ]
            },
            "insee": "95527",
            "isPartOfDepartment": {
              "@id": "kb:France1195",
              "@type": [
                "Department"
              ],
              "rdfs:label": {
                "de": [
                  "Val-d'Oise"
                ],
                "pt": [
                  "Val-d'Oise"
                ],
                "en": [
                  "Val-d'Oise"
                ],
                "it": [
                  "Val-d'Oise"
                ],
                "fr": [
                  "Val-d'Oise"
                ],
                "nl": [
                  "Val-d'Oise"
                ],
                "es": [
                  "Val-d'Oise"
                ]
              },
              "insee": "95",
              "isPartOfRegion": {
                "@id": "kb:France11",
                "@type": [
                  "Region"
                ],
                "rdfs:label": {
                  "de": [
                    "Île-de-France"
                  ],
                  "pt": [
                    "Île-de-France"
                  ],
                  "en": [
                    "Île-de-France"
                  ],
                  "it": [
                    "Île-de-France"
                  ],
                  "fr": [
                    "Île-de-France"
                  ],
                  "nl": [
                    "Île-de-France"
                  ],
                  "es": [
                    "Île-de-France"
                  ]
                },
                "insee": "11",
                "isPartOfCountry": {
                  "@id": "kb:France",
                  "@type": [
                    "schema:Country"
                  ],
                  "rdfs:label": {
                    "de": [
                      "France",
                      "Frankreich"
                    ],
                    "pt": [
                      "França",
                      "France"
                    ],
                    "en": [
                      "France"
                    ],
                    "it": [
                      "France",
                      "Francia"
                    ],
                    "fr": [
                      "France"
                    ],
                    "nl": [
                      "France",
                      "Frankrijk"
                    ],
                    "es": [
                      "France",
                      "Francia"
                    ]
                  }
                }
              }
            }
          }
        }
      ],
      "schema:geo": {
        "@id": "https://data.datatourisme.fr/77489bd2-57bf-3a01-a19d-be50f6422be9",
        "schema:latitude": "49.00419",
        "schema:longitude": "2.52131",
        "@type": [
          "schema:GeoCoordinates"
        ]
      },
      "schema:openingHoursSpecification": [
        {
          "@id": "https://data.datatourisme.fr/f87e535a-636d-3343-ad63-8a03392e7511",
          "schema:validFrom": "2023-01-01T00:00:00",
          "schema:validThrough": "2023-12-31T23:59:59",
          "@type": [
            "schema:OpeningHoursSpecification"
          ]
        }
      ],
      "@type": [
        "schema:Place",
        "Place"
      ]
    }
  ],
  "isOwnedBy": [
    {
      "@id": "https://data.datatourisme.fr/818ba162-886f-3d2a-a3d0-b535923ee594",
      "schema:email": [
        "afertah@ville-roissy95.fr",
        "csebban@ville-roissy95.fr",
        "mlegris@ville-roissy95.fr"
      ],
      "schema:legalName": "Office de Tourisme Grand Roissy",
      "@type": [
        "schema:Organization",
        "foaf:Agent",
        "Agent"
      ],
      "foaf:homepage": [
        "https://www.grand-roissy-tourisme.com/"
      ]
    }
  ],
  "lastUpdate": "2020-08-27",
  "lastUpdateDatatourisme": "2023-02-01T18:07:36.027Z"
}