{
  "@id": "https://data.datatourisme.fr/13/0795c1f5-f153-355f-9c85-caef20f7b81a",
  "dc:identifier": "5623466",
  "@type": [
    "schema:LocalBusiness",
    "CraftsmanShop",
    "PlaceOfInterest",
    "PointOfInterest",
    "Store"
  ],
  "rdfs:comment": {
    "de": [
      "Diese Boutique präsentiert originelle Kreationen (Schmuck, Skulpturen, Taschen, ...) von Designerinnen und Designern. Sie präsentiert eine Vielzahl kreativer Welten, die auf hübsche Weise nebeneinander existieren."
    ],
    "en": [
      "This shop presents original creations (jewelry, sculpture, bags, ...) of creators and designers. It presents a multitude of creative universes which cohabit nicely."
    ],
    "it": [
      "Questo negozio presenta creazioni originali (gioielli, sculture, borse, ecc.) di designer. Presenta una moltitudine di universi creativi che coesistono piacevolmente."
    ],
    "fr": [
      "Cette boutique présente des créations originales (bijoux, sculpture, sac,…) de créateurs et créatrices. Elle présente une multitude d’univers créatifs qui cohabitent joliment."
    ],
    "es": [
      "Esta tienda presenta creaciones originales (joyas, esculturas, bolsos, etc.) de diseñadores. Presenta una multitud de universos creativos que coexisten muy bien."
    ],
    "nl": [
      "Deze winkel presenteert originele creaties (juwelen, beelden, tassen, enz.) van ontwerpers. Het presenteert een veelheid aan creatieve werelden die mooi samengaan."
    ]
  },
  "rdfs:label": {
    "fr": [
      "La Caravane des Arts"
    ]
  },
  "hasBeenCreatedBy": {
    "@id": "https://data.datatourisme.fr/13/84f0f204-82cd-37e5-aaca-f7364a643d33",
    "dc:identifier": "1640",
    "schema:email": [
      "fabrizia.brun@ccmsl.com",
      "marie.striebel@ccmsl.com",
      "tourisme@ccmsl.com"
    ],
    "schema:legalName": "Communauté de Communes Moret Seine et Loing",
    "@type": [
      "schema:Organization",
      "foaf:Agent",
      "Agent"
    ],
    "foaf:homepage": [
      "http://www.ccmsl.fr/"
    ]
  },
  "hasBeenPublishedBy": [
    {
      "@id": "https://data.datatourisme.fr/1db24fc4-b534-39bf-bdaf-152c6f98730e",
      "schema:legalName": "Seine et Marne Attractivité - source : Apidae Tourisme",
      "@type": [
        "schema:Organization",
        "foaf:Agent",
        "Agent"
      ],
      "foaf:homepage": [
        "https://www.apidae-tourisme.com/"
      ]
    }
  ],
  "hasContact": [
    {
      "@id": "https://data.datatourisme.fr/284e2c13-fdd2-3d35-a848-55f87fd5f5e6",
      "schema:email": [
        "aurelie.teytaut@gmail.com",
        "caravanedesarts77@gmail.com"
      ],
      "@type": [
        "foaf:Agent",
        "Agent"
      ]
    }
  ],
  "hasDescription": [
    {
      "@id": "https://data.datatourisme.fr/f31fb4d8-1136-3305-be1d-8d5060f43f28",
      "@type": [
        "Description"
      ],
      "hasTranslatedProperty": [
        {
          "@id": "https://data.datatourisme.fr/7742c00c-cf8e-3be2-9da2-33bc809759a3",
          "dc:contributor": [
            "https://api.deepl.com/v2/translate"
          ],
          "rdf:language": [
            "it"
          ],
          "rdf:predicate": [
            "shortDescription"
          ]
        },
        {
          "@id": "https://data.datatourisme.fr/8c32a57d-5528-35ea-b2e7-9dcee98f4a2f",
          "dc:contributor": [
            "https://api.deepl.com/v2/translate"
          ],
          "rdf:language": [
            "es"
          ],
          "rdf:predicate": [
            "shortDescription"
          ]
        },
        {
          "@id": "https://data.datatourisme.fr/b001821b-a4bb-3e49-8e86-781b287ecbc4",
          "dc:contributor": [
            "https://api.deepl.com/v2/translate"
          ],
          "rdf:language": [
            "nl"
          ],
          "rdf:predicate": [
            "shortDescription"
          ]
        },
        {
          "@id": "https://data.datatourisme.fr/cce766fc-81fa-3cba-949d-6d5d49a96d3a",
          "dc:contributor": [
            "https://api.deepl.com/v2/translate"
          ],
          "rdf:language": [
            "de"
          ],
          "rdf:predicate": [
            "shortDescription"
          ]
        },
        {
          "@id": "https://data.datatourisme.fr/fbdba68f-6687-3cb5-8c17-821ba8dd36eb",
          "dc:contributor": [
            "https://api.deepl.com/v2/translate"
          ],
          "rdf:language": [
            "en"
          ],
          "rdf:predicate": [
            "shortDescription"
          ]
        }
      ],
      "shortDescription": {
        "de": [
          "Diese Boutique präsentiert originelle Kreationen (Schmuck, Skulpturen, Taschen, ...) von Designerinnen und Designern. Sie präsentiert eine Vielzahl kreativer Welten, die auf hübsche Weise nebeneinander existieren."
        ],
        "en": [
          "This shop presents original creations (jewelry, sculpture, bags, ...) of creators and designers. It presents a multitude of creative universes which cohabit nicely."
        ],
        "it": [
          "Questo negozio presenta creazioni originali (gioielli, sculture, borse, ecc.) di designer. Presenta una moltitudine di universi creativi che coesistono piacevolmente."
        ],
        "fr": [
          "Cette boutique présente des créations originales (bijoux, sculpture, sac,…) de créateurs et créatrices. Elle présente une multitude d’univers créatifs qui cohabitent joliment."
        ],
        "es": [
          "Esta tienda presenta creaciones originales (joyas, esculturas, bolsos, etc.) de diseñadores. Presenta una multitud de universos creativos que coexisten muy bien."
        ],
        "nl": [
          "Deze winkel presenteert originele creaties (juwelen, beelden, tassen, enz.) van ontwerpers. Het presenteert een veelheid aan creatieve werelden die mooi samengaan."
        ]
      }
    }
  ],
  "hasTranslatedProperty": [
    {
      "@id": "https://data.datatourisme.fr/372d29f8-90d8-3695-b53e-bf73463f90ea",
      "dc:contributor": [
        "https://api.deepl.com/v2/translate"
      ],
      "rdf:language": [
        "en"
      ],
      "rdf:predicate": [
        {
          "@id": "rdfs:comment"
        }
      ]
    },
    {
      "@id": "https://data.datatourisme.fr/bbca9744-0592-379f-a19b-c72dff5418be",
      "dc:contributor": [
        "https://api.deepl.com/v2/translate"
      ],
      "rdf:language": [
        "de"
      ],
      "rdf:predicate": [
        {
          "@id": "rdfs:comment"
        }
      ]
    },
    {
      "@id": "https://data.datatourisme.fr/d158b466-4164-3aa3-9fd1-9cf6750d18d0",
      "dc:contributor": [
        "https://api.deepl.com/v2/translate"
      ],
      "rdf:language": [
        "nl"
      ],
      "rdf:predicate": [
        {
          "@id": "rdfs:comment"
        }
      ]
    },
    {
      "@id": "https://data.datatourisme.fr/e00b9e7f-ccf6-38c0-855e-ce3b9dac16df",
      "dc:contributor": [
        "https://api.deepl.com/v2/translate"
      ],
      "rdf:language": [
        "es"
      ],
      "rdf:predicate": [
        {
          "@id": "rdfs:comment"
        }
      ]
    },
    {
      "@id": "https://data.datatourisme.fr/f30d0f71-ea8b-30c1-b4ed-35766596a7ba",
      "dc:contributor": [
        "https://api.deepl.com/v2/translate"
      ],
      "rdf:language": [
        "it"
      ],
      "rdf:predicate": [
        {
          "@id": "rdfs:comment"
        }
      ]
    }
  ],
  "isLocatedAt": [
    {
      "@id": "https://data.datatourisme.fr/d0a975b0-8e7b-37bd-bda6-71ee7d9e4452",
      "schema:address": [
        {
          "@id": "https://data.datatourisme.fr/a351e3c3-96e6-3dfb-add3-73b5078f6035",
          "schema:addressLocality": "Moret-Loing-et-Orvanne",
          "schema:postalCode": "77250",
          "schema:streetAddress": [
            "Moret-sur-Loing"
          ],
          "@type": [
            "schema:PostalAddress",
            "PostalAddress"
          ],
          "hasAddressCity": {
            "@id": "kb:77316",
            "@type": [
              "City"
            ],
            "rdfs:label": {
              "de": [
                "Moret-Loing-et-Orvanne"
              ],
              "pt": [
                "Moret-Loing-et-Orvanne"
              ],
              "en": [
                "Moret-Loing-et-Orvanne"
              ],
              "it": [
                "Moret-Loing-et-Orvanne"
              ],
              "fr": [
                "Moret-Loing-et-Orvanne"
              ],
              "nl": [
                "Moret-Loing-et-Orvanne"
              ],
              "es": [
                "Moret-Loing-et-Orvanne"
              ]
            },
            "insee": "77316",
            "isPartOfDepartment": {
              "@id": "kb:France1177",
              "@type": [
                "Department"
              ],
              "rdfs:label": {
                "de": [
                  "Seine-et-Marne"
                ],
                "pt": [
                  "Seine-et-Marne"
                ],
                "en": [
                  "Seine-et-Marne"
                ],
                "it": [
                  "Seine-et-Marne"
                ],
                "fr": [
                  "Seine-et-Marne"
                ],
                "nl": [
                  "Seine-et-Marne"
                ],
                "es": [
                  "Seine-et-Marne"
                ]
              },
              "insee": "77",
              "isPartOfRegion": {
                "@id": "kb:France11",
                "@type": [
                  "Region"
                ],
                "rdfs:label": {
                  "de": [
                    "Île-de-France"
                  ],
                  "pt": [
                    "Île-de-France"
                  ],
                  "en": [
                    "Île-de-France"
                  ],
                  "it": [
                    "Île-de-France"
                  ],
                  "fr": [
                    "Île-de-France"
                  ],
                  "nl": [
                    "Île-de-France"
                  ],
                  "es": [
                    "Île-de-France"
                  ]
                },
                "insee": "11",
                "isPartOfCountry": {
                  "@id": "kb:France",
                  "@type": [
                    "schema:Country"
                  ],
                  "rdfs:label": {
                    "de": [
                      "France",
                      "Frankreich"
                    ],
                    "pt": [
                      "França",
                      "France"
                    ],
                    "en": [
                      "France"
                    ],
                    "it": [
                      "France",
                      "Francia"
                    ],
                    "fr": [
                      "France"
                    ],
                    "nl": [
                      "France",
                      "Frankrijk"
                    ],
                    "es": [
                      "France",
                      "Francia"
                    ]
                  }
                }
              }
            }
          }
        }
      ],
      "schema:geo": {
        "@id": "https://data.datatourisme.fr/e4e223c7-a2bf-341c-8a67-5b4643418310",
        "schema:latitude": "48.37362",
        "schema:longitude": "2.815302",
        "@type": [
          "schema:GeoCoordinates"
        ]
      },
      "schema:openingHoursSpecification": [
        {
          "@id": "https://data.datatourisme.fr/f04c10aa-6c18-3269-b7a7-962f4fd8058d",
          "schema:closes": "19:00:00",
          "schema:opens": "10:00:00",
          "schema:validFrom": "2023-01-01T00:00:00",
          "schema:validThrough": "2023-12-31T23:59:59",
          "@type": [
            "schema:OpeningHoursSpecification"
          ]
        }
      ],
      "@type": [
        "schema:Place",
        "Place"
      ]
    }
  ],
  "isOwnedBy": [
    {
      "@id": "https://data.datatourisme.fr/6d26ae2c-7de7-397c-b135-928637ab3b5f",
      "schema:email": [
        "fabrizia.brun@ccmsl.com",
        "marie.striebel@ccmsl.com"
      ],
      "schema:legalName": "Communauté de Communes Moret Seine et Loing",
      "@type": [
        "schema:Organization",
        "foaf:Agent",
        "Agent"
      ],
      "foaf:homepage": [
        "http://www.ccmsl.fr/"
      ]
    }
  ],
  "lastUpdate": "2020-11-07",
  "lastUpdateDatatourisme": "2023-02-01T18:07:35.746Z"
}