{
  "@id": "https://data.datatourisme.fr/13/07b845b3-5bf9-3400-963d-ff0e6277b8d8",
  "dc:identifier": "791229",
  "schema:endDate": [
    "2023-10-15"
  ],
  "schema:startDate": [
    "2023-10-07"
  ],
  "@type": [
    "schema:Event",
    "schema:SaleEvent",
    "EntertainmentAndEvent",
    "FairOrShow",
    "PointOfInterest",
    "SaleEvent"
  ],
  "rdfs:comment": {
    "de": [
      "Die VDL-Messe zieht in das Parc des Expositions de Paris Nord Villepinte um."
    ],
    "en": [
      "The VDL show moves to the Parc des Expositions de Paris Nord Villepinte."
    ],
    "it": [
      "Il salone VDL si sposta al Parc des Expositions de Paris Nord Villepinte."
    ],
    "fr": [
      "Le Salon VDL déménage au Parc des Expositions de Paris Nord Villepinte."
    ],
    "es": [
      "El salón VDL se traslada al Parc des Expositions de Paris Nord Villepinte."
    ],
    "nl": [
      "De VDL show verhuist naar het Parc des Expositions de Paris Nord Villepinte."
    ]
  },
  "rdfs:label": {
    "fr": [
      "Salon des Véhicules de Loisirs"
    ]
  },
  "hasBeenCreatedBy": {
    "@id": "https://data.datatourisme.fr/13/03e0704b-5690-32de-a186-1dc3ad3316c9",
    "dc:identifier": "1019",
    "schema:email": [
      "bgeigle@visitparisregion.com",
      "hcaldo@visitparisregion.com",
      "mtanaskovic@visitparisregion.com"
    ],
    "schema:legalName": "Comité Régional du Tourisme Paris Ile de France",
    "@type": [
      "schema:Organization",
      "foaf:Agent",
      "Agent"
    ],
    "foaf:homepage": [
      "http://www.visitparisregion.com/"
    ]
  },
  "hasBeenPublishedBy": [
    {
      "@id": "https://data.datatourisme.fr/8a9feb4b-2cbd-3d2c-b507-bd6c6776b23b",
      "schema:legalName": "Apidae Tourisme Scic SA - source : Apidae Tourisme",
      "@type": [
        "schema:Organization",
        "foaf:Agent",
        "Agent"
      ],
      "foaf:homepage": [
        "https://www.apidae-tourisme.com/"
      ]
    }
  ],
  "hasContact": [
    {
      "@id": "https://data.datatourisme.fr/442712b3-849b-35ed-8e4b-c3f2b55a9849",
      "@type": [
        "foaf:Agent",
        "Agent"
      ],
      "foaf:homepage": [
        "http://www.salonvdl.com/"
      ]
    }
  ],
  "hasDescription": [
    {
      "@id": "https://data.datatourisme.fr/c4cb5a54-25d6-3b9e-a896-7c77846a786a",
      "@type": [
        "Description"
      ],
      "hasTranslatedProperty": [
        {
          "@id": "https://data.datatourisme.fr/23c53ec9-2e83-38b7-86d4-3ed1e0580c0f",
          "dc:contributor": [
            "https://api.deepl.com/v2/translate"
          ],
          "rdf:language": [
            "it"
          ],
          "rdf:predicate": [
            "shortDescription"
          ]
        },
        {
          "@id": "https://data.datatourisme.fr/485fba9e-6db5-3f2f-a0d9-1fa4284f9dee",
          "dc:contributor": [
            "https://api.deepl.com/v2/translate"
          ],
          "rdf:language": [
            "es"
          ],
          "rdf:predicate": [
            "shortDescription"
          ]
        },
        {
          "@id": "https://data.datatourisme.fr/83b8b8ac-b4e7-3397-bbbb-2a8a0ecd8eed",
          "dc:contributor": [
            "https://api.deepl.com/v2/translate"
          ],
          "rdf:language": [
            "de"
          ],
          "rdf:predicate": [
            "shortDescription"
          ]
        },
        {
          "@id": "https://data.datatourisme.fr/dd5c3d96-6830-39d6-9a84-f5f2305629ba",
          "dc:contributor": [
            "https://api.deepl.com/v2/translate"
          ],
          "rdf:language": [
            "nl"
          ],
          "rdf:predicate": [
            "shortDescription"
          ]
        },
        {
          "@id": "https://data.datatourisme.fr/e5c85e2c-4439-330a-9146-a183a3ca3cc3",
          "dc:contributor": [
            "https://api.deepl.com/v2/translate"
          ],
          "rdf:language": [
            "en"
          ],
          "rdf:predicate": [
            "shortDescription"
          ]
        }
      ],
      "shortDescription": {
        "de": [
          "Die VDL-Messe zieht in das Parc des Expositions de Paris Nord Villepinte um."
        ],
        "en": [
          "The VDL show moves to the Parc des Expositions de Paris Nord Villepinte."
        ],
        "it": [
          "Il salone VDL si sposta al Parc des Expositions de Paris Nord Villepinte."
        ],
        "fr": [
          "Le Salon VDL déménage au Parc des Expositions de Paris Nord Villepinte."
        ],
        "es": [
          "El salón VDL se traslada al Parc des Expositions de Paris Nord Villepinte."
        ],
        "nl": [
          "De VDL show verhuist naar het Parc des Expositions de Paris Nord Villepinte."
        ]
      }
    }
  ],
  "hasTranslatedProperty": [
    {
      "@id": "https://data.datatourisme.fr/1b1eb3e5-efc5-37fb-83ce-4c69f072d2d5",
      "dc:contributor": [
        "https://api.deepl.com/v2/translate"
      ],
      "rdf:language": [
        "nl"
      ],
      "rdf:predicate": [
        {
          "@id": "rdfs:comment"
        }
      ]
    },
    {
      "@id": "https://data.datatourisme.fr/3287fe5e-d94a-3ba0-985b-46e38a9b4478",
      "dc:contributor": [
        "https://api.deepl.com/v2/translate"
      ],
      "rdf:language": [
        "en"
      ],
      "rdf:predicate": [
        {
          "@id": "rdfs:comment"
        }
      ]
    },
    {
      "@id": "https://data.datatourisme.fr/408dd8eb-d472-311c-b724-d45d7c8454b4",
      "dc:contributor": [
        "https://api.deepl.com/v2/translate"
      ],
      "rdf:language": [
        "de"
      ],
      "rdf:predicate": [
        {
          "@id": "rdfs:comment"
        }
      ]
    },
    {
      "@id": "https://data.datatourisme.fr/4128f122-4051-398e-b885-e8fd0386a508",
      "dc:contributor": [
        "https://api.deepl.com/v2/translate"
      ],
      "rdf:language": [
        "es"
      ],
      "rdf:predicate": [
        {
          "@id": "rdfs:comment"
        }
      ]
    },
    {
      "@id": "https://data.datatourisme.fr/b289a09d-9934-385e-b68b-dcaca7f08eef",
      "dc:contributor": [
        "https://api.deepl.com/v2/translate"
      ],
      "rdf:language": [
        "it"
      ],
      "rdf:predicate": [
        {
          "@id": "rdfs:comment"
        }
      ]
    }
  ],
  "isLocatedAt": [
    {
      "@id": "https://data.datatourisme.fr/96981f92-87dc-37d7-8dc3-6ef472a54da5",
      "schema:address": [
        {
          "@id": "https://data.datatourisme.fr/1c30bc44-02ab-399a-9cba-c39f8a51b13d",
          "schema:addressLocality": "Villepinte",
          "schema:postalCode": "93420",
          "schema:streetAddress": [
            "Parc des Expositions Paris Nord Villepinte",
            "ZAC Paris Nord 2"
          ],
          "@type": [
            "schema:PostalAddress",
            "PostalAddress"
          ],
          "hasAddressCity": {
            "@id": "kb:93078",
            "@type": [
              "City"
            ],
            "rdfs:label": {
              "de": [
                "Villepinte"
              ],
              "pt": [
                "Villepinte"
              ],
              "en": [
                "Villepinte"
              ],
              "it": [
                "Villepinte"
              ],
              "fr": [
                "Villepinte"
              ],
              "nl": [
                "Villepinte"
              ],
              "es": [
                "Villepinte"
              ]
            },
            "insee": "93078",
            "isPartOfDepartment": {
              "@id": "kb:France1193",
              "@type": [
                "Department"
              ],
              "rdfs:label": {
                "de": [
                  "Seine-Saint-Denis"
                ],
                "pt": [
                  "Seine-Saint-Denis"
                ],
                "en": [
                  "Seine-Saint-Denis"
                ],
                "it": [
                  "Seine-Saint-Denis"
                ],
                "fr": [
                  "Seine-Saint-Denis"
                ],
                "nl": [
                  "Seine-Saint-Denis"
                ],
                "es": [
                  "Seine-Saint-Denis"
                ]
              },
              "insee": "93",
              "isPartOfRegion": {
                "@id": "kb:France11",
                "@type": [
                  "Region"
                ],
                "rdfs:label": {
                  "de": [
                    "Île-de-France"
                  ],
                  "pt": [
                    "Île-de-France"
                  ],
                  "en": [
                    "Île-de-France"
                  ],
                  "it": [
                    "Île-de-France"
                  ],
                  "fr": [
                    "Île-de-France"
                  ],
                  "nl": [
                    "Île-de-France"
                  ],
                  "es": [
                    "Île-de-France"
                  ]
                },
                "insee": "11",
                "isPartOfCountry": {
                  "@id": "kb:France",
                  "@type": [
                    "schema:Country"
                  ],
                  "rdfs:label": {
                    "de": [
                      "France",
                      "Frankreich"
                    ],
                    "pt": [
                      "França",
                      "France"
                    ],
                    "en": [
                      "France"
                    ],
                    "it": [
                      "France",
                      "Francia"
                    ],
                    "fr": [
                      "France"
                    ],
                    "nl": [
                      "France",
                      "Frankrijk"
                    ],
                    "es": [
                      "France",
                      "Francia"
                    ]
                  }
                }
              }
            }
          }
        }
      ],
      "schema:geo": {
        "@id": "https://data.datatourisme.fr/7afde286-da64-3c80-a2d7-4e6a2c8de0d8",
        "schema:latitude": "48.9742",
        "schema:longitude": "2.517461",
        "@type": [
          "schema:GeoCoordinates"
        ]
      },
      "schema:openingHoursSpecification": [
        {
          "@id": "https://data.datatourisme.fr/9999696b-9c36-3412-ad8a-635d7e574b43",
          "schema:closes": "19:00:00",
          "schema:opens": "10:00:00",
          "schema:validFrom": "2023-10-07T00:00:00",
          "schema:validThrough": "2023-10-15T23:59:59",
          "@type": [
            "schema:OpeningHoursSpecification"
          ]
        }
      ],
      "@type": [
        "schema:Place",
        "Place"
      ]
    }
  ],
  "isOwnedBy": [
    {
      "@id": "https://data.datatourisme.fr/26ecd6f0-563c-356a-b0f9-ad3ec17effc4",
      "schema:email": [
        "bgeigle@visitparisregion.com",
        "hcaldo@visitparisregion.com",
        "mtanaskovic@visitparisregion.com"
      ],
      "schema:legalName": "Comité Régional du Tourisme Paris Ile de France",
      "@type": [
        "schema:Organization",
        "foaf:Agent",
        "Agent"
      ],
      "foaf:homepage": [
        "http://www.visitparisregion.com/"
      ]
    }
  ],
  "lastUpdate": "2023-01-10",
  "lastUpdateDatatourisme": "2023-02-23T06:39:42.747Z",
  "offers": [
    {
      "@id": "https://data.datatourisme.fr/fbe48ddc-2f93-3f2b-9d03-8d4c1796d8d8",
      "schema:priceSpecification": [
        {
          "@id": "https://data.datatourisme.fr/bfbf25c9-bfe8-3a5e-a2cc-a65ad3232980",
          "@type": [
            "schema:PriceSpecification",
            "PriceSpecification"
          ],
          "appliesOnPeriod": [
            {
              "@id": "https://data.datatourisme.fr/6123ef46-25ba-38e0-a854-49ddc0b0e6f7",
              "@type": [
                "Period"
              ],
              "endDate": "2023-10-15",
              "startDate": "2023-10-07"
            }
          ]
        }
      ],
      "@type": [
        "schema:Offer",
        "Offer"
      ]
    }
  ],
  "takesPlaceAt": [
    {
      "@id": "https://data.datatourisme.fr/1135092d-102d-349f-b580-bc80217e0a83",
      "@type": [
        "Period"
      ],
      "endDate": "2023-10-15",
      "endTime": "19:00:00",
      "startDate": "2023-10-07",
      "startTime": "10:00:00"
    }
  ]
}