{
  "@id": "https://data.datatourisme.fr/13/075779ca-ee70-39f6-b002-ec1d0e1e9a51",
  "dc:identifier": "6198494",
  "@type": [
    "schema:Accommodation",
    "schema:BedAndBreakfast",
    "schema:LodgingBusiness",
    "Accommodation",
    "Guesthouse",
    "PlaceOfInterest",
    "PointOfInterest",
    "RentalAccommodation"
  ],
  "rdfs:comment": {
    "de": [
      "Die Villa Manoca liegt am Rande des Waldes von Hautil im charmanten Dorf Boisemont vor den Toren des Naturparks Vexin (10 min) und in der Nähe von Paris."
    ],
    "en": [
      "Villa Manoca is located on the edge of the Hautil forest in the charming village of Boisemont at the gates of the Vexin Natural Park (10 min) and close to Paris."
    ],
    "it": [
      "Villa Manoca si trova ai margini della foresta di Hautil, nell'incantevole villaggio di Boisemont, alle porte del Parco Naturale del Vexin (10 minuti) e vicino a Parigi."
    ],
    "fr": [
      "La Villa Manoca est située en lisière de la forêt de l’Hautil dans le charmant village de Boisemont aux portes du Parc naturel du Vexin (10 min) et proche de Paris."
    ],
    "nl": [
      "Villa Manoca ligt aan de rand van het bos van Hautil in het charmante dorpje Boisemont aan de poort van het natuurpark van Vexin (10 min) en dicht bij Parijs."
    ],
    "es": [
      "Villa Manoca está situada en el borde del bosque de Hautil, en el encantador pueblo de Boisemont, a las puertas del Parque Natural de Vexin (10 min) y cerca de París."
    ]
  },
  "rdfs:label": {
    "fr": [
      "Villa Manoca"
    ]
  },
  "hasBeenCreatedBy": {
    "@id": "https://data.datatourisme.fr/13/766d856e-f1a6-302f-93d8-94415e6bfa0e",
    "dc:identifier": "1014",
    "schema:email": [
      "andrea.duperon@ville-argenteuil.fr",
      "c.carreras@valdoise-tourisme.com",
      "j.blain@valdoise-tourisme.com",
      "m.bachelery@valdoise-tourisme.com",
      "s.benchikh@valdoise-tourisme.com"
    ],
    "schema:legalName": "Val d'Oise Tourisme",
    "@type": [
      "schema:Organization",
      "foaf:Agent",
      "Agent"
    ],
    "foaf:homepage": [
      "https://www.valdoise-tourisme.com/"
    ]
  },
  "hasBeenPublishedBy": [
    {
      "@id": "https://data.datatourisme.fr/8a9feb4b-2cbd-3d2c-b507-bd6c6776b23b",
      "schema:legalName": "Apidae Tourisme Scic SA - source : Apidae Tourisme",
      "@type": [
        "schema:Organization",
        "foaf:Agent",
        "Agent"
      ],
      "foaf:homepage": [
        "https://www.apidae-tourisme.com/"
      ]
    }
  ],
  "hasContact": [
    {
      "@id": "https://data.datatourisme.fr/78953258-04cc-3bdd-b724-e729f5cfc015",
      "@type": [
        "foaf:Agent",
        "Agent"
      ],
      "foaf:homepage": [
        "https://www.chambres-hotes.fr/chambres-hotes_villa-manoca_boisemont_h5194312.htm"
      ]
    }
  ],
  "hasDescription": [
    {
      "@id": "https://data.datatourisme.fr/84a5270a-3a57-3ba6-a4c4-0ce37a8bb315",
      "@type": [
        "Description"
      ],
      "hasTranslatedProperty": [
        {
          "@id": "https://data.datatourisme.fr/43ab1acc-67ad-3224-9c78-5ba906c840de",
          "dc:contributor": [
            "https://api.deepl.com/v2/translate"
          ],
          "rdf:language": [
            "en"
          ],
          "rdf:predicate": [
            "shortDescription"
          ]
        },
        {
          "@id": "https://data.datatourisme.fr/837ebefb-bbf5-36f3-b80e-a85bdf25a5f1",
          "dc:contributor": [
            "https://api.deepl.com/v2/translate"
          ],
          "rdf:language": [
            "es"
          ],
          "rdf:predicate": [
            "shortDescription"
          ]
        },
        {
          "@id": "https://data.datatourisme.fr/8deff80b-0327-37da-8789-3fc7dfe253ce",
          "dc:contributor": [
            "https://api.deepl.com/v2/translate"
          ],
          "rdf:language": [
            "it"
          ],
          "rdf:predicate": [
            "shortDescription"
          ]
        },
        {
          "@id": "https://data.datatourisme.fr/93bdc0d8-8c53-37a5-8389-cd2b6e844c96",
          "dc:contributor": [
            "https://api.deepl.com/v2/translate"
          ],
          "rdf:language": [
            "de"
          ],
          "rdf:predicate": [
            "shortDescription"
          ]
        },
        {
          "@id": "https://data.datatourisme.fr/ffa00cf6-7a31-39f1-aebd-ae4ede76d93e",
          "dc:contributor": [
            "https://api.deepl.com/v2/translate"
          ],
          "rdf:language": [
            "nl"
          ],
          "rdf:predicate": [
            "shortDescription"
          ]
        }
      ],
      "shortDescription": {
        "de": [
          "Die Villa Manoca liegt am Rande des Waldes von Hautil im charmanten Dorf Boisemont vor den Toren des Naturparks Vexin (10 min) und in der Nähe von Paris."
        ],
        "en": [
          "Villa Manoca is located on the edge of the Hautil forest in the charming village of Boisemont at the gates of the Vexin Natural Park (10 min) and close to Paris."
        ],
        "it": [
          "Villa Manoca si trova ai margini della foresta di Hautil, nell'incantevole villaggio di Boisemont, alle porte del Parco Naturale del Vexin (10 minuti) e vicino a Parigi."
        ],
        "fr": [
          "La Villa Manoca est située en lisière de la forêt de l’Hautil dans le charmant village de Boisemont aux portes du Parc naturel du Vexin (10 min) et proche de Paris."
        ],
        "nl": [
          "Villa Manoca ligt aan de rand van het bos van Hautil in het charmante dorpje Boisemont aan de poort van het natuurpark van Vexin (10 min) en dicht bij Parijs."
        ],
        "es": [
          "Villa Manoca está situada en el borde del bosque de Hautil, en el encantador pueblo de Boisemont, a las puertas del Parque Natural de Vexin (10 min) y cerca de París."
        ]
      }
    }
  ],
  "hasReview": [
    {
      "@id": "https://data.datatourisme.fr/6e866798-cae5-351c-9e8d-963661217e60",
      "@type": [
        "Review"
      ],
      "hasReviewValue": {
        "@id": "kb:LabelRating_AccueilVelo",
        "@type": [
          "LabelRating"
        ],
        "rdfs:label": {
          "de": [
            "Accueil Vélo"
          ],
          "pt": [
            "Accueil Vélo"
          ],
          "en": [
            "Accueil Vélo"
          ],
          "it": [
            "Accueil Vélo"
          ],
          "fr": [
            "Accueil Vélo"
          ],
          "nl": [
            "Accueil Vélo"
          ],
          "es": [
            "Accueil Vélo"
          ]
        },
        "isCompliantWith": [
          "PlaceOfInterest"
        ]
      }
    }
  ],
  "hasTranslatedProperty": [
    {
      "@id": "https://data.datatourisme.fr/24194834-d0b3-3469-b660-fd21503558b3",
      "dc:contributor": [
        "https://api.deepl.com/v2/translate"
      ],
      "rdf:language": [
        "nl"
      ],
      "rdf:predicate": [
        {
          "@id": "rdfs:comment"
        }
      ]
    },
    {
      "@id": "https://data.datatourisme.fr/7ceebabd-4e35-32d2-b54c-2e3d90b0f5de",
      "dc:contributor": [
        "https://api.deepl.com/v2/translate"
      ],
      "rdf:language": [
        "de"
      ],
      "rdf:predicate": [
        {
          "@id": "rdfs:comment"
        }
      ]
    },
    {
      "@id": "https://data.datatourisme.fr/a80899ea-78ab-31d7-9d67-575a538b5391",
      "dc:contributor": [
        "https://api.deepl.com/v2/translate"
      ],
      "rdf:language": [
        "es"
      ],
      "rdf:predicate": [
        {
          "@id": "rdfs:comment"
        }
      ]
    },
    {
      "@id": "https://data.datatourisme.fr/b129d678-4a1e-3df5-ac97-816cd924a692",
      "dc:contributor": [
        "https://api.deepl.com/v2/translate"
      ],
      "rdf:language": [
        "it"
      ],
      "rdf:predicate": [
        {
          "@id": "rdfs:comment"
        }
      ]
    },
    {
      "@id": "https://data.datatourisme.fr/b5daf0bc-cc03-3fa7-8656-6f6993297200",
      "dc:contributor": [
        "https://api.deepl.com/v2/translate"
      ],
      "rdf:language": [
        "en"
      ],
      "rdf:predicate": [
        {
          "@id": "rdfs:comment"
        }
      ]
    }
  ],
  "isLocatedAt": [
    {
      "@id": "https://data.datatourisme.fr/0c7ea3d1-b990-3523-9098-de7fcf02e968",
      "schema:address": [
        {
          "@id": "https://data.datatourisme.fr/a6d6b03d-806f-34fa-90cd-8304f508b4ae",
          "schema:addressLocality": "Boisemont",
          "schema:postalCode": "95000",
          "schema:streetAddress": [
            "18 rue des chênes"
          ],
          "@type": [
            "schema:PostalAddress",
            "PostalAddress"
          ],
          "hasAddressCity": {
            "@id": "kb:95074",
            "@type": [
              "City"
            ],
            "rdfs:label": {
              "de": [
                "Boisemont"
              ],
              "pt": [
                "Boisemont"
              ],
              "en": [
                "Boisemont"
              ],
              "it": [
                "Boisemont"
              ],
              "fr": [
                "Boisemont"
              ],
              "nl": [
                "Boisemont"
              ],
              "es": [
                "Boisemont"
              ]
            },
            "insee": "95074",
            "isPartOfDepartment": {
              "@id": "kb:France1195",
              "@type": [
                "Department"
              ],
              "rdfs:label": {
                "de": [
                  "Val-d'Oise"
                ],
                "pt": [
                  "Val-d'Oise"
                ],
                "en": [
                  "Val-d'Oise"
                ],
                "it": [
                  "Val-d'Oise"
                ],
                "fr": [
                  "Val-d'Oise"
                ],
                "nl": [
                  "Val-d'Oise"
                ],
                "es": [
                  "Val-d'Oise"
                ]
              },
              "insee": "95",
              "isPartOfRegion": {
                "@id": "kb:France11",
                "@type": [
                  "Region"
                ],
                "rdfs:label": {
                  "de": [
                    "Île-de-France"
                  ],
                  "pt": [
                    "Île-de-France"
                  ],
                  "en": [
                    "Île-de-France"
                  ],
                  "it": [
                    "Île-de-France"
                  ],
                  "fr": [
                    "Île-de-France"
                  ],
                  "nl": [
                    "Île-de-France"
                  ],
                  "es": [
                    "Île-de-France"
                  ]
                },
                "insee": "11",
                "isPartOfCountry": {
                  "@id": "kb:France",
                  "@type": [
                    "schema:Country"
                  ],
                  "rdfs:label": {
                    "de": [
                      "France",
                      "Frankreich"
                    ],
                    "pt": [
                      "França",
                      "France"
                    ],
                    "en": [
                      "France"
                    ],
                    "it": [
                      "France",
                      "Francia"
                    ],
                    "fr": [
                      "France"
                    ],
                    "nl": [
                      "France",
                      "Frankrijk"
                    ],
                    "es": [
                      "France",
                      "Francia"
                    ]
                  }
                }
              }
            }
          }
        }
      ],
      "schema:geo": {
        "@id": "https://data.datatourisme.fr/33aba5e5-1585-35d7-af1e-85951d1de8d8",
        "schema:latitude": "49.018745",
        "schema:longitude": "1.995221",
        "@type": [
          "schema:GeoCoordinates"
        ]
      },
      "schema:openingHoursSpecification": [
        {
          "@id": "https://data.datatourisme.fr/f87e535a-636d-3343-ad63-8a03392e7511",
          "schema:validFrom": "2023-01-01T00:00:00",
          "schema:validThrough": "2023-12-31T23:59:59",
          "@type": [
            "schema:OpeningHoursSpecification"
          ]
        }
      ],
      "@type": [
        "schema:Place",
        "Place"
      ]
    }
  ],
  "isOwnedBy": [
    {
      "@id": "https://data.datatourisme.fr/23940bd2-9731-38c7-a10e-636c62e84fbb",
      "schema:email": [
        "m.bachelery@valdoise-tourisme.com",
        "s.benchikh@valdoise-tourisme.com"
      ],
      "schema:legalName": "Val d'Oise Tourisme",
      "@type": [
        "schema:Organization",
        "foaf:Agent",
        "Agent"
      ],
      "foaf:homepage": [
        "https://www.valdoise-tourisme.com/"
      ]
    }
  ],
  "lastUpdate": "2022-10-27",
  "lastUpdateDatatourisme": "2023-03-22T07:00:06.326Z",
  "offers": [
    {
      "@id": "https://data.datatourisme.fr/2e559ebc-db86-3cb8-aa07-91dbe63a934a",
      "schema:priceSpecification": [
        {
          "@id": "https://data.datatourisme.fr/2b8bcd8f-8798-3e4d-900f-de327b0dc90f",
          "schema:minPrice": [
            "90"
          ],
          "schema:priceCurrency": "EUR",
          "@type": [
            "schema:PriceSpecification",
            "PriceSpecification"
          ],
          "appliesOnPeriod": [
            {
              "@id": "https://data.datatourisme.fr/0663ca4b-3470-3171-9053-39aa704e8f56",
              "@type": [
                "Period"
              ],
              "endDate": "2022-12-31",
              "startDate": "2022-01-01"
            }
          ]
        }
      ],
      "@type": [
        "schema:Offer",
        "Offer"
      ]
    }
  ]
}