{
  "@id": "https://data.datatourisme.fr/13/0702cbe2-9fe6-314c-b289-cc92f85aa3da",
  "dc:identifier": "727817",
  "@type": [
    "schema:FoodEstablishment",
    "FoodEstablishment",
    "PlaceOfInterest",
    "PointOfInterest"
  ],
  "rdfs:comment": {
    "de": [
      "In einem gemütlichen Rahmen bietet Ihnen das Team von La Petite Ardoise eine originelle und gesellige Küche mit Spezialitäten aus verschiedenen Regionen Frankreichs. Terrasse im Sommer."
    ],
    "en": [
      "In a friendly setting, the team of La Petite Ardoise offers an original and convivial cuisine with an emphasis on specialties from different regions of France. Terrace in summer."
    ],
    "it": [
      "In un ambiente accogliente, il team de La Petite Ardoise vi offre una cucina originale e amichevole composta da specialità provenienti da diverse regioni della Francia. Terrazza in estate."
    ],
    "fr": [
      "Dans un cadre chaleureux, l'équipe de la Petite Ardoise vous propose une cuisine originale et conviviale composée de spécialités de différentes régions de France. Terrasse l'été."
    ],
    "nl": [
      "In een warm kader biedt het team van La Petite Ardoise u een originele en gezellige keuken, samengesteld uit specialiteiten uit verschillende streken van Frankrijk. Terras in de zomer."
    ],
    "es": [
      "En un entorno cálido, el equipo de La Petite Ardoise le ofrece una cocina original y acogedora compuesta por especialidades de diferentes regiones de Francia. Terraza en verano."
    ]
  },
  "rdfs:label": {
    "de": [
      "La Petite Ardoise"
    ],
    "ru": [
      "La Petite Ardoise"
    ],
    "en": [
      "La Petite Ardoise"
    ],
    "it": [
      "La Petite Ardoise"
    ],
    "fr": [
      "La Petite Ardoise"
    ],
    "zh": [
      "La Petite Ardoise"
    ],
    "nl": [
      "La Petite Ardoise"
    ],
    "es": [
      "La Petite Ardoise"
    ]
  },
  "hasBeenCreatedBy": {
    "@id": "https://data.datatourisme.fr/13/a2137a2a-e8e3-3b50-82a3-f8909ecb88fe",
    "dc:identifier": "1065",
    "schema:email": [
      "celine@fontainebleau-tourisme.com",
      "christelle@fontainebleau-tourisme.com",
      "edwige.fontainebleau@gmail.com",
      "emilie@fontainebleau-tourisme.com",
      "lorie@fontainebleau-tourisme.com",
      "magali@fontainebleau-tourisme.com",
      "mathilde@fontainebleau-tourisme.com",
      "stessier.fontainebleautourisme@gmail.com"
    ],
    "schema:legalName": "Fontainebleau Tourisme",
    "@type": [
      "schema:Organization",
      "foaf:Agent",
      "Agent"
    ],
    "foaf:homepage": [
      "http://www.fontainebleau-tourisme.com/"
    ]
  },
  "hasBeenPublishedBy": [
    {
      "@id": "https://data.datatourisme.fr/1db24fc4-b534-39bf-bdaf-152c6f98730e",
      "schema:legalName": "Seine et Marne Attractivité - source : Apidae Tourisme",
      "@type": [
        "schema:Organization",
        "foaf:Agent",
        "Agent"
      ],
      "foaf:homepage": [
        "https://www.apidae-tourisme.com/"
      ]
    }
  ],
  "hasContact": [
    {
      "@id": "https://data.datatourisme.fr/5af7108d-e111-3386-9f78-7d72802e119a",
      "schema:email": [
        "restaurantlapetiteardoise@gmail.com"
      ],
      "schema:telephone": [
        "+33 1 64 24 08 66"
      ],
      "@type": [
        "foaf:Agent",
        "Agent"
      ],
      "foaf:homepage": [
        "http://restaurantlapetiteardoise.fr/"
      ]
    }
  ],
  "hasDescription": [
    {
      "@id": "https://data.datatourisme.fr/32cd916c-9477-3a4e-8fe4-d1bb98b50d9e",
      "@type": [
        "Description"
      ],
      "hasTranslatedProperty": [
        {
          "@id": "https://data.datatourisme.fr/29c401e5-2464-3afd-bd9c-7d4feb053b23",
          "dc:contributor": [
            "https://api.deepl.com/v2/translate"
          ],
          "rdf:language": [
            "it"
          ],
          "rdf:predicate": [
            "shortDescription"
          ]
        },
        {
          "@id": "https://data.datatourisme.fr/940e85e9-1298-3296-82b8-0fdc1959eb9e",
          "dc:contributor": [
            "https://api.deepl.com/v2/translate"
          ],
          "rdf:language": [
            "es"
          ],
          "rdf:predicate": [
            "shortDescription"
          ]
        },
        {
          "@id": "https://data.datatourisme.fr/a58e5120-3707-3d82-8b27-edb8974b2fba",
          "dc:contributor": [
            "https://api.deepl.com/v2/translate"
          ],
          "rdf:language": [
            "de"
          ],
          "rdf:predicate": [
            "shortDescription"
          ]
        },
        {
          "@id": "https://data.datatourisme.fr/b3d4bc50-d123-38d5-9a1b-52c92885263b",
          "dc:contributor": [
            "https://api.deepl.com/v2/translate"
          ],
          "rdf:language": [
            "nl"
          ],
          "rdf:predicate": [
            "shortDescription"
          ]
        }
      ],
      "shortDescription": {
        "de": [
          "In einem gemütlichen Rahmen bietet Ihnen das Team von La Petite Ardoise eine originelle und gesellige Küche mit Spezialitäten aus verschiedenen Regionen Frankreichs. Terrasse im Sommer."
        ],
        "en": [
          "In a friendly setting, the team of La Petite Ardoise offers an original and convivial cuisine with an emphasis on specialties from different regions of France. Terrace in summer."
        ],
        "it": [
          "In un ambiente accogliente, il team de La Petite Ardoise vi offre una cucina originale e amichevole composta da specialità provenienti da diverse regioni della Francia. Terrazza in estate."
        ],
        "fr": [
          "Dans un cadre chaleureux, l'équipe de la Petite Ardoise vous propose une cuisine originale et conviviale composée de spécialités de différentes régions de France. Terrasse l'été."
        ],
        "nl": [
          "In een warm kader biedt het team van La Petite Ardoise u een originele en gezellige keuken, samengesteld uit specialiteiten uit verschillende streken van Frankrijk. Terras in de zomer."
        ],
        "es": [
          "En un entorno cálido, el equipo de La Petite Ardoise le ofrece una cocina original y acogedora compuesta por especialidades de diferentes regiones de Francia. Terraza en verano."
        ]
      }
    }
  ],
  "hasTranslatedProperty": [
    {
      "@id": "https://data.datatourisme.fr/03d237be-b1a7-3fe5-aa07-196f7ad1f574",
      "dc:contributor": [
        "https://api.deepl.com/v2/translate"
      ],
      "rdf:language": [
        "nl"
      ],
      "rdf:predicate": [
        {
          "@id": "rdfs:comment"
        }
      ]
    },
    {
      "@id": "https://data.datatourisme.fr/5377f2ca-b7c1-3720-a417-83cbcc7f1354",
      "dc:contributor": [
        "https://api.deepl.com/v2/translate"
      ],
      "rdf:language": [
        "es"
      ],
      "rdf:predicate": [
        {
          "@id": "rdfs:comment"
        }
      ]
    },
    {
      "@id": "https://data.datatourisme.fr/62ab8e9a-885d-3c7d-a35b-5f1bee19fbf4",
      "dc:contributor": [
        "https://api.deepl.com/v2/translate"
      ],
      "rdf:language": [
        "it"
      ],
      "rdf:predicate": [
        {
          "@id": "rdfs:comment"
        }
      ]
    },
    {
      "@id": "https://data.datatourisme.fr/7d09a1b5-d7f6-38ed-acb5-e242f414dbe8",
      "dc:contributor": [
        "https://api.deepl.com/v2/translate"
      ],
      "rdf:language": [
        "de"
      ],
      "rdf:predicate": [
        {
          "@id": "rdfs:comment"
        }
      ]
    }
  ],
  "isLocatedAt": [
    {
      "@id": "https://data.datatourisme.fr/936e0455-6fb9-3ce0-838b-a681bef7d918",
      "schema:address": [
        {
          "@id": "https://data.datatourisme.fr/9d90e828-10d2-39e0-857e-7caadd24f2c1",
          "schema:addressLocality": "Fontainebleau",
          "schema:postalCode": "77300",
          "schema:streetAddress": [
            "16-18 rue Montebello"
          ],
          "@type": [
            "schema:PostalAddress",
            "PostalAddress"
          ],
          "hasAddressCity": {
            "@id": "kb:77186",
            "@type": [
              "City"
            ],
            "rdfs:label": {
              "de": [
                "Fontainebleau"
              ],
              "pt": [
                "Fontainebleau"
              ],
              "en": [
                "Fontainebleau"
              ],
              "it": [
                "Fontainebleau"
              ],
              "fr": [
                "Fontainebleau"
              ],
              "nl": [
                "Fontainebleau"
              ],
              "es": [
                "Fontainebleau"
              ]
            },
            "insee": "77186",
            "isPartOfDepartment": {
              "@id": "kb:France1177",
              "@type": [
                "Department"
              ],
              "rdfs:label": {
                "de": [
                  "Seine-et-Marne"
                ],
                "pt": [
                  "Seine-et-Marne"
                ],
                "en": [
                  "Seine-et-Marne"
                ],
                "it": [
                  "Seine-et-Marne"
                ],
                "fr": [
                  "Seine-et-Marne"
                ],
                "nl": [
                  "Seine-et-Marne"
                ],
                "es": [
                  "Seine-et-Marne"
                ]
              },
              "insee": "77",
              "isPartOfRegion": {
                "@id": "kb:France11",
                "@type": [
                  "Region"
                ],
                "rdfs:label": {
                  "de": [
                    "Île-de-France"
                  ],
                  "pt": [
                    "Île-de-France"
                  ],
                  "en": [
                    "Île-de-France"
                  ],
                  "it": [
                    "Île-de-France"
                  ],
                  "fr": [
                    "Île-de-France"
                  ],
                  "nl": [
                    "Île-de-France"
                  ],
                  "es": [
                    "Île-de-France"
                  ]
                },
                "insee": "11",
                "isPartOfCountry": {
                  "@id": "kb:France",
                  "@type": [
                    "schema:Country"
                  ],
                  "rdfs:label": {
                    "de": [
                      "France",
                      "Frankreich"
                    ],
                    "pt": [
                      "França",
                      "France"
                    ],
                    "en": [
                      "France"
                    ],
                    "it": [
                      "France",
                      "Francia"
                    ],
                    "fr": [
                      "France"
                    ],
                    "nl": [
                      "France",
                      "Frankrijk"
                    ],
                    "es": [
                      "France",
                      "Francia"
                    ]
                  }
                }
              }
            }
          }
        }
      ],
      "schema:geo": {
        "@id": "https://data.datatourisme.fr/3470fac4-a879-34b3-a982-31fc26cbd203",
        "schema:latitude": "48.403949",
        "schema:longitude": "2.701396",
        "@type": [
          "schema:GeoCoordinates"
        ]
      },
      "schema:openingHoursSpecification": [
        {
          "@id": "https://data.datatourisme.fr/27293cd4-8457-3b04-9e94-b4942db5f516",
          "schema:validFrom": "2023-01-01T00:00:00",
          "schema:validThrough": "2023-12-31T23:59:59",
          "@type": [
            "schema:OpeningHoursSpecification"
          ],
          "additionalInformation": {
            "de": [
              "Mittagessen von 12:00 bis 14:00 Uhr\r\nAbendessen von 19:00 bis 22:00 Uhr"
            ],
            "en": [
              "Lunch from 12h00 to 14h00\r\nDinner from 7:00 pm to 10:00 pm"
            ],
            "it": [
              "Pranzo dalle 12:00 alle 14:00\r\nCena dalle 19:00 alle 22:00"
            ],
            "fr": [
              "Déjeuner de 12h00 à 14h00\r\nDîner de 19h00 à 22h00"
            ],
            "nl": [
              "Lunch van 12:00 tot 14:00\r\nDiner van 19:00 tot 22:00"
            ],
            "es": [
              "Comida de 12:00 a 14:00\r\nCena de 19:00 a 22:00"
            ]
          },
          "hasTranslatedProperty": [
            {
              "@id": "https://data.datatourisme.fr/1ff0cef9-1c16-3c68-a733-30765d62cbae",
              "dc:contributor": [
                "https://api.deepl.com/v2/translate"
              ],
              "rdf:language": [
                "es"
              ],
              "rdf:predicate": [
                "additionalInformation"
              ]
            },
            {
              "@id": "https://data.datatourisme.fr/40a64aab-f3a0-3d2b-963c-6552cbcfce6f",
              "dc:contributor": [
                "https://api.deepl.com/v2/translate"
              ],
              "rdf:language": [
                "en"
              ],
              "rdf:predicate": [
                "additionalInformation"
              ]
            },
            {
              "@id": "https://data.datatourisme.fr/70ed67ac-c23a-3a03-a258-3978a32a8ba3",
              "dc:contributor": [
                "https://api.deepl.com/v2/translate"
              ],
              "rdf:language": [
                "de"
              ],
              "rdf:predicate": [
                "additionalInformation"
              ]
            },
            {
              "@id": "https://data.datatourisme.fr/8c9f8b6f-b77e-354b-8887-2fcf0bfafeaf",
              "dc:contributor": [
                "https://api.deepl.com/v2/translate"
              ],
              "rdf:language": [
                "it"
              ],
              "rdf:predicate": [
                "additionalInformation"
              ]
            },
            {
              "@id": "https://data.datatourisme.fr/eda000d8-a0b4-3b00-85e5-c0a0eca5d232",
              "dc:contributor": [
                "https://api.deepl.com/v2/translate"
              ],
              "rdf:language": [
                "nl"
              ],
              "rdf:predicate": [
                "additionalInformation"
              ]
            }
          ]
        }
      ],
      "@type": [
        "schema:Place",
        "Place"
      ]
    }
  ],
  "isOwnedBy": [
    {
      "@id": "https://data.datatourisme.fr/916f1cb3-e1a7-3f46-bb52-81cbe36922b0",
      "schema:email": [
        "celine@fontainebleau-tourisme.com",
        "emilie@fontainebleau-tourisme.com",
        "lorie@fontainebleau-tourisme.com",
        "mathilde@fontainebleau-tourisme.com"
      ],
      "schema:legalName": "Office de tourisme du Pays de Fontainebleau",
      "@type": [
        "schema:Organization",
        "foaf:Agent",
        "Agent"
      ],
      "foaf:homepage": [
        "http://www.fontainebleau-tourisme.com/"
      ]
    }
  ],
  "lastUpdate": "2020-11-13",
  "lastUpdateDatatourisme": "2023-02-07T06:39:35.001Z"
}