{
  "@id": "https://data.datatourisme.fr/13/07ff81f6-2b62-3b7e-9c83-85ffc204748a",
  "dc:identifier": "724939",
  "@type": [
    "schema:Accommodation",
    "schema:Hotel",
    "schema:LodgingBusiness",
    "Accommodation",
    "Hotel",
    "HotelTrade",
    "PlaceOfInterest",
    "PointOfInterest"
  ],
  "rdfs:comment": {
    "de": [
      "Nur 7 km von Disneyland® Paris, unweit des Parc Asterix und der RER-Station Val d'Europe entfernt, verbindet das Hotel Grand Parc de Chanteloup seine hervorragende Lage mit einem hohen Maß an Servicequalität."
    ],
    "en": [
      "Only 7km from Disneyland® Paris, not far from Parc Asterix and the Val d'Europe RER station, the Grand Parc de Chanteloup hotel combines its excellent location with its quality services."
    ],
    "it": [
      "A soli 7 km da Disneyland® Paris, non lontano dal Parc Asterix e dalla stazione RER di Val d'Europe, l'hotel Grand Parc de Chanteloup combina la sua eccellente posizione con la qualità del servizio."
    ],
    "fr": [
      "À seulement 7km de Disneyland® Paris, non loin du Parc Asterix et de la station de RER Val d’Europe, l’hôtel Grand Parc de Chanteloup allie son excellente situation à sa qualité de services."
    ],
    "nl": [
      "Op slechts 7 km van Disneyland® Paris, niet ver van het Parc Asterix en het RER-station Val d'Europe, combineert het hotel Grand Parc de Chanteloup zijn uitstekende ligging met de kwaliteit van de dienstverlening."
    ],
    "es": [
      "A sólo 7 km de Disneyland® París, no lejos del Parque Astérix y de la estación RER Val d'Europe, el hotel Grand Parc de Chanteloup combina su excelente ubicación con su calidad de servicio."
    ]
  },
  "rdfs:label": {
    "fr": [
      "Best Western Hôtel Grand Parc proche Disneyland®"
    ]
  },
  "hasBeenCreatedBy": {
    "@id": "https://data.datatourisme.fr/13/3806734b-256c-37e4-9ec2-c6bffa26d9e7",
    "dc:identifier": "1028",
    "schema:email": [
      "agnes.allanou@marneetgondoire.fr",
      "anne.godin@marneetgondoire.fr"
    ],
    "schema:legalName": "Office de Tourisme de Marne et Gondoire",
    "@type": [
      "schema:Organization",
      "foaf:Agent",
      "Agent"
    ],
    "foaf:homepage": [
      "http://www.marneetgondoire-tourisme.fr/"
    ]
  },
  "hasBeenPublishedBy": [
    {
      "@id": "https://data.datatourisme.fr/1db24fc4-b534-39bf-bdaf-152c6f98730e",
      "schema:legalName": "Seine et Marne Attractivité - source : Apidae Tourisme",
      "@type": [
        "schema:Organization",
        "foaf:Agent",
        "Agent"
      ],
      "foaf:homepage": [
        "https://www.apidae-tourisme.com/"
      ]
    }
  ],
  "hasContact": [
    {
      "@id": "https://data.datatourisme.fr/c348ec9a-e72b-3493-959b-d75a27f4010f",
      "schema:email": [
        "reservations@grand-parc-hotel.com"
      ],
      "schema:telephone": [
        "+33 1 64 30 00 00"
      ],
      "@type": [
        "foaf:Agent",
        "Agent"
      ],
      "foaf:homepage": [
        "https://www.grand-parc-hotel.com/"
      ]
    }
  ],
  "hasDescription": [
    {
      "@id": "https://data.datatourisme.fr/68d9c2a7-c306-34ae-8b34-22ba1b462354",
      "@type": [
        "Description"
      ],
      "hasTranslatedProperty": [
        {
          "@id": "https://data.datatourisme.fr/0a594390-af1a-3740-97f8-162601039084",
          "dc:contributor": [
            "https://api.deepl.com/v2/translate"
          ],
          "rdf:language": [
            "es"
          ],
          "rdf:predicate": [
            "shortDescription"
          ]
        },
        {
          "@id": "https://data.datatourisme.fr/12449128-7f11-36ec-8384-000c6c3a9d4a",
          "dc:contributor": [
            "https://api.deepl.com/v2/translate"
          ],
          "rdf:language": [
            "de"
          ],
          "rdf:predicate": [
            "shortDescription"
          ]
        },
        {
          "@id": "https://data.datatourisme.fr/53cf17ee-b553-38b4-9d89-2d423c394530",
          "dc:contributor": [
            "https://api.deepl.com/v2/translate"
          ],
          "rdf:language": [
            "nl"
          ],
          "rdf:predicate": [
            "shortDescription"
          ]
        },
        {
          "@id": "https://data.datatourisme.fr/abad5f4d-116b-358a-a528-6885ac8dda8a",
          "dc:contributor": [
            "https://api.deepl.com/v2/translate"
          ],
          "rdf:language": [
            "en"
          ],
          "rdf:predicate": [
            "shortDescription"
          ]
        },
        {
          "@id": "https://data.datatourisme.fr/d0db06cc-8e33-3ce4-9b7b-f3bd0e49c0ff",
          "dc:contributor": [
            "https://api.deepl.com/v2/translate"
          ],
          "rdf:language": [
            "it"
          ],
          "rdf:predicate": [
            "shortDescription"
          ]
        }
      ],
      "shortDescription": {
        "de": [
          "Nur 7 km von Disneyland® Paris, unweit des Parc Asterix und der RER-Station Val d'Europe entfernt, verbindet das Hotel Grand Parc de Chanteloup seine hervorragende Lage mit einem hohen Maß an Servicequalität."
        ],
        "en": [
          "Only 7km from Disneyland® Paris, not far from Parc Asterix and the Val d'Europe RER station, the Grand Parc de Chanteloup hotel combines its excellent location with its quality services."
        ],
        "it": [
          "A soli 7 km da Disneyland® Paris, non lontano dal Parc Asterix e dalla stazione RER di Val d'Europe, l'hotel Grand Parc de Chanteloup combina la sua eccellente posizione con la qualità del servizio."
        ],
        "fr": [
          "À seulement 7km de Disneyland® Paris, non loin du Parc Asterix et de la station de RER Val d’Europe, l’hôtel Grand Parc de Chanteloup allie son excellente situation à sa qualité de services."
        ],
        "nl": [
          "Op slechts 7 km van Disneyland® Paris, niet ver van het Parc Asterix en het RER-station Val d'Europe, combineert het hotel Grand Parc de Chanteloup zijn uitstekende ligging met de kwaliteit van de dienstverlening."
        ],
        "es": [
          "A sólo 7 km de Disneyland® París, no lejos del Parque Astérix y de la estación RER Val d'Europe, el hotel Grand Parc de Chanteloup combina su excelente ubicación con su calidad de servicio."
        ]
      }
    }
  ],
  "hasTranslatedProperty": [
    {
      "@id": "https://data.datatourisme.fr/6038a8bc-2ebf-3c7e-8d58-03e941d0d257",
      "dc:contributor": [
        "https://api.deepl.com/v2/translate"
      ],
      "rdf:language": [
        "nl"
      ],
      "rdf:predicate": [
        {
          "@id": "rdfs:comment"
        }
      ]
    },
    {
      "@id": "https://data.datatourisme.fr/897fc2ed-1bab-30ca-bd6c-a7a108750c48",
      "dc:contributor": [
        "https://api.deepl.com/v2/translate"
      ],
      "rdf:language": [
        "es"
      ],
      "rdf:predicate": [
        {
          "@id": "rdfs:comment"
        }
      ]
    },
    {
      "@id": "https://data.datatourisme.fr/9101d757-1c34-3765-8492-c178fdb47aa3",
      "dc:contributor": [
        "https://api.deepl.com/v2/translate"
      ],
      "rdf:language": [
        "it"
      ],
      "rdf:predicate": [
        {
          "@id": "rdfs:comment"
        }
      ]
    },
    {
      "@id": "https://data.datatourisme.fr/a7d9b3cb-b64a-369f-80d1-f84d7f84b1e5",
      "dc:contributor": [
        "https://api.deepl.com/v2/translate"
      ],
      "rdf:language": [
        "de"
      ],
      "rdf:predicate": [
        {
          "@id": "rdfs:comment"
        }
      ]
    },
    {
      "@id": "https://data.datatourisme.fr/a81fb59b-25ef-3c11-a4e8-cdc5725e1046",
      "dc:contributor": [
        "https://api.deepl.com/v2/translate"
      ],
      "rdf:language": [
        "en"
      ],
      "rdf:predicate": [
        {
          "@id": "rdfs:comment"
        }
      ]
    }
  ],
  "isLocatedAt": [
    {
      "@id": "https://data.datatourisme.fr/f5e335ce-131c-350a-a1ae-d4a05d72ef18",
      "schema:address": [
        {
          "@id": "https://data.datatourisme.fr/18f7d087-dbc4-3b22-b19c-b39b636d881d",
          "schema:addressLocality": "Chanteloup-en-Brie",
          "schema:postalCode": "77600",
          "schema:streetAddress": [
            "rue de la Ferme du Pavillon"
          ],
          "@type": [
            "schema:PostalAddress",
            "PostalAddress"
          ],
          "hasAddressCity": {
            "@id": "kb:77085",
            "@type": [
              "City"
            ],
            "rdfs:label": {
              "de": [
                "Chanteloup-en-Brie"
              ],
              "pt": [
                "Chanteloup-en-Brie"
              ],
              "en": [
                "Chanteloup-en-Brie"
              ],
              "it": [
                "Chanteloup-en-Brie"
              ],
              "fr": [
                "Chanteloup-en-Brie"
              ],
              "nl": [
                "Chanteloup-en-Brie"
              ],
              "es": [
                "Chanteloup-en-Brie"
              ]
            },
            "insee": "77085",
            "isPartOfDepartment": {
              "@id": "kb:France1177",
              "@type": [
                "Department"
              ],
              "rdfs:label": {
                "de": [
                  "Seine-et-Marne"
                ],
                "pt": [
                  "Seine-et-Marne"
                ],
                "en": [
                  "Seine-et-Marne"
                ],
                "it": [
                  "Seine-et-Marne"
                ],
                "fr": [
                  "Seine-et-Marne"
                ],
                "nl": [
                  "Seine-et-Marne"
                ],
                "es": [
                  "Seine-et-Marne"
                ]
              },
              "insee": "77",
              "isPartOfRegion": {
                "@id": "kb:France11",
                "@type": [
                  "Region"
                ],
                "rdfs:label": {
                  "de": [
                    "Île-de-France"
                  ],
                  "pt": [
                    "Île-de-France"
                  ],
                  "en": [
                    "Île-de-France"
                  ],
                  "it": [
                    "Île-de-France"
                  ],
                  "fr": [
                    "Île-de-France"
                  ],
                  "nl": [
                    "Île-de-France"
                  ],
                  "es": [
                    "Île-de-France"
                  ]
                },
                "insee": "11",
                "isPartOfCountry": {
                  "@id": "kb:France",
                  "@type": [
                    "schema:Country"
                  ],
                  "rdfs:label": {
                    "de": [
                      "France",
                      "Frankreich"
                    ],
                    "pt": [
                      "França",
                      "France"
                    ],
                    "en": [
                      "France"
                    ],
                    "it": [
                      "France",
                      "Francia"
                    ],
                    "fr": [
                      "France"
                    ],
                    "nl": [
                      "France",
                      "Frankrijk"
                    ],
                    "es": [
                      "France",
                      "Francia"
                    ]
                  }
                }
              }
            }
          }
        }
      ],
      "schema:geo": {
        "@id": "https://data.datatourisme.fr/cbaa8b47-c5a0-3b21-98d7-6b54b043a4a4",
        "schema:latitude": "48.855765",
        "schema:longitude": "2.742863",
        "@type": [
          "schema:GeoCoordinates"
        ]
      },
      "schema:openingHoursSpecification": [
        {
          "@id": "https://data.datatourisme.fr/78a1008e-db7c-3644-9cf6-abb20730ce3c",
          "schema:validFrom": "2023-01-01T00:00:00",
          "schema:validThrough": "2023-12-31T23:59:59",
          "@type": [
            "schema:OpeningHoursSpecification"
          ],
          "additionalInformation": {
            "de": [
              "24 Stunden geöffnet"
            ],
            "en": [
              "Open 24 hours a day"
            ],
            "it": [
              "Aperto 24 ore su 24"
            ],
            "fr": [
              "Ouvert 24h/24"
            ],
            "es": [
              "Abierto las 24 horas del día"
            ],
            "nl": [
              "24 uur per dag geopend"
            ]
          },
          "hasTranslatedProperty": [
            {
              "@id": "https://data.datatourisme.fr/09fec482-26f3-3b49-91ac-eeec868a5f0a",
              "dc:contributor": [
                "https://api.deepl.com/v2/translate"
              ],
              "rdf:language": [
                "nl"
              ],
              "rdf:predicate": [
                "additionalInformation"
              ]
            },
            {
              "@id": "https://data.datatourisme.fr/2257a8e8-890c-3dc2-885a-48baa94faf0d",
              "dc:contributor": [
                "https://api.deepl.com/v2/translate"
              ],
              "rdf:language": [
                "en"
              ],
              "rdf:predicate": [
                "additionalInformation"
              ]
            },
            {
              "@id": "https://data.datatourisme.fr/5e5e8cf3-d209-30f4-bdbc-adfce997d144",
              "dc:contributor": [
                "https://api.deepl.com/v2/translate"
              ],
              "rdf:language": [
                "es"
              ],
              "rdf:predicate": [
                "additionalInformation"
              ]
            },
            {
              "@id": "https://data.datatourisme.fr/88940fe1-4ac6-36b0-818a-576427dd102c",
              "dc:contributor": [
                "https://api.deepl.com/v2/translate"
              ],
              "rdf:language": [
                "de"
              ],
              "rdf:predicate": [
                "additionalInformation"
              ]
            },
            {
              "@id": "https://data.datatourisme.fr/dbce870f-c584-3934-8901-82eff89c7fac",
              "dc:contributor": [
                "https://api.deepl.com/v2/translate"
              ],
              "rdf:language": [
                "it"
              ],
              "rdf:predicate": [
                "additionalInformation"
              ]
            }
          ]
        }
      ],
      "@type": [
        "schema:Place",
        "Place"
      ]
    }
  ],
  "isOwnedBy": [
    {
      "@id": "https://data.datatourisme.fr/aa5f63c7-f828-3b9c-bf4e-378b5e04afc7",
      "schema:email": [
        "agnes.allanou@marneetgondoire.fr",
        "anne.godin@marneetgondoire.fr"
      ],
      "schema:legalName": "Office de Tourisme de Marne et Gondoire",
      "@type": [
        "schema:Organization",
        "foaf:Agent",
        "Agent"
      ],
      "foaf:homepage": [
        "http://www.marneetgondoire-tourisme.fr/"
      ]
    }
  ],
  "lastUpdate": "2023-01-20",
  "lastUpdateDatatourisme": "2023-02-01T18:07:35.673Z",
  "offers": [
    {
      "@id": "https://data.datatourisme.fr/5c8106f6-b50c-355f-a9ca-4a42963d9ad9",
      "schema:priceSpecification": [
        {
          "@id": "https://data.datatourisme.fr/22164cc7-78cf-3e75-a6fb-41212e0faa09",
          "schema:minPrice": [
            "90"
          ],
          "schema:priceCurrency": "EUR",
          "@type": [
            "schema:PriceSpecification",
            "PriceSpecification"
          ],
          "appliesOnPeriod": [
            {
              "@id": "https://data.datatourisme.fr/a425afdf-3594-300b-b55e-1858bafa3fd4",
              "@type": [
                "Period"
              ],
              "endDate": "2023-12-31",
              "startDate": "2023-01-01"
            }
          ]
        }
      ],
      "@type": [
        "schema:Offer",
        "Offer"
      ]
    }
  ]
}