{
  "@id": "https://data.datatourisme.fr/13/0740b7d9-5a21-3c44-b9b4-f2965decf66a",
  "dc:identifier": "6391650",
  "schema:endDate": [
    "2023-06-25"
  ],
  "schema:startDate": [
    "2023-06-02"
  ],
  "@type": [
    "schema:Event",
    "schema:TheaterEvent",
    "CulturalEvent",
    "EntertainmentAndEvent",
    "PointOfInterest",
    "ShowEvent",
    "TheaterEvent"
  ],
  "rdfs:comment": {
    "de": [
      "Secret Defense, eine außergewöhnliche immersive Show im Schloss von Rambouillet!"
    ],
    "en": [
      "Secret Defense, an extraordinary immersive show at the Château de Rambouillet!"
    ],
    "it": [
      "Secret Défense, uno straordinario spettacolo immersivo al Castello di Rambouillet!"
    ],
    "fr": [
      "Secret Défense, un spectacle immersif hors du commun au Château de Rambouillet !"
    ],
    "nl": [
      "Secret Défense, een buitengewone meeslepende voorstelling in het Château de Rambouillet!"
    ],
    "es": [
      "Secret Défense, ¡un extraordinario espectáculo de inmersión en el Castillo de Rambouillet!"
    ]
  },
  "rdfs:label": {
    "fr": [
      "Secret Défense"
    ]
  },
  "hasBeenCreatedBy": {
    "@id": "https://data.datatourisme.fr/13/4e9cec1f-5830-3645-9111-d63e24f3b8ef",
    "dc:identifier": "1556",
    "schema:email": [
      "c.imbert@rt78.fr",
      "c.vallet@rt78.fr",
      "m.suray@rt78.fr",
      "s.bertoncini@rt78.fr"
    ],
    "schema:legalName": "Rambouillet Territoires",
    "@type": [
      "schema:Organization",
      "foaf:Agent",
      "Agent"
    ],
    "foaf:homepage": [
      "http://www.rambouillet-tourisme.fr/"
    ]
  },
  "hasBeenPublishedBy": [
    {
      "@id": "https://data.datatourisme.fr/8a9feb4b-2cbd-3d2c-b507-bd6c6776b23b",
      "schema:legalName": "Apidae Tourisme Scic SA - source : Apidae Tourisme",
      "@type": [
        "schema:Organization",
        "foaf:Agent",
        "Agent"
      ],
      "foaf:homepage": [
        "https://www.apidae-tourisme.com/"
      ]
    }
  ],
  "hasContact": [
    {
      "@id": "https://data.datatourisme.fr/9c308e6b-0891-35fe-87ae-4fb1f22fd511",
      "schema:email": [
        "mareservation@polaris-production.com"
      ],
      "schema:telephone": [
        "+33 1 88 48 28 91"
      ],
      "@type": [
        "foaf:Agent",
        "Agent"
      ],
      "foaf:homepage": [
        "https://www.polaris-spectaclesimmersifs.com/"
      ]
    }
  ],
  "hasDescription": [
    {
      "@id": "https://data.datatourisme.fr/d1a74d93-5e01-3354-81c9-0380194fed02",
      "@type": [
        "Description"
      ],
      "hasTranslatedProperty": [
        {
          "@id": "https://data.datatourisme.fr/0de9f6ad-5f19-3df5-8539-f8ecc6c07308",
          "dc:contributor": [
            "https://api.deepl.com/v2/translate"
          ],
          "rdf:language": [
            "en"
          ],
          "rdf:predicate": [
            "shortDescription"
          ]
        },
        {
          "@id": "https://data.datatourisme.fr/7e5c8d69-7e78-3044-9c3b-8cd52e23410d",
          "dc:contributor": [
            "https://api.deepl.com/v2/translate"
          ],
          "rdf:language": [
            "de"
          ],
          "rdf:predicate": [
            "shortDescription"
          ]
        },
        {
          "@id": "https://data.datatourisme.fr/8766551c-882e-3d7e-b4bd-961da436822c",
          "dc:contributor": [
            "https://api.deepl.com/v2/translate"
          ],
          "rdf:language": [
            "it"
          ],
          "rdf:predicate": [
            "shortDescription"
          ]
        },
        {
          "@id": "https://data.datatourisme.fr/97d8ccfb-0943-3bc8-84be-bffdbf5599d4",
          "dc:contributor": [
            "https://api.deepl.com/v2/translate"
          ],
          "rdf:language": [
            "es"
          ],
          "rdf:predicate": [
            "shortDescription"
          ]
        },
        {
          "@id": "https://data.datatourisme.fr/cbe6b90d-26b2-39dc-ab41-bd4f1f4a51d4",
          "dc:contributor": [
            "https://api.deepl.com/v2/translate"
          ],
          "rdf:language": [
            "nl"
          ],
          "rdf:predicate": [
            "shortDescription"
          ]
        }
      ],
      "shortDescription": {
        "de": [
          "Secret Defense, eine außergewöhnliche immersive Show im Schloss von Rambouillet!"
        ],
        "en": [
          "Secret Defense, an extraordinary immersive show at the Château de Rambouillet!"
        ],
        "it": [
          "Secret Défense, uno straordinario spettacolo immersivo al Castello di Rambouillet!"
        ],
        "fr": [
          "Secret Défense, un spectacle immersif hors du commun au Château de Rambouillet !"
        ],
        "nl": [
          "Secret Défense, een buitengewone meeslepende voorstelling in het Château de Rambouillet!"
        ],
        "es": [
          "Secret Défense, ¡un extraordinario espectáculo de inmersión en el Castillo de Rambouillet!"
        ]
      }
    }
  ],
  "hasTranslatedProperty": [
    {
      "@id": "https://data.datatourisme.fr/0bf817f6-36a1-3b1f-94ee-79570956ebef",
      "dc:contributor": [
        "https://api.deepl.com/v2/translate"
      ],
      "rdf:language": [
        "es"
      ],
      "rdf:predicate": [
        {
          "@id": "rdfs:comment"
        }
      ]
    },
    {
      "@id": "https://data.datatourisme.fr/0fddfb3b-7135-3771-8d76-a32fd473f046",
      "dc:contributor": [
        "https://api.deepl.com/v2/translate"
      ],
      "rdf:language": [
        "en"
      ],
      "rdf:predicate": [
        {
          "@id": "rdfs:comment"
        }
      ]
    },
    {
      "@id": "https://data.datatourisme.fr/aa3b4193-2f43-3f2d-aacb-1170bfbf9f0b",
      "dc:contributor": [
        "https://api.deepl.com/v2/translate"
      ],
      "rdf:language": [
        "de"
      ],
      "rdf:predicate": [
        {
          "@id": "rdfs:comment"
        }
      ]
    },
    {
      "@id": "https://data.datatourisme.fr/d9c4628c-c8e4-3c2d-b067-300ab5b2b8c7",
      "dc:contributor": [
        "https://api.deepl.com/v2/translate"
      ],
      "rdf:language": [
        "nl"
      ],
      "rdf:predicate": [
        {
          "@id": "rdfs:comment"
        }
      ]
    },
    {
      "@id": "https://data.datatourisme.fr/dd843302-61b4-3319-a9b0-e5cdf8d20405",
      "dc:contributor": [
        "https://api.deepl.com/v2/translate"
      ],
      "rdf:language": [
        "it"
      ],
      "rdf:predicate": [
        {
          "@id": "rdfs:comment"
        }
      ]
    }
  ],
  "isLocatedAt": [
    {
      "@id": "https://data.datatourisme.fr/b3a68057-6cdc-3dd6-85d5-b6b755579206",
      "schema:address": [
        {
          "@id": "https://data.datatourisme.fr/08811a8e-d6f8-3599-9a7d-c1a48820cf3f",
          "schema:addressLocality": "Rambouillet",
          "schema:postalCode": "78120",
          "schema:streetAddress": [
            "Château de Rambouillet"
          ],
          "@type": [
            "schema:PostalAddress",
            "PostalAddress"
          ],
          "hasAddressCity": {
            "@id": "kb:78517",
            "@type": [
              "City"
            ],
            "rdfs:label": {
              "de": [
                "Rambouillet"
              ],
              "pt": [
                "Rambouillet"
              ],
              "en": [
                "Rambouillet"
              ],
              "it": [
                "Rambouillet"
              ],
              "fr": [
                "Rambouillet"
              ],
              "nl": [
                "Rambouillet"
              ],
              "es": [
                "Rambouillet"
              ]
            },
            "insee": "78517",
            "isPartOfDepartment": {
              "@id": "kb:France1178",
              "@type": [
                "Department"
              ],
              "rdfs:label": {
                "de": [
                  "Yvelines"
                ],
                "pt": [
                  "Yvelines"
                ],
                "en": [
                  "Yvelines"
                ],
                "it": [
                  "Yvelines"
                ],
                "fr": [
                  "Yvelines"
                ],
                "nl": [
                  "Yvelines"
                ],
                "es": [
                  "Yvelines"
                ]
              },
              "insee": "78",
              "isPartOfRegion": {
                "@id": "kb:France11",
                "@type": [
                  "Region"
                ],
                "rdfs:label": {
                  "de": [
                    "Île-de-France"
                  ],
                  "pt": [
                    "Île-de-France"
                  ],
                  "en": [
                    "Île-de-France"
                  ],
                  "it": [
                    "Île-de-France"
                  ],
                  "fr": [
                    "Île-de-France"
                  ],
                  "nl": [
                    "Île-de-France"
                  ],
                  "es": [
                    "Île-de-France"
                  ]
                },
                "insee": "11",
                "isPartOfCountry": {
                  "@id": "kb:France",
                  "@type": [
                    "schema:Country"
                  ],
                  "rdfs:label": {
                    "de": [
                      "France",
                      "Frankreich"
                    ],
                    "pt": [
                      "França",
                      "France"
                    ],
                    "en": [
                      "France"
                    ],
                    "it": [
                      "France",
                      "Francia"
                    ],
                    "fr": [
                      "France"
                    ],
                    "nl": [
                      "France",
                      "Frankrijk"
                    ],
                    "es": [
                      "France",
                      "Francia"
                    ]
                  }
                }
              }
            }
          }
        }
      ],
      "schema:geo": {
        "@id": "https://data.datatourisme.fr/35e60ac5-32a6-382c-8cbe-a6492aeb52f8",
        "schema:latitude": "48.64538",
        "schema:longitude": "1.81731",
        "@type": [
          "schema:GeoCoordinates"
        ]
      },
      "schema:openingHoursSpecification": [
        {
          "@id": "https://data.datatourisme.fr/d7b282ab-bb01-3996-af47-4db46d144417",
          "schema:validFrom": "2023-06-02T00:00:00",
          "schema:validThrough": "2023-06-25T23:59:59",
          "@type": [
            "schema:OpeningHoursSpecification"
          ],
          "additionalInformation": {
            "de": [
              "Freitag von 18:30 bis 23:00 Uhr\r\nSamstag und Sonntag von 9:00 bis 21:30 Uhr"
            ],
            "en": [
              "Friday from 6:30 pm to 11 pm\r\nSaturday and Sunday from 9am to 9:30pm"
            ],
            "it": [
              "Venerdì dalle 18.30 alle 23.00\r\nSabato e domenica dalle 9.00 alle 21.30"
            ],
            "fr": [
              "Vendredi de 18h30 à 23h\r\nSamedi et dimanche de 9h à 21h30"
            ],
            "nl": [
              "Vrijdag van 18.30 tot 23.00 uur\r\nZaterdag en zondag van 9.00 tot 21.30 uur"
            ],
            "es": [
              "Viernes de 18.30 a 23.00 h\r\nSábado y domingo de 9.00 a 21.30 horas"
            ]
          },
          "hasTranslatedProperty": [
            {
              "@id": "https://data.datatourisme.fr/1f2e8343-8e0c-38d6-a1e5-61c138a23725",
              "dc:contributor": [
                "https://api.deepl.com/v2/translate"
              ],
              "rdf:language": [
                "es"
              ],
              "rdf:predicate": [
                "additionalInformation"
              ]
            },
            {
              "@id": "https://data.datatourisme.fr/86c40ada-b8db-3147-b6a0-66e8be76a927",
              "dc:contributor": [
                "https://api.deepl.com/v2/translate"
              ],
              "rdf:language": [
                "it"
              ],
              "rdf:predicate": [
                "additionalInformation"
              ]
            },
            {
              "@id": "https://data.datatourisme.fr/9ba71d15-2cc8-30cb-ba50-29ad752c9341",
              "dc:contributor": [
                "https://api.deepl.com/v2/translate"
              ],
              "rdf:language": [
                "nl"
              ],
              "rdf:predicate": [
                "additionalInformation"
              ]
            },
            {
              "@id": "https://data.datatourisme.fr/cf2b73b6-d451-38e3-ac56-d0102a40cb2e",
              "dc:contributor": [
                "https://api.deepl.com/v2/translate"
              ],
              "rdf:language": [
                "de"
              ],
              "rdf:predicate": [
                "additionalInformation"
              ]
            },
            {
              "@id": "https://data.datatourisme.fr/fd6cc7ad-b4c5-39e2-bfbe-4aa558e2fc47",
              "dc:contributor": [
                "https://api.deepl.com/v2/translate"
              ],
              "rdf:language": [
                "en"
              ],
              "rdf:predicate": [
                "additionalInformation"
              ]
            }
          ]
        }
      ],
      "@type": [
        "schema:Place",
        "Place"
      ]
    }
  ],
  "isOwnedBy": [
    {
      "@id": "https://data.datatourisme.fr/51ac81d8-8055-3c36-96d8-416e4b1cab4b",
      "schema:email": [
        "c.imbert@rt78.fr",
        "c.vallet@rt78.fr",
        "m.suray@rt78.fr",
        "s.bertoncini@rt78.fr"
      ],
      "schema:legalName": "Rambouillet Territoires",
      "@type": [
        "schema:Organization",
        "foaf:Agent",
        "Agent"
      ],
      "foaf:homepage": [
        "http://www.rambouillet-tourisme.fr/"
      ]
    }
  ],
  "lastUpdate": "2023-01-26",
  "lastUpdateDatatourisme": "2023-05-30T05:49:20.394Z",
  "offers": [
    {
      "@id": "https://data.datatourisme.fr/3c49c63f-bf12-3fa7-bf5a-bc2bae360573",
      "schema:priceSpecification": [
        {
          "@id": "https://data.datatourisme.fr/44450422-320c-3b15-8719-d98ba1853903",
          "schema:maxPrice": [
            "15",
            "28"
          ],
          "schema:minPrice": [
            "18",
            "8"
          ],
          "schema:priceCurrency": "EUR",
          "@type": [
            "schema:PriceSpecification",
            "PriceSpecification"
          ],
          "appliesOnPeriod": [
            {
              "@id": "https://data.datatourisme.fr/f72d6b04-8db5-3541-b4d2-974bbb6c9269",
              "@type": [
                "Period"
              ],
              "endDate": "2023-06-25",
              "startDate": "2023-06-02"
            }
          ]
        }
      ],
      "@type": [
        "schema:Offer",
        "Offer"
      ]
    }
  ],
  "takesPlaceAt": [
    {
      "@id": "https://data.datatourisme.fr/4d0c55aa-07c7-3810-9b21-c8fb9a8047c4",
      "@type": [
        "Period",
        "RecurrentPeriod"
      ],
      "appliesOnDay": [
        {
          "@id": "schema:Friday",
          "@type": [
            "schema:DayOfWeek"
          ],
          "rdfs:label": {
            "de": [
              "Freitag"
            ],
            "pt": [
              "Sexta-feira"
            ],
            "en": [
              "Friday"
            ],
            "it": [
              "Venerdì"
            ],
            "fr": [
              "Vendredi"
            ],
            "nl": [
              "Vrijdag"
            ],
            "es": [
              "Viernes"
            ]
          }
        },
        {
          "@id": "schema:Saturday",
          "@type": [
            "schema:DayOfWeek"
          ],
          "rdfs:label": {
            "de": [
              "Samstag"
            ],
            "pt": [
              "Sábado"
            ],
            "en": [
              "Saturday"
            ],
            "it": [
              "Sabato"
            ],
            "fr": [
              "Samedi"
            ],
            "nl": [
              "Zaterdag"
            ],
            "es": [
              "Sábado"
            ]
          }
        },
        {
          "@id": "schema:Sunday",
          "@type": [
            "schema:DayOfWeek"
          ],
          "rdfs:label": {
            "de": [
              "Sonntag"
            ],
            "pt": [
              "Domingo"
            ],
            "en": [
              "Sunday"
            ],
            "it": [
              "Domenica"
            ],
            "fr": [
              "Dimanche"
            ],
            "nl": [
              "Zondag"
            ],
            "es": [
              "Domingo"
            ]
          }
        }
      ],
      "endDate": "2023-06-25",
      "startDate": "2023-06-02"
    }
  ]
}