{
  "@id": "https://data.datatourisme.fr/13/07b92043-7b84-3d47-ac45-62334950fe9a",
  "dc:identifier": "5599149",
  "@type": [
    "schema:FoodEstablishment",
    "FoodEstablishment",
    "PlaceOfInterest",
    "PointOfInterest"
  ],
  "rdfs:comment": {
    "de": [
      "ZWEI SCHRITTE VOM BAHNHOF - Das Restaurant La Siciliana öffnet seine Türen in Enghien und verwöhnt Sie mit hochwertiger Familienküche. Hier ist der Patron auch der Chefkoch."
    ],
    "en": [
      "TWO STEP FROM THE STATION - The restaurant La Siciliana opens its doors in Enghien and makes you discover a quality family cuisine. Here the owner is also the chef."
    ],
    "it": [
      "A DUE PASSI DALLA STAZIONE - Il ristorante La Siciliana vi apre le sue porte a Enghien e vi invita a scoprire una cucina familiare di qualità. Qui il proprietario è anche lo chef."
    ],
    "fr": [
      "À DEUX PAS DE LA GARE - Le restaurant La Siciliana vous ouvre ses portes à Enghien et vous fait découvrir une cuisine familiale de qualité. Ici le patron est aussi le chef."
    ],
    "nl": [
      "TWEE STAPPEN VAN HET TREINSTATION - Het restaurant La Siciliana opent zijn deuren voor u in Enghien en nodigt u uit om een kwaliteitsvolle familiekeuken te ontdekken. Hier is de eigenaar ook de kok."
    ],
    "es": [
      "A DOS PASOS DE LA ESTACIÓN DE TREN - El restaurante La Siciliana le abre sus puertas en Enghien y le invita a descubrir una cocina familiar de calidad. Aquí el propietario es también el chef."
    ]
  },
  "rdfs:label": {
    "fr": [
      "La Siciliana"
    ]
  },
  "hasBeenCreatedBy": {
    "@id": "https://data.datatourisme.fr/13/d51b4167-88b6-3e70-ab0c-381c06efc9f1",
    "dc:identifier": "2182",
    "schema:email": [
      "abehar@enghien95.fr",
      "abehar@renghien95.fr",
      "accueil.tourisme@enghien95.fr",
      "hvdcasteele@enghien95.fr",
      "mheurion@enghien95.fr"
    ],
    "schema:legalName": "Office de Tourisme d'Enghien-les-Bains",
    "@type": [
      "schema:Organization",
      "foaf:Agent",
      "Agent"
    ],
    "foaf:homepage": [
      "http://www.ot-enghienlesbains.fr/"
    ]
  },
  "hasBeenPublishedBy": [
    {
      "@id": "https://data.datatourisme.fr/8a9feb4b-2cbd-3d2c-b507-bd6c6776b23b",
      "schema:legalName": "Apidae Tourisme Scic SA - source : Apidae Tourisme",
      "@type": [
        "schema:Organization",
        "foaf:Agent",
        "Agent"
      ],
      "foaf:homepage": [
        "https://www.apidae-tourisme.com/"
      ]
    }
  ],
  "hasContact": [
    {
      "@id": "https://data.datatourisme.fr/d111c444-0c6c-3755-815a-5665749b7a83",
      "schema:telephone": [
        "+33 1 39 89 12 32"
      ],
      "@type": [
        "foaf:Agent",
        "Agent"
      ],
      "foaf:homepage": [
        "https://www.lasiciliana-enghien.fr/"
      ]
    }
  ],
  "hasDescription": [
    {
      "@id": "https://data.datatourisme.fr/5ecce1d3-04a7-3488-b3c8-769b6b98c02c",
      "@type": [
        "Description"
      ],
      "hasTranslatedProperty": [
        {
          "@id": "https://data.datatourisme.fr/43852c6c-a7c4-3c02-8639-b6861c7c23a7",
          "dc:contributor": [
            "https://api.deepl.com/v2/translate"
          ],
          "rdf:language": [
            "it"
          ],
          "rdf:predicate": [
            "shortDescription"
          ]
        },
        {
          "@id": "https://data.datatourisme.fr/7d76e943-32ae-3b45-abea-7d9a32975ddd",
          "dc:contributor": [
            "https://api.deepl.com/v2/translate"
          ],
          "rdf:language": [
            "es"
          ],
          "rdf:predicate": [
            "shortDescription"
          ]
        },
        {
          "@id": "https://data.datatourisme.fr/a9dbbe60-9737-379b-84c8-5498df4d9362",
          "dc:contributor": [
            "https://api.deepl.com/v2/translate"
          ],
          "rdf:language": [
            "en"
          ],
          "rdf:predicate": [
            "shortDescription"
          ]
        },
        {
          "@id": "https://data.datatourisme.fr/b1b93e0f-2df3-3162-bf73-49a6e7492500",
          "dc:contributor": [
            "https://api.deepl.com/v2/translate"
          ],
          "rdf:language": [
            "nl"
          ],
          "rdf:predicate": [
            "shortDescription"
          ]
        },
        {
          "@id": "https://data.datatourisme.fr/f6e62847-7e2b-3b47-a200-e8ef693a8329",
          "dc:contributor": [
            "https://api.deepl.com/v2/translate"
          ],
          "rdf:language": [
            "de"
          ],
          "rdf:predicate": [
            "shortDescription"
          ]
        }
      ],
      "shortDescription": {
        "de": [
          "ZWEI SCHRITTE VOM BAHNHOF - Das Restaurant La Siciliana öffnet seine Türen in Enghien und verwöhnt Sie mit hochwertiger Familienküche. Hier ist der Patron auch der Chefkoch."
        ],
        "en": [
          "TWO STEP FROM THE STATION - The restaurant La Siciliana opens its doors in Enghien and makes you discover a quality family cuisine. Here the owner is also the chef."
        ],
        "it": [
          "A DUE PASSI DALLA STAZIONE - Il ristorante La Siciliana vi apre le sue porte a Enghien e vi invita a scoprire una cucina familiare di qualità. Qui il proprietario è anche lo chef."
        ],
        "fr": [
          "À DEUX PAS DE LA GARE - Le restaurant La Siciliana vous ouvre ses portes à Enghien et vous fait découvrir une cuisine familiale de qualité. Ici le patron est aussi le chef."
        ],
        "nl": [
          "TWEE STAPPEN VAN HET TREINSTATION - Het restaurant La Siciliana opent zijn deuren voor u in Enghien en nodigt u uit om een kwaliteitsvolle familiekeuken te ontdekken. Hier is de eigenaar ook de kok."
        ],
        "es": [
          "A DOS PASOS DE LA ESTACIÓN DE TREN - El restaurante La Siciliana le abre sus puertas en Enghien y le invita a descubrir una cocina familiar de calidad. Aquí el propietario es también el chef."
        ]
      }
    }
  ],
  "hasTheme": [
    {
      "@id": "kb:MediterraneanCuisine",
      "@type": [
        "CuisineCategory"
      ],
      "rdfs:label": {
        "de": [
          "Mediterrane Küche"
        ],
        "pt": [
          "Cozinha mediterrânica"
        ],
        "en": [
          "Mediterranean cuisine"
        ],
        "it": [
          "Cucina mediterranea"
        ],
        "fr": [
          "Cuisine méditerranéenne"
        ],
        "nl": [
          "Mediterrane keuken"
        ],
        "es": [
          "Cocina mediterránea"
        ]
      }
    }
  ],
  "hasTranslatedProperty": [
    {
      "@id": "https://data.datatourisme.fr/035c40ba-6606-3d02-bbdb-69bb19e21f30",
      "dc:contributor": [
        "https://api.deepl.com/v2/translate"
      ],
      "rdf:language": [
        "nl"
      ],
      "rdf:predicate": [
        {
          "@id": "rdfs:comment"
        }
      ]
    },
    {
      "@id": "https://data.datatourisme.fr/658d60ce-13b0-3b38-92ce-09a6c3018835",
      "dc:contributor": [
        "https://api.deepl.com/v2/translate"
      ],
      "rdf:language": [
        "de"
      ],
      "rdf:predicate": [
        {
          "@id": "rdfs:comment"
        }
      ]
    },
    {
      "@id": "https://data.datatourisme.fr/78f6160f-f0a7-3603-842c-ea375f5aeab0",
      "dc:contributor": [
        "https://api.deepl.com/v2/translate"
      ],
      "rdf:language": [
        "it"
      ],
      "rdf:predicate": [
        {
          "@id": "rdfs:comment"
        }
      ]
    },
    {
      "@id": "https://data.datatourisme.fr/885670c5-e618-3353-bfef-6d0d969d454f",
      "dc:contributor": [
        "https://api.deepl.com/v2/translate"
      ],
      "rdf:language": [
        "es"
      ],
      "rdf:predicate": [
        {
          "@id": "rdfs:comment"
        }
      ]
    },
    {
      "@id": "https://data.datatourisme.fr/a0cbfff7-591a-3dc7-973c-493a16a3cd4e",
      "dc:contributor": [
        "https://api.deepl.com/v2/translate"
      ],
      "rdf:language": [
        "en"
      ],
      "rdf:predicate": [
        {
          "@id": "rdfs:comment"
        }
      ]
    }
  ],
  "isLocatedAt": [
    {
      "@id": "https://data.datatourisme.fr/bae86dc4-beea-3e90-8466-8a577296dc6c",
      "schema:address": [
        {
          "@id": "https://data.datatourisme.fr/1910a12b-298f-36ce-9def-2117697f537c",
          "schema:addressLocality": "Enghien-les-Bains",
          "schema:postalCode": "95880",
          "schema:streetAddress": [
            "1, rue Péligot"
          ],
          "@type": [
            "schema:PostalAddress",
            "PostalAddress"
          ],
          "hasAddressCity": {
            "@id": "kb:95210",
            "@type": [
              "City"
            ],
            "rdfs:label": {
              "de": [
                "Enghien-les-Bains"
              ],
              "pt": [
                "Enghien-les-Bains"
              ],
              "en": [
                "Enghien-les-Bains"
              ],
              "it": [
                "Enghien-les-Bains"
              ],
              "fr": [
                "Enghien-les-Bains"
              ],
              "nl": [
                "Enghien-les-Bains"
              ],
              "es": [
                "Enghien-les-Bains"
              ]
            },
            "insee": "95210",
            "isPartOfDepartment": {
              "@id": "kb:France1195",
              "@type": [
                "Department"
              ],
              "rdfs:label": {
                "de": [
                  "Val-d'Oise"
                ],
                "pt": [
                  "Val-d'Oise"
                ],
                "en": [
                  "Val-d'Oise"
                ],
                "it": [
                  "Val-d'Oise"
                ],
                "fr": [
                  "Val-d'Oise"
                ],
                "nl": [
                  "Val-d'Oise"
                ],
                "es": [
                  "Val-d'Oise"
                ]
              },
              "insee": "95",
              "isPartOfRegion": {
                "@id": "kb:France11",
                "@type": [
                  "Region"
                ],
                "rdfs:label": {
                  "de": [
                    "Île-de-France"
                  ],
                  "pt": [
                    "Île-de-France"
                  ],
                  "en": [
                    "Île-de-France"
                  ],
                  "it": [
                    "Île-de-France"
                  ],
                  "fr": [
                    "Île-de-France"
                  ],
                  "nl": [
                    "Île-de-France"
                  ],
                  "es": [
                    "Île-de-France"
                  ]
                },
                "insee": "11",
                "isPartOfCountry": {
                  "@id": "kb:France",
                  "@type": [
                    "schema:Country"
                  ],
                  "rdfs:label": {
                    "de": [
                      "France",
                      "Frankreich"
                    ],
                    "pt": [
                      "França",
                      "France"
                    ],
                    "en": [
                      "France"
                    ],
                    "it": [
                      "France",
                      "Francia"
                    ],
                    "fr": [
                      "France"
                    ],
                    "nl": [
                      "France",
                      "Frankrijk"
                    ],
                    "es": [
                      "France",
                      "Francia"
                    ]
                  }
                }
              }
            }
          }
        }
      ],
      "schema:geo": {
        "@id": "https://data.datatourisme.fr/4ff07d99-bbbe-3794-9034-9a4e1c77369c",
        "schema:latitude": "48.975105",
        "schema:longitude": "2.30453",
        "@type": [
          "schema:GeoCoordinates"
        ]
      },
      "schema:openingHoursSpecification": [
        {
          "@id": "https://data.datatourisme.fr/00015fc6-3982-3fcc-a956-6e0eb18741c0",
          "schema:validFrom": "2023-01-01T00:00:00",
          "schema:validThrough": "2023-12-31T23:59:59",
          "@type": [
            "schema:OpeningHoursSpecification"
          ],
          "additionalInformation": {
            "de": [
              "Dienstag bis Sonntag von 12:00 bis 14:30 Uhr und von 19:00 bis 23:00 Uhr geöffnet."
            ],
            "en": [
              "Open Tuesday to Sunday from 12 to 2:30 pm and from 7 to 11 pm."
            ],
            "it": [
              "Aperto da martedì a domenica dalle 12 alle 14:30 e dalle 19 alle 23."
            ],
            "fr": [
              "Ouvert du mardi au dimanche de 12h à 14h30 et de 19h à 23h."
            ],
            "nl": [
              "Geopend van dinsdag tot zondag van 12 tot 14.30 uur en van 19 tot 23 uur."
            ],
            "es": [
              "Abierto de martes a domingo de 12 a 14.30 y de 19 a 23 horas."
            ]
          },
          "hasTranslatedProperty": [
            {
              "@id": "https://data.datatourisme.fr/212bebc4-0614-366f-9b30-7dc6d15ea84d",
              "dc:contributor": [
                "https://api.deepl.com/v2/translate"
              ],
              "rdf:language": [
                "it"
              ],
              "rdf:predicate": [
                "additionalInformation"
              ]
            },
            {
              "@id": "https://data.datatourisme.fr/39a7ce38-65c7-36a8-a3fc-cf85ecb0b5ec",
              "dc:contributor": [
                "https://api.deepl.com/v2/translate"
              ],
              "rdf:language": [
                "de"
              ],
              "rdf:predicate": [
                "additionalInformation"
              ]
            },
            {
              "@id": "https://data.datatourisme.fr/afd3855a-21fe-3bda-9115-ad8f9591ca9b",
              "dc:contributor": [
                "https://api.deepl.com/v2/translate"
              ],
              "rdf:language": [
                "es"
              ],
              "rdf:predicate": [
                "additionalInformation"
              ]
            },
            {
              "@id": "https://data.datatourisme.fr/ba996b35-eaf5-328f-85fd-b60c218a52e0",
              "dc:contributor": [
                "https://api.deepl.com/v2/translate"
              ],
              "rdf:language": [
                "en"
              ],
              "rdf:predicate": [
                "additionalInformation"
              ]
            },
            {
              "@id": "https://data.datatourisme.fr/bd5e1ba9-4f5f-3800-835f-c5d53c58db08",
              "dc:contributor": [
                "https://api.deepl.com/v2/translate"
              ],
              "rdf:language": [
                "nl"
              ],
              "rdf:predicate": [
                "additionalInformation"
              ]
            }
          ]
        }
      ],
      "@type": [
        "schema:Place",
        "Place"
      ]
    }
  ],
  "isOwnedBy": [
    {
      "@id": "https://data.datatourisme.fr/a7223d30-c39b-3bb1-9dff-6749937ceeb2",
      "schema:email": [
        "abehar@enghien95.fr",
        "accueil.tourisme@enghien95.fr",
        "hvdcasteele@enghien95.fr",
        "mheurion@enghien95.fr"
      ],
      "schema:legalName": "Office de Tourisme d'Enghien-les-Bains",
      "@type": [
        "schema:Organization",
        "foaf:Agent",
        "Agent"
      ],
      "foaf:homepage": [
        "http://www.ot-enghienlesbains.fr/"
      ]
    }
  ],
  "lastUpdate": "2023-03-31",
  "lastUpdateDatatourisme": "2023-04-01T05:50:20.095Z",
  "providesCuisineOfType": [
    {
      "@id": "kb:MediterraneanCuisine",
      "@type": [
        "CuisineCategory"
      ],
      "rdfs:label": {
        "de": [
          "Mediterrane Küche"
        ],
        "pt": [
          "Cozinha mediterrânica"
        ],
        "en": [
          "Mediterranean cuisine"
        ],
        "it": [
          "Cucina mediterranea"
        ],
        "fr": [
          "Cuisine méditerranéenne"
        ],
        "nl": [
          "Mediterrane keuken"
        ],
        "es": [
          "Cocina mediterránea"
        ]
      }
    }
  ]
}