{
  "@id": "https://data.datatourisme.fr/13/0761aeb5-ffd1-3a84-b17b-ae3bbd0870a7",
  "dc:identifier": "5610731",
  "@type": [
    "schema:Park",
    "CulturalSite",
    "ParkAndGarden",
    "PlaceOfInterest",
    "PointOfInterest"
  ],
  "rdfs:comment": {
    "de": [
      "Machen Sie eine Entspannungspause im Eli-Lotar-Park, der entlang des Kanals Saint-Denis angelegt wurde!"
    ],
    "en": [
      "Take a relaxing break in Eli Lotar Park, built along the Saint-Denis Canal!"
    ],
    "it": [
      "Concedetevi una pausa rilassante nel Parco Eli Lotar, situato lungo il Canale di Saint-Denis!"
    ],
    "fr": [
      "Faites une pause détente dans le parc Eli Lotar, aménagé le long du canal Saint-Denis !"
    ],
    "es": [
      "¡Tómate un descanso relajante en Eli Lotar Park, construido a lo largo del Canal Saint-Denis!"
    ],
    "nl": [
      "Neem een ontspannende pauze in het Eli Lotar Park, gelegen langs het kanaal Saint-Denis!"
    ]
  },
  "rdfs:label": {
    "en": [
      "Eli Lotar Park"
    ],
    "fr": [
      "Parc Eli Lotar"
    ],
    "es": [
      "Parque Eli Lotar"
    ]
  },
  "owl:sameAs": [
    "http://www.wikidata.org/entity/Q86255958"
  ],
  "hasBeenCreatedBy": {
    "@id": "https://data.datatourisme.fr/13/298923c8-1900-35e9-9288-b430794814c4",
    "dc:identifier": "1015",
    "schema:email": [
      "jt.charbonnier@plainecommunetourisme.com",
      "s.vallier@plainecommunetourisme.com",
      "webmarketer@plainecommunetourisme.com"
    ],
    "schema:legalName": "Office de Tourisme Plaine commune grand Paris",
    "@type": [
      "schema:Organization",
      "foaf:Agent",
      "Agent"
    ],
    "foaf:homepage": [
      "https://www.tourisme-plainecommune-paris.com/"
    ]
  },
  "hasBeenPublishedBy": [
    {
      "@id": "https://data.datatourisme.fr/8a9feb4b-2cbd-3d2c-b507-bd6c6776b23b",
      "schema:legalName": "Apidae Tourisme Scic SA - source : Apidae Tourisme",
      "@type": [
        "schema:Organization",
        "foaf:Agent",
        "Agent"
      ],
      "foaf:homepage": [
        "https://www.apidae-tourisme.com/"
      ]
    }
  ],
  "hasContact": [
    {
      "@id": "https://data.datatourisme.fr/274dc177-281e-3a58-be5d-0ad3ef8afb33",
      "schema:telephone": [
        "+33 1 48 39 52 00"
      ],
      "@type": [
        "foaf:Agent",
        "Agent"
      ],
      "foaf:homepage": [
        "http://www.aubervilliers.fr/Parcs-squares-a-Aubervilliers"
      ]
    }
  ],
  "hasDescription": [
    {
      "@id": "https://data.datatourisme.fr/619b944b-3800-3906-a4c6-193522be8261",
      "@type": [
        "Description"
      ],
      "hasTranslatedProperty": [
        {
          "@id": "https://data.datatourisme.fr/0171ee72-794a-33a3-a76d-560df1d2cc2e",
          "dc:contributor": [
            "https://api.deepl.com/v2/translate"
          ],
          "rdf:language": [
            "it"
          ],
          "rdf:predicate": [
            "shortDescription"
          ]
        },
        {
          "@id": "https://data.datatourisme.fr/500b0d75-55d7-3b60-90d6-62307f9de918",
          "dc:contributor": [
            "https://api.deepl.com/v2/translate"
          ],
          "rdf:language": [
            "de"
          ],
          "rdf:predicate": [
            "shortDescription"
          ]
        },
        {
          "@id": "https://data.datatourisme.fr/6df9e754-6a40-30db-8232-6a3d4ed39768",
          "dc:contributor": [
            "https://api.deepl.com/v2/translate"
          ],
          "rdf:language": [
            "nl"
          ],
          "rdf:predicate": [
            "shortDescription"
          ]
        }
      ],
      "shortDescription": {
        "de": [
          "Machen Sie eine Entspannungspause im Eli-Lotar-Park, der entlang des Kanals Saint-Denis angelegt wurde!"
        ],
        "en": [
          "Take a relaxing break in Eli Lotar Park, built along the Saint-Denis Canal!"
        ],
        "it": [
          "Concedetevi una pausa rilassante nel Parco Eli Lotar, situato lungo il Canale di Saint-Denis!"
        ],
        "fr": [
          "Faites une pause détente dans le parc Eli Lotar, aménagé le long du canal Saint-Denis !"
        ],
        "es": [
          "¡Tómate un descanso relajante en Eli Lotar Park, construido a lo largo del Canal Saint-Denis!"
        ],
        "nl": [
          "Neem een ontspannende pauze in het Eli Lotar Park, gelegen langs het kanaal Saint-Denis!"
        ]
      }
    }
  ],
  "hasRepresentation": [
    {
      "@id": "https://data.datatourisme.fr/90552e93-05b5-31fa-881e-83e05eac4135",
      "ebucore:hasAnnotation": [
        {
          "@id": "https://data.datatourisme.fr/7b300c68-af18-372f-a569-b2e101789df5",
          "ebucore:isCoveredBy": "CC BY-SA 4.0",
          "ebucore:title": [
            "Station Vélib' Parc Eli Lotar Aubervilliers 2"
          ],
          "@type": [
            "ebucore:Annotation"
          ],
          "credits": [
            "Chabe01 (https://commons.wikimedia.org/wiki/User:Chabe01)"
          ]
        }
      ],
      "ebucore:hasRelatedResource": [
        {
          "@id": "https://data.datatourisme.fr/ed3e5cd6-d298-378e-9955-6b88eece01dd",
          "ebucore:fileSize": [
            5976051
          ],
          "ebucore:hasMimeType": [
            {
              "@id": "kb:JPEG",
              "@type": [
                "ebucore:MimeType"
              ],
              "rdfs:comment": {
                "de": [
                  "JPEG-Bild"
                ],
                "pt": [
                  "Imagem JPEG"
                ],
                "en": [
                  "JPEG image file"
                ],
                "it": [
                  "Immagine JPEG"
                ],
                "fr": [
                  "Image JPEG"
                ],
                "nl": [
                  "JPEG-afbeelding"
                ],
                "es": [
                  "Imagen JPEG"
                ]
              },
              "rdfs:label": {
                "de": [
                  "image/jpeg"
                ],
                "pt": [
                  "image/jpeg"
                ],
                "en": [
                  "image/jpeg"
                ],
                "it": [
                  "image/jpeg"
                ],
                "fr": [
                  "image/jpeg"
                ],
                "nl": [
                  "image/jpeg"
                ],
                "es": [
                  "image/jpeg"
                ]
              }
            }
          ],
          "ebucore:height": 3024,
          "ebucore:locator": [
            "https://upload.wikimedia.org/wikipedia/commons/4/40/Station_V%C3%A9lib%27_Parc_Eli_Lotar_Aubervilliers_2.jpg"
          ],
          "ebucore:width": 4032,
          "@type": [
            "ebucore:Resource"
          ]
        }
      ],
      "@type": [
        "ebucore:EditorialObject"
      ]
    }
  ],
  "hasTheme": [
    {
      "@id": "kb:Culture",
      "@type": [
        "CulturalTheme"
      ],
      "rdfs:label": {
        "de": [
          "Kultur"
        ],
        "pt": [
          "Cultura"
        ],
        "en": [
          "Culture"
        ],
        "it": [
          "Cultura"
        ],
        "fr": [
          "Culture"
        ],
        "nl": [
          "Cultuur"
        ],
        "es": [
          "Cultura"
        ]
      }
    }
  ],
  "hasTranslatedProperty": [
    {
      "@id": "https://data.datatourisme.fr/4991583b-d59c-31ef-8d6e-334c2600f3af",
      "dc:contributor": [
        "https://api.deepl.com/v2/translate"
      ],
      "rdf:language": [
        "nl"
      ],
      "rdf:predicate": [
        {
          "@id": "rdfs:comment"
        }
      ]
    },
    {
      "@id": "https://data.datatourisme.fr/74dbf2b9-44de-3851-8caa-0f05400d8764",
      "dc:contributor": [
        "https://api.deepl.com/v2/translate"
      ],
      "rdf:language": [
        "de"
      ],
      "rdf:predicate": [
        {
          "@id": "rdfs:comment"
        }
      ]
    },
    {
      "@id": "https://data.datatourisme.fr/fb383ebc-a421-342e-a891-067096cbb89e",
      "dc:contributor": [
        "https://api.deepl.com/v2/translate"
      ],
      "rdf:language": [
        "it"
      ],
      "rdf:predicate": [
        {
          "@id": "rdfs:comment"
        }
      ]
    }
  ],
  "isLocatedAt": [
    {
      "@id": "https://data.datatourisme.fr/6c5c98bb-e94a-31c2-930b-9411f99999fa",
      "schema:address": [
        {
          "@id": "https://data.datatourisme.fr/85a63369-4d7e-3c31-89d6-20fc5956c577",
          "schema:addressLocality": "Aubervilliers",
          "schema:postalCode": "93300",
          "schema:streetAddress": [
            "Parc Eli Lotar"
          ],
          "@type": [
            "schema:PostalAddress",
            "PostalAddress"
          ],
          "hasAddressCity": {
            "@id": "kb:93001",
            "@type": [
              "City"
            ],
            "rdfs:label": {
              "de": [
                "Aubervilliers"
              ],
              "pt": [
                "Aubervilliers"
              ],
              "en": [
                "Aubervilliers"
              ],
              "it": [
                "Aubervilliers"
              ],
              "fr": [
                "Aubervilliers"
              ],
              "nl": [
                "Aubervilliers"
              ],
              "es": [
                "Aubervilliers"
              ]
            },
            "insee": "93001",
            "isPartOfDepartment": {
              "@id": "kb:France1193",
              "@type": [
                "Department"
              ],
              "rdfs:label": {
                "de": [
                  "Seine-Saint-Denis"
                ],
                "pt": [
                  "Seine-Saint-Denis"
                ],
                "en": [
                  "Seine-Saint-Denis"
                ],
                "it": [
                  "Seine-Saint-Denis"
                ],
                "fr": [
                  "Seine-Saint-Denis"
                ],
                "nl": [
                  "Seine-Saint-Denis"
                ],
                "es": [
                  "Seine-Saint-Denis"
                ]
              },
              "insee": "93",
              "isPartOfRegion": {
                "@id": "kb:France11",
                "@type": [
                  "Region"
                ],
                "rdfs:label": {
                  "de": [
                    "Île-de-France"
                  ],
                  "pt": [
                    "Île-de-France"
                  ],
                  "en": [
                    "Île-de-France"
                  ],
                  "it": [
                    "Île-de-France"
                  ],
                  "fr": [
                    "Île-de-France"
                  ],
                  "nl": [
                    "Île-de-France"
                  ],
                  "es": [
                    "Île-de-France"
                  ]
                },
                "insee": "11",
                "isPartOfCountry": {
                  "@id": "kb:France",
                  "@type": [
                    "schema:Country"
                  ],
                  "rdfs:label": {
                    "de": [
                      "France",
                      "Frankreich"
                    ],
                    "pt": [
                      "França",
                      "France"
                    ],
                    "en": [
                      "France"
                    ],
                    "it": [
                      "France",
                      "Francia"
                    ],
                    "fr": [
                      "France"
                    ],
                    "nl": [
                      "France",
                      "Frankrijk"
                    ],
                    "es": [
                      "France",
                      "Francia"
                    ]
                  }
                }
              }
            }
          }
        }
      ],
      "schema:geo": {
        "@id": "https://data.datatourisme.fr/1ea12d13-ddd2-3337-b565-98e7028bd9c9",
        "schema:latitude": "48.918069",
        "schema:longitude": "2.371535",
        "@type": [
          "schema:GeoCoordinates"
        ]
      },
      "schema:openingHoursSpecification": [
        {
          "@id": "https://data.datatourisme.fr/713e8021-b77a-3569-b1b5-0835762fe386",
          "schema:validFrom": "2023-01-01T00:00:00",
          "schema:validThrough": "2023-12-31T23:59:59",
          "@type": [
            "schema:OpeningHoursSpecification"
          ],
          "additionalInformation": {
            "de": [
              "April - September: 8h - 20h\r\nOktober - März: 9 - 17.30 Uhr"
            ],
            "en": [
              "April - September: 8am - 8pm\r\nOctober - March: 9 am - 5:30 pm"
            ],
            "it": [
              "Aprile - settembre: 8.00 - 20.00\r\nOttobre - marzo: 9.00 - 17.30"
            ],
            "fr": [
              "Avril - septembre : 8h - 20h\r\nOctobre - mars : 9h - 17h30"
            ],
            "nl": [
              "April - september: 8 uur - 20 uur\r\nOktober - maart: 9.00 - 17.30 uur"
            ],
            "es": [
              "Abril - septiembre: 8:00 - 20:00\r\nOctubre - marzo: 9:00 - 17:30"
            ]
          },
          "hasTranslatedProperty": [
            {
              "@id": "https://data.datatourisme.fr/1117eb5e-9c46-37c9-ae06-886175690fed",
              "dc:contributor": [
                "https://api.deepl.com/v2/translate"
              ],
              "rdf:language": [
                "it"
              ],
              "rdf:predicate": [
                "additionalInformation"
              ]
            },
            {
              "@id": "https://data.datatourisme.fr/32d2a41f-e8ea-3233-a642-5d225fe13177",
              "dc:contributor": [
                "https://api.deepl.com/v2/translate"
              ],
              "rdf:language": [
                "es"
              ],
              "rdf:predicate": [
                "additionalInformation"
              ]
            },
            {
              "@id": "https://data.datatourisme.fr/40fef389-1c10-391e-9885-f1805a44f024",
              "dc:contributor": [
                "https://api.deepl.com/v2/translate"
              ],
              "rdf:language": [
                "en"
              ],
              "rdf:predicate": [
                "additionalInformation"
              ]
            },
            {
              "@id": "https://data.datatourisme.fr/5eb78efb-9674-3e85-b56a-5c13ca85b400",
              "dc:contributor": [
                "https://api.deepl.com/v2/translate"
              ],
              "rdf:language": [
                "nl"
              ],
              "rdf:predicate": [
                "additionalInformation"
              ]
            },
            {
              "@id": "https://data.datatourisme.fr/c0d61d72-a06d-3b78-a63d-c4bf760a9113",
              "dc:contributor": [
                "https://api.deepl.com/v2/translate"
              ],
              "rdf:language": [
                "de"
              ],
              "rdf:predicate": [
                "additionalInformation"
              ]
            }
          ]
        }
      ],
      "@type": [
        "schema:Place",
        "Place"
      ]
    }
  ],
  "isOwnedBy": [
    {
      "@id": "https://data.datatourisme.fr/0d295593-2e92-3cc3-8700-156dfc8eed88",
      "schema:email": [
        "jt.charbonnier@plainecommunetourisme.com",
        "s.vallier@plainecommunetourisme.com",
        "webmarketer@plainecommunetourisme.com"
      ],
      "schema:legalName": "Office de Tourisme Plaine commune grand Paris",
      "@type": [
        "schema:Organization",
        "foaf:Agent",
        "Agent"
      ],
      "foaf:homepage": [
        "https://www.tourisme-plainecommune-paris.com/"
      ]
    }
  ],
  "lastUpdate": "2022-01-31",
  "lastUpdateDatatourisme": "2023-02-22T06:42:37.779Z"
}