{
  "@id": "https://data.datatourisme.fr/13/07832d3c-f93c-3096-b32d-34d3d4e8f2f2",
  "dc:identifier": "5970960",
  "@type": [
    "schema:LocalBusiness",
    "CraftsmanShop",
    "PlaceOfInterest",
    "PointOfInterest",
    "Store"
  ],
  "rdfs:comment": {
    "de": [
      "Schnitzer von Ornamenten. Drechsler auf Holz. Bester Handwerker Frankreichs.\r\nHerstellung und Restaurierung von Skulpturen auf Möbeln, Sitzmöbeln und Holzverkleidungen. Herstellung von Kunstgegenständen, Prototypen, Formen."
    ],
    "en": [
      "Sculptor of ornaments. Woodturner. Best Worker of France.\r\nCreation and restoration of sculptures on furniture, seats, woodwork. Realization of art objects, prototypes, molds."
    ],
    "it": [
      "Intagliatore ornamentale. Tornitore del legno. Meilleur Ouvrier de France.\r\nCreazione e restauro di sculture su mobili, sedute, manufatti in legno. Creazione di oggetti d'arte, prototipi, stampi."
    ],
    "fr": [
      "Sculpteur d’ornements. Tourneur sur bois. Meilleur Ouvrier de France.\r\nCréation et restauration de sculptures sur meubles, sièges, boiseries. Réalisation d’objets d’art, de prototypes, de moules."
    ],
    "es": [
      "Tallista ornamental. Tornero. Meilleur Ouvrier de France.\r\nCreación y restauración de esculturas en muebles, asientos, carpintería. Creación de objetos de arte, prototipos, moldes."
    ],
    "nl": [
      "Ornamentaal houtsnijder. Houtdraaier. Meilleur Ouvrier de France.\r\nCreatie en restauratie van beelden op meubels, stoelen, houtwerk. Creatie van kunstvoorwerpen, prototypes, mallen."
    ]
  },
  "rdfs:label": {
    "fr": [
      "Pascal Arlot"
    ]
  },
  "hasBeenCreatedBy": {
    "@id": "https://data.datatourisme.fr/13/3a1dd983-41fa-3c1d-be9b-cf36360e6b84",
    "dc:identifier": "2180",
    "schema:email": [
      "p.barriot@pnr-vexin-francais.fr"
    ],
    "schema:legalName": "Parc naturel régional du Vexin Français",
    "@type": [
      "schema:Organization",
      "foaf:Agent",
      "Agent"
    ],
    "foaf:homepage": [
      "http://www.pnr-vexin-francais.fr/"
    ]
  },
  "hasBeenPublishedBy": [
    {
      "@id": "https://data.datatourisme.fr/8a9feb4b-2cbd-3d2c-b507-bd6c6776b23b",
      "schema:legalName": "Apidae Tourisme Scic SA - source : Apidae Tourisme",
      "@type": [
        "schema:Organization",
        "foaf:Agent",
        "Agent"
      ],
      "foaf:homepage": [
        "https://www.apidae-tourisme.com/"
      ]
    }
  ],
  "hasContact": [
    {
      "@id": "https://data.datatourisme.fr/75f440af-1943-30ba-a08c-db3e7469400e",
      "schema:email": [
        "p.arlot@orange.fr"
      ],
      "schema:telephone": [
        "+33 1 34 33 09 83",
        "+33 6 07 55 82 61"
      ],
      "@type": [
        "foaf:Agent",
        "Agent"
      ],
      "foaf:homepage": [
        "https://www.arlot-sculpteur.fr/"
      ]
    }
  ],
  "hasDescription": [
    {
      "@id": "https://data.datatourisme.fr/105f3a2b-95a6-3237-9305-626414be92a7",
      "@type": [
        "Description"
      ],
      "hasTranslatedProperty": [
        {
          "@id": "https://data.datatourisme.fr/0a1b4925-a66d-3e57-8c0a-e6f73cca2c6c",
          "dc:contributor": [
            "https://api.deepl.com/v2/translate"
          ],
          "rdf:language": [
            "nl"
          ],
          "rdf:predicate": [
            "shortDescription"
          ]
        },
        {
          "@id": "https://data.datatourisme.fr/39f7715c-ef59-3885-bcdc-e12126ddd00a",
          "dc:contributor": [
            "https://api.deepl.com/v2/translate"
          ],
          "rdf:language": [
            "es"
          ],
          "rdf:predicate": [
            "shortDescription"
          ]
        },
        {
          "@id": "https://data.datatourisme.fr/3f2daa9e-2df1-3677-bb47-44344bdde0a1",
          "dc:contributor": [
            "https://api.deepl.com/v2/translate"
          ],
          "rdf:language": [
            "de"
          ],
          "rdf:predicate": [
            "shortDescription"
          ]
        },
        {
          "@id": "https://data.datatourisme.fr/ac88d0c0-9f09-3655-bbd4-74db7c20e7ff",
          "dc:contributor": [
            "https://api.deepl.com/v2/translate"
          ],
          "rdf:language": [
            "it"
          ],
          "rdf:predicate": [
            "shortDescription"
          ]
        },
        {
          "@id": "https://data.datatourisme.fr/d8656558-1a10-3566-a78c-80f534c023ff",
          "dc:contributor": [
            "https://api.deepl.com/v2/translate"
          ],
          "rdf:language": [
            "en"
          ],
          "rdf:predicate": [
            "shortDescription"
          ]
        }
      ],
      "shortDescription": {
        "de": [
          "Schnitzer von Ornamenten. Drechsler auf Holz. Bester Handwerker Frankreichs.\r\nHerstellung und Restaurierung von Skulpturen auf Möbeln, Sitzmöbeln und Holzverkleidungen. Herstellung von Kunstgegenständen, Prototypen, Formen."
        ],
        "en": [
          "Sculptor of ornaments. Woodturner. Best Worker of France.\r\nCreation and restoration of sculptures on furniture, seats, woodwork. Realization of art objects, prototypes, molds."
        ],
        "it": [
          "Intagliatore ornamentale. Tornitore del legno. Meilleur Ouvrier de France.\r\nCreazione e restauro di sculture su mobili, sedute, manufatti in legno. Creazione di oggetti d'arte, prototipi, stampi."
        ],
        "fr": [
          "Sculpteur d’ornements. Tourneur sur bois. Meilleur Ouvrier de France.\r\nCréation et restauration de sculptures sur meubles, sièges, boiseries. Réalisation d’objets d’art, de prototypes, de moules."
        ],
        "es": [
          "Tallista ornamental. Tornero. Meilleur Ouvrier de France.\r\nCreación y restauración de esculturas en muebles, asientos, carpintería. Creación de objetos de arte, prototipos, moldes."
        ],
        "nl": [
          "Ornamentaal houtsnijder. Houtdraaier. Meilleur Ouvrier de France.\r\nCreatie en restauratie van beelden op meubels, stoelen, houtwerk. Creatie van kunstvoorwerpen, prototypes, mallen."
        ]
      }
    }
  ],
  "hasTranslatedProperty": [
    {
      "@id": "https://data.datatourisme.fr/0648ba64-0e60-33d9-a95b-7a1ba869f00e",
      "dc:contributor": [
        "https://api.deepl.com/v2/translate"
      ],
      "rdf:language": [
        "en"
      ],
      "rdf:predicate": [
        {
          "@id": "rdfs:comment"
        }
      ]
    },
    {
      "@id": "https://data.datatourisme.fr/1f8bafa1-dabc-3e5c-98b9-6739000169e7",
      "dc:contributor": [
        "https://api.deepl.com/v2/translate"
      ],
      "rdf:language": [
        "de"
      ],
      "rdf:predicate": [
        {
          "@id": "rdfs:comment"
        }
      ]
    },
    {
      "@id": "https://data.datatourisme.fr/4989d6b7-66c5-33f0-9655-8fa9e8528b68",
      "dc:contributor": [
        "https://api.deepl.com/v2/translate"
      ],
      "rdf:language": [
        "nl"
      ],
      "rdf:predicate": [
        {
          "@id": "rdfs:comment"
        }
      ]
    },
    {
      "@id": "https://data.datatourisme.fr/a6a1aac3-8024-3680-b710-540ea11787c6",
      "dc:contributor": [
        "https://api.deepl.com/v2/translate"
      ],
      "rdf:language": [
        "es"
      ],
      "rdf:predicate": [
        {
          "@id": "rdfs:comment"
        }
      ]
    },
    {
      "@id": "https://data.datatourisme.fr/c2596063-977b-3871-ac4a-920389f14269",
      "dc:contributor": [
        "https://api.deepl.com/v2/translate"
      ],
      "rdf:language": [
        "it"
      ],
      "rdf:predicate": [
        {
          "@id": "rdfs:comment"
        }
      ]
    }
  ],
  "isLocatedAt": [
    {
      "@id": "https://data.datatourisme.fr/37e50eea-3be1-3d52-876d-169c0510982e",
      "schema:address": [
        {
          "@id": "https://data.datatourisme.fr/cb2c662a-c21e-3a8a-8592-533521b1a4c2",
          "schema:addressLocality": "Ennery",
          "schema:postalCode": "95300",
          "schema:streetAddress": [
            "45 rue Ampère"
          ],
          "@type": [
            "schema:PostalAddress",
            "PostalAddress"
          ],
          "hasAddressCity": {
            "@id": "kb:95211",
            "@type": [
              "City"
            ],
            "rdfs:label": {
              "de": [
                "Ennery"
              ],
              "pt": [
                "Ennery"
              ],
              "en": [
                "Ennery"
              ],
              "it": [
                "Ennery"
              ],
              "fr": [
                "Ennery"
              ],
              "nl": [
                "Ennery"
              ],
              "es": [
                "Ennery"
              ]
            },
            "insee": "95211",
            "isPartOfDepartment": {
              "@id": "kb:France1195",
              "@type": [
                "Department"
              ],
              "rdfs:label": {
                "de": [
                  "Val-d'Oise"
                ],
                "pt": [
                  "Val-d'Oise"
                ],
                "en": [
                  "Val-d'Oise"
                ],
                "it": [
                  "Val-d'Oise"
                ],
                "fr": [
                  "Val-d'Oise"
                ],
                "nl": [
                  "Val-d'Oise"
                ],
                "es": [
                  "Val-d'Oise"
                ]
              },
              "insee": "95",
              "isPartOfRegion": {
                "@id": "kb:France11",
                "@type": [
                  "Region"
                ],
                "rdfs:label": {
                  "de": [
                    "Île-de-France"
                  ],
                  "pt": [
                    "Île-de-France"
                  ],
                  "en": [
                    "Île-de-France"
                  ],
                  "it": [
                    "Île-de-France"
                  ],
                  "fr": [
                    "Île-de-France"
                  ],
                  "nl": [
                    "Île-de-France"
                  ],
                  "es": [
                    "Île-de-France"
                  ]
                },
                "insee": "11",
                "isPartOfCountry": {
                  "@id": "kb:France",
                  "@type": [
                    "schema:Country"
                  ],
                  "rdfs:label": {
                    "de": [
                      "France",
                      "Frankreich"
                    ],
                    "pt": [
                      "França",
                      "France"
                    ],
                    "en": [
                      "France"
                    ],
                    "it": [
                      "France",
                      "Francia"
                    ],
                    "fr": [
                      "France"
                    ],
                    "nl": [
                      "France",
                      "Frankrijk"
                    ],
                    "es": [
                      "France",
                      "Francia"
                    ]
                  }
                }
              }
            }
          }
        }
      ],
      "schema:geo": {
        "@id": "https://data.datatourisme.fr/dbf3f62e-dec1-3235-b29c-e55b7f535a5f",
        "schema:latitude": "49.064522",
        "schema:longitude": "2.114777",
        "@type": [
          "schema:GeoCoordinates"
        ]
      },
      "schema:openingHoursSpecification": [
        {
          "@id": "https://data.datatourisme.fr/9a7c7059-7642-3dd6-82af-39272e98b715",
          "schema:closes": "18:00:00",
          "schema:opens": "09:00:00",
          "schema:validFrom": "2023-01-01T00:00:00",
          "schema:validThrough": "2023-12-31T23:59:59",
          "@type": [
            "schema:OpeningHoursSpecification"
          ],
          "additionalInformation": {
            "de": [
              "> Nach Vereinbarung."
            ],
            "en": [
              "> By appointment."
            ],
            "it": [
              "> Su appuntamento."
            ],
            "fr": [
              "> Sur rendez-vous."
            ],
            "nl": [
              "> Op afspraak."
            ],
            "es": [
              "> Con cita previa."
            ]
          },
          "hasTranslatedProperty": [
            {
              "@id": "https://data.datatourisme.fr/0e6735dc-1a0d-33d2-9554-fa1ee736dc68",
              "dc:contributor": [
                "https://api.deepl.com/v2/translate"
              ],
              "rdf:language": [
                "es"
              ],
              "rdf:predicate": [
                "additionalInformation"
              ]
            },
            {
              "@id": "https://data.datatourisme.fr/15d63634-5485-341e-8688-63db35924b51",
              "dc:contributor": [
                "https://api.deepl.com/v2/translate"
              ],
              "rdf:language": [
                "it"
              ],
              "rdf:predicate": [
                "additionalInformation"
              ]
            },
            {
              "@id": "https://data.datatourisme.fr/6d578476-2bd2-3eed-807d-195e1a463670",
              "dc:contributor": [
                "https://api.deepl.com/v2/translate"
              ],
              "rdf:language": [
                "de"
              ],
              "rdf:predicate": [
                "additionalInformation"
              ]
            },
            {
              "@id": "https://data.datatourisme.fr/74fea2b2-be5a-3eb3-ba42-4ae34d7de5ed",
              "dc:contributor": [
                "https://api.deepl.com/v2/translate"
              ],
              "rdf:language": [
                "nl"
              ],
              "rdf:predicate": [
                "additionalInformation"
              ]
            },
            {
              "@id": "https://data.datatourisme.fr/76eed76b-73ab-3d84-be39-ea29f67e0fc7",
              "dc:contributor": [
                "https://api.deepl.com/v2/translate"
              ],
              "rdf:language": [
                "en"
              ],
              "rdf:predicate": [
                "additionalInformation"
              ]
            }
          ]
        }
      ],
      "@type": [
        "schema:Place",
        "Place"
      ]
    }
  ],
  "isOwnedBy": [
    {
      "@id": "https://data.datatourisme.fr/4c608c50-81e5-397b-9f19-b610e202e801",
      "schema:email": [
        "p.barriot@pnr-vexin-francais.fr"
      ],
      "schema:legalName": "Parc naturel régional du Vexin Français",
      "@type": [
        "schema:Organization",
        "foaf:Agent",
        "Agent"
      ],
      "foaf:homepage": [
        "http://www.pnr-vexin-francais.fr/"
      ]
    }
  ],
  "lastUpdate": "2023-05-10",
  "lastUpdateDatatourisme": "2023-05-11T05:39:28.757Z"
}