{
  "@id": "https://data.datatourisme.fr/13/07074f9a-0948-3bca-97b3-b00b3141df46",
  "dc:identifier": "5810191",
  "@type": [
    "schema:Library",
    "CulturalSite",
    "Library",
    "PlaceOfInterest",
    "PointOfInterest",
    "SportsAndLeisurePlace"
  ],
  "rdfs:comment": {
    "de": [
      "Die Stadt Massy verfügt über zwei Mediatheken. Bücher, Mangas und Zeitungen stehen Ihnen zur Verfügung, aber auch E-Reader, Online-Presse, Online-Musik, Nachhilfe und Veranstaltungen das ganze Jahr über!"
    ],
    "en": [
      "The city of Massy has two media libraries. Books, manga, press are at your disposal, but also reading material, online press, online music, school support and events throughout the year!"
    ],
    "it": [
      "La città di Massy dispone di due mediateche. Sono disponibili libri, manga, giornali, ma anche materiale di lettura, stampa online, musica online, supporto scolastico ed eventi durante tutto l'anno!"
    ],
    "fr": [
      "La ville de Massy dispose de deux médiathèques. Livre, manga, presse sont à votre disposition, mais également liseuse, presse en ligne, musique en ligne, soutien scolaire et des évènements tout au long de l'année !"
    ],
    "es": [
      "La ciudad de Massy cuenta con dos mediatecas. Hay libros, manga, periódicos, pero también material de lectura, prensa en línea, música en línea, apoyo escolar y eventos durante todo el año"
    ],
    "nl": [
      "De stad Massy heeft twee mediatheken. Boeken, manga, kranten zijn beschikbaar, maar ook leesmateriaal, online pers, online muziek, schoolondersteuning en evenementen gedurende het hele jaar!"
    ]
  },
  "rdfs:label": {
    "fr": [
      "Médiathèque Hélène Oudoux"
    ]
  },
  "hasBeenCreatedBy": {
    "@id": "https://data.datatourisme.fr/13/e034fb6b-66aa-3c1d-88f4-45ddfb08da98",
    "dc:identifier": "1233",
    "schema:email": [
      "d.trioux@destination-paris-saclay.com"
    ],
    "schema:legalName": "Destination Paris-Saclay",
    "@type": [
      "schema:Organization",
      "foaf:Agent",
      "Agent"
    ],
    "foaf:homepage": [
      "https://www.destination-paris-saclay.com/"
    ]
  },
  "hasBeenPublishedBy": [
    {
      "@id": "https://data.datatourisme.fr/8a9feb4b-2cbd-3d2c-b507-bd6c6776b23b",
      "schema:legalName": "Apidae Tourisme Scic SA - source : Apidae Tourisme",
      "@type": [
        "schema:Organization",
        "foaf:Agent",
        "Agent"
      ],
      "foaf:homepage": [
        "https://www.apidae-tourisme.com/"
      ]
    }
  ],
  "hasContact": [
    {
      "@id": "https://data.datatourisme.fr/bf3385fa-b3e4-33bf-871e-df86af3b164f",
      "schema:email": [
        "contact.mediatheques@mairie-massy.fr"
      ],
      "schema:telephone": [
        "+33 1 60 11 04 21"
      ],
      "@type": [
        "foaf:Agent",
        "Agent"
      ]
    }
  ],
  "hasDescription": [
    {
      "@id": "https://data.datatourisme.fr/48fb26d0-7a2b-3e51-bddb-221c7db7fa23",
      "@type": [
        "Description"
      ],
      "hasTranslatedProperty": [
        {
          "@id": "https://data.datatourisme.fr/64cf1bab-289e-3596-911a-40713861ad5f",
          "dc:contributor": [
            "https://api.deepl.com/v2/translate"
          ],
          "rdf:language": [
            "es"
          ],
          "rdf:predicate": [
            "shortDescription"
          ]
        },
        {
          "@id": "https://data.datatourisme.fr/6bb5016f-eeb1-3e1d-85ce-15a5792596e3",
          "dc:contributor": [
            "https://api.deepl.com/v2/translate"
          ],
          "rdf:language": [
            "nl"
          ],
          "rdf:predicate": [
            "shortDescription"
          ]
        },
        {
          "@id": "https://data.datatourisme.fr/a1837092-7e50-3748-8bfc-19d50db614b8",
          "dc:contributor": [
            "https://api.deepl.com/v2/translate"
          ],
          "rdf:language": [
            "it"
          ],
          "rdf:predicate": [
            "shortDescription"
          ]
        },
        {
          "@id": "https://data.datatourisme.fr/e0390f94-5bbe-3a2e-bdbe-666e5e58fdb1",
          "dc:contributor": [
            "https://api.deepl.com/v2/translate"
          ],
          "rdf:language": [
            "en"
          ],
          "rdf:predicate": [
            "shortDescription"
          ]
        },
        {
          "@id": "https://data.datatourisme.fr/e6335edb-a4e8-3832-9156-405829723994",
          "dc:contributor": [
            "https://api.deepl.com/v2/translate"
          ],
          "rdf:language": [
            "de"
          ],
          "rdf:predicate": [
            "shortDescription"
          ]
        }
      ],
      "shortDescription": {
        "de": [
          "Die Stadt Massy verfügt über zwei Mediatheken. Bücher, Mangas und Zeitungen stehen Ihnen zur Verfügung, aber auch E-Reader, Online-Presse, Online-Musik, Nachhilfe und Veranstaltungen das ganze Jahr über!"
        ],
        "en": [
          "The city of Massy has two media libraries. Books, manga, press are at your disposal, but also reading material, online press, online music, school support and events throughout the year!"
        ],
        "it": [
          "La città di Massy dispone di due mediateche. Sono disponibili libri, manga, giornali, ma anche materiale di lettura, stampa online, musica online, supporto scolastico ed eventi durante tutto l'anno!"
        ],
        "fr": [
          "La ville de Massy dispose de deux médiathèques. Livre, manga, presse sont à votre disposition, mais également liseuse, presse en ligne, musique en ligne, soutien scolaire et des évènements tout au long de l'année !"
        ],
        "es": [
          "La ciudad de Massy cuenta con dos mediatecas. Hay libros, manga, periódicos, pero también material de lectura, prensa en línea, música en línea, apoyo escolar y eventos durante todo el año"
        ],
        "nl": [
          "De stad Massy heeft twee mediatheken. Boeken, manga, kranten zijn beschikbaar, maar ook leesmateriaal, online pers, online muziek, schoolondersteuning en evenementen gedurende het hele jaar!"
        ]
      }
    }
  ],
  "hasTranslatedProperty": [
    {
      "@id": "https://data.datatourisme.fr/2138cad8-b0f7-38c6-9c54-3871f0b30f4b",
      "dc:contributor": [
        "https://api.deepl.com/v2/translate"
      ],
      "rdf:language": [
        "es"
      ],
      "rdf:predicate": [
        {
          "@id": "rdfs:comment"
        }
      ]
    },
    {
      "@id": "https://data.datatourisme.fr/7183e1fd-f784-3555-bcc9-bfd65a844bd4",
      "dc:contributor": [
        "https://api.deepl.com/v2/translate"
      ],
      "rdf:language": [
        "it"
      ],
      "rdf:predicate": [
        {
          "@id": "rdfs:comment"
        }
      ]
    },
    {
      "@id": "https://data.datatourisme.fr/89c68064-f749-30d2-9806-23b333c0fd87",
      "dc:contributor": [
        "https://api.deepl.com/v2/translate"
      ],
      "rdf:language": [
        "nl"
      ],
      "rdf:predicate": [
        {
          "@id": "rdfs:comment"
        }
      ]
    },
    {
      "@id": "https://data.datatourisme.fr/a963f7fa-6185-3506-8ed5-d335602c8711",
      "dc:contributor": [
        "https://api.deepl.com/v2/translate"
      ],
      "rdf:language": [
        "en"
      ],
      "rdf:predicate": [
        {
          "@id": "rdfs:comment"
        }
      ]
    },
    {
      "@id": "https://data.datatourisme.fr/df36edde-db3e-37b7-9f2a-d15404a29129",
      "dc:contributor": [
        "https://api.deepl.com/v2/translate"
      ],
      "rdf:language": [
        "de"
      ],
      "rdf:predicate": [
        {
          "@id": "rdfs:comment"
        }
      ]
    }
  ],
  "isLocatedAt": [
    {
      "@id": "https://data.datatourisme.fr/64ba1187-523c-3bc5-9559-96c1323e1274",
      "schema:address": [
        {
          "@id": "https://data.datatourisme.fr/599a28bc-3a77-37af-b8f3-223903db8fdb",
          "schema:addressLocality": "Massy",
          "schema:postalCode": "91300",
          "schema:streetAddress": [
            "13 Allée Albert Thomas"
          ],
          "@type": [
            "schema:PostalAddress",
            "PostalAddress"
          ],
          "hasAddressCity": {
            "@id": "kb:91377",
            "@type": [
              "City"
            ],
            "rdfs:label": {
              "de": [
                "Massy"
              ],
              "pt": [
                "Massy"
              ],
              "en": [
                "Massy"
              ],
              "it": [
                "Massy"
              ],
              "fr": [
                "Massy"
              ],
              "nl": [
                "Massy"
              ],
              "es": [
                "Massy"
              ]
            },
            "insee": "91377",
            "isPartOfDepartment": {
              "@id": "kb:France1191",
              "@type": [
                "Department"
              ],
              "rdfs:label": {
                "de": [
                  "Essonne"
                ],
                "pt": [
                  "Essonne"
                ],
                "en": [
                  "Essonne"
                ],
                "it": [
                  "Essonne"
                ],
                "fr": [
                  "Essonne"
                ],
                "nl": [
                  "Essonne"
                ],
                "es": [
                  "Essonne"
                ]
              },
              "insee": "91",
              "isPartOfRegion": {
                "@id": "kb:France11",
                "@type": [
                  "Region"
                ],
                "rdfs:label": {
                  "de": [
                    "Île-de-France"
                  ],
                  "pt": [
                    "Île-de-France"
                  ],
                  "en": [
                    "Île-de-France"
                  ],
                  "it": [
                    "Île-de-France"
                  ],
                  "fr": [
                    "Île-de-France"
                  ],
                  "nl": [
                    "Île-de-France"
                  ],
                  "es": [
                    "Île-de-France"
                  ]
                },
                "insee": "11",
                "isPartOfCountry": {
                  "@id": "kb:France",
                  "@type": [
                    "schema:Country"
                  ],
                  "rdfs:label": {
                    "de": [
                      "France",
                      "Frankreich"
                    ],
                    "pt": [
                      "França",
                      "France"
                    ],
                    "en": [
                      "France"
                    ],
                    "it": [
                      "France",
                      "Francia"
                    ],
                    "fr": [
                      "France"
                    ],
                    "nl": [
                      "France",
                      "Frankrijk"
                    ],
                    "es": [
                      "France",
                      "Francia"
                    ]
                  }
                }
              }
            }
          }
        }
      ],
      "schema:geo": {
        "@id": "https://data.datatourisme.fr/0b5ebd4d-d427-3ca3-bdd0-f236ea76bce1",
        "schema:latitude": "48.735941",
        "schema:longitude": "2.261619",
        "@type": [
          "schema:GeoCoordinates"
        ]
      },
      "schema:openingHoursSpecification": [
        {
          "@id": "https://data.datatourisme.fr/8716a856-b903-3427-9a4b-223b8e668b22",
          "schema:validFrom": "2023-01-01T00:00:00",
          "schema:validThrough": "2023-12-31T23:59:59",
          "@type": [
            "schema:OpeningHoursSpecification"
          ],
          "additionalInformation": {
            "de": [
              "Dienstag, Donnerstag und Freitag: 15-18.30 Uhr\r\nMittwoch und Samstag: 10-18.30 Uhr"
            ],
            "en": [
              "Tuesday, Thursday and Friday: 3pm-6:30pm\r\nWednesday and Saturday: 10am-6:30pm"
            ],
            "it": [
              "Martedì, giovedì e venerdì: 15.00-18.30\r\nMercoledì e sabato: 10-18.30"
            ],
            "fr": [
              "Mardi, Jeudi et Vendredi : 15h-18h30\r\nMercredi et Samedi : 10h-18h30"
            ],
            "es": [
              "Martes, jueves y viernes: 15:00-18:30\r\nMiércoles y sábado: 10:00 a 18:30"
            ],
            "nl": [
              "Dinsdag, donderdag en vrijdag: 15.00-18.30 uur\r\nWoensdag en zaterdag: 10.00-18.30 uur"
            ]
          },
          "hasTranslatedProperty": [
            {
              "@id": "https://data.datatourisme.fr/212d2f31-eac5-32e9-aedc-be20e6f71e74",
              "dc:contributor": [
                "https://api.deepl.com/v2/translate"
              ],
              "rdf:language": [
                "it"
              ],
              "rdf:predicate": [
                "additionalInformation"
              ]
            },
            {
              "@id": "https://data.datatourisme.fr/554dd6b5-0100-35ce-8567-7c4f1e3f320b",
              "dc:contributor": [
                "https://api.deepl.com/v2/translate"
              ],
              "rdf:language": [
                "de"
              ],
              "rdf:predicate": [
                "additionalInformation"
              ]
            },
            {
              "@id": "https://data.datatourisme.fr/584ca26a-a2d5-3a34-8e28-fa419b5014ea",
              "dc:contributor": [
                "https://api.deepl.com/v2/translate"
              ],
              "rdf:language": [
                "en"
              ],
              "rdf:predicate": [
                "additionalInformation"
              ]
            },
            {
              "@id": "https://data.datatourisme.fr/5f92942d-33ed-345f-99a4-983d5db6c092",
              "dc:contributor": [
                "https://api.deepl.com/v2/translate"
              ],
              "rdf:language": [
                "es"
              ],
              "rdf:predicate": [
                "additionalInformation"
              ]
            },
            {
              "@id": "https://data.datatourisme.fr/9c1d8b29-0ed0-3246-ac55-676dc7dcd83d",
              "dc:contributor": [
                "https://api.deepl.com/v2/translate"
              ],
              "rdf:language": [
                "nl"
              ],
              "rdf:predicate": [
                "additionalInformation"
              ]
            }
          ]
        }
      ],
      "@type": [
        "schema:Place",
        "Place"
      ]
    }
  ],
  "isOwnedBy": [
    {
      "@id": "https://data.datatourisme.fr/d87037ec-223f-3b91-8276-b2fe7d28f333",
      "schema:email": [
        "d.trioux@destination-paris-saclay.com"
      ],
      "schema:legalName": "Destination Paris-Saclay",
      "@type": [
        "schema:Organization",
        "foaf:Agent",
        "Agent"
      ],
      "foaf:homepage": [
        "https://www.destination-paris-saclay.com/"
      ]
    }
  ],
  "lastUpdate": "2022-12-28",
  "lastUpdateDatatourisme": "2023-02-01T18:07:35.955Z"
}