{
  "@id": "https://data.datatourisme.fr/13/0729ca25-5a7f-3549-905f-a604d36a2968",
  "dc:identifier": "728385",
  "@type": [
    "schema:FoodEstablishment",
    "FoodEstablishment",
    "PlaceOfInterest",
    "PointOfInterest"
  ],
  "rdfs:comment": {
    "de": [
      "Eine warme und privilegierte Umgebung!"
    ],
    "en": [
      "A warm and privileged setting!"
    ],
    "it": [
      "Un ambiente caldo e privilegiato!"
    ],
    "fr": [
      "Un cadre chaleureux et privilégié !"
    ],
    "es": [
      "¡Un entorno cálido y privilegiado!"
    ],
    "nl": [
      "Een warme en bevoorrechte omgeving!"
    ]
  },
  "rdfs:label": {
    "fr": [
      "Le Panoramic"
    ]
  },
  "hasBeenCreatedBy": {
    "@id": "https://data.datatourisme.fr/13/8b406655-4730-3dfa-a026-6346bdc1b202",
    "dc:identifier": "1090",
    "schema:email": [
      "claire.maury@cpb-tourisme.fr",
      "david.doctrinal@cpb-tourisme.fr",
      "mr.otpf@gmail.com",
      "thomas.touret@cpb-tourisme.fr"
    ],
    "schema:legalName": "Coulommiers Pays de Brie Tourisme",
    "@type": [
      "schema:Organization",
      "foaf:Agent",
      "Agent"
    ]
  },
  "hasBeenPublishedBy": [
    {
      "@id": "https://data.datatourisme.fr/1db24fc4-b534-39bf-bdaf-152c6f98730e",
      "schema:legalName": "Seine et Marne Attractivité - source : Apidae Tourisme",
      "@type": [
        "schema:Organization",
        "foaf:Agent",
        "Agent"
      ],
      "foaf:homepage": [
        "https://www.apidae-tourisme.com/"
      ]
    }
  ],
  "hasContact": [
    {
      "@id": "https://data.datatourisme.fr/5e9bb974-a96c-3374-bf15-92156bcd91e5",
      "schema:email": [
        "info@domainedecrecy.com"
      ],
      "schema:telephone": [
        "+33 1 64 75 34 62"
      ],
      "@type": [
        "foaf:Agent",
        "Agent"
      ]
    }
  ],
  "hasDescription": [
    {
      "@id": "https://data.datatourisme.fr/4b3dcf92-b23d-3336-8c20-d33474db8cce",
      "@type": [
        "Description"
      ],
      "hasTranslatedProperty": [
        {
          "@id": "https://data.datatourisme.fr/0dbe0e02-f621-3440-83d4-1ffd35ca0774",
          "dc:contributor": [
            "https://api.deepl.com/v2/translate"
          ],
          "rdf:language": [
            "en"
          ],
          "rdf:predicate": [
            "shortDescription"
          ]
        },
        {
          "@id": "https://data.datatourisme.fr/591b7f33-710f-3212-9714-c381184777c6",
          "dc:contributor": [
            "https://api.deepl.com/v2/translate"
          ],
          "rdf:language": [
            "it"
          ],
          "rdf:predicate": [
            "shortDescription"
          ]
        },
        {
          "@id": "https://data.datatourisme.fr/5c852e30-e834-3d5f-81b0-aaaa1c6b631a",
          "dc:contributor": [
            "https://api.deepl.com/v2/translate"
          ],
          "rdf:language": [
            "es"
          ],
          "rdf:predicate": [
            "shortDescription"
          ]
        },
        {
          "@id": "https://data.datatourisme.fr/656c72a6-2ad1-3ece-be55-8257485df183",
          "dc:contributor": [
            "https://api.deepl.com/v2/translate"
          ],
          "rdf:language": [
            "nl"
          ],
          "rdf:predicate": [
            "shortDescription"
          ]
        },
        {
          "@id": "https://data.datatourisme.fr/f21cd882-c0b0-3875-be4a-11a251db279d",
          "dc:contributor": [
            "https://api.deepl.com/v2/translate"
          ],
          "rdf:language": [
            "de"
          ],
          "rdf:predicate": [
            "shortDescription"
          ]
        }
      ],
      "shortDescription": {
        "de": [
          "Eine warme und privilegierte Umgebung!"
        ],
        "en": [
          "A warm and privileged setting!"
        ],
        "it": [
          "Un ambiente caldo e privilegiato!"
        ],
        "fr": [
          "Un cadre chaleureux et privilégié !"
        ],
        "es": [
          "¡Un entorno cálido y privilegiado!"
        ],
        "nl": [
          "Een warme en bevoorrechte omgeving!"
        ]
      }
    }
  ],
  "hasTranslatedProperty": [
    {
      "@id": "https://data.datatourisme.fr/40814d17-31c7-3e21-a1a2-5f4d8c5286c8",
      "dc:contributor": [
        "https://api.deepl.com/v2/translate"
      ],
      "rdf:language": [
        "es"
      ],
      "rdf:predicate": [
        {
          "@id": "rdfs:comment"
        }
      ]
    },
    {
      "@id": "https://data.datatourisme.fr/84544392-c57e-3a23-956e-8521fd579166",
      "dc:contributor": [
        "https://api.deepl.com/v2/translate"
      ],
      "rdf:language": [
        "nl"
      ],
      "rdf:predicate": [
        {
          "@id": "rdfs:comment"
        }
      ]
    },
    {
      "@id": "https://data.datatourisme.fr/a35ebd4e-1a78-3143-8d38-29a26cfaf4bd",
      "dc:contributor": [
        "https://api.deepl.com/v2/translate"
      ],
      "rdf:language": [
        "de"
      ],
      "rdf:predicate": [
        {
          "@id": "rdfs:comment"
        }
      ]
    },
    {
      "@id": "https://data.datatourisme.fr/dc9f2695-3d7f-3aeb-a8e5-fb4b6f9ef0a6",
      "dc:contributor": [
        "https://api.deepl.com/v2/translate"
      ],
      "rdf:language": [
        "en"
      ],
      "rdf:predicate": [
        {
          "@id": "rdfs:comment"
        }
      ]
    },
    {
      "@id": "https://data.datatourisme.fr/f14220bc-2662-3d29-8248-09c285fb9fb2",
      "dc:contributor": [
        "https://api.deepl.com/v2/translate"
      ],
      "rdf:language": [
        "it"
      ],
      "rdf:predicate": [
        {
          "@id": "rdfs:comment"
        }
      ]
    }
  ],
  "isLocatedAt": [
    {
      "@id": "https://data.datatourisme.fr/bea597cf-323e-3bf7-b07b-0f52534a5630",
      "schema:address": [
        {
          "@id": "https://data.datatourisme.fr/3b720f75-02e8-3553-bb34-5e14057d1387",
          "schema:addressLocality": "Crécy-la-Chapelle",
          "schema:postalCode": "77580",
          "schema:streetAddress": [
            "Route de Guérard"
          ],
          "@type": [
            "schema:PostalAddress",
            "PostalAddress"
          ],
          "hasAddressCity": {
            "@id": "kb:77142",
            "@type": [
              "City"
            ],
            "rdfs:label": {
              "de": [
                "Crécy-la-Chapelle"
              ],
              "pt": [
                "Crécy-la-Chapelle"
              ],
              "en": [
                "Crécy-la-Chapelle"
              ],
              "it": [
                "Crécy-la-Chapelle"
              ],
              "fr": [
                "Crécy-la-Chapelle"
              ],
              "nl": [
                "Crécy-la-Chapelle"
              ],
              "es": [
                "Crécy-la-Chapelle"
              ]
            },
            "insee": "77142",
            "isPartOfDepartment": {
              "@id": "kb:France1177",
              "@type": [
                "Department"
              ],
              "rdfs:label": {
                "de": [
                  "Seine-et-Marne"
                ],
                "pt": [
                  "Seine-et-Marne"
                ],
                "en": [
                  "Seine-et-Marne"
                ],
                "it": [
                  "Seine-et-Marne"
                ],
                "fr": [
                  "Seine-et-Marne"
                ],
                "nl": [
                  "Seine-et-Marne"
                ],
                "es": [
                  "Seine-et-Marne"
                ]
              },
              "insee": "77",
              "isPartOfRegion": {
                "@id": "kb:France11",
                "@type": [
                  "Region"
                ],
                "rdfs:label": {
                  "de": [
                    "Île-de-France"
                  ],
                  "pt": [
                    "Île-de-France"
                  ],
                  "en": [
                    "Île-de-France"
                  ],
                  "it": [
                    "Île-de-France"
                  ],
                  "fr": [
                    "Île-de-France"
                  ],
                  "nl": [
                    "Île-de-France"
                  ],
                  "es": [
                    "Île-de-France"
                  ]
                },
                "insee": "11",
                "isPartOfCountry": {
                  "@id": "kb:France",
                  "@type": [
                    "schema:Country"
                  ],
                  "rdfs:label": {
                    "de": [
                      "France",
                      "Frankreich"
                    ],
                    "pt": [
                      "França",
                      "France"
                    ],
                    "en": [
                      "France"
                    ],
                    "it": [
                      "France",
                      "Francia"
                    ],
                    "fr": [
                      "France"
                    ],
                    "nl": [
                      "France",
                      "Frankrijk"
                    ],
                    "es": [
                      "France",
                      "Francia"
                    ]
                  }
                }
              }
            }
          }
        }
      ],
      "schema:geo": {
        "@id": "https://data.datatourisme.fr/f4657a88-1f17-34ac-899a-f6b0dcc1a0b7",
        "schema:latitude": "48.844661",
        "schema:longitude": "2.940392",
        "@type": [
          "schema:GeoCoordinates"
        ]
      },
      "schema:openingHoursSpecification": [
        {
          "@id": "https://data.datatourisme.fr/f87e535a-636d-3343-ad63-8a03392e7511",
          "schema:validFrom": "2023-01-01T00:00:00",
          "schema:validThrough": "2023-12-31T23:59:59",
          "@type": [
            "schema:OpeningHoursSpecification"
          ]
        }
      ],
      "@type": [
        "schema:Place",
        "Place"
      ]
    }
  ],
  "isOwnedBy": [
    {
      "@id": "https://data.datatourisme.fr/72eda36d-0d5f-3c94-bfbb-0340e5d22f78",
      "schema:email": [
        "claire.maury@cpb-tourisme.fr",
        "david.doctrinal@cpb-tourisme.fr"
      ],
      "schema:legalName": "Coulommiers Pays de Brie Tourisme",
      "@type": [
        "schema:Organization",
        "foaf:Agent",
        "Agent"
      ]
    }
  ],
  "lastUpdate": "2020-11-30",
  "lastUpdateDatatourisme": "2023-02-08T06:39:48.888Z"
}