{
  "@id": "https://data.datatourisme.fr/13/01034019-56f6-3c05-a4c4-a69a164c5f6d",
  "dc:identifier": "799014",
  "schema:endDate": [
    "2023-12-31"
  ],
  "schema:startDate": [
    "2023-01-01"
  ],
  "@type": [
    "schema:Event",
    "schema:SaleEvent",
    "EntertainmentAndEvent",
    "Market",
    "PointOfInterest",
    "SaleEvent"
  ],
  "rdfs:comment": {
    "de": [
      "Frische Produkte, Gemüse, Fleisch, Fisch ...\r\nEntdecken Sie die Geselligkeit der Schausteller und das Vergnügen, an den Ständen der Märkte in der Ile-de-France gute Geschäfte zu machen."
    ],
    "en": [
      "Fresh products, vegetables, meat, fish ...\r\nFind all the friendliness of the fairground merchants and the pleasure of making good deals on the stalls of the Ile-de-France markets."
    ],
    "it": [
      "Prodotti freschi, verdure, carne, pesce...\r\nRitrovate tutta la convivialità dei mercanti da fiera e il piacere di fare buoni affari sulle bancarelle dei mercati dell'Ile-de-France."
    ],
    "fr": [
      "Produits frais, légumes, viandes, poissons ...\r\nRetrouvez toute la convivialité des marchands forains et le plaisir de faire de bonnes affaires sur les étals des marchés franciliens."
    ],
    "nl": [
      "Verse producten, groenten, vlees, vis...\r\nOp de kramen van de markten van Ile-de-France vindt u de gezelligheid van de kermisexploitanten en het plezier om goede deals te sluiten."
    ],
    "es": [
      "Productos frescos, verduras, carne, pescado...\r\nEncuentre toda la cordialidad de los feriantes y el placer de hacer buenos negocios en los puestos de los mercados de Île-de-France."
    ]
  },
  "rdfs:label": {
    "fr": [
      "Marché des 4-Routes de Drancy"
    ]
  },
  "hasBeenCreatedBy": {
    "@id": "https://data.datatourisme.fr/13/03e0704b-5690-32de-a186-1dc3ad3316c9",
    "dc:identifier": "1019",
    "schema:email": [
      "bgeigle@visitparisregion.com",
      "hcaldo@visitparisregion.com",
      "mtanaskovic@visitparisregion.com"
    ],
    "schema:legalName": "Comité Régional du Tourisme Paris Ile de France",
    "@type": [
      "schema:Organization",
      "foaf:Agent",
      "Agent"
    ],
    "foaf:homepage": [
      "http://www.visitparisregion.com/"
    ]
  },
  "hasBeenPublishedBy": [
    {
      "@id": "https://data.datatourisme.fr/8a9feb4b-2cbd-3d2c-b507-bd6c6776b23b",
      "schema:legalName": "Apidae Tourisme Scic SA - source : Apidae Tourisme",
      "@type": [
        "schema:Organization",
        "foaf:Agent",
        "Agent"
      ],
      "foaf:homepage": [
        "https://www.apidae-tourisme.com/"
      ]
    }
  ],
  "hasContact": [
    {
      "@id": "https://data.datatourisme.fr/6770a342-cd5b-3b9d-9d39-1b47658b6b09",
      "@type": [
        "foaf:Agent",
        "Agent"
      ],
      "foaf:homepage": [
        "http://www.drancy.net/"
      ]
    }
  ],
  "hasDescription": [
    {
      "@id": "https://data.datatourisme.fr/d6aace5a-1d20-337a-96dd-9c1ca93e0004",
      "@type": [
        "Description"
      ],
      "hasTranslatedProperty": [
        {
          "@id": "https://data.datatourisme.fr/02aae560-31af-341d-9d58-1ecf6c5e5e94",
          "dc:contributor": [
            "https://api.deepl.com/v2/translate"
          ],
          "rdf:language": [
            "it"
          ],
          "rdf:predicate": [
            "shortDescription"
          ]
        },
        {
          "@id": "https://data.datatourisme.fr/18ba0016-a1ce-379e-b1a5-eaa9b1fbf074",
          "dc:contributor": [
            "https://api.deepl.com/v2/translate"
          ],
          "rdf:language": [
            "en"
          ],
          "rdf:predicate": [
            "shortDescription"
          ]
        },
        {
          "@id": "https://data.datatourisme.fr/228031a9-2b1c-398d-932b-25b86691841e",
          "dc:contributor": [
            "https://api.deepl.com/v2/translate"
          ],
          "rdf:language": [
            "nl"
          ],
          "rdf:predicate": [
            "shortDescription"
          ]
        },
        {
          "@id": "https://data.datatourisme.fr/49025d64-4660-370c-ae4d-321e6a650798",
          "dc:contributor": [
            "https://api.deepl.com/v2/translate"
          ],
          "rdf:language": [
            "de"
          ],
          "rdf:predicate": [
            "shortDescription"
          ]
        },
        {
          "@id": "https://data.datatourisme.fr/6781b399-934f-3397-a623-385c7b647d88",
          "dc:contributor": [
            "https://api.deepl.com/v2/translate"
          ],
          "rdf:language": [
            "es"
          ],
          "rdf:predicate": [
            "shortDescription"
          ]
        }
      ],
      "shortDescription": {
        "de": [
          "Frische Produkte, Gemüse, Fleisch, Fisch ...\r\nEntdecken Sie die Geselligkeit der Schausteller und das Vergnügen, an den Ständen der Märkte in der Ile-de-France gute Geschäfte zu machen."
        ],
        "en": [
          "Fresh products, vegetables, meat, fish ...\r\nFind all the friendliness of the fairground merchants and the pleasure of making good deals on the stalls of the Ile-de-France markets."
        ],
        "it": [
          "Prodotti freschi, verdure, carne, pesce...\r\nRitrovate tutta la convivialità dei mercanti da fiera e il piacere di fare buoni affari sulle bancarelle dei mercati dell'Ile-de-France."
        ],
        "fr": [
          "Produits frais, légumes, viandes, poissons ...\r\nRetrouvez toute la convivialité des marchands forains et le plaisir de faire de bonnes affaires sur les étals des marchés franciliens."
        ],
        "nl": [
          "Verse producten, groenten, vlees, vis...\r\nOp de kramen van de markten van Ile-de-France vindt u de gezelligheid van de kermisexploitanten en het plezier om goede deals te sluiten."
        ],
        "es": [
          "Productos frescos, verduras, carne, pescado...\r\nEncuentre toda la cordialidad de los feriantes y el placer de hacer buenos negocios en los puestos de los mercados de Île-de-France."
        ]
      }
    }
  ],
  "hasTranslatedProperty": [
    {
      "@id": "https://data.datatourisme.fr/3edc0c05-3df6-357e-83a7-f3b6351bf76a",
      "dc:contributor": [
        "https://api.deepl.com/v2/translate"
      ],
      "rdf:language": [
        "es"
      ],
      "rdf:predicate": [
        {
          "@id": "rdfs:comment"
        }
      ]
    },
    {
      "@id": "https://data.datatourisme.fr/994b3b5f-43db-3043-9471-990060b892b9",
      "dc:contributor": [
        "https://api.deepl.com/v2/translate"
      ],
      "rdf:language": [
        "en"
      ],
      "rdf:predicate": [
        {
          "@id": "rdfs:comment"
        }
      ]
    },
    {
      "@id": "https://data.datatourisme.fr/dde548f7-89c3-3cec-a063-ce0764221367",
      "dc:contributor": [
        "https://api.deepl.com/v2/translate"
      ],
      "rdf:language": [
        "nl"
      ],
      "rdf:predicate": [
        {
          "@id": "rdfs:comment"
        }
      ]
    },
    {
      "@id": "https://data.datatourisme.fr/df8ca73b-05a3-3691-99b7-370ca8ab655d",
      "dc:contributor": [
        "https://api.deepl.com/v2/translate"
      ],
      "rdf:language": [
        "it"
      ],
      "rdf:predicate": [
        {
          "@id": "rdfs:comment"
        }
      ]
    },
    {
      "@id": "https://data.datatourisme.fr/e8c91b26-a653-3d45-8eab-1061c7f902c7",
      "dc:contributor": [
        "https://api.deepl.com/v2/translate"
      ],
      "rdf:language": [
        "de"
      ],
      "rdf:predicate": [
        {
          "@id": "rdfs:comment"
        }
      ]
    }
  ],
  "isLocatedAt": [
    {
      "@id": "https://data.datatourisme.fr/4980ef96-3a23-3b6d-9788-add536884d75",
      "schema:address": [
        {
          "@id": "https://data.datatourisme.fr/d5e5a7f3-8c1d-352a-bcc4-55dcdefe1176",
          "schema:addressLocality": "Drancy",
          "schema:postalCode": "93700",
          "schema:streetAddress": [
            "Place du 19 mars 1962",
            "avenue Henri Barbusse"
          ],
          "@type": [
            "schema:PostalAddress",
            "PostalAddress"
          ],
          "hasAddressCity": {
            "@id": "kb:93029",
            "@type": [
              "City"
            ],
            "rdfs:label": {
              "de": [
                "Drancy"
              ],
              "pt": [
                "Drancy"
              ],
              "en": [
                "Drancy"
              ],
              "it": [
                "Drancy"
              ],
              "fr": [
                "Drancy"
              ],
              "nl": [
                "Drancy"
              ],
              "es": [
                "Drancy"
              ]
            },
            "insee": "93029",
            "isPartOfDepartment": {
              "@id": "kb:France1193",
              "@type": [
                "Department"
              ],
              "rdfs:label": {
                "de": [
                  "Seine-Saint-Denis"
                ],
                "pt": [
                  "Seine-Saint-Denis"
                ],
                "en": [
                  "Seine-Saint-Denis"
                ],
                "it": [
                  "Seine-Saint-Denis"
                ],
                "fr": [
                  "Seine-Saint-Denis"
                ],
                "nl": [
                  "Seine-Saint-Denis"
                ],
                "es": [
                  "Seine-Saint-Denis"
                ]
              },
              "insee": "93",
              "isPartOfRegion": {
                "@id": "kb:France11",
                "@type": [
                  "Region"
                ],
                "rdfs:label": {
                  "de": [
                    "Île-de-France"
                  ],
                  "pt": [
                    "Île-de-France"
                  ],
                  "en": [
                    "Île-de-France"
                  ],
                  "it": [
                    "Île-de-France"
                  ],
                  "fr": [
                    "Île-de-France"
                  ],
                  "nl": [
                    "Île-de-France"
                  ],
                  "es": [
                    "Île-de-France"
                  ]
                },
                "insee": "11",
                "isPartOfCountry": {
                  "@id": "kb:France",
                  "@type": [
                    "schema:Country"
                  ],
                  "rdfs:label": {
                    "de": [
                      "France",
                      "Frankreich"
                    ],
                    "pt": [
                      "França",
                      "France"
                    ],
                    "en": [
                      "France"
                    ],
                    "it": [
                      "France",
                      "Francia"
                    ],
                    "fr": [
                      "France"
                    ],
                    "nl": [
                      "France",
                      "Frankrijk"
                    ],
                    "es": [
                      "France",
                      "Francia"
                    ]
                  }
                }
              }
            }
          }
        }
      ],
      "schema:geo": {
        "@id": "https://data.datatourisme.fr/c0b2c101-5c63-370b-9c81-577904f943b3",
        "schema:latitude": "48.919432",
        "schema:longitude": "2.450536",
        "@type": [
          "schema:GeoCoordinates"
        ]
      },
      "schema:openingHoursSpecification": [
        {
          "@id": "https://data.datatourisme.fr/dc781c7c-43c0-3458-b80f-e0708868fa68",
          "schema:closes": "13:00:00",
          "schema:opens": "09:00:00",
          "schema:validFrom": "2023-01-01T00:00:00",
          "schema:validThrough": "2023-12-31T23:59:59",
          "@type": [
            "schema:OpeningHoursSpecification"
          ]
        }
      ],
      "@type": [
        "schema:Place",
        "Place"
      ]
    }
  ],
  "isOwnedBy": [
    {
      "@id": "https://data.datatourisme.fr/26ecd6f0-563c-356a-b0f9-ad3ec17effc4",
      "schema:email": [
        "bgeigle@visitparisregion.com",
        "hcaldo@visitparisregion.com",
        "mtanaskovic@visitparisregion.com"
      ],
      "schema:legalName": "Comité Régional du Tourisme Paris Ile de France",
      "@type": [
        "schema:Organization",
        "foaf:Agent",
        "Agent"
      ],
      "foaf:homepage": [
        "http://www.visitparisregion.com/"
      ]
    }
  ],
  "lastUpdate": "2016-04-19",
  "lastUpdateDatatourisme": "2023-02-01T18:07:35.619Z",
  "takesPlaceAt": [
    {
      "@id": "https://data.datatourisme.fr/32c1d3ae-ab4c-39b1-b7dc-a261a04dc89d",
      "@type": [
        "Period",
        "RecurrentPeriod"
      ],
      "appliesOnDay": [
        {
          "@id": "schema:Friday",
          "@type": [
            "schema:DayOfWeek"
          ],
          "rdfs:label": {
            "de": [
              "Freitag"
            ],
            "pt": [
              "Sexta-feira"
            ],
            "en": [
              "Friday"
            ],
            "it": [
              "Venerdì"
            ],
            "fr": [
              "Vendredi"
            ],
            "nl": [
              "Vrijdag"
            ],
            "es": [
              "Viernes"
            ]
          }
        },
        {
          "@id": "schema:Sunday",
          "@type": [
            "schema:DayOfWeek"
          ],
          "rdfs:label": {
            "de": [
              "Sonntag"
            ],
            "pt": [
              "Domingo"
            ],
            "en": [
              "Sunday"
            ],
            "it": [
              "Domenica"
            ],
            "fr": [
              "Dimanche"
            ],
            "nl": [
              "Zondag"
            ],
            "es": [
              "Domingo"
            ]
          }
        },
        {
          "@id": "schema:Tuesday",
          "@type": [
            "schema:DayOfWeek"
          ],
          "rdfs:label": {
            "de": [
              "Dienstag"
            ],
            "pt": [
              "Terça-feira"
            ],
            "en": [
              "Tuesday"
            ],
            "it": [
              "Martedì"
            ],
            "fr": [
              "Mardi"
            ],
            "es": [
              "Martes"
            ],
            "nl": [
              "Dinsdag"
            ]
          }
        }
      ],
      "endDate": "2023-12-31",
      "endTime": "13:00:00",
      "startDate": "2023-01-01",
      "startTime": "09:00:00"
    }
  ]
}