{
  "@id": "https://data.datatourisme.fr/13/01665b75-bf24-3c41-a1f4-5e0fc9bab632",
  "dc:identifier": "727975",
  "@type": [
    "schema:FoodEstablishment",
    "FoodEstablishment",
    "PlaceOfInterest",
    "PointOfInterest"
  ],
  "rdfs:comment": {
    "de": [
      "Italienisches Restaurant in Lagny-sur-Marne."
    ],
    "en": [
      "Italian restaurant in Lagny-sur-Marne."
    ],
    "it": [
      "Ristorante italiano a Lagny-sur-Marne."
    ],
    "fr": [
      "Restaurant italien à Lagny-sur-Marne."
    ],
    "es": [
      "Restaurante italiano en Lagny-sur-Marne."
    ],
    "nl": [
      "Italiaans restaurant in Lagny-sur-Marne."
    ]
  },
  "rdfs:label": {
    "en": [
      "Ristorante del Arte Lagny-sur-Marne"
    ],
    "fr": [
      "Ristorante del Arte Lagny-sur-Marne"
    ],
    "es": [
      "Ristorante del Arte Lagny-sur-Marne"
    ]
  },
  "hasBeenCreatedBy": {
    "@id": "https://data.datatourisme.fr/13/3806734b-256c-37e4-9ec2-c6bffa26d9e7",
    "dc:identifier": "1028",
    "schema:email": [
      "agnes.allanou@marneetgondoire.fr",
      "anne.godin@marneetgondoire.fr"
    ],
    "schema:legalName": "Office de Tourisme de Marne et Gondoire",
    "@type": [
      "schema:Organization",
      "foaf:Agent",
      "Agent"
    ],
    "foaf:homepage": [
      "http://www.marneetgondoire-tourisme.fr/"
    ]
  },
  "hasBeenPublishedBy": [
    {
      "@id": "https://data.datatourisme.fr/1db24fc4-b534-39bf-bdaf-152c6f98730e",
      "schema:legalName": "Seine et Marne Attractivité - source : Apidae Tourisme",
      "@type": [
        "schema:Organization",
        "foaf:Agent",
        "Agent"
      ],
      "foaf:homepage": [
        "https://www.apidae-tourisme.com/"
      ]
    }
  ],
  "hasContact": [
    {
      "@id": "https://data.datatourisme.fr/93dc6d0b-fdac-37ee-be4c-f742af72eeba",
      "schema:email": [
        "lagny@delarte.fr"
      ],
      "schema:telephone": [
        "+33 1 64 30 25 97"
      ],
      "@type": [
        "foaf:Agent",
        "Agent"
      ],
      "foaf:homepage": [
        "https://www.delarte.fr/restaurants/585-lagny-sur-marne?q=lagny%20sur%20marne"
      ]
    }
  ],
  "hasDescription": [
    {
      "@id": "https://data.datatourisme.fr/5540ec76-54ab-387a-a54d-c54cc68d37fd",
      "@type": [
        "Description"
      ],
      "hasTranslatedProperty": [
        {
          "@id": "https://data.datatourisme.fr/4aa77c5e-d6c5-3a8d-ac53-4a960a08c2f5",
          "dc:contributor": [
            "https://api.deepl.com/v2/translate"
          ],
          "rdf:language": [
            "nl"
          ],
          "rdf:predicate": [
            "shortDescription"
          ]
        },
        {
          "@id": "https://data.datatourisme.fr/6c36eaab-633d-3eb6-8a82-fb205b3b96e3",
          "dc:contributor": [
            "https://api.deepl.com/v2/translate"
          ],
          "rdf:language": [
            "de"
          ],
          "rdf:predicate": [
            "shortDescription"
          ]
        },
        {
          "@id": "https://data.datatourisme.fr/fffeee9e-73d7-332e-bc4e-165324fded20",
          "dc:contributor": [
            "https://api.deepl.com/v2/translate"
          ],
          "rdf:language": [
            "it"
          ],
          "rdf:predicate": [
            "shortDescription"
          ]
        }
      ],
      "shortDescription": {
        "de": [
          "Italienisches Restaurant in Lagny-sur-Marne."
        ],
        "en": [
          "Italian restaurant in Lagny-sur-Marne."
        ],
        "it": [
          "Ristorante italiano a Lagny-sur-Marne."
        ],
        "fr": [
          "Restaurant italien à Lagny-sur-Marne."
        ],
        "es": [
          "Restaurante italiano en Lagny-sur-Marne."
        ],
        "nl": [
          "Italiaans restaurant in Lagny-sur-Marne."
        ]
      }
    }
  ],
  "hasTranslatedProperty": [
    {
      "@id": "https://data.datatourisme.fr/a1c0af19-bb53-3933-9227-2647362291c7",
      "dc:contributor": [
        "https://api.deepl.com/v2/translate"
      ],
      "rdf:language": [
        "de"
      ],
      "rdf:predicate": [
        {
          "@id": "rdfs:comment"
        }
      ]
    },
    {
      "@id": "https://data.datatourisme.fr/bf6cf74d-0676-3173-9511-30135c89403d",
      "dc:contributor": [
        "https://api.deepl.com/v2/translate"
      ],
      "rdf:language": [
        "nl"
      ],
      "rdf:predicate": [
        {
          "@id": "rdfs:comment"
        }
      ]
    },
    {
      "@id": "https://data.datatourisme.fr/ef2cc028-0669-337c-89e5-e81723f2ee86",
      "dc:contributor": [
        "https://api.deepl.com/v2/translate"
      ],
      "rdf:language": [
        "it"
      ],
      "rdf:predicate": [
        {
          "@id": "rdfs:comment"
        }
      ]
    }
  ],
  "isLocatedAt": [
    {
      "@id": "https://data.datatourisme.fr/28c16853-78b7-39b7-8280-ff97ea6fde8d",
      "schema:address": [
        {
          "@id": "https://data.datatourisme.fr/745d164e-e955-3a67-a96c-915af1afadd5",
          "schema:addressLocality": "Lagny-sur-Marne",
          "schema:postalCode": "77400",
          "schema:streetAddress": [
            "90 Avenue du Général Leclerc",
            "Zone Commerciale la Courtillière"
          ],
          "@type": [
            "schema:PostalAddress",
            "PostalAddress"
          ],
          "hasAddressCity": {
            "@id": "kb:77243",
            "@type": [
              "City"
            ],
            "rdfs:label": {
              "de": [
                "Lagny-sur-Marne"
              ],
              "pt": [
                "Lagny-sur-Marne"
              ],
              "en": [
                "Lagny-sur-Marne"
              ],
              "it": [
                "Lagny-sur-Marne"
              ],
              "fr": [
                "Lagny-sur-Marne"
              ],
              "nl": [
                "Lagny-sur-Marne"
              ],
              "es": [
                "Lagny-sur-Marne"
              ]
            },
            "insee": "77243",
            "isPartOfDepartment": {
              "@id": "kb:France1177",
              "@type": [
                "Department"
              ],
              "rdfs:label": {
                "de": [
                  "Seine-et-Marne"
                ],
                "pt": [
                  "Seine-et-Marne"
                ],
                "en": [
                  "Seine-et-Marne"
                ],
                "it": [
                  "Seine-et-Marne"
                ],
                "fr": [
                  "Seine-et-Marne"
                ],
                "nl": [
                  "Seine-et-Marne"
                ],
                "es": [
                  "Seine-et-Marne"
                ]
              },
              "insee": "77",
              "isPartOfRegion": {
                "@id": "kb:France11",
                "@type": [
                  "Region"
                ],
                "rdfs:label": {
                  "de": [
                    "Île-de-France"
                  ],
                  "pt": [
                    "Île-de-France"
                  ],
                  "en": [
                    "Île-de-France"
                  ],
                  "it": [
                    "Île-de-France"
                  ],
                  "fr": [
                    "Île-de-France"
                  ],
                  "nl": [
                    "Île-de-France"
                  ],
                  "es": [
                    "Île-de-France"
                  ]
                },
                "insee": "11",
                "isPartOfCountry": {
                  "@id": "kb:France",
                  "@type": [
                    "schema:Country"
                  ],
                  "rdfs:label": {
                    "de": [
                      "France",
                      "Frankreich"
                    ],
                    "pt": [
                      "França",
                      "France"
                    ],
                    "en": [
                      "France"
                    ],
                    "it": [
                      "France",
                      "Francia"
                    ],
                    "fr": [
                      "France"
                    ],
                    "nl": [
                      "France",
                      "Frankrijk"
                    ],
                    "es": [
                      "France",
                      "Francia"
                    ]
                  }
                }
              }
            }
          }
        }
      ],
      "schema:geo": {
        "@id": "https://data.datatourisme.fr/55c21d67-089d-3fd3-bed2-4591796012cb",
        "schema:latitude": "48.870442",
        "schema:longitude": "2.680713",
        "@type": [
          "schema:GeoCoordinates"
        ]
      },
      "schema:openingHoursSpecification": [
        {
          "@id": "https://data.datatourisme.fr/f87e535a-636d-3343-ad63-8a03392e7511",
          "schema:validFrom": "2023-01-01T00:00:00",
          "schema:validThrough": "2023-12-31T23:59:59",
          "@type": [
            "schema:OpeningHoursSpecification"
          ]
        }
      ],
      "@type": [
        "schema:Place",
        "Place"
      ]
    }
  ],
  "isOwnedBy": [
    {
      "@id": "https://data.datatourisme.fr/aa5f63c7-f828-3b9c-bf4e-378b5e04afc7",
      "schema:email": [
        "agnes.allanou@marneetgondoire.fr",
        "anne.godin@marneetgondoire.fr"
      ],
      "schema:legalName": "Office de Tourisme de Marne et Gondoire",
      "@type": [
        "schema:Organization",
        "foaf:Agent",
        "Agent"
      ],
      "foaf:homepage": [
        "http://www.marneetgondoire-tourisme.fr/"
      ]
    }
  ],
  "lastUpdate": "2022-01-24",
  "lastUpdateDatatourisme": "2023-02-01T18:07:35.69Z",
  "offers": [
    {
      "@id": "https://data.datatourisme.fr/d5de836a-045d-36c5-9edf-84e15535bc0b",
      "schema:priceSpecification": [
        {
          "@id": "https://data.datatourisme.fr/f47087c8-5ae5-36d8-a78e-6e006abe7a92",
          "schema:minPrice": [
            "9.9"
          ],
          "schema:priceCurrency": "EUR",
          "@type": [
            "schema:PriceSpecification",
            "PriceSpecification"
          ],
          "appliesOnPeriod": [
            {
              "@id": "https://data.datatourisme.fr/134b755c-4075-31b4-827d-ae1bf4fed0de",
              "@type": [
                "Period"
              ],
              "endDate": "2017-12-31",
              "startDate": "2017-01-01"
            }
          ]
        }
      ],
      "@type": [
        "schema:Offer",
        "Offer"
      ]
    }
  ]
}