{
  "@id": "https://data.datatourisme.fr/13/0166a2f0-7013-37d7-9319-8dc1e876444f",
  "dc:identifier": "5928252",
  "schema:endDate": [
    "2023-06-13",
    "2023-06-25",
    "2023-07-04"
  ],
  "schema:startDate": [
    "2023-06-13",
    "2023-06-25",
    "2023-07-04"
  ],
  "@type": [
    "schema:Event",
    "schema:MusicEvent",
    "Concert",
    "CulturalEvent",
    "EntertainmentAndEvent",
    "PointOfInterest"
  ],
  "rdfs:comment": {
    "de": [
      "Das Stadttheater öffnet seit vielen Jahren seine Türen für seine treuen Partner."
    ],
    "en": [
      "The municipal theater has been opening its doors to its faithful partners for many years."
    ],
    "it": [
      "Da molti anni il teatro comunale apre le porte ai suoi fedeli partner."
    ],
    "fr": [
      "Le théâtre municipal ouvre ses portes à ses fidèles partenaires depuis bien des années."
    ],
    "es": [
      "El teatro municipal lleva muchos años abriendo sus puertas a sus fieles socios."
    ],
    "nl": [
      "De stadsschouwburg opent al vele jaren haar deuren voor haar trouwe partners."
    ]
  },
  "rdfs:label": {
    "en": [
      "Conservatory of Music and Drama at the Theatre"
    ],
    "fr": [
      "Conservatoire de musique et d'art dramatique au théâtre"
    ]
  },
  "hasBeenCreatedBy": {
    "@id": "https://data.datatourisme.fr/13/a2137a2a-e8e3-3b50-82a3-f8909ecb88fe",
    "dc:identifier": "1065",
    "schema:email": [
      "celine@fontainebleau-tourisme.com",
      "christelle@fontainebleau-tourisme.com",
      "edwige.fontainebleau@gmail.com",
      "emilie@fontainebleau-tourisme.com",
      "lorie@fontainebleau-tourisme.com",
      "magali@fontainebleau-tourisme.com",
      "mathilde@fontainebleau-tourisme.com",
      "stessier.fontainebleautourisme@gmail.com"
    ],
    "schema:legalName": "Fontainebleau Tourisme",
    "@type": [
      "schema:Organization",
      "foaf:Agent",
      "Agent"
    ],
    "foaf:homepage": [
      "http://www.fontainebleau-tourisme.com/"
    ]
  },
  "hasBeenPublishedBy": [
    {
      "@id": "https://data.datatourisme.fr/1db24fc4-b534-39bf-bdaf-152c6f98730e",
      "schema:legalName": "Seine et Marne Attractivité - source : Apidae Tourisme",
      "@type": [
        "schema:Organization",
        "foaf:Agent",
        "Agent"
      ],
      "foaf:homepage": [
        "https://www.apidae-tourisme.com/"
      ]
    }
  ],
  "hasContact": [
    {
      "@id": "https://data.datatourisme.fr/2343f52e-b0cf-37df-999c-b551e8581a7e",
      "schema:email": [
        "theatre.billetterie@fontainebleau.fr"
      ],
      "schema:telephone": [
        "+33 1 64 22 26 91"
      ],
      "@type": [
        "foaf:Agent",
        "Agent"
      ],
      "foaf:homepage": [
        "http://www.fontainebleau.fr/epanouissante/un-agenda-culturel-ambitieux-destine-a-tous-les-publics/symbole-de-l-identite-culturelle-de-fontainebleau-464.html"
      ]
    }
  ],
  "hasDescription": [
    {
      "@id": "https://data.datatourisme.fr/fd075d1b-e86b-3941-8b17-281f4c15179f",
      "@type": [
        "Description"
      ],
      "hasTranslatedProperty": [
        {
          "@id": "https://data.datatourisme.fr/5656a135-7dfc-3301-92cd-bb4fc2d9a66a",
          "dc:contributor": [
            "https://api.deepl.com/v2/translate"
          ],
          "rdf:language": [
            "it"
          ],
          "rdf:predicate": [
            "shortDescription"
          ]
        },
        {
          "@id": "https://data.datatourisme.fr/718618a4-d001-34a4-a8b0-97d802c0531a",
          "dc:contributor": [
            "https://api.deepl.com/v2/translate"
          ],
          "rdf:language": [
            "nl"
          ],
          "rdf:predicate": [
            "shortDescription"
          ]
        },
        {
          "@id": "https://data.datatourisme.fr/7723d17e-3979-3b7d-be15-b5221dbf0fa3",
          "dc:contributor": [
            "https://api.deepl.com/v2/translate"
          ],
          "rdf:language": [
            "de"
          ],
          "rdf:predicate": [
            "shortDescription"
          ]
        },
        {
          "@id": "https://data.datatourisme.fr/a3468038-b4b1-3250-99d4-5a59760900a6",
          "dc:contributor": [
            "https://api.deepl.com/v2/translate"
          ],
          "rdf:language": [
            "es"
          ],
          "rdf:predicate": [
            "shortDescription"
          ]
        },
        {
          "@id": "https://data.datatourisme.fr/eeb3cd18-706e-36b7-8589-9eae5d19cac1",
          "dc:contributor": [
            "https://api.deepl.com/v2/translate"
          ],
          "rdf:language": [
            "en"
          ],
          "rdf:predicate": [
            "shortDescription"
          ]
        }
      ],
      "shortDescription": {
        "de": [
          "Das Stadttheater öffnet seit vielen Jahren seine Türen für seine treuen Partner."
        ],
        "en": [
          "The municipal theater has been opening its doors to its faithful partners for many years."
        ],
        "it": [
          "Da molti anni il teatro comunale apre le porte ai suoi fedeli partner."
        ],
        "fr": [
          "Le théâtre municipal ouvre ses portes à ses fidèles partenaires depuis bien des années."
        ],
        "es": [
          "El teatro municipal lleva muchos años abriendo sus puertas a sus fieles socios."
        ],
        "nl": [
          "De stadsschouwburg opent al vele jaren haar deuren voor haar trouwe partners."
        ]
      }
    }
  ],
  "hasTranslatedProperty": [
    {
      "@id": "https://data.datatourisme.fr/0912c8b1-32aa-331c-ae5d-481ae59ef3a5",
      "dc:contributor": [
        "https://api.deepl.com/v2/translate"
      ],
      "rdf:language": [
        "it"
      ],
      "rdf:predicate": [
        {
          "@id": "rdfs:comment"
        }
      ]
    },
    {
      "@id": "https://data.datatourisme.fr/3be6ad63-fe00-30bf-8513-57b764b99211",
      "dc:contributor": [
        "https://api.deepl.com/v2/translate"
      ],
      "rdf:language": [
        "es"
      ],
      "rdf:predicate": [
        {
          "@id": "rdfs:comment"
        }
      ]
    },
    {
      "@id": "https://data.datatourisme.fr/49e21853-f543-35ca-9dcd-bd35a206cc04",
      "dc:contributor": [
        "https://api.deepl.com/v2/translate"
      ],
      "rdf:language": [
        "de"
      ],
      "rdf:predicate": [
        {
          "@id": "rdfs:comment"
        }
      ]
    },
    {
      "@id": "https://data.datatourisme.fr/ce3638a4-0f99-39dd-b302-0259d16949a0",
      "dc:contributor": [
        "https://api.deepl.com/v2/translate"
      ],
      "rdf:language": [
        "en"
      ],
      "rdf:predicate": [
        {
          "@id": "rdfs:comment"
        }
      ]
    },
    {
      "@id": "https://data.datatourisme.fr/de43713e-d69f-3057-8bab-a0b6f045fbec",
      "dc:contributor": [
        "https://api.deepl.com/v2/translate"
      ],
      "rdf:language": [
        "nl"
      ],
      "rdf:predicate": [
        {
          "@id": "rdfs:comment"
        }
      ]
    }
  ],
  "isLocatedAt": [
    {
      "@id": "https://data.datatourisme.fr/a0ba241d-da7d-3743-bfef-fc84eb4339ab",
      "schema:address": [
        {
          "@id": "https://data.datatourisme.fr/2aab3fff-6bc5-36df-a134-a8c419461365",
          "schema:addressLocality": "Fontainebleau",
          "schema:postalCode": "77300",
          "schema:streetAddress": [
            "9, rue dénecourt",
            "Théâtre municipal de Fontainebleau"
          ],
          "@type": [
            "schema:PostalAddress",
            "PostalAddress"
          ],
          "hasAddressCity": {
            "@id": "kb:77186",
            "@type": [
              "City"
            ],
            "rdfs:label": {
              "de": [
                "Fontainebleau"
              ],
              "pt": [
                "Fontainebleau"
              ],
              "en": [
                "Fontainebleau"
              ],
              "it": [
                "Fontainebleau"
              ],
              "fr": [
                "Fontainebleau"
              ],
              "nl": [
                "Fontainebleau"
              ],
              "es": [
                "Fontainebleau"
              ]
            },
            "insee": "77186",
            "isPartOfDepartment": {
              "@id": "kb:France1177",
              "@type": [
                "Department"
              ],
              "rdfs:label": {
                "de": [
                  "Seine-et-Marne"
                ],
                "pt": [
                  "Seine-et-Marne"
                ],
                "en": [
                  "Seine-et-Marne"
                ],
                "it": [
                  "Seine-et-Marne"
                ],
                "fr": [
                  "Seine-et-Marne"
                ],
                "nl": [
                  "Seine-et-Marne"
                ],
                "es": [
                  "Seine-et-Marne"
                ]
              },
              "insee": "77",
              "isPartOfRegion": {
                "@id": "kb:France11",
                "@type": [
                  "Region"
                ],
                "rdfs:label": {
                  "de": [
                    "Île-de-France"
                  ],
                  "pt": [
                    "Île-de-France"
                  ],
                  "en": [
                    "Île-de-France"
                  ],
                  "it": [
                    "Île-de-France"
                  ],
                  "fr": [
                    "Île-de-France"
                  ],
                  "nl": [
                    "Île-de-France"
                  ],
                  "es": [
                    "Île-de-France"
                  ]
                },
                "insee": "11",
                "isPartOfCountry": {
                  "@id": "kb:France",
                  "@type": [
                    "schema:Country"
                  ],
                  "rdfs:label": {
                    "de": [
                      "France",
                      "Frankreich"
                    ],
                    "pt": [
                      "França",
                      "France"
                    ],
                    "en": [
                      "France"
                    ],
                    "it": [
                      "France",
                      "Francia"
                    ],
                    "fr": [
                      "France"
                    ],
                    "nl": [
                      "France",
                      "Frankrijk"
                    ],
                    "es": [
                      "France",
                      "Francia"
                    ]
                  }
                }
              }
            }
          }
        }
      ],
      "schema:geo": {
        "@id": "https://data.datatourisme.fr/778e83fc-6d35-32c3-854a-d589476a4246",
        "schema:latitude": "48.403473",
        "schema:longitude": "2.697573",
        "@type": [
          "schema:GeoCoordinates"
        ]
      },
      "schema:openingHoursSpecification": [
        {
          "@id": "https://data.datatourisme.fr/391b293e-e44f-316f-9345-4b394fb5cbed",
          "schema:validFrom": "2023-06-25T00:00:00",
          "schema:validThrough": "2023-06-25T23:59:59",
          "@type": [
            "schema:OpeningHoursSpecification"
          ],
          "additionalInformation": {
            "de": [
              "Lehrerkonzert"
            ],
            "en": [
              "Teachers' concert"
            ],
            "it": [
              "Concerto degli insegnanti"
            ],
            "fr": [
              "Concert des professeurs"
            ],
            "nl": [
              "Lerarenconcert"
            ],
            "es": [
              "Concierto para profesores"
            ]
          },
          "hasTranslatedProperty": [
            {
              "@id": "https://data.datatourisme.fr/16600ff4-a712-3098-a385-dba4987c208e",
              "dc:contributor": [
                "https://api.deepl.com/v2/translate"
              ],
              "rdf:language": [
                "es"
              ],
              "rdf:predicate": [
                "additionalInformation"
              ]
            },
            {
              "@id": "https://data.datatourisme.fr/52616f52-a35b-3fae-8e97-e0b539228df9",
              "dc:contributor": [
                "https://api.deepl.com/v2/translate"
              ],
              "rdf:language": [
                "en"
              ],
              "rdf:predicate": [
                "additionalInformation"
              ]
            },
            {
              "@id": "https://data.datatourisme.fr/7640b774-7c22-323d-b8ba-ba5e502fc636",
              "dc:contributor": [
                "https://api.deepl.com/v2/translate"
              ],
              "rdf:language": [
                "de"
              ],
              "rdf:predicate": [
                "additionalInformation"
              ]
            },
            {
              "@id": "https://data.datatourisme.fr/f2f09a29-97ee-3eec-a8e0-5d10216fef17",
              "dc:contributor": [
                "https://api.deepl.com/v2/translate"
              ],
              "rdf:language": [
                "nl"
              ],
              "rdf:predicate": [
                "additionalInformation"
              ]
            },
            {
              "@id": "https://data.datatourisme.fr/f93e7002-7718-363e-994d-8ee368a23bc1",
              "dc:contributor": [
                "https://api.deepl.com/v2/translate"
              ],
              "rdf:language": [
                "it"
              ],
              "rdf:predicate": [
                "additionalInformation"
              ]
            }
          ]
        },
        {
          "@id": "https://data.datatourisme.fr/a9588605-3c93-3aae-ad9b-d78fb237a902",
          "schema:validFrom": "2023-07-04T00:00:00",
          "schema:validThrough": "2023-07-04T23:59:59",
          "@type": [
            "schema:OpeningHoursSpecification"
          ],
          "additionalInformation": {
            "de": [
              "Wiederholung des Schauspielunterrichts"
            ],
            "en": [
              "Restitution of the drama course"
            ],
            "it": [
              "Riproduzione del corso di teatro"
            ],
            "fr": [
              "Restitution du cours d'art dramatique"
            ],
            "nl": [
              "Weergave van de toneelcursus"
            ],
            "es": [
              "Reproducción del curso de teatro"
            ]
          },
          "hasTranslatedProperty": [
            {
              "@id": "https://data.datatourisme.fr/37affe99-538e-3ab7-a9e1-d3b27f23f465",
              "dc:contributor": [
                "https://api.deepl.com/v2/translate"
              ],
              "rdf:language": [
                "en"
              ],
              "rdf:predicate": [
                "additionalInformation"
              ]
            },
            {
              "@id": "https://data.datatourisme.fr/4aa0ca7b-e9c3-31b6-b136-99ac2d4ce928",
              "dc:contributor": [
                "https://api.deepl.com/v2/translate"
              ],
              "rdf:language": [
                "nl"
              ],
              "rdf:predicate": [
                "additionalInformation"
              ]
            },
            {
              "@id": "https://data.datatourisme.fr/784557d0-de35-3a5d-b0db-73071a267784",
              "dc:contributor": [
                "https://api.deepl.com/v2/translate"
              ],
              "rdf:language": [
                "de"
              ],
              "rdf:predicate": [
                "additionalInformation"
              ]
            },
            {
              "@id": "https://data.datatourisme.fr/c4625219-7e4e-3483-9a13-168399c60f71",
              "dc:contributor": [
                "https://api.deepl.com/v2/translate"
              ],
              "rdf:language": [
                "es"
              ],
              "rdf:predicate": [
                "additionalInformation"
              ]
            },
            {
              "@id": "https://data.datatourisme.fr/e1875584-061d-3d0e-87e3-fe84d5959888",
              "dc:contributor": [
                "https://api.deepl.com/v2/translate"
              ],
              "rdf:language": [
                "it"
              ],
              "rdf:predicate": [
                "additionalInformation"
              ]
            }
          ]
        },
        {
          "@id": "https://data.datatourisme.fr/b7d74ae0-6b19-30a5-ab18-a2fdda8c781c",
          "schema:validFrom": "2023-06-13T00:00:00",
          "schema:validThrough": "2023-06-13T23:59:59",
          "@type": [
            "schema:OpeningHoursSpecification"
          ],
          "additionalInformation": {
            "de": [
              "Studiengang Stimme"
            ],
            "en": [
              "Voice channel"
            ],
            "it": [
              "Canale vocale"
            ],
            "fr": [
              "Filière voix"
            ],
            "nl": [
              "Stemkanaal"
            ],
            "es": [
              "Canal de voz"
            ]
          },
          "hasTranslatedProperty": [
            {
              "@id": "https://data.datatourisme.fr/23e9b380-b32f-3327-a1f7-c2befa6e199d",
              "dc:contributor": [
                "https://api.deepl.com/v2/translate"
              ],
              "rdf:language": [
                "de"
              ],
              "rdf:predicate": [
                "additionalInformation"
              ]
            },
            {
              "@id": "https://data.datatourisme.fr/44aceaca-32e7-31ef-9efb-4fd29c149186",
              "dc:contributor": [
                "https://api.deepl.com/v2/translate"
              ],
              "rdf:language": [
                "en"
              ],
              "rdf:predicate": [
                "additionalInformation"
              ]
            },
            {
              "@id": "https://data.datatourisme.fr/5c1a2694-85b0-3ab7-810e-a95cc5d784f4",
              "dc:contributor": [
                "https://api.deepl.com/v2/translate"
              ],
              "rdf:language": [
                "nl"
              ],
              "rdf:predicate": [
                "additionalInformation"
              ]
            },
            {
              "@id": "https://data.datatourisme.fr/92099ac2-a73a-382d-8b58-639888091bf5",
              "dc:contributor": [
                "https://api.deepl.com/v2/translate"
              ],
              "rdf:language": [
                "es"
              ],
              "rdf:predicate": [
                "additionalInformation"
              ]
            },
            {
              "@id": "https://data.datatourisme.fr/de832e88-09f2-34f1-b1fc-41fbbc8c6235",
              "dc:contributor": [
                "https://api.deepl.com/v2/translate"
              ],
              "rdf:language": [
                "it"
              ],
              "rdf:predicate": [
                "additionalInformation"
              ]
            }
          ]
        }
      ],
      "@type": [
        "schema:Place",
        "Place"
      ]
    }
  ],
  "isOwnedBy": [
    {
      "@id": "https://data.datatourisme.fr/ef04f74c-b32d-30c9-8d13-4a0f6c83b797",
      "schema:email": [
        "celine@fontainebleau-tourisme.com",
        "emilie@fontainebleau-tourisme.com",
        "lorie@fontainebleau-tourisme.com"
      ],
      "schema:legalName": "Office de tourisme du Pays de Fontainebleau",
      "@type": [
        "schema:Organization",
        "foaf:Agent",
        "Agent"
      ],
      "foaf:homepage": [
        "http://www.fontainebleau-tourisme.com/"
      ]
    }
  ],
  "lastUpdate": "2023-04-24",
  "lastUpdateDatatourisme": "2023-05-30T05:49:20.286Z",
  "takesPlaceAt": [
    {
      "@id": "https://data.datatourisme.fr/48ab6e55-0102-3018-80d4-c5dce9f62347",
      "@type": [
        "Period"
      ],
      "endDate": "2023-06-25",
      "startDate": "2023-06-25"
    },
    {
      "@id": "https://data.datatourisme.fr/ccacd001-5676-3041-8fd9-c59ac684f92e",
      "@type": [
        "Period"
      ],
      "endDate": "2023-07-04",
      "startDate": "2023-07-04"
    },
    {
      "@id": "https://data.datatourisme.fr/e1eac26d-72cf-320e-aee8-28663c3b4112",
      "@type": [
        "Period"
      ],
      "endDate": "2023-06-13",
      "startDate": "2023-06-13"
    }
  ]
}