{
  "@id": "https://data.datatourisme.fr/13/01c648d7-b1d8-3fad-9b6f-f8cb8e5f249a",
  "dc:identifier": "797052",
  "@type": [
    "schema:LocalBusiness",
    "EquestrianCenter",
    "PlaceOfInterest",
    "PointOfInterest",
    "SportsAndLeisurePlace"
  ],
  "rdfs:comment": {
    "de": [
      "Reitzentrum, das Reitkurse, Boxenvermietung und einen Ponyclub (ab 6 Jahren) anbietet."
    ],
    "en": [
      "Equestrian centre offering riding courses, box rentals and a pony club (from 6 years old)."
    ],
    "it": [
      "Centro ippico che offre corsi di equitazione, noleggio di box e un pony club (a partire dai 6 anni)."
    ],
    "fr": [
      "Centre équestre proposant des stages d'équitation, des locations de boxes et un poney club (à partir de 6 ans)."
    ],
    "nl": [
      "Manege met rijlessen, verhuur van boxen en ponyclub (vanaf 6 jaar)."
    ],
    "es": [
      "Centro ecuestre que ofrece cursos de equitación, alquiler de boxes y un club de ponis (a partir de 6 años)."
    ]
  },
  "rdfs:label": {
    "fr": [
      "Centre équestre la Catounière"
    ]
  },
  "hasBeenCreatedBy": {
    "@id": "https://data.datatourisme.fr/13/8b406655-4730-3dfa-a026-6346bdc1b202",
    "dc:identifier": "1090",
    "schema:email": [
      "claire.maury@cpb-tourisme.fr",
      "david.doctrinal@cpb-tourisme.fr",
      "mr.otpf@gmail.com",
      "thomas.touret@cpb-tourisme.fr"
    ],
    "schema:legalName": "Coulommiers Pays de Brie Tourisme",
    "@type": [
      "schema:Organization",
      "foaf:Agent",
      "Agent"
    ]
  },
  "hasBeenPublishedBy": [
    {
      "@id": "https://data.datatourisme.fr/1db24fc4-b534-39bf-bdaf-152c6f98730e",
      "schema:legalName": "Seine et Marne Attractivité - source : Apidae Tourisme",
      "@type": [
        "schema:Organization",
        "foaf:Agent",
        "Agent"
      ],
      "foaf:homepage": [
        "https://www.apidae-tourisme.com/"
      ]
    }
  ],
  "hasContact": [
    {
      "@id": "https://data.datatourisme.fr/5941fbd7-ed1b-3e48-8551-4725d74ee372",
      "schema:email": [
        "centreequestrelacatouniere@orange.fr"
      ],
      "schema:telephone": [
        "+33 1 60 61 81 13"
      ],
      "@type": [
        "foaf:Agent",
        "Agent"
      ]
    }
  ],
  "hasDescription": [
    {
      "@id": "https://data.datatourisme.fr/b94a0d8d-0970-33cc-88ca-7014ca8d9f0c",
      "@type": [
        "Description"
      ],
      "hasTranslatedProperty": [
        {
          "@id": "https://data.datatourisme.fr/0a7cfece-0c24-36a8-979f-530265d7d250",
          "dc:contributor": [
            "https://api.deepl.com/v2/translate"
          ],
          "rdf:language": [
            "de"
          ],
          "rdf:predicate": [
            "shortDescription"
          ]
        },
        {
          "@id": "https://data.datatourisme.fr/3c1680a3-e888-3f4f-b098-3f90fd7d61b0",
          "dc:contributor": [
            "https://api.deepl.com/v2/translate"
          ],
          "rdf:language": [
            "en"
          ],
          "rdf:predicate": [
            "shortDescription"
          ]
        },
        {
          "@id": "https://data.datatourisme.fr/8775b065-8d34-38f3-9051-f9731b858f84",
          "dc:contributor": [
            "https://api.deepl.com/v2/translate"
          ],
          "rdf:language": [
            "it"
          ],
          "rdf:predicate": [
            "shortDescription"
          ]
        },
        {
          "@id": "https://data.datatourisme.fr/a41b2735-6d7b-3036-a222-7804dd4cb395",
          "dc:contributor": [
            "https://api.deepl.com/v2/translate"
          ],
          "rdf:language": [
            "es"
          ],
          "rdf:predicate": [
            "shortDescription"
          ]
        },
        {
          "@id": "https://data.datatourisme.fr/b7bb5752-f1d7-308d-911b-5a3590b9579e",
          "dc:contributor": [
            "https://api.deepl.com/v2/translate"
          ],
          "rdf:language": [
            "nl"
          ],
          "rdf:predicate": [
            "shortDescription"
          ]
        }
      ],
      "shortDescription": {
        "de": [
          "Reitzentrum, das Reitkurse, Boxenvermietung und einen Ponyclub (ab 6 Jahren) anbietet."
        ],
        "en": [
          "Equestrian centre offering riding courses, box rentals and a pony club (from 6 years old)."
        ],
        "it": [
          "Centro ippico che offre corsi di equitazione, noleggio di box e un pony club (a partire dai 6 anni)."
        ],
        "fr": [
          "Centre équestre proposant des stages d'équitation, des locations de boxes et un poney club (à partir de 6 ans)."
        ],
        "nl": [
          "Manege met rijlessen, verhuur van boxen en ponyclub (vanaf 6 jaar)."
        ],
        "es": [
          "Centro ecuestre que ofrece cursos de equitación, alquiler de boxes y un club de ponis (a partir de 6 años)."
        ]
      }
    }
  ],
  "hasTheme": [
    {
      "@id": "kb:Riding",
      "@type": [
        "SportsTheme"
      ],
      "rdfs:label": {
        "de": [
          "Reiten"
        ],
        "pt": [
          "Equitação"
        ],
        "en": [
          "Riding"
        ],
        "it": [
          "Equitazione"
        ],
        "fr": [
          "Equitation"
        ],
        "nl": [
          "Paardrijden"
        ],
        "es": [
          "Equitación"
        ]
      }
    }
  ],
  "hasTranslatedProperty": [
    {
      "@id": "https://data.datatourisme.fr/1cdb62d4-929b-351f-b7a1-86bf16c0a7b7",
      "dc:contributor": [
        "https://api.deepl.com/v2/translate"
      ],
      "rdf:language": [
        "en"
      ],
      "rdf:predicate": [
        {
          "@id": "rdfs:comment"
        }
      ]
    },
    {
      "@id": "https://data.datatourisme.fr/2c7f5867-5209-398b-a632-0c65ebed6acc",
      "dc:contributor": [
        "https://api.deepl.com/v2/translate"
      ],
      "rdf:language": [
        "nl"
      ],
      "rdf:predicate": [
        {
          "@id": "rdfs:comment"
        }
      ]
    },
    {
      "@id": "https://data.datatourisme.fr/46ff79c7-a74a-344c-aad8-db79a273b340",
      "dc:contributor": [
        "https://api.deepl.com/v2/translate"
      ],
      "rdf:language": [
        "it"
      ],
      "rdf:predicate": [
        {
          "@id": "rdfs:comment"
        }
      ]
    },
    {
      "@id": "https://data.datatourisme.fr/6f8e6e06-3c17-32b3-b74a-3bea743d54f0",
      "dc:contributor": [
        "https://api.deepl.com/v2/translate"
      ],
      "rdf:language": [
        "es"
      ],
      "rdf:predicate": [
        {
          "@id": "rdfs:comment"
        }
      ]
    },
    {
      "@id": "https://data.datatourisme.fr/a5a5742e-2542-3a6b-bc69-1b74f664ff18",
      "dc:contributor": [
        "https://api.deepl.com/v2/translate"
      ],
      "rdf:language": [
        "de"
      ],
      "rdf:predicate": [
        {
          "@id": "rdfs:comment"
        }
      ]
    }
  ],
  "isLocatedAt": [
    {
      "@id": "https://data.datatourisme.fr/d844078f-3258-3a9f-8d1d-fcaf5ea1430b",
      "schema:address": [
        {
          "@id": "https://data.datatourisme.fr/9aaf5580-2a70-35cd-b68e-e72109396df5",
          "schema:addressLocality": "Sancy",
          "schema:postalCode": "77580",
          "schema:streetAddress": [
            "1 rue de l'Eglise"
          ],
          "@type": [
            "schema:PostalAddress",
            "PostalAddress"
          ],
          "hasAddressCity": {
            "@id": "kb:77443",
            "@type": [
              "City"
            ],
            "rdfs:label": {
              "de": [
                "Sancy"
              ],
              "pt": [
                "Sancy"
              ],
              "en": [
                "Sancy"
              ],
              "it": [
                "Sancy"
              ],
              "fr": [
                "Sancy"
              ],
              "nl": [
                "Sancy"
              ],
              "es": [
                "Sancy"
              ]
            },
            "insee": "77443",
            "isPartOfDepartment": {
              "@id": "kb:France1177",
              "@type": [
                "Department"
              ],
              "rdfs:label": {
                "de": [
                  "Seine-et-Marne"
                ],
                "pt": [
                  "Seine-et-Marne"
                ],
                "en": [
                  "Seine-et-Marne"
                ],
                "it": [
                  "Seine-et-Marne"
                ],
                "fr": [
                  "Seine-et-Marne"
                ],
                "nl": [
                  "Seine-et-Marne"
                ],
                "es": [
                  "Seine-et-Marne"
                ]
              },
              "insee": "77",
              "isPartOfRegion": {
                "@id": "kb:France11",
                "@type": [
                  "Region"
                ],
                "rdfs:label": {
                  "de": [
                    "Île-de-France"
                  ],
                  "pt": [
                    "Île-de-France"
                  ],
                  "en": [
                    "Île-de-France"
                  ],
                  "it": [
                    "Île-de-France"
                  ],
                  "fr": [
                    "Île-de-France"
                  ],
                  "nl": [
                    "Île-de-France"
                  ],
                  "es": [
                    "Île-de-France"
                  ]
                },
                "insee": "11",
                "isPartOfCountry": {
                  "@id": "kb:France",
                  "@type": [
                    "schema:Country"
                  ],
                  "rdfs:label": {
                    "de": [
                      "France",
                      "Frankreich"
                    ],
                    "pt": [
                      "França",
                      "France"
                    ],
                    "en": [
                      "France"
                    ],
                    "it": [
                      "France",
                      "Francia"
                    ],
                    "fr": [
                      "France"
                    ],
                    "nl": [
                      "France",
                      "Frankrijk"
                    ],
                    "es": [
                      "France",
                      "Francia"
                    ]
                  }
                }
              }
            }
          }
        }
      ],
      "schema:geo": {
        "@id": "https://data.datatourisme.fr/43f61c05-f95e-376e-b56f-61aee5248f92",
        "schema:latitude": "48.885903",
        "schema:longitude": "2.95741",
        "@type": [
          "schema:GeoCoordinates"
        ]
      },
      "schema:openingHoursSpecification": [
        {
          "@id": "https://data.datatourisme.fr/f87e535a-636d-3343-ad63-8a03392e7511",
          "schema:validFrom": "2023-01-01T00:00:00",
          "schema:validThrough": "2023-12-31T23:59:59",
          "@type": [
            "schema:OpeningHoursSpecification"
          ]
        }
      ],
      "@type": [
        "schema:Place",
        "Place"
      ]
    }
  ],
  "isOwnedBy": [
    {
      "@id": "https://data.datatourisme.fr/72eda36d-0d5f-3c94-bfbb-0340e5d22f78",
      "schema:email": [
        "claire.maury@cpb-tourisme.fr",
        "david.doctrinal@cpb-tourisme.fr"
      ],
      "schema:legalName": "Coulommiers Pays de Brie Tourisme",
      "@type": [
        "schema:Organization",
        "foaf:Agent",
        "Agent"
      ]
    }
  ],
  "lastUpdate": "2023-03-06",
  "lastUpdateDatatourisme": "2023-03-07T06:39:13.404Z"
}