{
  "@id": "https://data.datatourisme.fr/13/013ffb3a-4e38-37e1-b5e6-c6418fe77935",
  "dc:identifier": "4834108",
  "@type": [
    "schema:FoodEstablishment",
    "FoodEstablishment",
    "PlaceOfInterest",
    "PointOfInterest"
  ],
  "rdfs:comment": {
    "de": [
      "LuCy Bistro... ist ein traditionelles Restaurant mit einer einfachen und leckeren Küche."
    ],
    "en": [
      "LUCY BISTRO ... is a traditional restaurant with a simple and greedy cooking."
    ],
    "it": [
      "LuCy Bistro... è un ristorante tradizionale con una cucina semplice e deliziosa."
    ],
    "fr": [
      "LuCy Bistro... est un restaurant traditionnel  avec une cuisine simple et gourmande."
    ],
    "nl": [
      "LuCy Bistro... is een traditioneel restaurant met een eenvoudige en heerlijke keuken."
    ],
    "es": [
      "LuCy Bistro... es un restaurante tradicional con una cocina sencilla y deliciosa."
    ]
  },
  "rdfs:label": {
    "en": [
      "LuCy Bistro"
    ],
    "fr": [
      "Petit Bistrot de Pontoise"
    ]
  },
  "hasBeenCreatedBy": {
    "@id": "https://data.datatourisme.fr/13/bc573864-331a-3e42-a451-1de6f678aa83",
    "dc:identifier": "1626",
    "schema:email": [
      "abernard@ot-cergypontoise.fr",
      "accueil@ot-cergypontoise.fr",
      "cherault@ot-cergypontoise.fr",
      "cpagnoux@ot-cergypontoise.fr",
      "cpratte@ot-cergypontoise.fr",
      "mcassort@ot-cergypontoise.fr",
      "mfrancois@ot-cergypontoise.fr",
      "mroux@ot-cergypontoise.fr",
      "vvergneaux@ot-cergypontoise.fr"
    ],
    "schema:legalName": "Office de Tourisme de Cergy-Pontoise - Porte du Vexin",
    "@type": [
      "schema:Organization",
      "foaf:Agent",
      "Agent"
    ],
    "foaf:homepage": [
      "http://www.ot-cergypontoise.fr/"
    ]
  },
  "hasBeenPublishedBy": [
    {
      "@id": "https://data.datatourisme.fr/8a9feb4b-2cbd-3d2c-b507-bd6c6776b23b",
      "schema:legalName": "Apidae Tourisme Scic SA - source : Apidae Tourisme",
      "@type": [
        "schema:Organization",
        "foaf:Agent",
        "Agent"
      ],
      "foaf:homepage": [
        "https://www.apidae-tourisme.com/"
      ]
    }
  ],
  "hasContact": [
    {
      "@id": "https://data.datatourisme.fr/0ce78c72-42b7-3240-9b08-5fbf428a0ab7",
      "schema:email": [
        "lucybistro@yahoo.com"
      ],
      "schema:telephone": [
        "+33 1 30 75 07 74"
      ],
      "@type": [
        "foaf:Agent",
        "Agent"
      ],
      "foaf:homepage": [
        "http://www.lucybistro.fr/"
      ]
    }
  ],
  "hasDescription": [
    {
      "@id": "https://data.datatourisme.fr/7c18b894-818e-3c9e-a7e8-e1ab966ff8d0",
      "@type": [
        "Description"
      ],
      "hasTranslatedProperty": [
        {
          "@id": "https://data.datatourisme.fr/1cc0edea-0810-3de1-b5f9-1b531f51dc82",
          "dc:contributor": [
            "https://api.deepl.com/v2/translate"
          ],
          "rdf:language": [
            "de"
          ],
          "rdf:predicate": [
            "shortDescription"
          ]
        },
        {
          "@id": "https://data.datatourisme.fr/3760bad1-f00e-31a8-b01d-c7c20aa1dc14",
          "dc:contributor": [
            "https://api.deepl.com/v2/translate"
          ],
          "rdf:language": [
            "nl"
          ],
          "rdf:predicate": [
            "shortDescription"
          ]
        },
        {
          "@id": "https://data.datatourisme.fr/eb1edc54-4e04-3e01-a9d4-04a99f6d66c9",
          "dc:contributor": [
            "https://api.deepl.com/v2/translate"
          ],
          "rdf:language": [
            "it"
          ],
          "rdf:predicate": [
            "shortDescription"
          ]
        },
        {
          "@id": "https://data.datatourisme.fr/fd352b43-04c8-3b2b-a900-4f9268d37734",
          "dc:contributor": [
            "https://api.deepl.com/v2/translate"
          ],
          "rdf:language": [
            "es"
          ],
          "rdf:predicate": [
            "shortDescription"
          ]
        }
      ],
      "shortDescription": {
        "de": [
          "LuCy Bistro... ist ein traditionelles Restaurant mit einer einfachen und leckeren Küche."
        ],
        "en": [
          "LUCY BISTRO ... is a traditional restaurant with a simple and greedy cooking."
        ],
        "it": [
          "LuCy Bistro... è un ristorante tradizionale con una cucina semplice e deliziosa."
        ],
        "fr": [
          "LuCy Bistro... est un restaurant traditionnel  avec une cuisine simple et gourmande."
        ],
        "nl": [
          "LuCy Bistro... is een traditioneel restaurant met een eenvoudige en heerlijke keuken."
        ],
        "es": [
          "LuCy Bistro... es un restaurante tradicional con una cocina sencilla y deliciosa."
        ]
      }
    }
  ],
  "hasTranslatedProperty": [
    {
      "@id": "https://data.datatourisme.fr/185011e4-a96a-392d-895c-0705725e3762",
      "dc:contributor": [
        "https://api.deepl.com/v2/translate"
      ],
      "rdf:language": [
        "nl"
      ],
      "rdf:predicate": [
        {
          "@id": "rdfs:comment"
        }
      ]
    },
    {
      "@id": "https://data.datatourisme.fr/a75dc859-1dc2-372e-a6de-f391f47a36e8",
      "dc:contributor": [
        "https://api.deepl.com/v2/translate"
      ],
      "rdf:language": [
        "de"
      ],
      "rdf:predicate": [
        {
          "@id": "rdfs:comment"
        }
      ]
    },
    {
      "@id": "https://data.datatourisme.fr/ae05026e-f997-3c5b-9961-9d157a53a13d",
      "dc:contributor": [
        "https://api.deepl.com/v2/translate"
      ],
      "rdf:language": [
        "it"
      ],
      "rdf:predicate": [
        {
          "@id": "rdfs:comment"
        }
      ]
    },
    {
      "@id": "https://data.datatourisme.fr/ecae6805-c814-3c76-9546-53992c795ce9",
      "dc:contributor": [
        "https://api.deepl.com/v2/translate"
      ],
      "rdf:language": [
        "es"
      ],
      "rdf:predicate": [
        {
          "@id": "rdfs:comment"
        }
      ]
    }
  ],
  "isLocatedAt": [
    {
      "@id": "https://data.datatourisme.fr/36191265-0ae6-3ed2-b54d-4c5d5154ef15",
      "schema:address": [
        {
          "@id": "https://data.datatourisme.fr/1e84126a-ff4d-3d8f-b7bf-69ab8a6b7099",
          "schema:addressLocality": "Pontoise",
          "schema:postalCode": "95300",
          "schema:streetAddress": [
            "18 Rue de Gisors"
          ],
          "@type": [
            "schema:PostalAddress",
            "PostalAddress"
          ],
          "hasAddressCity": {
            "@id": "kb:95500",
            "@type": [
              "City"
            ],
            "rdfs:label": {
              "de": [
                "Pontoise"
              ],
              "pt": [
                "Pontoise"
              ],
              "en": [
                "Pontoise"
              ],
              "it": [
                "Pontoise"
              ],
              "fr": [
                "Pontoise"
              ],
              "nl": [
                "Pontoise"
              ],
              "es": [
                "Pontoise"
              ]
            },
            "insee": "95500",
            "isPartOfDepartment": {
              "@id": "kb:France1195",
              "@type": [
                "Department"
              ],
              "rdfs:label": {
                "de": [
                  "Val-d'Oise"
                ],
                "pt": [
                  "Val-d'Oise"
                ],
                "en": [
                  "Val-d'Oise"
                ],
                "it": [
                  "Val-d'Oise"
                ],
                "fr": [
                  "Val-d'Oise"
                ],
                "nl": [
                  "Val-d'Oise"
                ],
                "es": [
                  "Val-d'Oise"
                ]
              },
              "insee": "95",
              "isPartOfRegion": {
                "@id": "kb:France11",
                "@type": [
                  "Region"
                ],
                "rdfs:label": {
                  "de": [
                    "Île-de-France"
                  ],
                  "pt": [
                    "Île-de-France"
                  ],
                  "en": [
                    "Île-de-France"
                  ],
                  "it": [
                    "Île-de-France"
                  ],
                  "fr": [
                    "Île-de-France"
                  ],
                  "nl": [
                    "Île-de-France"
                  ],
                  "es": [
                    "Île-de-France"
                  ]
                },
                "insee": "11",
                "isPartOfCountry": {
                  "@id": "kb:France",
                  "@type": [
                    "schema:Country"
                  ],
                  "rdfs:label": {
                    "de": [
                      "France",
                      "Frankreich"
                    ],
                    "pt": [
                      "França",
                      "France"
                    ],
                    "en": [
                      "France"
                    ],
                    "it": [
                      "France",
                      "Francia"
                    ],
                    "fr": [
                      "France"
                    ],
                    "nl": [
                      "France",
                      "Frankrijk"
                    ],
                    "es": [
                      "France",
                      "Francia"
                    ]
                  }
                }
              }
            }
          }
        }
      ],
      "schema:geo": {
        "@id": "https://data.datatourisme.fr/bec357bd-6fc8-3842-825e-0986f4cd2216",
        "schema:latitude": "49.051964",
        "schema:longitude": "2.096792",
        "@type": [
          "schema:GeoCoordinates"
        ]
      },
      "schema:openingHoursSpecification": [
        {
          "@id": "https://data.datatourisme.fr/caae7cdb-e806-3205-9dc7-2ab558fcdaa6",
          "schema:validFrom": "2023-01-01T00:00:00",
          "schema:validThrough": "2023-12-31T23:59:59",
          "@type": [
            "schema:OpeningHoursSpecification"
          ],
          "additionalInformation": {
            "de": [
              "Montag: Geschlossen\r\nDienstag: 19.00 bis 22.00 Uhr\r\nMittwoch: 19.00 bis 22.00 Uhr\r\nDonnerstag: 19.00 bis 22.00 Uhr\r\nFreitag: 19.00 bis 22.00 Uhr\r\nSamstag: 19.00 bis 22.00 Uhr\r\nSonntag: 12.00 bis 13.00 Uhr\r\n\r\nEs besteht die Möglichkeit, die Einrichtung zu privatisieren."
            ],
            "en": [
              "Monday : Closed\r\nTuesday : 7pm to 10pm\r\nWednesday: 7:00 pm to 10:00 pm\r\nThursday: 7:00 pm to 10:00 pm\r\nFriday: 7:00 pm to 10:00 pm\r\nSaturday : 7:00 pm to 10:00 pm\r\nSunday: 12:00 pm to 1:00 pm\r\n\r\nPossibility of privatizing the establishment."
            ],
            "it": [
              "Lunedì: Chiuso\r\nMartedì: dalle 19.00 alle 22.00\r\nMercoledì: dalle 19.00 alle 22.00\r\nGiovedì: dalle 19.00 alle 22.00\r\nVenerdì: dalle 19.00 alle 22.00\r\nSabato: dalle 19.00 alle 22.00\r\nDomenica: dalle 12:00 alle 13:00\r\n\r\nPossibilità di privatizzare lo stabilimento."
            ],
            "fr": [
              "Lundi : Fermé\r\nMardi : 19h00 à 22h00\r\nMercredi : 19h00 à 22h00\r\nJeudi : 19h00 à 22h00\r\nVendredi : 19h00 à 22h00\r\nSamedi : 19h00 à 22h00\r\nDimanche : 12h00 à 13h00\r\n\r\nPossibilité de privatiser l'établissement."
            ],
            "nl": [
              "Maandag: Gesloten\r\nDinsdag: 19.00 tot 22.00 uur\r\nWoensdag: 19.00 tot 22.00 uur\r\nDonderdag: 19u tot 22u\r\nVrijdag: 19u tot 22u\r\nZaterdag: 19u tot 22u\r\nZondag: 12:00 tot 13:00\r\n\r\nMogelijkheid om de vestiging te privatiseren."
            ],
            "es": [
              "Lunes: Cerrado\r\nMartes: de 19 a 22 horas\r\nMiércoles: de 19 a 22 horas\r\nJueves: de 19 a 22 horas\r\nViernes: de 19 a 22 horas\r\nSábado: de 19 a 22 horas\r\nDomingo: de 12:00 a 13:00\r\n\r\nPosibilidad de privatizar el establecimiento."
            ]
          },
          "hasTranslatedProperty": [
            {
              "@id": "https://data.datatourisme.fr/451c88a7-fdd3-3210-98ce-96b2a64ecbc3",
              "dc:contributor": [
                "https://api.deepl.com/v2/translate"
              ],
              "rdf:language": [
                "de"
              ],
              "rdf:predicate": [
                "additionalInformation"
              ]
            },
            {
              "@id": "https://data.datatourisme.fr/86bb960a-21ba-367d-8304-2a33a01f8f5f",
              "dc:contributor": [
                "https://api.deepl.com/v2/translate"
              ],
              "rdf:language": [
                "es"
              ],
              "rdf:predicate": [
                "additionalInformation"
              ]
            },
            {
              "@id": "https://data.datatourisme.fr/a0ed2efc-78f8-3c21-944a-8e31f2f004c2",
              "dc:contributor": [
                "https://api.deepl.com/v2/translate"
              ],
              "rdf:language": [
                "it"
              ],
              "rdf:predicate": [
                "additionalInformation"
              ]
            },
            {
              "@id": "https://data.datatourisme.fr/e9e081a8-04d6-3a10-bbd7-e4a46934448a",
              "dc:contributor": [
                "https://api.deepl.com/v2/translate"
              ],
              "rdf:language": [
                "en"
              ],
              "rdf:predicate": [
                "additionalInformation"
              ]
            },
            {
              "@id": "https://data.datatourisme.fr/fc30a33a-38aa-3bb9-8a0a-2fb6319b2da4",
              "dc:contributor": [
                "https://api.deepl.com/v2/translate"
              ],
              "rdf:language": [
                "nl"
              ],
              "rdf:predicate": [
                "additionalInformation"
              ]
            }
          ]
        }
      ],
      "@type": [
        "schema:Place",
        "Place"
      ]
    }
  ],
  "isOwnedBy": [
    {
      "@id": "https://data.datatourisme.fr/38525452-e91f-39bb-947a-49cf6c966b75",
      "schema:email": [
        "abernard@ot-cergypontoise.fr",
        "accueil@ot-cergypontoise.fr",
        "cherault@ot-cergypontoise.fr",
        "cpagnoux@ot-cergypontoise.fr",
        "cpratte@ot-cergypontoise.fr",
        "mcassort@ot-cergypontoise.fr",
        "mfrancois@ot-cergypontoise.fr",
        "mroux@ot-cergypontoise.fr",
        "vvergneaux@ot-cergypontoise.fr"
      ],
      "schema:legalName": "Office de Tourisme de Cergy-Pontoise - Porte du Vexin",
      "@type": [
        "schema:Organization",
        "foaf:Agent",
        "Agent"
      ],
      "foaf:homepage": [
        "http://www.ot-cergypontoise.fr/"
      ]
    }
  ],
  "lastUpdate": "2022-06-16",
  "lastUpdateDatatourisme": "2023-05-30T05:49:20.403Z",
  "offers": [
    {
      "@id": "https://data.datatourisme.fr/b01b76a3-a5c2-3d7b-a6e3-c21d27f25796",
      "schema:priceSpecification": [
        {
          "@id": "https://data.datatourisme.fr/46a76780-3d5c-35cf-8679-f800154f72e0",
          "schema:maxPrice": [
            "20"
          ],
          "schema:minPrice": [
            "10",
            "16"
          ],
          "schema:priceCurrency": "EUR",
          "@type": [
            "schema:PriceSpecification",
            "PriceSpecification"
          ],
          "appliesOnPeriod": [
            {
              "@id": "https://data.datatourisme.fr/7410be00-ef25-3af2-bd96-7819d148586f",
              "@type": [
                "Period"
              ],
              "endDate": "2021-12-31",
              "startDate": "2021-01-01"
            }
          ]
        }
      ],
      "@type": [
        "schema:Offer",
        "Offer"
      ]
    }
  ]
}