{
  "@id": "https://data.datatourisme.fr/13/0110b1ff-db38-39c1-85fc-bae7e142a355",
  "dc:identifier": "894740",
  "@type": [
    "schema:FoodEstablishment",
    "FoodEstablishment",
    "PlaceOfInterest",
    "PointOfInterest"
  ],
  "rdfs:comment": {
    "de": [
      "Eleganter Rahmen, raffinierte Küche und herzlicher Empfang."
    ],
    "en": [
      "Elegant setting, fine cuisine and a warm welcome."
    ],
    "it": [
      "Ambiente elegante, cucina raffinata e accoglienza calorosa."
    ],
    "fr": [
      "Cadre élégant, cuisine raffinée et accueil chaleureux."
    ],
    "es": [
      "Un entorno elegante, una cocina refinada y una cálida acogida."
    ],
    "nl": [
      "Elegante omgeving, verfijnde keuken en een warm welkom."
    ]
  },
  "rdfs:label": {
    "de": [
      "Restaurant Hong Kong Palace"
    ],
    "ru": [
      "Restaurant Hong Kong Palace"
    ],
    "en": [
      "Restaurant Hong Kong Palace"
    ],
    "it": [
      "Restaurant Hong Kong Palace"
    ],
    "fr": [
      "Restaurant Hong Kong Palace"
    ],
    "zh": [
      "Restaurant Hong Kong Palace"
    ],
    "nl": [
      "Restaurant Hong Kong Palace"
    ],
    "es": [
      "Restaurant Hong Kong Palace"
    ]
  },
  "hasBeenCreatedBy": {
    "@id": "https://data.datatourisme.fr/13/c6036a69-be21-3b66-8499-b75718a3ef24",
    "dc:identifier": "1120",
    "schema:email": [
      "groupes@rueil-tourisme.com",
      "ot@rueil-tourisme.com",
      "servicegroupes@rueil-tourisme.com"
    ],
    "schema:legalName": "Office de Tourisme de Rueil-Malmaison",
    "@type": [
      "schema:Organization",
      "foaf:Agent",
      "Agent"
    ],
    "foaf:homepage": [
      "https://www.rueil-tourisme.com/fr"
    ]
  },
  "hasBeenPublishedBy": [
    {
      "@id": "https://data.datatourisme.fr/8a9feb4b-2cbd-3d2c-b507-bd6c6776b23b",
      "schema:legalName": "Apidae Tourisme Scic SA - source : Apidae Tourisme",
      "@type": [
        "schema:Organization",
        "foaf:Agent",
        "Agent"
      ],
      "foaf:homepage": [
        "https://www.apidae-tourisme.com/"
      ]
    }
  ],
  "hasContact": [
    {
      "@id": "https://data.datatourisme.fr/9aa59f2f-44c6-3c87-a53b-c310efbff691",
      "schema:telephone": [
        "+33 1 47 77 04 00",
        "+33 6 82 37 11 02"
      ],
      "@type": [
        "foaf:Agent",
        "Agent"
      ]
    }
  ],
  "hasDescription": [
    {
      "@id": "https://data.datatourisme.fr/1259cf0a-f9d6-3ef1-9c53-1d68ab692ed3",
      "@type": [
        "Description"
      ],
      "hasTranslatedProperty": [
        {
          "@id": "https://data.datatourisme.fr/54d7699e-151b-3cf9-b658-1b848f6ba000",
          "dc:contributor": [
            "https://api.deepl.com/v2/translate"
          ],
          "rdf:language": [
            "it"
          ],
          "rdf:predicate": [
            "shortDescription"
          ]
        },
        {
          "@id": "https://data.datatourisme.fr/60288d13-0d10-3cd2-83e4-45497a3a3356",
          "dc:contributor": [
            "https://api.deepl.com/v2/translate"
          ],
          "rdf:language": [
            "de"
          ],
          "rdf:predicate": [
            "shortDescription"
          ]
        },
        {
          "@id": "https://data.datatourisme.fr/8c2d1bbf-3baa-3c4c-83c0-43c7d742ce43",
          "dc:contributor": [
            "https://api.deepl.com/v2/translate"
          ],
          "rdf:language": [
            "es"
          ],
          "rdf:predicate": [
            "shortDescription"
          ]
        },
        {
          "@id": "https://data.datatourisme.fr/a8159fbc-56fd-3e1f-a86d-7d2b2f1a7c7e",
          "dc:contributor": [
            "https://api.deepl.com/v2/translate"
          ],
          "rdf:language": [
            "nl"
          ],
          "rdf:predicate": [
            "shortDescription"
          ]
        }
      ],
      "shortDescription": {
        "de": [
          "Eleganter Rahmen, raffinierte Küche und herzlicher Empfang."
        ],
        "en": [
          "Elegant setting, fine cuisine and a warm welcome."
        ],
        "it": [
          "Ambiente elegante, cucina raffinata e accoglienza calorosa."
        ],
        "fr": [
          "Cadre élégant, cuisine raffinée et accueil chaleureux."
        ],
        "es": [
          "Un entorno elegante, una cocina refinada y una cálida acogida."
        ],
        "nl": [
          "Elegante omgeving, verfijnde keuken en een warm welkom."
        ]
      }
    }
  ],
  "hasTranslatedProperty": [
    {
      "@id": "https://data.datatourisme.fr/00624e2d-6d15-35d3-bd19-a9329b6717ae",
      "dc:contributor": [
        "https://api.deepl.com/v2/translate"
      ],
      "rdf:language": [
        "de"
      ],
      "rdf:predicate": [
        {
          "@id": "rdfs:comment"
        }
      ]
    },
    {
      "@id": "https://data.datatourisme.fr/4c74a8c3-b553-3116-b629-c10046d8c387",
      "dc:contributor": [
        "https://api.deepl.com/v2/translate"
      ],
      "rdf:language": [
        "nl"
      ],
      "rdf:predicate": [
        {
          "@id": "rdfs:comment"
        }
      ]
    },
    {
      "@id": "https://data.datatourisme.fr/bd8e87e4-8371-376e-8507-6bccba4ea138",
      "dc:contributor": [
        "https://api.deepl.com/v2/translate"
      ],
      "rdf:language": [
        "it"
      ],
      "rdf:predicate": [
        {
          "@id": "rdfs:comment"
        }
      ]
    },
    {
      "@id": "https://data.datatourisme.fr/ebcb53b3-ff0a-3348-a5f5-b357a7d0ac51",
      "dc:contributor": [
        "https://api.deepl.com/v2/translate"
      ],
      "rdf:language": [
        "es"
      ],
      "rdf:predicate": [
        {
          "@id": "rdfs:comment"
        }
      ]
    }
  ],
  "isLocatedAt": [
    {
      "@id": "https://data.datatourisme.fr/6a146097-4ebd-3a3e-a705-a6384c8fe9d8",
      "schema:address": [
        {
          "@id": "https://data.datatourisme.fr/cf269485-67fe-31b8-b1d3-ab0f90720e79",
          "schema:addressLocality": "Rueil-Malmaison",
          "schema:postalCode": "92500",
          "schema:streetAddress": [
            "1 rue du Bel-Air"
          ],
          "@type": [
            "schema:PostalAddress",
            "PostalAddress"
          ],
          "hasAddressCity": {
            "@id": "kb:92063",
            "@type": [
              "City"
            ],
            "rdfs:label": {
              "de": [
                "Rueil-Malmaison"
              ],
              "pt": [
                "Rueil-Malmaison"
              ],
              "en": [
                "Rueil-Malmaison"
              ],
              "it": [
                "Rueil-Malmaison"
              ],
              "fr": [
                "Rueil-Malmaison"
              ],
              "nl": [
                "Rueil-Malmaison"
              ],
              "es": [
                "Rueil-Malmaison"
              ]
            },
            "insee": "92063",
            "isPartOfDepartment": {
              "@id": "kb:France1192",
              "@type": [
                "Department"
              ],
              "rdfs:label": {
                "de": [
                  "Hauts-de-Seine"
                ],
                "pt": [
                  "Hauts-de-Seine"
                ],
                "en": [
                  "Hauts-de-Seine"
                ],
                "it": [
                  "Hauts-de-Seine"
                ],
                "fr": [
                  "Hauts-de-Seine"
                ],
                "nl": [
                  "Hauts-de-Seine"
                ],
                "es": [
                  "Hauts-de-Seine"
                ]
              },
              "insee": "92",
              "isPartOfRegion": {
                "@id": "kb:France11",
                "@type": [
                  "Region"
                ],
                "rdfs:label": {
                  "de": [
                    "Île-de-France"
                  ],
                  "pt": [
                    "Île-de-France"
                  ],
                  "en": [
                    "Île-de-France"
                  ],
                  "it": [
                    "Île-de-France"
                  ],
                  "fr": [
                    "Île-de-France"
                  ],
                  "nl": [
                    "Île-de-France"
                  ],
                  "es": [
                    "Île-de-France"
                  ]
                },
                "insee": "11",
                "isPartOfCountry": {
                  "@id": "kb:France",
                  "@type": [
                    "schema:Country"
                  ],
                  "rdfs:label": {
                    "de": [
                      "France",
                      "Frankreich"
                    ],
                    "pt": [
                      "França",
                      "France"
                    ],
                    "en": [
                      "France"
                    ],
                    "it": [
                      "France",
                      "Francia"
                    ],
                    "fr": [
                      "France"
                    ],
                    "nl": [
                      "France",
                      "Frankrijk"
                    ],
                    "es": [
                      "France",
                      "Francia"
                    ]
                  }
                }
              }
            }
          }
        }
      ],
      "schema:geo": {
        "@id": "https://data.datatourisme.fr/32cd49dc-4470-3a9f-a33b-e2975c78b91d",
        "schema:latitude": "48.879636",
        "schema:longitude": "2.183997",
        "@type": [
          "schema:GeoCoordinates"
        ]
      },
      "schema:openingHoursSpecification": [
        {
          "@id": "https://data.datatourisme.fr/f87e535a-636d-3343-ad63-8a03392e7511",
          "schema:validFrom": "2023-01-01T00:00:00",
          "schema:validThrough": "2023-12-31T23:59:59",
          "@type": [
            "schema:OpeningHoursSpecification"
          ]
        }
      ],
      "@type": [
        "schema:Place",
        "Place"
      ]
    }
  ],
  "isOwnedBy": [
    {
      "@id": "https://data.datatourisme.fr/411e06c7-c380-31e2-9a2e-bca47ac7011f",
      "schema:email": [
        "ot@rueil-tourisme.com",
        "servicegroupes@rueil-tourisme.com"
      ],
      "schema:legalName": "Office de Tourisme de Rueil-Malmaison",
      "@type": [
        "schema:Organization",
        "foaf:Agent",
        "Agent"
      ],
      "foaf:homepage": [
        "https://www.rueil-tourisme.com/fr"
      ]
    }
  ],
  "lastUpdate": "2020-09-29",
  "lastUpdateDatatourisme": "2023-05-30T05:49:20.364Z",
  "offers": [
    {
      "@id": "https://data.datatourisme.fr/3c928e5a-c5a7-3f53-b80f-335f3f3880d5",
      "schema:priceSpecification": [
        {
          "@id": "https://data.datatourisme.fr/4b5fb60c-69c5-3322-bdfe-0c2726811609",
          "schema:maxPrice": [
            "25",
            "30"
          ],
          "schema:minPrice": [
            "10",
            "20"
          ],
          "schema:priceCurrency": "EUR",
          "@type": [
            "schema:PriceSpecification",
            "PriceSpecification"
          ],
          "appliesOnPeriod": [
            {
              "@id": "https://data.datatourisme.fr/5714d2b4-e37d-3b81-a7fb-3e46a0efbefb",
              "@type": [
                "Period"
              ],
              "endDate": "2020-12-31",
              "startDate": "2020-01-01"
            }
          ]
        }
      ],
      "@type": [
        "schema:Offer",
        "Offer"
      ]
    }
  ]
}