{
  "@id": "https://data.datatourisme.fr/13/01322bf9-812c-32a1-aeba-bb0be28eecfc",
  "dc:identifier": "5704120",
  "@type": [
    "schema:FoodEstablishment",
    "FoodEstablishment",
    "PlaceOfInterest",
    "PointOfInterest"
  ],
  "rdfs:comment": {
    "de": [
      "Part de Folie ist ein Restaurant, eine Cocktailbar und eine Tapas-Bar im Château Lamazière in Cormeilles-en-Parisis. Unsere Speisekarte wurde von unseren Küchenchefs zusammengestellt, immer mit dem Ziel vor Augen, Sie zu überraschen."
    ],
    "en": [
      "Part de Folie is a restaurant, cocktail bar, tapas bar located at the Lamazière castle in Cormeilles-en-Parisis. Our menu has been elaborated by our chefs keeping in mind the idea of surprising you."
    ],
    "it": [
      "Part de Folie è un ristorante, cocktail bar e tapas bar situato nel castello di Lamazière a Cormeilles-en-Parisis. Il nostro menu è stato elaborato dai nostri chef con l'idea di sorprendervi."
    ],
    "fr": [
      "Part de Folie est un restaurant, bar à cocktails, bar à tapas situé au château Lamazière de Cormeilles-en-Parisis. Notre carte a été élaborée par nos chefs en gardant en tête l'idée de vous surprendre."
    ],
    "nl": [
      "Part de Folie is een restaurant, cocktailbar en tapasbar in het kasteel Lamazière in Cormeilles-en-Parisis. Ons menu is uitgewerkt door onze koks met het idee u te verrassen."
    ],
    "es": [
      "Part de Folie es un restaurante, bar de cócteles y bar de tapas situado en el castillo de Lamazière, en Cormeilles-en-Parisis. Nuestro menú ha sido elaborado por nuestros chefs con la idea de sorprenderle."
    ]
  },
  "rdfs:label": {
    "fr": [
      "Part de Folie"
    ]
  },
  "hasBeenCreatedBy": {
    "@id": "https://data.datatourisme.fr/13/2056d8c1-dec3-312c-bce6-46b348d189d1",
    "dc:identifier": "2183",
    "schema:email": [
      "tourisme@valparisis.fr"
    ],
    "schema:legalName": "Communauté d'agglomération Val Parisis",
    "@type": [
      "schema:Organization",
      "foaf:Agent",
      "Agent"
    ],
    "foaf:homepage": [
      "https://www.valparisis.fr/"
    ]
  },
  "hasBeenPublishedBy": [
    {
      "@id": "https://data.datatourisme.fr/8a9feb4b-2cbd-3d2c-b507-bd6c6776b23b",
      "schema:legalName": "Apidae Tourisme Scic SA - source : Apidae Tourisme",
      "@type": [
        "schema:Organization",
        "foaf:Agent",
        "Agent"
      ],
      "foaf:homepage": [
        "https://www.apidae-tourisme.com/"
      ]
    }
  ],
  "hasContact": [
    {
      "@id": "https://data.datatourisme.fr/6f281646-86be-388a-863e-d34b45904140",
      "schema:telephone": [
        "+33 1 71 67 45 91"
      ],
      "@type": [
        "foaf:Agent",
        "Agent"
      ],
      "foaf:homepage": [
        "https://www.partdefolie.fr/"
      ]
    }
  ],
  "hasDescription": [
    {
      "@id": "https://data.datatourisme.fr/268982c5-4395-3caf-ae26-c8bbfc86a37e",
      "@type": [
        "Description"
      ],
      "hasTranslatedProperty": [
        {
          "@id": "https://data.datatourisme.fr/0aee3e01-bab4-39b7-9d91-7a0c6cab84d8",
          "dc:contributor": [
            "https://api.deepl.com/v2/translate"
          ],
          "rdf:language": [
            "it"
          ],
          "rdf:predicate": [
            "shortDescription"
          ]
        },
        {
          "@id": "https://data.datatourisme.fr/51bea443-70c1-3a03-bcdc-d70f57719e78",
          "dc:contributor": [
            "https://api.deepl.com/v2/translate"
          ],
          "rdf:language": [
            "de"
          ],
          "rdf:predicate": [
            "shortDescription"
          ]
        },
        {
          "@id": "https://data.datatourisme.fr/7b954d62-0967-38e4-882c-19e22d4a0a1e",
          "dc:contributor": [
            "https://api.deepl.com/v2/translate"
          ],
          "rdf:language": [
            "nl"
          ],
          "rdf:predicate": [
            "shortDescription"
          ]
        },
        {
          "@id": "https://data.datatourisme.fr/e5e4cece-20de-3250-a006-cb08a53388da",
          "dc:contributor": [
            "https://api.deepl.com/v2/translate"
          ],
          "rdf:language": [
            "en"
          ],
          "rdf:predicate": [
            "shortDescription"
          ]
        },
        {
          "@id": "https://data.datatourisme.fr/f599370c-e222-3f30-937a-aa12f49a3660",
          "dc:contributor": [
            "https://api.deepl.com/v2/translate"
          ],
          "rdf:language": [
            "es"
          ],
          "rdf:predicate": [
            "shortDescription"
          ]
        }
      ],
      "shortDescription": {
        "de": [
          "Part de Folie ist ein Restaurant, eine Cocktailbar und eine Tapas-Bar im Château Lamazière in Cormeilles-en-Parisis. Unsere Speisekarte wurde von unseren Küchenchefs zusammengestellt, immer mit dem Ziel vor Augen, Sie zu überraschen."
        ],
        "en": [
          "Part de Folie is a restaurant, cocktail bar, tapas bar located at the Lamazière castle in Cormeilles-en-Parisis. Our menu has been elaborated by our chefs keeping in mind the idea of surprising you."
        ],
        "it": [
          "Part de Folie è un ristorante, cocktail bar e tapas bar situato nel castello di Lamazière a Cormeilles-en-Parisis. Il nostro menu è stato elaborato dai nostri chef con l'idea di sorprendervi."
        ],
        "fr": [
          "Part de Folie est un restaurant, bar à cocktails, bar à tapas situé au château Lamazière de Cormeilles-en-Parisis. Notre carte a été élaborée par nos chefs en gardant en tête l'idée de vous surprendre."
        ],
        "nl": [
          "Part de Folie is een restaurant, cocktailbar en tapasbar in het kasteel Lamazière in Cormeilles-en-Parisis. Ons menu is uitgewerkt door onze koks met het idee u te verrassen."
        ],
        "es": [
          "Part de Folie es un restaurante, bar de cócteles y bar de tapas situado en el castillo de Lamazière, en Cormeilles-en-Parisis. Nuestro menú ha sido elaborado por nuestros chefs con la idea de sorprenderle."
        ]
      }
    }
  ],
  "hasTheme": [
    {
      "@id": "kb:MediterraneanCuisine",
      "@type": [
        "CuisineCategory"
      ],
      "rdfs:label": {
        "de": [
          "Mediterrane Küche"
        ],
        "pt": [
          "Cozinha mediterrânica"
        ],
        "en": [
          "Mediterranean cuisine"
        ],
        "it": [
          "Cucina mediterranea"
        ],
        "fr": [
          "Cuisine méditerranéenne"
        ],
        "nl": [
          "Mediterrane keuken"
        ],
        "es": [
          "Cocina mediterránea"
        ]
      }
    }
  ],
  "hasTranslatedProperty": [
    {
      "@id": "https://data.datatourisme.fr/34f5900f-d61f-3965-9807-ca85e6f356a1",
      "dc:contributor": [
        "https://api.deepl.com/v2/translate"
      ],
      "rdf:language": [
        "en"
      ],
      "rdf:predicate": [
        {
          "@id": "rdfs:comment"
        }
      ]
    },
    {
      "@id": "https://data.datatourisme.fr/5381f9bc-cf4c-3361-8c34-9e80efbef22e",
      "dc:contributor": [
        "https://api.deepl.com/v2/translate"
      ],
      "rdf:language": [
        "es"
      ],
      "rdf:predicate": [
        {
          "@id": "rdfs:comment"
        }
      ]
    },
    {
      "@id": "https://data.datatourisme.fr/78a8ef46-89a2-3725-9e3c-c9c2ec3f879b",
      "dc:contributor": [
        "https://api.deepl.com/v2/translate"
      ],
      "rdf:language": [
        "it"
      ],
      "rdf:predicate": [
        {
          "@id": "rdfs:comment"
        }
      ]
    },
    {
      "@id": "https://data.datatourisme.fr/df8ad6b9-3f12-3ab2-a813-28bef29238ea",
      "dc:contributor": [
        "https://api.deepl.com/v2/translate"
      ],
      "rdf:language": [
        "nl"
      ],
      "rdf:predicate": [
        {
          "@id": "rdfs:comment"
        }
      ]
    },
    {
      "@id": "https://data.datatourisme.fr/eecdd56b-153f-3383-8233-841def4f3425",
      "dc:contributor": [
        "https://api.deepl.com/v2/translate"
      ],
      "rdf:language": [
        "de"
      ],
      "rdf:predicate": [
        {
          "@id": "rdfs:comment"
        }
      ]
    }
  ],
  "isLocatedAt": [
    {
      "@id": "https://data.datatourisme.fr/2ef3cf2e-4f73-39b2-8def-375e8624b0e3",
      "schema:address": [
        {
          "@id": "https://data.datatourisme.fr/903e663d-e4f3-34ff-b1bf-9ad512837047",
          "schema:addressLocality": "Cormeilles-en-Parisis",
          "schema:postalCode": "95240",
          "schema:streetAddress": [
            "5 avenue Maurice Berteaux - Château Lamazière"
          ],
          "@type": [
            "schema:PostalAddress",
            "PostalAddress"
          ],
          "hasAddressCity": {
            "@id": "kb:95176",
            "@type": [
              "City"
            ],
            "rdfs:label": {
              "de": [
                "Cormeilles-en-Parisis"
              ],
              "pt": [
                "Cormeilles-en-Parisis"
              ],
              "en": [
                "Cormeilles-en-Parisis"
              ],
              "it": [
                "Cormeilles-en-Parisis"
              ],
              "fr": [
                "Cormeilles-en-Parisis"
              ],
              "nl": [
                "Cormeilles-en-Parisis"
              ],
              "es": [
                "Cormeilles-en-Parisis"
              ]
            },
            "insee": "95176",
            "isPartOfDepartment": {
              "@id": "kb:France1195",
              "@type": [
                "Department"
              ],
              "rdfs:label": {
                "de": [
                  "Val-d'Oise"
                ],
                "pt": [
                  "Val-d'Oise"
                ],
                "en": [
                  "Val-d'Oise"
                ],
                "it": [
                  "Val-d'Oise"
                ],
                "fr": [
                  "Val-d'Oise"
                ],
                "nl": [
                  "Val-d'Oise"
                ],
                "es": [
                  "Val-d'Oise"
                ]
              },
              "insee": "95",
              "isPartOfRegion": {
                "@id": "kb:France11",
                "@type": [
                  "Region"
                ],
                "rdfs:label": {
                  "de": [
                    "Île-de-France"
                  ],
                  "pt": [
                    "Île-de-France"
                  ],
                  "en": [
                    "Île-de-France"
                  ],
                  "it": [
                    "Île-de-France"
                  ],
                  "fr": [
                    "Île-de-France"
                  ],
                  "nl": [
                    "Île-de-France"
                  ],
                  "es": [
                    "Île-de-France"
                  ]
                },
                "insee": "11",
                "isPartOfCountry": {
                  "@id": "kb:France",
                  "@type": [
                    "schema:Country"
                  ],
                  "rdfs:label": {
                    "de": [
                      "France",
                      "Frankreich"
                    ],
                    "pt": [
                      "França",
                      "France"
                    ],
                    "en": [
                      "France"
                    ],
                    "it": [
                      "France",
                      "Francia"
                    ],
                    "fr": [
                      "France"
                    ],
                    "nl": [
                      "France",
                      "Frankrijk"
                    ],
                    "es": [
                      "France",
                      "Francia"
                    ]
                  }
                }
              }
            }
          }
        }
      ],
      "schema:geo": {
        "@id": "https://data.datatourisme.fr/5028c230-a47a-38bd-8ed8-354564646aa0",
        "schema:latitude": "48.976243",
        "schema:longitude": "2.199993",
        "@type": [
          "schema:GeoCoordinates"
        ]
      },
      "schema:openingHoursSpecification": [
        {
          "@id": "https://data.datatourisme.fr/02c52023-da30-326e-8772-a2211654d4dc",
          "schema:validFrom": "2023-01-01T00:00:00",
          "schema:validThrough": "2023-12-31T23:59:59",
          "@type": [
            "schema:OpeningHoursSpecification"
          ],
          "additionalInformation": {
            "de": [
              "Dienstag - Donnerstag: 12:00 - 14:30 Uhr und dann von 19:30 - 22:30 Uhr.\r\nFreitag - Samstag: 12:00 - 14:30 Uhr und dann von 19:30 - 01:00 Uhr.\r\nSonntag (Brunch): 12:00 - 16:00."
            ],
            "en": [
              "Tuesday - Thursday: 12:00 - 14:30 and then from 19:30 - 22:30.\r\nFriday - Saturday : 12:00 - 14:30 then from 19:30 - 01:00.\r\nSunday (brunch): 12:00 - 16:00."
            ],
            "it": [
              "Martedì - giovedì: 12:00 - 14:30 e 19:30 - 22:30.\r\nVenerdì - sabato: 12:00 - 14:30 e 19:30 - 01:00.\r\nDomenica (brunch): 12:00 - 16:00."
            ],
            "fr": [
              "Mardi - Jeudi : 12:00 - 14:30 puis de 19:30 - 22:30.\r\nVendredi - Samedi : 12:00 - 14:30 puis de 19:30 - 01:00.\r\nDimanche (brunch) : 12:00 - 16:00."
            ],
            "es": [
              "Martes - Jueves: 12:00 - 14:30 y luego 19:30 - 22:30.\r\nViernes - sábado: 12:00 - 14:30 y luego 19:30 - 01:00.\r\nDomingo (brunch): 12:00 - 16:00."
            ],
            "nl": [
              "Dinsdag - donderdag: 12:00 - 14:30 uur en dan 19:30 - 22:30 uur.\r\nVrijdag - zaterdag: 12:00 - 14:30 dan 19:30 - 01:00.\r\nZondag (brunch): 12:00 - 16:00 uur."
            ]
          },
          "hasTranslatedProperty": [
            {
              "@id": "https://data.datatourisme.fr/3bbd6145-78ec-392b-b57d-13c35e70ea4d",
              "dc:contributor": [
                "https://api.deepl.com/v2/translate"
              ],
              "rdf:language": [
                "es"
              ],
              "rdf:predicate": [
                "additionalInformation"
              ]
            },
            {
              "@id": "https://data.datatourisme.fr/9f7c7ef9-c9ea-3cd7-b2c2-87b3deb3afef",
              "dc:contributor": [
                "https://api.deepl.com/v2/translate"
              ],
              "rdf:language": [
                "en"
              ],
              "rdf:predicate": [
                "additionalInformation"
              ]
            },
            {
              "@id": "https://data.datatourisme.fr/bddf4aae-4379-3824-b81e-707a8595bafb",
              "dc:contributor": [
                "https://api.deepl.com/v2/translate"
              ],
              "rdf:language": [
                "it"
              ],
              "rdf:predicate": [
                "additionalInformation"
              ]
            },
            {
              "@id": "https://data.datatourisme.fr/d9d262c9-bcad-3877-bdd0-cce5634d0bcd",
              "dc:contributor": [
                "https://api.deepl.com/v2/translate"
              ],
              "rdf:language": [
                "de"
              ],
              "rdf:predicate": [
                "additionalInformation"
              ]
            },
            {
              "@id": "https://data.datatourisme.fr/e4883772-7220-3afb-84ec-40d8a97fafc0",
              "dc:contributor": [
                "https://api.deepl.com/v2/translate"
              ],
              "rdf:language": [
                "nl"
              ],
              "rdf:predicate": [
                "additionalInformation"
              ]
            }
          ]
        }
      ],
      "@type": [
        "schema:Place",
        "Place"
      ]
    }
  ],
  "isOwnedBy": [
    {
      "@id": "https://data.datatourisme.fr/faa1762e-8203-3523-81db-9fc45f171d33",
      "schema:email": [
        "tourisme@valparisis.fr"
      ],
      "schema:legalName": "Communauté d'agglomération Val Parisis",
      "@type": [
        "schema:Organization",
        "foaf:Agent",
        "Agent"
      ],
      "foaf:homepage": [
        "https://www.valparisis.fr/"
      ]
    }
  ],
  "lastUpdate": "2021-02-18",
  "lastUpdateDatatourisme": "2023-02-01T18:07:35.793Z",
  "providesCuisineOfType": [
    {
      "@id": "kb:MediterraneanCuisine",
      "@type": [
        "CuisineCategory"
      ],
      "rdfs:label": {
        "de": [
          "Mediterrane Küche"
        ],
        "pt": [
          "Cozinha mediterrânica"
        ],
        "en": [
          "Mediterranean cuisine"
        ],
        "it": [
          "Cucina mediterranea"
        ],
        "fr": [
          "Cuisine méditerranéenne"
        ],
        "nl": [
          "Mediterrane keuken"
        ],
        "es": [
          "Cocina mediterránea"
        ]
      }
    }
  ]
}