{
  "@id": "https://data.datatourisme.fr/13/017a1871-0180-3259-bbaf-238c47a49e00",
  "dc:identifier": "6035938",
  "@type": [
    "schema:LocalBusiness",
    "schema:StadiumOrArena",
    "PlaceOfInterest",
    "PointOfInterest",
    "SportsAndLeisurePlace",
    "Stadium"
  ],
  "rdfs:comment": {
    "de": [
      "LABEL: Handball, Gymnastik, Rhythmische Sportgymnastik, Boccia. Das Vorbereitungszentrum besteht aus 6 Innen- und Außenbereichen, die eine Optimierung der sportlichen Leistung ermöglichen."
    ],
    "en": [
      "LABEL: Handball, Gymnastics, Rhythmic Gymnastics, Boccia. The pre-Games training camp is composed of 6 indoor and outdoor areas allowing the optimisation of sports performance."
    ],
    "it": [
      "ETICHETTA: Pallamano, Ginnastica, Ginnastica ritmica, Boccia. Il centro di preparazione è composto da 6 aree interne ed esterne che consentono di ottimizzare le prestazioni sportive."
    ],
    "fr": [
      "LABEL : Handball, Gymnastique, Gymnastique rythmique, Boccia. Le centre de préparation est composé de 6 espaces intérieurs et extérieurs permettant l’optimisation de la performance sportive."
    ],
    "nl": [
      "LABEL: Handbal, Gymnastiek, Ritmische Gymnastiek, Boccia. Het voorbereidingscentrum bestaat uit 6 binnen- en buitenruimtes die het mogelijk maken de sportprestaties te optimaliseren."
    ],
    "es": [
      "ETIQUETA: Balonmano, Gimnasia, Gimnasia Rítmica, Boccia. El centro de preparación se compone de 6 zonas interiores y exteriores que permiten optimizar el rendimiento deportivo."
    ]
  },
  "rdfs:label": {
    "en": [
      "Roger Ouvrard sports hall"
    ],
    "fr": [
      "Halle des Sports Roger Ouvrard"
    ]
  },
  "hasBeenCreatedBy": {
    "@id": "https://data.datatourisme.fr/13/766d856e-f1a6-302f-93d8-94415e6bfa0e",
    "dc:identifier": "1014",
    "schema:email": [
      "andrea.duperon@ville-argenteuil.fr",
      "c.carreras@valdoise-tourisme.com",
      "j.blain@valdoise-tourisme.com",
      "m.bachelery@valdoise-tourisme.com",
      "s.benchikh@valdoise-tourisme.com"
    ],
    "schema:legalName": "Val d'Oise Tourisme",
    "@type": [
      "schema:Organization",
      "foaf:Agent",
      "Agent"
    ],
    "foaf:homepage": [
      "https://www.valdoise-tourisme.com/"
    ]
  },
  "hasBeenPublishedBy": [
    {
      "@id": "https://data.datatourisme.fr/8a9feb4b-2cbd-3d2c-b507-bd6c6776b23b",
      "schema:legalName": "Apidae Tourisme Scic SA - source : Apidae Tourisme",
      "@type": [
        "schema:Organization",
        "foaf:Agent",
        "Agent"
      ],
      "foaf:homepage": [
        "https://www.apidae-tourisme.com/"
      ]
    }
  ],
  "hasContact": [
    {
      "@id": "https://data.datatourisme.fr/c6d8221c-73d6-3999-bd2b-fe3d0dd47642",
      "schema:email": [
        "mathis.bentemam-madalena@ville-argenteuil.fr",
        "sports.direction@ville-argenteuil.fr"
      ],
      "schema:telephone": [
        "+33 1 34 23 69 43"
      ],
      "@type": [
        "foaf:Agent",
        "Agent"
      ],
      "foaf:homepage": [
        "https://www.argenteuil.fr/fr/centre-de-preparation-des-jeux-cpj"
      ]
    }
  ],
  "hasDescription": [
    {
      "@id": "https://data.datatourisme.fr/db827746-9e82-3e54-a286-d057bb847690",
      "@type": [
        "Description"
      ],
      "hasTranslatedProperty": [
        {
          "@id": "https://data.datatourisme.fr/38c87b3a-1345-3ae1-9f23-702fba3f9e5a",
          "dc:contributor": [
            "https://api.deepl.com/v2/translate"
          ],
          "rdf:language": [
            "es"
          ],
          "rdf:predicate": [
            "shortDescription"
          ]
        },
        {
          "@id": "https://data.datatourisme.fr/4cc1dfe2-6912-3f33-a2c4-c2a69e2102bb",
          "dc:contributor": [
            "https://api.deepl.com/v2/translate"
          ],
          "rdf:language": [
            "nl"
          ],
          "rdf:predicate": [
            "shortDescription"
          ]
        },
        {
          "@id": "https://data.datatourisme.fr/8e17f3d6-d8f9-3380-9df0-2c3fe33699b3",
          "dc:contributor": [
            "https://api.deepl.com/v2/translate"
          ],
          "rdf:language": [
            "it"
          ],
          "rdf:predicate": [
            "shortDescription"
          ]
        },
        {
          "@id": "https://data.datatourisme.fr/bbf8d0f2-6100-38aa-b439-fd46cc17563e",
          "dc:contributor": [
            "https://api.deepl.com/v2/translate"
          ],
          "rdf:language": [
            "de"
          ],
          "rdf:predicate": [
            "shortDescription"
          ]
        }
      ],
      "shortDescription": {
        "de": [
          "LABEL: Handball, Gymnastik, Rhythmische Sportgymnastik, Boccia. Das Vorbereitungszentrum besteht aus 6 Innen- und Außenbereichen, die eine Optimierung der sportlichen Leistung ermöglichen."
        ],
        "en": [
          "LABEL: Handball, Gymnastics, Rhythmic Gymnastics, Boccia. The pre-Games training camp is composed of 6 indoor and outdoor areas allowing the optimisation of sports performance."
        ],
        "it": [
          "ETICHETTA: Pallamano, Ginnastica, Ginnastica ritmica, Boccia. Il centro di preparazione è composto da 6 aree interne ed esterne che consentono di ottimizzare le prestazioni sportive."
        ],
        "fr": [
          "LABEL : Handball, Gymnastique, Gymnastique rythmique, Boccia. Le centre de préparation est composé de 6 espaces intérieurs et extérieurs permettant l’optimisation de la performance sportive."
        ],
        "nl": [
          "LABEL: Handbal, Gymnastiek, Ritmische Gymnastiek, Boccia. Het voorbereidingscentrum bestaat uit 6 binnen- en buitenruimtes die het mogelijk maken de sportprestaties te optimaliseren."
        ],
        "es": [
          "ETIQUETA: Balonmano, Gimnasia, Gimnasia Rítmica, Boccia. El centro de preparación se compone de 6 zonas interiores y exteriores que permiten optimizar el rendimiento deportivo."
        ]
      }
    }
  ],
  "hasTheme": [
    {
      "@id": "kb:Bodybuilding",
      "@type": [
        "SportsTheme"
      ],
      "rdfs:label": {
        "de": [
          "Bodybuilding"
        ],
        "pt": [
          "Musculação"
        ],
        "en": [
          "Bodybuilding"
        ],
        "it": [
          "Bodybuilding"
        ],
        "fr": [
          "Musculation"
        ],
        "es": [
          "Musculación"
        ],
        "nl": [
          "Bodybuilding"
        ]
      }
    },
    {
      "@id": "kb:Dance",
      "@type": [
        "CulturalTheme",
        "SportsTheme"
      ],
      "rdfs:label": {
        "de": [
          "Tanz"
        ],
        "pt": [
          "Dança"
        ],
        "en": [
          "Dance"
        ],
        "it": [
          "Danza"
        ],
        "fr": [
          "Danse"
        ],
        "es": [
          "Danza"
        ],
        "nl": [
          "Dansen"
        ]
      }
    },
    {
      "@id": "kb:Football",
      "@type": [
        "SportsTheme"
      ],
      "rdfs:label": {
        "de": [
          "Fußball"
        ],
        "pt": [
          "Futebol"
        ],
        "en": [
          "Football"
        ],
        "it": [
          "Calcio"
        ],
        "fr": [
          "Football"
        ],
        "nl": [
          "Voetbal"
        ],
        "es": [
          "Fútbol"
        ]
      }
    },
    {
      "@id": "kb:Gymnastics",
      "@type": [
        "SportsTheme"
      ],
      "rdfs:label": {
        "de": [
          "Gymnastik"
        ],
        "pt": [
          "Ginástica"
        ],
        "en": [
          "Gymnastics"
        ],
        "it": [
          "Ginnastica"
        ],
        "fr": [
          "Gymnastique"
        ],
        "nl": [
          "Gymnastiek"
        ],
        "es": [
          "Gimnasia"
        ]
      }
    },
    {
      "@id": "kb:Handball",
      "@type": [
        "SportsTheme"
      ],
      "rdfs:label": {
        "de": [
          "Handball"
        ],
        "pt": [
          "Andebol"
        ],
        "en": [
          "Handball"
        ],
        "it": [
          "Pallamano"
        ],
        "fr": [
          "Handball"
        ],
        "nl": [
          "Handbal"
        ],
        "es": [
          "Balonmano"
        ]
      }
    },
    {
      "@id": "kb:MartialArts",
      "@type": [
        "SportsTheme"
      ],
      "rdfs:label": {
        "de": [
          "Kampfsport"
        ],
        "pt": [
          "Artes marciais"
        ],
        "en": [
          "Martial arts"
        ],
        "it": [
          "Arti marziali"
        ],
        "fr": [
          "Arts martiaux"
        ],
        "nl": [
          "Vechtsporten"
        ],
        "es": [
          "Artes marciales"
        ]
      }
    }
  ],
  "hasTranslatedProperty": [
    {
      "@id": "https://data.datatourisme.fr/4448ed11-a0e8-33ab-8b38-b7caba75c1e6",
      "dc:contributor": [
        "https://api.deepl.com/v2/translate"
      ],
      "rdf:language": [
        "de"
      ],
      "rdf:predicate": [
        {
          "@id": "rdfs:comment"
        }
      ]
    },
    {
      "@id": "https://data.datatourisme.fr/83da58b7-b982-333e-9c30-0829a9781db1",
      "dc:contributor": [
        "https://api.deepl.com/v2/translate"
      ],
      "rdf:language": [
        "nl"
      ],
      "rdf:predicate": [
        {
          "@id": "rdfs:comment"
        }
      ]
    },
    {
      "@id": "https://data.datatourisme.fr/d8136b8d-3ba9-37e8-8fae-27c82cf57489",
      "dc:contributor": [
        "https://api.deepl.com/v2/translate"
      ],
      "rdf:language": [
        "es"
      ],
      "rdf:predicate": [
        {
          "@id": "rdfs:comment"
        }
      ]
    },
    {
      "@id": "https://data.datatourisme.fr/f7e65d8d-04d7-30dd-a872-fe6f0de7267c",
      "dc:contributor": [
        "https://api.deepl.com/v2/translate"
      ],
      "rdf:language": [
        "it"
      ],
      "rdf:predicate": [
        {
          "@id": "rdfs:comment"
        }
      ]
    }
  ],
  "isLocatedAt": [
    {
      "@id": "https://data.datatourisme.fr/922b6e1f-3c59-3752-ae3f-41aa2e81c5c8",
      "schema:address": [
        {
          "@id": "https://data.datatourisme.fr/2e296380-6def-3881-be47-54bc4a71c738",
          "schema:addressLocality": "Argenteuil",
          "schema:postalCode": "95100",
          "schema:streetAddress": [
            "2 allée Romain Rolland"
          ],
          "@type": [
            "schema:PostalAddress",
            "PostalAddress"
          ],
          "hasAddressCity": {
            "@id": "kb:95018",
            "@type": [
              "City"
            ],
            "rdfs:label": {
              "de": [
                "Argenteuil"
              ],
              "pt": [
                "Argenteuil"
              ],
              "en": [
                "Argenteuil"
              ],
              "it": [
                "Argenteuil"
              ],
              "fr": [
                "Argenteuil"
              ],
              "nl": [
                "Argenteuil"
              ],
              "es": [
                "Argenteuil"
              ]
            },
            "insee": "95018",
            "isPartOfDepartment": {
              "@id": "kb:France1195",
              "@type": [
                "Department"
              ],
              "rdfs:label": {
                "de": [
                  "Val-d'Oise"
                ],
                "pt": [
                  "Val-d'Oise"
                ],
                "en": [
                  "Val-d'Oise"
                ],
                "it": [
                  "Val-d'Oise"
                ],
                "fr": [
                  "Val-d'Oise"
                ],
                "nl": [
                  "Val-d'Oise"
                ],
                "es": [
                  "Val-d'Oise"
                ]
              },
              "insee": "95",
              "isPartOfRegion": {
                "@id": "kb:France11",
                "@type": [
                  "Region"
                ],
                "rdfs:label": {
                  "de": [
                    "Île-de-France"
                  ],
                  "pt": [
                    "Île-de-France"
                  ],
                  "en": [
                    "Île-de-France"
                  ],
                  "it": [
                    "Île-de-France"
                  ],
                  "fr": [
                    "Île-de-France"
                  ],
                  "nl": [
                    "Île-de-France"
                  ],
                  "es": [
                    "Île-de-France"
                  ]
                },
                "insee": "11",
                "isPartOfCountry": {
                  "@id": "kb:France",
                  "@type": [
                    "schema:Country"
                  ],
                  "rdfs:label": {
                    "de": [
                      "France",
                      "Frankreich"
                    ],
                    "pt": [
                      "França",
                      "France"
                    ],
                    "en": [
                      "France"
                    ],
                    "it": [
                      "France",
                      "Francia"
                    ],
                    "fr": [
                      "France"
                    ],
                    "nl": [
                      "France",
                      "Frankrijk"
                    ],
                    "es": [
                      "France",
                      "Francia"
                    ]
                  }
                }
              }
            }
          }
        }
      ],
      "schema:geo": {
        "@id": "https://data.datatourisme.fr/e886caed-141d-3c98-acda-a2ae7841556a",
        "schema:latitude": "48.952385",
        "schema:longitude": "2.231021",
        "@type": [
          "schema:GeoCoordinates"
        ]
      },
      "schema:openingHoursSpecification": [
        {
          "@id": "https://data.datatourisme.fr/f87e535a-636d-3343-ad63-8a03392e7511",
          "schema:validFrom": "2023-01-01T00:00:00",
          "schema:validThrough": "2023-12-31T23:59:59",
          "@type": [
            "schema:OpeningHoursSpecification"
          ]
        }
      ],
      "@type": [
        "schema:Place",
        "Place"
      ]
    }
  ],
  "isOwnedBy": [
    {
      "@id": "https://data.datatourisme.fr/23940bd2-9731-38c7-a10e-636c62e84fbb",
      "schema:email": [
        "m.bachelery@valdoise-tourisme.com",
        "s.benchikh@valdoise-tourisme.com"
      ],
      "schema:legalName": "Val d'Oise Tourisme",
      "@type": [
        "schema:Organization",
        "foaf:Agent",
        "Agent"
      ],
      "foaf:homepage": [
        "https://www.valdoise-tourisme.com/"
      ]
    }
  ],
  "lastUpdate": "2022-11-16",
  "lastUpdateDatatourisme": "2023-03-24T06:39:42.358Z"
}