{
  "@id": "https://data.datatourisme.fr/13/0118ee20-7f7e-3b3f-9267-931c15048380",
  "dc:identifier": "6436967",
  "schema:endDate": [
    "2023-08-15"
  ],
  "schema:startDate": [
    "2023-03-23"
  ],
  "@type": [
    "schema:Event",
    "schema:ExhibitionEvent",
    "CulturalEvent",
    "EntertainmentAndEvent",
    "Exhibition",
    "PointOfInterest"
  ],
  "rdfs:comment": {
    "de": [
      "Die Retrospektive des Musée Maillol würdigt Elliot Erwitt, einen der bedeutendsten Fotografen des 20. Jahrhunderts und seit 1954 Mitglied von Magnum Photos, mit mehr als zweihundert Bildern."
    ],
    "en": [
      "The Maillol Museum retrospective pays tribute to Elliot Erwitt, one of the most important photographers of the 20th century, a member of Magnum Photos since 1954, through more than two hundred photographs."
    ],
    "it": [
      "La retrospettiva del Musée Maillol rende omaggio a Elliot Erwitt, uno dei più importanti fotografi del XX secolo e membro di Magnum Photos dal 1954, attraverso oltre duecento fotografie."
    ],
    "fr": [
      "La rétrospective du Musée Maillol rend hommage à Elliot Erwitt, l’un des photographes les plus importants du XXème siècle, membre de Magnum Photos depuis 1954, à travers plus de deux cents clichés."
    ],
    "es": [
      "La retrospectiva del museo Maillol rinde homenaje a Elliot Erwitt, uno de los fotógrafos más importantes del siglo XX y miembro de Magnum Photos desde 1954, a través de más de doscientas fotografías."
    ],
    "nl": [
      "De retrospectieve van het Musée Maillol is een eerbetoon aan Elliot Erwitt, een van de belangrijkste fotografen van de 20e eeuw en sinds 1954 lid van Magnum Photos, aan de hand van meer dan tweehonderd foto's."
    ]
  },
  "rdfs:label": {
    "fr": [
      "Elliott Erwitt Une rétrospective"
    ]
  },
  "hasBeenCreatedBy": {
    "@id": "https://data.datatourisme.fr/13/03e0704b-5690-32de-a186-1dc3ad3316c9",
    "dc:identifier": "1019",
    "schema:email": [
      "bgeigle@visitparisregion.com",
      "hcaldo@visitparisregion.com",
      "mtanaskovic@visitparisregion.com"
    ],
    "schema:legalName": "Comité Régional du Tourisme Paris Ile de France",
    "@type": [
      "schema:Organization",
      "foaf:Agent",
      "Agent"
    ],
    "foaf:homepage": [
      "http://www.visitparisregion.com/"
    ]
  },
  "hasBeenPublishedBy": [
    {
      "@id": "https://data.datatourisme.fr/8a9feb4b-2cbd-3d2c-b507-bd6c6776b23b",
      "schema:legalName": "Apidae Tourisme Scic SA - source : Apidae Tourisme",
      "@type": [
        "schema:Organization",
        "foaf:Agent",
        "Agent"
      ],
      "foaf:homepage": [
        "https://www.apidae-tourisme.com/"
      ]
    }
  ],
  "hasContact": [
    {
      "@id": "https://data.datatourisme.fr/17149cb1-3a98-3ae2-a85e-a57c34230a85",
      "schema:telephone": [
        "+33 1 42 22 59 58"
      ],
      "@type": [
        "foaf:Agent",
        "Agent"
      ],
      "foaf:homepage": [
        "https://www.museemaillol.com/"
      ]
    }
  ],
  "hasDescription": [
    {
      "@id": "https://data.datatourisme.fr/218af87b-f04a-37ef-892b-bf470cb389a5",
      "@type": [
        "Description"
      ],
      "hasTranslatedProperty": [
        {
          "@id": "https://data.datatourisme.fr/512b904d-c3b5-3cb2-8f0e-61a79e6d8b67",
          "dc:contributor": [
            "https://api.deepl.com/v2/translate"
          ],
          "rdf:language": [
            "nl"
          ],
          "rdf:predicate": [
            "shortDescription"
          ]
        },
        {
          "@id": "https://data.datatourisme.fr/7a36f95a-26c3-3157-be80-f3e072bfb16e",
          "dc:contributor": [
            "https://api.deepl.com/v2/translate"
          ],
          "rdf:language": [
            "en"
          ],
          "rdf:predicate": [
            "shortDescription"
          ]
        },
        {
          "@id": "https://data.datatourisme.fr/7ce4eb86-74c7-3d21-b49b-5ebf3e090918",
          "dc:contributor": [
            "https://api.deepl.com/v2/translate"
          ],
          "rdf:language": [
            "es"
          ],
          "rdf:predicate": [
            "shortDescription"
          ]
        },
        {
          "@id": "https://data.datatourisme.fr/9d110402-5200-343d-b2c6-b282b05be247",
          "dc:contributor": [
            "https://api.deepl.com/v2/translate"
          ],
          "rdf:language": [
            "de"
          ],
          "rdf:predicate": [
            "shortDescription"
          ]
        },
        {
          "@id": "https://data.datatourisme.fr/c80840a6-9f5b-392d-96fe-94d59cb24fa6",
          "dc:contributor": [
            "https://api.deepl.com/v2/translate"
          ],
          "rdf:language": [
            "it"
          ],
          "rdf:predicate": [
            "shortDescription"
          ]
        }
      ],
      "shortDescription": {
        "de": [
          "Die Retrospektive des Musée Maillol würdigt Elliot Erwitt, einen der bedeutendsten Fotografen des 20. Jahrhunderts und seit 1954 Mitglied von Magnum Photos, mit mehr als zweihundert Bildern."
        ],
        "en": [
          "The Maillol Museum retrospective pays tribute to Elliot Erwitt, one of the most important photographers of the 20th century, a member of Magnum Photos since 1954, through more than two hundred photographs."
        ],
        "it": [
          "La retrospettiva del Musée Maillol rende omaggio a Elliot Erwitt, uno dei più importanti fotografi del XX secolo e membro di Magnum Photos dal 1954, attraverso oltre duecento fotografie."
        ],
        "fr": [
          "La rétrospective du Musée Maillol rend hommage à Elliot Erwitt, l’un des photographes les plus importants du XXème siècle, membre de Magnum Photos depuis 1954, à travers plus de deux cents clichés."
        ],
        "es": [
          "La retrospectiva del museo Maillol rinde homenaje a Elliot Erwitt, uno de los fotógrafos más importantes del siglo XX y miembro de Magnum Photos desde 1954, a través de más de doscientas fotografías."
        ],
        "nl": [
          "De retrospectieve van het Musée Maillol is een eerbetoon aan Elliot Erwitt, een van de belangrijkste fotografen van de 20e eeuw en sinds 1954 lid van Magnum Photos, aan de hand van meer dan tweehonderd foto's."
        ]
      }
    }
  ],
  "hasTranslatedProperty": [
    {
      "@id": "https://data.datatourisme.fr/190fdbea-9b7e-31b1-ad64-e5c9806f37d7",
      "dc:contributor": [
        "https://api.deepl.com/v2/translate"
      ],
      "rdf:language": [
        "de"
      ],
      "rdf:predicate": [
        {
          "@id": "rdfs:comment"
        }
      ]
    },
    {
      "@id": "https://data.datatourisme.fr/5a0bdde8-0165-3009-83b0-98ecdfbc5773",
      "dc:contributor": [
        "https://api.deepl.com/v2/translate"
      ],
      "rdf:language": [
        "nl"
      ],
      "rdf:predicate": [
        {
          "@id": "rdfs:comment"
        }
      ]
    },
    {
      "@id": "https://data.datatourisme.fr/8eb3d0f1-160c-38c1-9d3d-541a524d98c5",
      "dc:contributor": [
        "https://api.deepl.com/v2/translate"
      ],
      "rdf:language": [
        "it"
      ],
      "rdf:predicate": [
        {
          "@id": "rdfs:comment"
        }
      ]
    },
    {
      "@id": "https://data.datatourisme.fr/c3dde2f2-b8f2-321b-9839-aa0bfa0f9a97",
      "dc:contributor": [
        "https://api.deepl.com/v2/translate"
      ],
      "rdf:language": [
        "en"
      ],
      "rdf:predicate": [
        {
          "@id": "rdfs:comment"
        }
      ]
    },
    {
      "@id": "https://data.datatourisme.fr/c99d42ae-670e-3b5f-9f27-49e71ea505a6",
      "dc:contributor": [
        "https://api.deepl.com/v2/translate"
      ],
      "rdf:language": [
        "es"
      ],
      "rdf:predicate": [
        {
          "@id": "rdfs:comment"
        }
      ]
    }
  ],
  "isLocatedAt": [
    {
      "@id": "https://data.datatourisme.fr/eac271a3-a434-393c-9327-93404db8b698",
      "schema:address": [
        {
          "@id": "https://data.datatourisme.fr/dd10548f-e969-3d8c-82ba-ac4e7a6dade9",
          "schema:addressLocality": "Paris",
          "schema:postalCode": "75007",
          "schema:streetAddress": [
            "59-61 rue de Grenelle",
            "Musée Maillol"
          ],
          "@type": [
            "schema:PostalAddress",
            "PostalAddress"
          ],
          "hasAddressCity": {
            "@id": "kb:75056",
            "@type": [
              "City"
            ],
            "rdfs:label": {
              "de": [
                "Paris"
              ],
              "pt": [
                "Paris"
              ],
              "en": [
                "Paris"
              ],
              "it": [
                "Paris"
              ],
              "fr": [
                "Paris"
              ],
              "nl": [
                "Paris"
              ],
              "es": [
                "Paris"
              ]
            },
            "insee": "75056",
            "isPartOfDepartment": {
              "@id": "kb:France1175",
              "@type": [
                "Department"
              ],
              "rdfs:label": {
                "de": [
                  "Paris"
                ],
                "pt": [
                  "Paris"
                ],
                "en": [
                  "Paris"
                ],
                "it": [
                  "Paris"
                ],
                "fr": [
                  "Paris"
                ],
                "nl": [
                  "Paris"
                ],
                "es": [
                  "Paris"
                ]
              },
              "insee": "75",
              "isPartOfRegion": {
                "@id": "kb:France11",
                "@type": [
                  "Region"
                ],
                "rdfs:label": {
                  "de": [
                    "Île-de-France"
                  ],
                  "pt": [
                    "Île-de-France"
                  ],
                  "en": [
                    "Île-de-France"
                  ],
                  "it": [
                    "Île-de-France"
                  ],
                  "fr": [
                    "Île-de-France"
                  ],
                  "nl": [
                    "Île-de-France"
                  ],
                  "es": [
                    "Île-de-France"
                  ]
                },
                "insee": "11",
                "isPartOfCountry": {
                  "@id": "kb:France",
                  "@type": [
                    "schema:Country"
                  ],
                  "rdfs:label": {
                    "de": [
                      "France",
                      "Frankreich"
                    ],
                    "pt": [
                      "França",
                      "France"
                    ],
                    "en": [
                      "France"
                    ],
                    "it": [
                      "France",
                      "Francia"
                    ],
                    "fr": [
                      "France"
                    ],
                    "nl": [
                      "France",
                      "Frankrijk"
                    ],
                    "es": [
                      "France",
                      "Francia"
                    ]
                  }
                }
              }
            }
          }
        }
      ],
      "schema:geo": {
        "@id": "https://data.datatourisme.fr/1b71b029-e105-3fbd-8aba-e2d759191669",
        "schema:latitude": "48.85475",
        "schema:longitude": "2.325013",
        "@type": [
          "schema:GeoCoordinates"
        ]
      },
      "schema:openingHoursSpecification": [
        {
          "@id": "https://data.datatourisme.fr/b2f00242-1b80-353a-aef3-cad997b990d4",
          "schema:closes": "18:30:00",
          "schema:opens": "10:30:00",
          "schema:validFrom": "2023-03-23T00:00:00",
          "schema:validThrough": "2023-08-15T23:59:59",
          "@type": [
            "schema:OpeningHoursSpecification"
          ],
          "additionalInformation": {
            "de": [
              "Nachtsicht am Mittwoch bis 22 Uhr.\r\nVerlassen der Museumsräume 15 Minuten vor der angegebenen Schließungszeit.\r\nKassenschluss 1 Stunde vor Schließung."
            ],
            "en": [
              "Nocturne on Wednesday until 10 pm.\r\nDeparture from the museum 15 minutes before closing time.\r\nClosing of the ticket office 1 hour before closing time."
            ],
            "it": [
              "Notturno il mercoledì fino alle 22.00.\r\nEvacuazione delle aree museali 15 minuti prima della chiusura.\r\nChiusura della biglietteria 1 ora prima della chiusura."
            ],
            "fr": [
              "Nocturne le mercredi jusqu'à 22h.\r\nÉvacuation des espaces du musée 15 minutes avant l’heure de fermeture indiquée.\r\nClôture des caisses 1h00 avant la fermeture."
            ],
            "nl": [
              "Nocturne op woensdag tot 22 uur.\r\nEvacuatie van de museumzones 15 minuten voor sluitingstijd.\r\nSluiting van de kassa's 1 uur voor sluitingstijd."
            ],
            "es": [
              "Nocturna los miércoles hasta las 22 h.\r\nEvacuación de las zonas del museo 15 minutos antes del cierre.\r\nCierre de la taquilla 1 hora antes del cierre."
            ]
          },
          "hasTranslatedProperty": [
            {
              "@id": "https://data.datatourisme.fr/2cb25c37-fd1e-3101-b2f7-c5577b904159",
              "dc:contributor": [
                "https://api.deepl.com/v2/translate"
              ],
              "rdf:language": [
                "en"
              ],
              "rdf:predicate": [
                "additionalInformation"
              ]
            },
            {
              "@id": "https://data.datatourisme.fr/3dc4dbfc-e5a1-396d-ba48-2c275247856b",
              "dc:contributor": [
                "https://api.deepl.com/v2/translate"
              ],
              "rdf:language": [
                "it"
              ],
              "rdf:predicate": [
                "additionalInformation"
              ]
            },
            {
              "@id": "https://data.datatourisme.fr/9f4ac381-c50f-366d-8424-7dab65f7af5e",
              "dc:contributor": [
                "https://api.deepl.com/v2/translate"
              ],
              "rdf:language": [
                "nl"
              ],
              "rdf:predicate": [
                "additionalInformation"
              ]
            },
            {
              "@id": "https://data.datatourisme.fr/f1ad9431-5538-395b-a22e-4187a3347656",
              "dc:contributor": [
                "https://api.deepl.com/v2/translate"
              ],
              "rdf:language": [
                "de"
              ],
              "rdf:predicate": [
                "additionalInformation"
              ]
            },
            {
              "@id": "https://data.datatourisme.fr/f7a86a90-da87-3739-bb57-7d1c5ebdce53",
              "dc:contributor": [
                "https://api.deepl.com/v2/translate"
              ],
              "rdf:language": [
                "es"
              ],
              "rdf:predicate": [
                "additionalInformation"
              ]
            }
          ]
        }
      ],
      "@type": [
        "schema:Place",
        "Place"
      ]
    }
  ],
  "isOwnedBy": [
    {
      "@id": "https://data.datatourisme.fr/26ecd6f0-563c-356a-b0f9-ad3ec17effc4",
      "schema:email": [
        "bgeigle@visitparisregion.com",
        "hcaldo@visitparisregion.com",
        "mtanaskovic@visitparisregion.com"
      ],
      "schema:legalName": "Comité Régional du Tourisme Paris Ile de France",
      "@type": [
        "schema:Organization",
        "foaf:Agent",
        "Agent"
      ],
      "foaf:homepage": [
        "http://www.visitparisregion.com/"
      ]
    }
  ],
  "lastUpdate": "2023-05-24",
  "lastUpdateDatatourisme": "2023-05-30T05:49:20.359Z",
  "offers": [
    {
      "@id": "https://data.datatourisme.fr/ec0704d1-2d66-37e1-a17c-b21739158d16",
      "schema:priceSpecification": [
        {
          "@id": "https://data.datatourisme.fr/72575a3a-e38e-332e-b10e-4798f3984b6b",
          "schema:maxPrice": [
            "12",
            "14",
            "16"
          ],
          "schema:minPrice": [
            "12",
            "14",
            "16"
          ],
          "schema:priceCurrency": "EUR",
          "@type": [
            "schema:PriceSpecification",
            "PriceSpecification"
          ],
          "appliesOnPeriod": [
            {
              "@id": "https://data.datatourisme.fr/36ef5b4a-058d-34e5-9e68-4aeafcadb3f4",
              "@type": [
                "Period"
              ],
              "endDate": "2023-08-15",
              "startDate": "2023-03-23"
            }
          ]
        }
      ],
      "@type": [
        "schema:Offer",
        "Offer"
      ]
    }
  ],
  "takesPlaceAt": [
    {
      "@id": "https://data.datatourisme.fr/40879437-9d9c-3777-94d3-93a3ce7b9030",
      "@type": [
        "Period"
      ],
      "endDate": "2023-08-15",
      "endTime": "18:30:00",
      "startDate": "2023-03-23",
      "startTime": "10:30:00"
    }
  ]
}