{
  "@id": "https://data.datatourisme.fr/13/0193b1d0-9ec4-38c7-a3e6-3bbf83b9d31f",
  "dc:identifier": "4937176",
  "@type": [
    "schema:FoodEstablishment",
    "FoodEstablishment",
    "PlaceOfInterest",
    "PointOfInterest"
  ],
  "rdfs:comment": {
    "de": [
      "Von den angebotenen chinesischen Spezialitäten wie der traditionellen Frühlingsrolle mit gebratenen Nudeln sind es die Sympathie und Gastfreundschaft dieses aus Wenzhou südlich von Shanghai stammenden Paares, die begeistern."
    ],
    "en": [
      "Chinese specialties such as the traditional egg roll with fried noodles are the sympathy and welcome of this couple from Wenzhou, south of Shanghai, which seduce."
    ],
    "it": [
      "Dalle specialità cinesi offerte, come i tradizionali noodle, sono la cordialità e l'accoglienza di questa coppia di Wenzhou, a sud di Shanghai, ad attrarre."
    ],
    "fr": [
      "Des spécialités chinoises proposées comme le traditionnel nem aux nouilles sautées, ce sont la sympathie et l'accueil de ce couple originaire de Wenzhou, au sud de Shanghai, qui séduisent."
    ],
    "nl": [
      "Van de aangeboden Chinese specialiteiten, zoals de traditionele bami, zijn het de vriendelijkheid en het onthaal van dit echtpaar uit Wenzhou, ten zuiden van Shanghai, die aanspreken."
    ],
    "es": [
      "De las especialidades chinas que se ofrecen, como los tradicionales fideos, lo que atrae es la amabilidad y la acogida de esta pareja de Wenzhou, al sur de Shanghai."
    ]
  },
  "rdfs:label": {
    "fr": [
      "Gourmet d'Asie"
    ]
  },
  "hasBeenCreatedBy": {
    "@id": "https://data.datatourisme.fr/13/bc573864-331a-3e42-a451-1de6f678aa83",
    "dc:identifier": "1626",
    "schema:email": [
      "abernard@ot-cergypontoise.fr",
      "accueil@ot-cergypontoise.fr",
      "cherault@ot-cergypontoise.fr",
      "cpagnoux@ot-cergypontoise.fr",
      "cpratte@ot-cergypontoise.fr",
      "mcassort@ot-cergypontoise.fr",
      "mfrancois@ot-cergypontoise.fr",
      "mroux@ot-cergypontoise.fr",
      "vvergneaux@ot-cergypontoise.fr"
    ],
    "schema:legalName": "Office de Tourisme de Cergy-Pontoise - Porte du Vexin",
    "@type": [
      "schema:Organization",
      "foaf:Agent",
      "Agent"
    ],
    "foaf:homepage": [
      "http://www.ot-cergypontoise.fr/"
    ]
  },
  "hasBeenPublishedBy": [
    {
      "@id": "https://data.datatourisme.fr/8a9feb4b-2cbd-3d2c-b507-bd6c6776b23b",
      "schema:legalName": "Apidae Tourisme Scic SA - source : Apidae Tourisme",
      "@type": [
        "schema:Organization",
        "foaf:Agent",
        "Agent"
      ],
      "foaf:homepage": [
        "https://www.apidae-tourisme.com/"
      ]
    }
  ],
  "hasContact": [
    {
      "@id": "https://data.datatourisme.fr/fb72f431-580d-3a9e-8ce0-1b60fb022bd5",
      "schema:telephone": [
        "+33 1 30 30 19 60"
      ],
      "@type": [
        "foaf:Agent",
        "Agent"
      ]
    }
  ],
  "hasDescription": [
    {
      "@id": "https://data.datatourisme.fr/741b9e3d-8a3c-3391-9072-9756a4123d4f",
      "@type": [
        "Description"
      ],
      "hasTranslatedProperty": [
        {
          "@id": "https://data.datatourisme.fr/5b8c3511-ae5f-3a3d-81e1-f84634dcc59b",
          "dc:contributor": [
            "https://api.deepl.com/v2/translate"
          ],
          "rdf:language": [
            "es"
          ],
          "rdf:predicate": [
            "shortDescription"
          ]
        },
        {
          "@id": "https://data.datatourisme.fr/6275b0ef-2541-3732-8fb6-eab106a55769",
          "dc:contributor": [
            "https://api.deepl.com/v2/translate"
          ],
          "rdf:language": [
            "nl"
          ],
          "rdf:predicate": [
            "shortDescription"
          ]
        },
        {
          "@id": "https://data.datatourisme.fr/951a3e6e-a709-3c4b-8f82-0b6c2da3fe7a",
          "dc:contributor": [
            "https://api.deepl.com/v2/translate"
          ],
          "rdf:language": [
            "en"
          ],
          "rdf:predicate": [
            "shortDescription"
          ]
        },
        {
          "@id": "https://data.datatourisme.fr/be9cedc8-63a0-3426-8f48-4dab7fed417c",
          "dc:contributor": [
            "https://api.deepl.com/v2/translate"
          ],
          "rdf:language": [
            "it"
          ],
          "rdf:predicate": [
            "shortDescription"
          ]
        },
        {
          "@id": "https://data.datatourisme.fr/e3d9a20b-976e-3e2d-b530-8d7baf62dd62",
          "dc:contributor": [
            "https://api.deepl.com/v2/translate"
          ],
          "rdf:language": [
            "de"
          ],
          "rdf:predicate": [
            "shortDescription"
          ]
        }
      ],
      "shortDescription": {
        "de": [
          "Von den angebotenen chinesischen Spezialitäten wie der traditionellen Frühlingsrolle mit gebratenen Nudeln sind es die Sympathie und Gastfreundschaft dieses aus Wenzhou südlich von Shanghai stammenden Paares, die begeistern."
        ],
        "en": [
          "Chinese specialties such as the traditional egg roll with fried noodles are the sympathy and welcome of this couple from Wenzhou, south of Shanghai, which seduce."
        ],
        "it": [
          "Dalle specialità cinesi offerte, come i tradizionali noodle, sono la cordialità e l'accoglienza di questa coppia di Wenzhou, a sud di Shanghai, ad attrarre."
        ],
        "fr": [
          "Des spécialités chinoises proposées comme le traditionnel nem aux nouilles sautées, ce sont la sympathie et l'accueil de ce couple originaire de Wenzhou, au sud de Shanghai, qui séduisent."
        ],
        "nl": [
          "Van de aangeboden Chinese specialiteiten, zoals de traditionele bami, zijn het de vriendelijkheid en het onthaal van dit echtpaar uit Wenzhou, ten zuiden van Shanghai, die aanspreken."
        ],
        "es": [
          "De las especialidades chinas que se ofrecen, como los tradicionales fideos, lo que atrae es la amabilidad y la acogida de esta pareja de Wenzhou, al sur de Shanghai."
        ]
      }
    }
  ],
  "hasTranslatedProperty": [
    {
      "@id": "https://data.datatourisme.fr/0d74010d-2335-3627-819e-253ea4c94197",
      "dc:contributor": [
        "https://api.deepl.com/v2/translate"
      ],
      "rdf:language": [
        "nl"
      ],
      "rdf:predicate": [
        {
          "@id": "rdfs:comment"
        }
      ]
    },
    {
      "@id": "https://data.datatourisme.fr/41c2af34-076c-3d5c-b0ae-eff5c4c966ee",
      "dc:contributor": [
        "https://api.deepl.com/v2/translate"
      ],
      "rdf:language": [
        "en"
      ],
      "rdf:predicate": [
        {
          "@id": "rdfs:comment"
        }
      ]
    },
    {
      "@id": "https://data.datatourisme.fr/5adb6e3e-faf0-3de1-86af-007b88f3a399",
      "dc:contributor": [
        "https://api.deepl.com/v2/translate"
      ],
      "rdf:language": [
        "it"
      ],
      "rdf:predicate": [
        {
          "@id": "rdfs:comment"
        }
      ]
    },
    {
      "@id": "https://data.datatourisme.fr/ab2921ad-b2f5-3964-b2fb-f0949606270e",
      "dc:contributor": [
        "https://api.deepl.com/v2/translate"
      ],
      "rdf:language": [
        "es"
      ],
      "rdf:predicate": [
        {
          "@id": "rdfs:comment"
        }
      ]
    },
    {
      "@id": "https://data.datatourisme.fr/b9e90165-475d-32b1-a478-413cd46f504b",
      "dc:contributor": [
        "https://api.deepl.com/v2/translate"
      ],
      "rdf:language": [
        "de"
      ],
      "rdf:predicate": [
        {
          "@id": "rdfs:comment"
        }
      ]
    }
  ],
  "isLocatedAt": [
    {
      "@id": "https://data.datatourisme.fr/191ffd4e-e0d5-3d15-a1ea-88c2390696d8",
      "schema:address": [
        {
          "@id": "https://data.datatourisme.fr/da8faddc-f8c1-3d07-ad42-3a43ae909453",
          "schema:addressLocality": "Pontoise",
          "schema:postalCode": "95300",
          "schema:streetAddress": [
            "14 Rue de l'Hôtel de Ville"
          ],
          "@type": [
            "schema:PostalAddress",
            "PostalAddress"
          ],
          "hasAddressCity": {
            "@id": "kb:95500",
            "@type": [
              "City"
            ],
            "rdfs:label": {
              "de": [
                "Pontoise"
              ],
              "pt": [
                "Pontoise"
              ],
              "en": [
                "Pontoise"
              ],
              "it": [
                "Pontoise"
              ],
              "fr": [
                "Pontoise"
              ],
              "nl": [
                "Pontoise"
              ],
              "es": [
                "Pontoise"
              ]
            },
            "insee": "95500",
            "isPartOfDepartment": {
              "@id": "kb:France1195",
              "@type": [
                "Department"
              ],
              "rdfs:label": {
                "de": [
                  "Val-d'Oise"
                ],
                "pt": [
                  "Val-d'Oise"
                ],
                "en": [
                  "Val-d'Oise"
                ],
                "it": [
                  "Val-d'Oise"
                ],
                "fr": [
                  "Val-d'Oise"
                ],
                "nl": [
                  "Val-d'Oise"
                ],
                "es": [
                  "Val-d'Oise"
                ]
              },
              "insee": "95",
              "isPartOfRegion": {
                "@id": "kb:France11",
                "@type": [
                  "Region"
                ],
                "rdfs:label": {
                  "de": [
                    "Île-de-France"
                  ],
                  "pt": [
                    "Île-de-France"
                  ],
                  "en": [
                    "Île-de-France"
                  ],
                  "it": [
                    "Île-de-France"
                  ],
                  "fr": [
                    "Île-de-France"
                  ],
                  "nl": [
                    "Île-de-France"
                  ],
                  "es": [
                    "Île-de-France"
                  ]
                },
                "insee": "11",
                "isPartOfCountry": {
                  "@id": "kb:France",
                  "@type": [
                    "schema:Country"
                  ],
                  "rdfs:label": {
                    "de": [
                      "France",
                      "Frankreich"
                    ],
                    "pt": [
                      "França",
                      "France"
                    ],
                    "en": [
                      "France"
                    ],
                    "it": [
                      "France",
                      "Francia"
                    ],
                    "fr": [
                      "France"
                    ],
                    "nl": [
                      "France",
                      "Frankrijk"
                    ],
                    "es": [
                      "France",
                      "Francia"
                    ]
                  }
                }
              }
            }
          }
        }
      ],
      "schema:geo": {
        "@id": "https://data.datatourisme.fr/7c016152-221e-3ef2-b3a3-4d6395460b06",
        "schema:latitude": "49.050966",
        "schema:longitude": "2.100645",
        "@type": [
          "schema:GeoCoordinates"
        ]
      },
      "schema:openingHoursSpecification": [
        {
          "@id": "https://data.datatourisme.fr/f62faabf-d9bd-34c9-b5bf-59b6e93249f7",
          "schema:closes": "22:00:00",
          "schema:opens": "11:00:00",
          "schema:validFrom": "2023-01-01T00:00:00",
          "schema:validThrough": "2023-12-31T23:59:59",
          "@type": [
            "schema:OpeningHoursSpecification"
          ]
        }
      ],
      "@type": [
        "schema:Place",
        "Place"
      ]
    }
  ],
  "isOwnedBy": [
    {
      "@id": "https://data.datatourisme.fr/38525452-e91f-39bb-947a-49cf6c966b75",
      "schema:email": [
        "abernard@ot-cergypontoise.fr",
        "accueil@ot-cergypontoise.fr",
        "cherault@ot-cergypontoise.fr",
        "cpagnoux@ot-cergypontoise.fr",
        "cpratte@ot-cergypontoise.fr",
        "mcassort@ot-cergypontoise.fr",
        "mfrancois@ot-cergypontoise.fr",
        "mroux@ot-cergypontoise.fr",
        "vvergneaux@ot-cergypontoise.fr"
      ],
      "schema:legalName": "Office de Tourisme de Cergy-Pontoise - Porte du Vexin",
      "@type": [
        "schema:Organization",
        "foaf:Agent",
        "Agent"
      ],
      "foaf:homepage": [
        "http://www.ot-cergypontoise.fr/"
      ]
    }
  ],
  "lastUpdate": "2021-10-06",
  "lastUpdateDatatourisme": "2023-02-01T18:07:35.66Z"
}