{
  "@id": "https://data.datatourisme.fr/13/0ebc26b8-0d7b-3b4e-a18c-3973015404e9",
  "dc:identifier": "4874031",
  "@type": [
    "schema:LocalBusiness",
    "PlaceOfInterest",
    "PointOfInterest",
    "SportsAndLeisurePlace",
    "SwimmingPool"
  ],
  "rdfs:comment": {
    "de": [
      "Das Agora-Schwimmbad befindet sich im Agorasports-Komplex in Évry und verfügt über ein großes Becken (25x12,5m), ein Einführungsbecken (12,5x12,5m) und eine Rutsche."
    ],
    "en": [
      "Located within the Agorasports complex, in Évry, the Agora swimming pool has a large 25x12.5m pool, a 12.5x12.5m initiation pool and a slide."
    ],
    "it": [
      "Situata nel complesso Agorasports di Evry, la piscina Agora dispone di una grande vasca di 25x12,5 m, una vasca di iniziazione di 12,5x12,5 m e uno scivolo."
    ],
    "fr": [
      "Située au sein du complexe Agorasports, à Évry, la piscine de l’Agora est dotée d’un grand bassin de 25x12.5m, d’un bassin d’initiation de 12.5x12.5m et d’un toboggan."
    ],
    "es": [
      "Situada en el complejo Agorasports de Evry, la piscina Agora cuenta con una gran piscina de 25x12,5 m, una piscina de iniciación de 12,5x12,5 m y un tobogán."
    ],
    "nl": [
      "Het Agora zwembad, gelegen in het Agorasports complex in Evry, heeft een groot zwembad van 25x12,5m, een inleidend zwembad van 12,5x12,5m en een glijbaan."
    ]
  },
  "rdfs:label": {
    "fr": [
      "Piscine de l'Agora"
    ]
  },
  "hasBeenCreatedBy": {
    "@id": "https://data.datatourisme.fr/13/08fe2621-d8e7-36b0-aec0-da35256a998d",
    "dc:identifier": "1016",
    "schema:email": [
      "direction.tourismegpsses@orange.fr",
      "m.delvalle@tourismegps.com",
      "m.meneur@tourismegps.com",
      "m.pantin@tourismegps.com"
    ],
    "schema:legalName": "Office de Tourisme Grand Paris Sud Seine-Essonne-Sénart",
    "@type": [
      "schema:Organization",
      "foaf:Agent",
      "Agent"
    ],
    "foaf:homepage": [
      "https://tourisme-grandparissud.com/"
    ]
  },
  "hasBeenPublishedBy": [
    {
      "@id": "https://data.datatourisme.fr/8a9feb4b-2cbd-3d2c-b507-bd6c6776b23b",
      "schema:legalName": "Apidae Tourisme Scic SA - source : Apidae Tourisme",
      "@type": [
        "schema:Organization",
        "foaf:Agent",
        "Agent"
      ],
      "foaf:homepage": [
        "https://www.apidae-tourisme.com/"
      ]
    }
  ],
  "hasContact": [
    {
      "@id": "https://data.datatourisme.fr/c382f38d-384a-3e26-8e3f-5bb2e754cb82",
      "schema:telephone": [
        "+33 1 69 91 58 85"
      ],
      "@type": [
        "foaf:Agent",
        "Agent"
      ],
      "foaf:homepage": [
        "https://sortir.grandparissud.fr/equipements/piscine-de-l-agora"
      ]
    }
  ],
  "hasDescription": [
    {
      "@id": "https://data.datatourisme.fr/db007082-616f-3ce9-bbbd-1944091f5eb5",
      "@type": [
        "Description"
      ],
      "hasTranslatedProperty": [
        {
          "@id": "https://data.datatourisme.fr/24393c31-4fd2-3266-8333-dab5f0ee6b27",
          "dc:contributor": [
            "https://api.deepl.com/v2/translate"
          ],
          "rdf:language": [
            "it"
          ],
          "rdf:predicate": [
            "shortDescription"
          ]
        },
        {
          "@id": "https://data.datatourisme.fr/577847d9-c538-3dff-a8f7-566b5b2af875",
          "dc:contributor": [
            "https://api.deepl.com/v2/translate"
          ],
          "rdf:language": [
            "nl"
          ],
          "rdf:predicate": [
            "shortDescription"
          ]
        },
        {
          "@id": "https://data.datatourisme.fr/6e6e31d9-2952-3508-b783-7139ec7e58e3",
          "dc:contributor": [
            "https://api.deepl.com/v2/translate"
          ],
          "rdf:language": [
            "de"
          ],
          "rdf:predicate": [
            "shortDescription"
          ]
        },
        {
          "@id": "https://data.datatourisme.fr/f71b4774-ac70-315b-8129-7ae2a823cb17",
          "dc:contributor": [
            "https://api.deepl.com/v2/translate"
          ],
          "rdf:language": [
            "es"
          ],
          "rdf:predicate": [
            "shortDescription"
          ]
        },
        {
          "@id": "https://data.datatourisme.fr/fdf2215a-4120-37c3-a981-ada50a41f31c",
          "dc:contributor": [
            "https://api.deepl.com/v2/translate"
          ],
          "rdf:language": [
            "en"
          ],
          "rdf:predicate": [
            "shortDescription"
          ]
        }
      ],
      "shortDescription": {
        "de": [
          "Das Agora-Schwimmbad befindet sich im Agorasports-Komplex in Évry und verfügt über ein großes Becken (25x12,5m), ein Einführungsbecken (12,5x12,5m) und eine Rutsche."
        ],
        "en": [
          "Located within the Agorasports complex, in Évry, the Agora swimming pool has a large 25x12.5m pool, a 12.5x12.5m initiation pool and a slide."
        ],
        "it": [
          "Situata nel complesso Agorasports di Evry, la piscina Agora dispone di una grande vasca di 25x12,5 m, una vasca di iniziazione di 12,5x12,5 m e uno scivolo."
        ],
        "fr": [
          "Située au sein du complexe Agorasports, à Évry, la piscine de l’Agora est dotée d’un grand bassin de 25x12.5m, d’un bassin d’initiation de 12.5x12.5m et d’un toboggan."
        ],
        "es": [
          "Situada en el complejo Agorasports de Evry, la piscina Agora cuenta con una gran piscina de 25x12,5 m, una piscina de iniciación de 12,5x12,5 m y un tobogán."
        ],
        "nl": [
          "Het Agora zwembad, gelegen in het Agorasports complex in Evry, heeft een groot zwembad van 25x12,5m, een inleidend zwembad van 12,5x12,5m en een glijbaan."
        ]
      }
    }
  ],
  "hasTheme": [
    {
      "@id": "kb:Bathing",
      "@type": [
        "AccommodationAmenity",
        "SportsTheme"
      ],
      "rdfs:label": {
        "de": [
          "Baden"
        ],
        "pt": [
          "Banho"
        ],
        "en": [
          "Bathing"
        ],
        "it": [
          "Bagno"
        ],
        "fr": [
          "Baignade"
        ],
        "nl": [
          "Zwemmen"
        ],
        "es": [
          "Baño"
        ]
      }
    }
  ],
  "hasTranslatedProperty": [
    {
      "@id": "https://data.datatourisme.fr/2cf76bb7-94b1-3238-8df1-45b8b0396e16",
      "dc:contributor": [
        "https://api.deepl.com/v2/translate"
      ],
      "rdf:language": [
        "de"
      ],
      "rdf:predicate": [
        {
          "@id": "rdfs:comment"
        }
      ]
    },
    {
      "@id": "https://data.datatourisme.fr/be76da2f-77c4-3c37-a051-0eb3cd05a958",
      "dc:contributor": [
        "https://api.deepl.com/v2/translate"
      ],
      "rdf:language": [
        "it"
      ],
      "rdf:predicate": [
        {
          "@id": "rdfs:comment"
        }
      ]
    },
    {
      "@id": "https://data.datatourisme.fr/d37db572-0d7a-3d8a-82a9-07cabcf01bdf",
      "dc:contributor": [
        "https://api.deepl.com/v2/translate"
      ],
      "rdf:language": [
        "en"
      ],
      "rdf:predicate": [
        {
          "@id": "rdfs:comment"
        }
      ]
    },
    {
      "@id": "https://data.datatourisme.fr/fc13f299-aa8a-3c7f-bc6f-18997b0b141e",
      "dc:contributor": [
        "https://api.deepl.com/v2/translate"
      ],
      "rdf:language": [
        "es"
      ],
      "rdf:predicate": [
        {
          "@id": "rdfs:comment"
        }
      ]
    },
    {
      "@id": "https://data.datatourisme.fr/fe10df60-9c15-34fe-ac39-9a8c7fc079d8",
      "dc:contributor": [
        "https://api.deepl.com/v2/translate"
      ],
      "rdf:language": [
        "nl"
      ],
      "rdf:predicate": [
        {
          "@id": "rdfs:comment"
        }
      ]
    }
  ],
  "isLocatedAt": [
    {
      "@id": "https://data.datatourisme.fr/35c12f6b-7396-3722-a7a4-14130c7f9265",
      "schema:address": [
        {
          "@id": "https://data.datatourisme.fr/8ee456af-4d82-374d-9134-d9871404b7d3",
          "schema:addressLocality": "Évry-Courcouronnes",
          "schema:postalCode": "91000",
          "schema:streetAddress": [
            "110 Allée de l'Agora",
            "Évry"
          ],
          "@type": [
            "schema:PostalAddress",
            "PostalAddress"
          ],
          "hasAddressCity": {
            "@id": "kb:91228",
            "@type": [
              "City"
            ],
            "rdfs:label": {
              "de": [
                "Évry-Courcouronnes"
              ],
              "pt": [
                "Évry-Courcouronnes"
              ],
              "en": [
                "Évry-Courcouronnes"
              ],
              "it": [
                "Évry-Courcouronnes"
              ],
              "fr": [
                "Évry-Courcouronnes"
              ],
              "nl": [
                "Évry-Courcouronnes"
              ],
              "es": [
                "Évry-Courcouronnes"
              ]
            },
            "insee": "91228",
            "isPartOfDepartment": {
              "@id": "kb:France1191",
              "@type": [
                "Department"
              ],
              "rdfs:label": {
                "de": [
                  "Essonne"
                ],
                "pt": [
                  "Essonne"
                ],
                "en": [
                  "Essonne"
                ],
                "it": [
                  "Essonne"
                ],
                "fr": [
                  "Essonne"
                ],
                "nl": [
                  "Essonne"
                ],
                "es": [
                  "Essonne"
                ]
              },
              "insee": "91",
              "isPartOfRegion": {
                "@id": "kb:France11",
                "@type": [
                  "Region"
                ],
                "rdfs:label": {
                  "de": [
                    "Île-de-France"
                  ],
                  "pt": [
                    "Île-de-France"
                  ],
                  "en": [
                    "Île-de-France"
                  ],
                  "it": [
                    "Île-de-France"
                  ],
                  "fr": [
                    "Île-de-France"
                  ],
                  "nl": [
                    "Île-de-France"
                  ],
                  "es": [
                    "Île-de-France"
                  ]
                },
                "insee": "11",
                "isPartOfCountry": {
                  "@id": "kb:France",
                  "@type": [
                    "schema:Country"
                  ],
                  "rdfs:label": {
                    "de": [
                      "France",
                      "Frankreich"
                    ],
                    "pt": [
                      "França",
                      "France"
                    ],
                    "en": [
                      "France"
                    ],
                    "it": [
                      "France",
                      "Francia"
                    ],
                    "fr": [
                      "France"
                    ],
                    "nl": [
                      "France",
                      "Frankrijk"
                    ],
                    "es": [
                      "France",
                      "Francia"
                    ]
                  }
                }
              }
            }
          }
        }
      ],
      "schema:geo": {
        "@id": "https://data.datatourisme.fr/ceb78083-42e7-3ee6-b96f-d4d1f1040e17",
        "schema:latitude": "48.629185",
        "schema:longitude": "2.4296",
        "@type": [
          "schema:GeoCoordinates"
        ]
      },
      "schema:openingHoursSpecification": [
        {
          "@id": "https://data.datatourisme.fr/36197d8a-1366-3c46-9c71-d63783e23045",
          "schema:validFrom": "2023-01-01T00:00:00",
          "schema:validThrough": "2023-12-31T23:59:59",
          "@type": [
            "schema:OpeningHoursSpecification"
          ],
          "additionalInformation": {
            "de": [
              "Montag von 12:00 bis 13:30 und von 17:00 bis 19:30\r\nDienstag von 12:00 bis 13:30 und von 17:00 bis 19:30\r\nMittwoch von 13:00 bis 16:00\r\nDonnerstag von 12:00 bis 13:30 und von 17:00 bis 19:30\r\nFreitag von 12:00 bis 13:30\r\nSamstag von 14:00 bis 18:00\r\nSonntag von 9:30 bis 12:30"
            ],
            "en": [
              "Monday from 12:00 to 13:30 and from 17:00 to 19:30\r\nTuesday from 12:00 to 13:30 and from 17:00 to 19:30\r\nWednesday from 13:00 to 16:00\r\nThursday from 12:00 to 13:30 and from 17:00 to 19:30\r\nFriday from 12:00 to 1:30 pm\r\nSaturday from 14:00 to 18:00\r\nSunday from 9:30 to 12:30"
            ],
            "it": [
              "Lunedì dalle 12:00 alle 13:30 e dalle 17:00 alle 19:30\r\nMartedì dalle 12:00 alle 13:30 e dalle 17:00 alle 19:30\r\nMercoledì dalle 13:00 alle 16:00\r\nGiovedì dalle 12:00 alle 13:30 e dalle 17:00 alle 19:30\r\nVenerdì dalle 12:00 alle 13:30\r\nSabato dalle 14:00 alle 18:00\r\nDomenica dalle 9:30 alle 12:30"
            ],
            "fr": [
              "Lundi de 12:00 à 13:30 et de 17:00 à 19:30\r\nMardi de 12:00 à 13:30 et de 17:00 à 19:30\r\nMercredi de 13:00 à 16:00\r\nJeudi de 12:00 à 13:30 et de 17:00 à 19:30\r\nVendredi de 12:00 à 13:30\r\nSamedi de 14:00 à 18:00\r\nDimanche de 9:30 à 12:30"
            ],
            "nl": [
              "Maandag van 12:00 tot 13:30 uur en van 17:00 tot 19:30 uur\r\nDinsdag van 12:00 tot 13:30 uur en van 17:00 tot 19:30 uur\r\nWoensdag van 13:00 tot 16:00\r\nDonderdag van 12:00 tot 13:30 uur en van 17:00 tot 19:30 uur\r\nVrijdag van 12:00 tot 13:30\r\nZaterdag van 14:00 tot 18:00\r\nZondag van 9:30 tot 12:30"
            ],
            "es": [
              "Lunes de 12:00 a 13:30 y de 17:00 a 19:30\r\nMartes de 12:00 a 13:30 y de 17:00 a 19:30\r\nMiércoles de 13:00 a 16:00\r\nJueves de 12:00 a 13:30 y de 17:00 a 19:30\r\nViernes de 12:00 a 13:30\r\nSábado de 14:00 a 18:00\r\nDomingo de 9:30 a 12:30"
            ]
          },
          "hasTranslatedProperty": [
            {
              "@id": "https://data.datatourisme.fr/23f7e50e-344a-36c0-8aca-f5a12443f0ae",
              "dc:contributor": [
                "https://api.deepl.com/v2/translate"
              ],
              "rdf:language": [
                "it"
              ],
              "rdf:predicate": [
                "additionalInformation"
              ]
            },
            {
              "@id": "https://data.datatourisme.fr/414156d5-db7c-3520-b0d4-f84d155d6640",
              "dc:contributor": [
                "https://api.deepl.com/v2/translate"
              ],
              "rdf:language": [
                "es"
              ],
              "rdf:predicate": [
                "additionalInformation"
              ]
            },
            {
              "@id": "https://data.datatourisme.fr/6065e662-9d67-3e1b-a6f1-5fb8cb74df84",
              "dc:contributor": [
                "https://api.deepl.com/v2/translate"
              ],
              "rdf:language": [
                "en"
              ],
              "rdf:predicate": [
                "additionalInformation"
              ]
            },
            {
              "@id": "https://data.datatourisme.fr/a55b74f3-3bc6-3bce-a11c-5819ef7f622a",
              "dc:contributor": [
                "https://api.deepl.com/v2/translate"
              ],
              "rdf:language": [
                "nl"
              ],
              "rdf:predicate": [
                "additionalInformation"
              ]
            },
            {
              "@id": "https://data.datatourisme.fr/aa0e798c-3520-342e-8c2e-6d40c1910666",
              "dc:contributor": [
                "https://api.deepl.com/v2/translate"
              ],
              "rdf:language": [
                "de"
              ],
              "rdf:predicate": [
                "additionalInformation"
              ]
            }
          ]
        }
      ],
      "@type": [
        "schema:Place",
        "Place"
      ]
    }
  ],
  "isOwnedBy": [
    {
      "@id": "https://data.datatourisme.fr/637365d0-1279-3996-b918-645e6232b2bf",
      "schema:email": [
        "direction.tourismegpsses@orange.fr",
        "m.delvalle@tourismegps.com",
        "m.meneur@tourismegps.com",
        "m.pantin@tourismegps.com"
      ],
      "schema:legalName": "Office de Tourisme Grand Paris Sud Seine-Essonne-Sénart",
      "@type": [
        "schema:Organization",
        "foaf:Agent",
        "Agent"
      ],
      "foaf:homepage": [
        "https://tourisme-grandparissud.com/"
      ]
    }
  ],
  "lastUpdate": "2022-10-20",
  "lastUpdateDatatourisme": "2023-05-30T05:49:20.362Z",
  "offers": [
    {
      "@id": "https://data.datatourisme.fr/926e058a-91f5-3921-803a-0fd9836f0d0a",
      "schema:priceSpecification": [
        {
          "@id": "https://data.datatourisme.fr/5ff038aa-f73f-3f70-8d17-2ded25fa96a7",
          "schema:maxPrice": [
            "150",
            "3.2",
            "3.8",
            "35",
            "4.8"
          ],
          "schema:minPrice": [
            "100",
            "2.2",
            "2.3",
            "21",
            "3.4"
          ],
          "schema:priceCurrency": "EUR",
          "@type": [
            "schema:PriceSpecification",
            "PriceSpecification"
          ],
          "appliesOnPeriod": [
            {
              "@id": "https://data.datatourisme.fr/f6e21f79-2c4f-3c46-b4a9-1ca285391041",
              "@type": [
                "Period"
              ],
              "endDate": "2018-12-31",
              "startDate": "2018-01-01"
            }
          ]
        }
      ],
      "@type": [
        "schema:Offer",
        "Offer"
      ]
    }
  ]
}