{
  "@id": "https://data.datatourisme.fr/13/0ef7fa32-7a0b-3bb9-b782-6733e590d359",
  "dc:identifier": "776061",
  "@type": [
    "schema:LocalBusiness",
    "CraftsmanShop",
    "PlaceOfInterest",
    "PointOfInterest",
    "Store"
  ],
  "rdfs:comment": {
    "de": [
      "Yann Girard vereint das Know-how eines Kunsttischlers und eines Polsterers."
    ],
    "en": [
      "Yann Girard combines a cabinetmaker's and upholsterer's know-how."
    ],
    "it": [
      "Yann Girard unisce le competenze di un ebanista e di un tappezziere."
    ],
    "fr": [
      "Yann Girard conjugue un savoir-faire d’ébéniste et de tapissier d’ameublement."
    ],
    "nl": [
      "Yann Girard combineert de vaardigheden van een meubelmaker en stoffeerder."
    ],
    "es": [
      "Yann Girard combina las habilidades de un ebanista y un tapicero."
    ]
  },
  "rdfs:label": {
    "fr": [
      "Ebéniste-Tapissier, Yann Girard"
    ]
  },
  "hasBeenCreatedBy": {
    "@id": "https://data.datatourisme.fr/13/5a142a55-461d-3fef-816a-cfb927fee0bd",
    "dc:identifier": "1710",
    "schema:email": [
      "ebasset@yvelines.fr",
      "tourisme@yvelines.fr"
    ],
    "schema:legalName": "Conseil Départemental des Yvelines",
    "@type": [
      "schema:Organization",
      "foaf:Agent",
      "Agent"
    ]
  },
  "hasBeenPublishedBy": [
    {
      "@id": "https://data.datatourisme.fr/8a9feb4b-2cbd-3d2c-b507-bd6c6776b23b",
      "schema:legalName": "Apidae Tourisme Scic SA - source : Apidae Tourisme",
      "@type": [
        "schema:Organization",
        "foaf:Agent",
        "Agent"
      ],
      "foaf:homepage": [
        "https://www.apidae-tourisme.com/"
      ]
    }
  ],
  "hasContact": [
    {
      "@id": "https://data.datatourisme.fr/b8b84c6b-b274-34b8-98ba-d97f2d997d28",
      "schema:telephone": [
        "+33 6 08 68 71 77"
      ],
      "@type": [
        "foaf:Agent",
        "Agent"
      ],
      "foaf:homepage": [
        "http://www.ebenisterietapisserie.com/"
      ]
    }
  ],
  "hasDescription": [
    {
      "@id": "https://data.datatourisme.fr/885946b5-57ca-3f4b-866b-07268ebe8887",
      "@type": [
        "Description"
      ],
      "hasTranslatedProperty": [
        {
          "@id": "https://data.datatourisme.fr/5c882f37-e6bd-33b9-b535-cd5acffdd305",
          "dc:contributor": [
            "https://api.deepl.com/v2/translate"
          ],
          "rdf:language": [
            "it"
          ],
          "rdf:predicate": [
            "shortDescription"
          ]
        },
        {
          "@id": "https://data.datatourisme.fr/61f8f2b1-33b4-3241-bd2f-f86f732dc1a6",
          "dc:contributor": [
            "https://api.deepl.com/v2/translate"
          ],
          "rdf:language": [
            "es"
          ],
          "rdf:predicate": [
            "shortDescription"
          ]
        },
        {
          "@id": "https://data.datatourisme.fr/64280db4-3374-35c4-a951-8062b715c418",
          "dc:contributor": [
            "https://api.deepl.com/v2/translate"
          ],
          "rdf:language": [
            "de"
          ],
          "rdf:predicate": [
            "shortDescription"
          ]
        },
        {
          "@id": "https://data.datatourisme.fr/7d37a959-1777-335d-a481-0fb68ed6e93c",
          "dc:contributor": [
            "https://api.deepl.com/v2/translate"
          ],
          "rdf:language": [
            "nl"
          ],
          "rdf:predicate": [
            "shortDescription"
          ]
        },
        {
          "@id": "https://data.datatourisme.fr/d3991c6c-0f65-36a5-a419-7475a26fcb06",
          "dc:contributor": [
            "https://api.deepl.com/v2/translate"
          ],
          "rdf:language": [
            "en"
          ],
          "rdf:predicate": [
            "shortDescription"
          ]
        }
      ],
      "shortDescription": {
        "de": [
          "Yann Girard vereint das Know-how eines Kunsttischlers und eines Polsterers."
        ],
        "en": [
          "Yann Girard combines a cabinetmaker's and upholsterer's know-how."
        ],
        "it": [
          "Yann Girard unisce le competenze di un ebanista e di un tappezziere."
        ],
        "fr": [
          "Yann Girard conjugue un savoir-faire d’ébéniste et de tapissier d’ameublement."
        ],
        "nl": [
          "Yann Girard combineert de vaardigheden van een meubelmaker en stoffeerder."
        ],
        "es": [
          "Yann Girard combina las habilidades de un ebanista y un tapicero."
        ]
      }
    }
  ],
  "hasTranslatedProperty": [
    {
      "@id": "https://data.datatourisme.fr/045876f8-33ea-30a8-831a-70ce939d3658",
      "dc:contributor": [
        "https://api.deepl.com/v2/translate"
      ],
      "rdf:language": [
        "es"
      ],
      "rdf:predicate": [
        {
          "@id": "rdfs:comment"
        }
      ]
    },
    {
      "@id": "https://data.datatourisme.fr/30c61a9f-b9f1-3bce-b71e-38d36e6abebb",
      "dc:contributor": [
        "https://api.deepl.com/v2/translate"
      ],
      "rdf:language": [
        "de"
      ],
      "rdf:predicate": [
        {
          "@id": "rdfs:comment"
        }
      ]
    },
    {
      "@id": "https://data.datatourisme.fr/4a94e646-1bea-3fe4-9cc5-1b1115c21a02",
      "dc:contributor": [
        "https://api.deepl.com/v2/translate"
      ],
      "rdf:language": [
        "it"
      ],
      "rdf:predicate": [
        {
          "@id": "rdfs:comment"
        }
      ]
    },
    {
      "@id": "https://data.datatourisme.fr/e7b775ea-a235-3a1a-b1af-798f44691c96",
      "dc:contributor": [
        "https://api.deepl.com/v2/translate"
      ],
      "rdf:language": [
        "en"
      ],
      "rdf:predicate": [
        {
          "@id": "rdfs:comment"
        }
      ]
    },
    {
      "@id": "https://data.datatourisme.fr/f1fc4a7e-84ea-32e6-b561-42a93289b8c5",
      "dc:contributor": [
        "https://api.deepl.com/v2/translate"
      ],
      "rdf:language": [
        "nl"
      ],
      "rdf:predicate": [
        {
          "@id": "rdfs:comment"
        }
      ]
    }
  ],
  "isLocatedAt": [
    {
      "@id": "https://data.datatourisme.fr/c48d988c-5897-3071-8493-6e809b6c140e",
      "schema:address": [
        {
          "@id": "https://data.datatourisme.fr/431c5df9-0b4c-38b3-8bc4-e2ca9df6e604",
          "schema:addressLocality": "Colombes",
          "schema:postalCode": "92700",
          "schema:streetAddress": [
            "67 rue de Chatou"
          ],
          "@type": [
            "schema:PostalAddress",
            "PostalAddress"
          ],
          "hasAddressCity": {
            "@id": "kb:92025",
            "@type": [
              "City"
            ],
            "rdfs:label": {
              "de": [
                "Colombes"
              ],
              "pt": [
                "Colombes"
              ],
              "en": [
                "Colombes"
              ],
              "it": [
                "Colombes"
              ],
              "fr": [
                "Colombes"
              ],
              "nl": [
                "Colombes"
              ],
              "es": [
                "Colombes"
              ]
            },
            "insee": "92025",
            "isPartOfDepartment": {
              "@id": "kb:France1192",
              "@type": [
                "Department"
              ],
              "rdfs:label": {
                "de": [
                  "Hauts-de-Seine"
                ],
                "pt": [
                  "Hauts-de-Seine"
                ],
                "en": [
                  "Hauts-de-Seine"
                ],
                "it": [
                  "Hauts-de-Seine"
                ],
                "fr": [
                  "Hauts-de-Seine"
                ],
                "nl": [
                  "Hauts-de-Seine"
                ],
                "es": [
                  "Hauts-de-Seine"
                ]
              },
              "insee": "92",
              "isPartOfRegion": {
                "@id": "kb:France11",
                "@type": [
                  "Region"
                ],
                "rdfs:label": {
                  "de": [
                    "Île-de-France"
                  ],
                  "pt": [
                    "Île-de-France"
                  ],
                  "en": [
                    "Île-de-France"
                  ],
                  "it": [
                    "Île-de-France"
                  ],
                  "fr": [
                    "Île-de-France"
                  ],
                  "nl": [
                    "Île-de-France"
                  ],
                  "es": [
                    "Île-de-France"
                  ]
                },
                "insee": "11",
                "isPartOfCountry": {
                  "@id": "kb:France",
                  "@type": [
                    "schema:Country"
                  ],
                  "rdfs:label": {
                    "de": [
                      "France",
                      "Frankreich"
                    ],
                    "pt": [
                      "França",
                      "France"
                    ],
                    "en": [
                      "France"
                    ],
                    "it": [
                      "France",
                      "Francia"
                    ],
                    "fr": [
                      "France"
                    ],
                    "nl": [
                      "France",
                      "Frankrijk"
                    ],
                    "es": [
                      "France",
                      "Francia"
                    ]
                  }
                }
              }
            }
          }
        }
      ],
      "schema:geo": {
        "@id": "https://data.datatourisme.fr/9ad363a9-dd8f-3df7-a4d2-4b0b522afa5b",
        "schema:latitude": "48.914101",
        "schema:longitude": "2.238201",
        "@type": [
          "schema:GeoCoordinates"
        ]
      },
      "schema:openingHoursSpecification": [
        {
          "@id": "https://data.datatourisme.fr/f87e535a-636d-3343-ad63-8a03392e7511",
          "schema:validFrom": "2023-01-01T00:00:00",
          "schema:validThrough": "2023-12-31T23:59:59",
          "@type": [
            "schema:OpeningHoursSpecification"
          ]
        }
      ],
      "@type": [
        "schema:Place",
        "Place"
      ]
    }
  ],
  "isOwnedBy": [
    {
      "@id": "https://data.datatourisme.fr/51418642-d8c7-3896-8f4e-6e25435e4c26",
      "schema:email": [
        "ebasset@yvelines.fr",
        "tourisme@yvelines.fr"
      ],
      "schema:legalName": "Conseil Départemental des Yvelines",
      "@type": [
        "schema:Organization",
        "foaf:Agent",
        "Agent"
      ]
    }
  ],
  "lastUpdate": "2021-07-16",
  "lastUpdateDatatourisme": "2023-02-12T06:37:12.705Z"
}