{
  "@id": "https://data.datatourisme.fr/13/0e6f08b5-644e-37c8-a03b-287d8ad87e41",
  "dc:identifier": "5859919",
  "schema:endDate": [
    "2023-02-25",
    "2023-05-07",
    "2023-08-12",
    "2023-12-18"
  ],
  "schema:startDate": [
    "2023-02-25",
    "2023-05-07",
    "2023-08-12",
    "2023-12-18"
  ],
  "@type": [
    "schema:Event",
    "schema:Product",
    "EntertainmentAndEvent",
    "PointOfInterest",
    "Product",
    "Visit"
  ],
  "rdfs:comment": {
    "de": [
      "Machen Sie sich auf die Suche nach zahlreichen Details und Verzierungen an den Fassaden der Stadt! Ein Führer begleitet Sie auf Ihrer Suche und enthüllt Ihnen die Geheimnisse, die in jedem Detail verborgen sind: so viele unbekannte Aspekte dieser Stadt im Herzen der französischen Geschichte..."
    ],
    "en": [
      "Go in search of many details and decorations on the facades of the city! A guide accompanies your quest and reveals the secrets hidden by each one: so many unknown aspects of this city placed in the heart of the History of France..."
    ],
    "it": [
      "Andate alla ricerca dei numerosi dettagli e decorazioni delle facciate della città! Una guida vi accompagna nella vostra ricerca e vi svela i segreti nascosti in ognuna di esse: tanti aspetti poco conosciuti di questa città nel cuore della storia francese..."
    ],
    "fr": [
      "Partez à la recherche de nombreux détails et décors sur les façades de la ville ! Un guide accompagne votre quête et vous dévoile les secrets renfermés par chacun : autant d'aspects méconnus de cette cité placée au cœur de l'Histoire de France..."
    ],
    "es": [
      "Vaya en busca de los numerosos detalles y decoraciones de las fachadas de la ciudad Un guía le acompañará en su búsqueda y le revelará los secretos ocultos en cada una de ellas: tantos aspectos poco conocidos de esta ciudad en el corazón de la historia de Francia..."
    ],
    "nl": [
      "Ga op zoek naar de vele details en versieringen op de gevels van de stad! Een gids begeleidt u op uw zoektocht en onthult de geheimen die in elke gevel verborgen zitten: zoveel weinig bekende aspecten van deze stad in het hart van de Franse geschiedenis..."
    ]
  },
  "rdfs:label": {
    "fr": [
      "Rallye découverte guidé dans Versailles"
    ]
  },
  "hasBeenCreatedBy": {
    "@id": "https://data.datatourisme.fr/13/d6723e7c-d673-3df6-8d1c-e4c704c29a04",
    "dc:identifier": "1095",
    "schema:email": [
      "amasson@ot-versailles.fr",
      "bboucher@ot-versailles.fr",
      "cbrancato@ot-versailles.fr",
      "ccharpentier@ot-versailles.fr",
      "epiroue@ot-versailles.fr",
      "hgouillyfrossard@ot-versailles.fr",
      "laurence.francois@tourisme-bougival.com",
      "lkodal@ot-versailles.fr",
      "mmorin@ot-versailles.fr",
      "qcognioul@ot-versailles.fr",
      "stagiaire1@ot-versailles.fr"
    ],
    "schema:legalName": "Office de Tourisme et des Congrès de Versailles Grand Parc",
    "@type": [
      "schema:Organization",
      "foaf:Agent",
      "Agent"
    ],
    "foaf:homepage": [
      "http://www.versailles-tourisme.com/"
    ]
  },
  "hasBeenPublishedBy": [
    {
      "@id": "https://data.datatourisme.fr/8a9feb4b-2cbd-3d2c-b507-bd6c6776b23b",
      "schema:legalName": "Apidae Tourisme Scic SA - source : Apidae Tourisme",
      "@type": [
        "schema:Organization",
        "foaf:Agent",
        "Agent"
      ],
      "foaf:homepage": [
        "https://www.apidae-tourisme.com/"
      ]
    }
  ],
  "hasContact": [
    {
      "@id": "https://data.datatourisme.fr/52f62345-a46c-37f4-9f32-f4cffb99d620",
      "schema:email": [
        "tourisme@ot-versailles.fr"
      ],
      "schema:telephone": [
        "+33 1 39 24 88 88"
      ],
      "@type": [
        "foaf:Agent",
        "Agent"
      ],
      "foaf:homepage": [
        "http://www.versailles-tourisme.com/"
      ]
    }
  ],
  "hasDescription": [
    {
      "@id": "https://data.datatourisme.fr/944859a4-7abf-36e8-aa32-0c10c28dec82",
      "@type": [
        "Description"
      ],
      "hasTranslatedProperty": [
        {
          "@id": "https://data.datatourisme.fr/05dcc124-bcfb-3162-ace4-2f8f7fc3187a",
          "dc:contributor": [
            "https://api.deepl.com/v2/translate"
          ],
          "rdf:language": [
            "es"
          ],
          "rdf:predicate": [
            "shortDescription"
          ]
        },
        {
          "@id": "https://data.datatourisme.fr/80d4ecea-8d9c-3f47-b8e9-e8e3dba9b30c",
          "dc:contributor": [
            "https://api.deepl.com/v2/translate"
          ],
          "rdf:language": [
            "de"
          ],
          "rdf:predicate": [
            "shortDescription"
          ]
        },
        {
          "@id": "https://data.datatourisme.fr/d875fe95-2124-3816-a51b-d706eeba0f6a",
          "dc:contributor": [
            "https://api.deepl.com/v2/translate"
          ],
          "rdf:language": [
            "nl"
          ],
          "rdf:predicate": [
            "shortDescription"
          ]
        },
        {
          "@id": "https://data.datatourisme.fr/e8d819b0-2305-3be5-a75f-60122de4d2c8",
          "dc:contributor": [
            "https://api.deepl.com/v2/translate"
          ],
          "rdf:language": [
            "en"
          ],
          "rdf:predicate": [
            "shortDescription"
          ]
        },
        {
          "@id": "https://data.datatourisme.fr/fb85ec90-5127-3c90-aabd-2f985096dc28",
          "dc:contributor": [
            "https://api.deepl.com/v2/translate"
          ],
          "rdf:language": [
            "it"
          ],
          "rdf:predicate": [
            "shortDescription"
          ]
        }
      ],
      "shortDescription": {
        "de": [
          "Machen Sie sich auf die Suche nach zahlreichen Details und Verzierungen an den Fassaden der Stadt! Ein Führer begleitet Sie auf Ihrer Suche und enthüllt Ihnen die Geheimnisse, die in jedem Detail verborgen sind: so viele unbekannte Aspekte dieser Stadt im Herzen der französischen Geschichte..."
        ],
        "en": [
          "Go in search of many details and decorations on the facades of the city! A guide accompanies your quest and reveals the secrets hidden by each one: so many unknown aspects of this city placed in the heart of the History of France..."
        ],
        "it": [
          "Andate alla ricerca dei numerosi dettagli e decorazioni delle facciate della città! Una guida vi accompagna nella vostra ricerca e vi svela i segreti nascosti in ognuna di esse: tanti aspetti poco conosciuti di questa città nel cuore della storia francese..."
        ],
        "fr": [
          "Partez à la recherche de nombreux détails et décors sur les façades de la ville ! Un guide accompagne votre quête et vous dévoile les secrets renfermés par chacun : autant d'aspects méconnus de cette cité placée au cœur de l'Histoire de France..."
        ],
        "es": [
          "Vaya en busca de los numerosos detalles y decoraciones de las fachadas de la ciudad Un guía le acompañará en su búsqueda y le revelará los secretos ocultos en cada una de ellas: tantos aspectos poco conocidos de esta ciudad en el corazón de la historia de Francia..."
        ],
        "nl": [
          "Ga op zoek naar de vele details en versieringen op de gevels van de stad! Een gids begeleidt u op uw zoektocht en onthult de geheimen die in elke gevel verborgen zitten: zoveel weinig bekende aspecten van deze stad in het hart van de Franse geschiedenis..."
        ]
      }
    }
  ],
  "hasTranslatedProperty": [
    {
      "@id": "https://data.datatourisme.fr/69d54d6b-7816-32e9-980c-7d4b2252864f",
      "dc:contributor": [
        "https://api.deepl.com/v2/translate"
      ],
      "rdf:language": [
        "en"
      ],
      "rdf:predicate": [
        {
          "@id": "rdfs:comment"
        }
      ]
    },
    {
      "@id": "https://data.datatourisme.fr/81e7c997-3bb6-343e-ba82-a5183ed2bdfe",
      "dc:contributor": [
        "https://api.deepl.com/v2/translate"
      ],
      "rdf:language": [
        "nl"
      ],
      "rdf:predicate": [
        {
          "@id": "rdfs:comment"
        }
      ]
    },
    {
      "@id": "https://data.datatourisme.fr/891f596c-618b-394b-91a5-fba338d06b63",
      "dc:contributor": [
        "https://api.deepl.com/v2/translate"
      ],
      "rdf:language": [
        "es"
      ],
      "rdf:predicate": [
        {
          "@id": "rdfs:comment"
        }
      ]
    },
    {
      "@id": "https://data.datatourisme.fr/a502c2ef-fec2-381a-a1e7-1e01b50d81d1",
      "dc:contributor": [
        "https://api.deepl.com/v2/translate"
      ],
      "rdf:language": [
        "de"
      ],
      "rdf:predicate": [
        {
          "@id": "rdfs:comment"
        }
      ]
    },
    {
      "@id": "https://data.datatourisme.fr/c0a5a1e4-a353-3954-9be2-e4767d3ae2f3",
      "dc:contributor": [
        "https://api.deepl.com/v2/translate"
      ],
      "rdf:language": [
        "it"
      ],
      "rdf:predicate": [
        {
          "@id": "rdfs:comment"
        }
      ]
    }
  ],
  "isLocatedAt": [
    {
      "@id": "https://data.datatourisme.fr/d98cd8bd-4305-377e-87c3-87d0c0fd92ee",
      "schema:address": [
        {
          "@id": "https://data.datatourisme.fr/fb76c082-425c-3fdb-b83b-5d9b261793d3",
          "schema:addressLocality": "Versailles",
          "schema:postalCode": "78000",
          "schema:streetAddress": [
            "1 bis rue du Jeu de Paume",
            "Office de Tourisme et des Congrès de Versailles Grand Parc"
          ],
          "@type": [
            "schema:PostalAddress",
            "PostalAddress"
          ],
          "hasAddressCity": {
            "@id": "kb:78646",
            "@type": [
              "City"
            ],
            "rdfs:label": {
              "de": [
                "Versailles"
              ],
              "pt": [
                "Versailles"
              ],
              "en": [
                "Versailles"
              ],
              "it": [
                "Versailles"
              ],
              "fr": [
                "Versailles"
              ],
              "nl": [
                "Versailles"
              ],
              "es": [
                "Versailles"
              ]
            },
            "insee": "78646",
            "isPartOfDepartment": {
              "@id": "kb:France1178",
              "@type": [
                "Department"
              ],
              "rdfs:label": {
                "de": [
                  "Yvelines"
                ],
                "pt": [
                  "Yvelines"
                ],
                "en": [
                  "Yvelines"
                ],
                "it": [
                  "Yvelines"
                ],
                "fr": [
                  "Yvelines"
                ],
                "nl": [
                  "Yvelines"
                ],
                "es": [
                  "Yvelines"
                ]
              },
              "insee": "78",
              "isPartOfRegion": {
                "@id": "kb:France11",
                "@type": [
                  "Region"
                ],
                "rdfs:label": {
                  "de": [
                    "Île-de-France"
                  ],
                  "pt": [
                    "Île-de-France"
                  ],
                  "en": [
                    "Île-de-France"
                  ],
                  "it": [
                    "Île-de-France"
                  ],
                  "fr": [
                    "Île-de-France"
                  ],
                  "nl": [
                    "Île-de-France"
                  ],
                  "es": [
                    "Île-de-France"
                  ]
                },
                "insee": "11",
                "isPartOfCountry": {
                  "@id": "kb:France",
                  "@type": [
                    "schema:Country"
                  ],
                  "rdfs:label": {
                    "de": [
                      "France",
                      "Frankreich"
                    ],
                    "pt": [
                      "França",
                      "France"
                    ],
                    "en": [
                      "France"
                    ],
                    "it": [
                      "France",
                      "Francia"
                    ],
                    "fr": [
                      "France"
                    ],
                    "nl": [
                      "France",
                      "Frankrijk"
                    ],
                    "es": [
                      "France",
                      "Francia"
                    ]
                  }
                }
              }
            }
          }
        }
      ],
      "schema:geo": {
        "@id": "https://data.datatourisme.fr/5d9ac1c7-4c6e-3048-8cf2-afcc4aa916d5",
        "schema:latitude": "48.802406",
        "schema:longitude": "2.123615",
        "@type": [
          "schema:GeoCoordinates"
        ]
      },
      "schema:openingHoursSpecification": [
        {
          "@id": "https://data.datatourisme.fr/14f2f065-1b09-32cf-a45d-7abd3c6e59bb",
          "schema:closes": "16:30:00",
          "schema:opens": "15:00:00",
          "schema:validFrom": "2023-02-25T00:00:00",
          "schema:validThrough": "2023-02-25T23:59:59",
          "@type": [
            "schema:OpeningHoursSpecification"
          ]
        },
        {
          "@id": "https://data.datatourisme.fr/57468a8f-5c0f-3fdb-bf06-4d2b91b61e38",
          "schema:closes": "16:30:00",
          "schema:opens": "15:00:00",
          "schema:validFrom": "2023-08-12T00:00:00",
          "schema:validThrough": "2023-08-12T23:59:59",
          "@type": [
            "schema:OpeningHoursSpecification"
          ]
        },
        {
          "@id": "https://data.datatourisme.fr/7091f5e0-ea88-38db-9221-da19293428e4",
          "schema:closes": "16:30:00",
          "schema:opens": "15:00:00",
          "schema:validFrom": "2023-12-18T00:00:00",
          "schema:validThrough": "2023-12-18T23:59:59",
          "@type": [
            "schema:OpeningHoursSpecification"
          ]
        },
        {
          "@id": "https://data.datatourisme.fr/d3206ad9-5a1b-34d1-b7db-29890edefa28",
          "schema:closes": "16:30:00",
          "schema:opens": "15:00:00",
          "schema:validFrom": "2023-05-07T00:00:00",
          "schema:validThrough": "2023-05-07T23:59:59",
          "@type": [
            "schema:OpeningHoursSpecification"
          ]
        }
      ],
      "@type": [
        "schema:Place",
        "Place"
      ]
    }
  ],
  "isOwnedBy": [
    {
      "@id": "https://data.datatourisme.fr/5d3c003f-455f-3c49-8873-2d60c146bb7d",
      "schema:email": [
        "amasson@ot-versailles.fr",
        "bboucher@ot-versailles.fr",
        "cbrancato@ot-versailles.fr",
        "ccharpentier@ot-versailles.fr",
        "epiroue@ot-versailles.fr",
        "hgouillyfrossard@ot-versailles.fr",
        "laurence.francois@tourisme-bougival.com",
        "lkodal@ot-versailles.fr",
        "mmorin@ot-versailles.fr",
        "qcognioul@ot-versailles.fr",
        "stagiaire1@ot-versailles.fr"
      ],
      "schema:legalName": "Office de Tourisme et des Congrès de Versailles Grand Parc",
      "@type": [
        "schema:Organization",
        "foaf:Agent",
        "Agent"
      ],
      "foaf:homepage": [
        "http://www.versailles-tourisme.com/"
      ]
    }
  ],
  "lastUpdate": "2023-03-20",
  "lastUpdateDatatourisme": "2023-05-30T05:49:20.325Z",
  "offers": [
    {
      "@id": "https://data.datatourisme.fr/045ed7a6-f466-356c-a12a-796b40640844",
      "schema:priceSpecification": [
        {
          "@id": "https://data.datatourisme.fr/d1287da8-445b-363d-8a89-fa5fc8a7b84f",
          "schema:maxPrice": [
            "10",
            "15"
          ],
          "schema:minPrice": [
            "10",
            "15"
          ],
          "schema:priceCurrency": "EUR",
          "@type": [
            "schema:PriceSpecification",
            "PriceSpecification"
          ],
          "appliesOnPeriod": [
            {
              "@id": "https://data.datatourisme.fr/d019dad6-a11f-3b85-8bd0-6b4203a22abe",
              "@type": [
                "Period"
              ],
              "endDate": "2023-12-31",
              "startDate": "2022-02-20"
            }
          ]
        }
      ],
      "@type": [
        "schema:Offer",
        "Offer"
      ]
    }
  ],
  "takesPlaceAt": [
    {
      "@id": "https://data.datatourisme.fr/67910209-449e-3f8d-9ea8-5c96809ef7e3",
      "@type": [
        "Period"
      ],
      "endDate": "2023-12-18",
      "endTime": "16:30:00",
      "startDate": "2023-12-18",
      "startTime": "15:00:00"
    },
    {
      "@id": "https://data.datatourisme.fr/6cdc268f-9847-3181-bab7-adf107d417a0",
      "@type": [
        "Period"
      ],
      "endDate": "2023-08-12",
      "endTime": "16:30:00",
      "startDate": "2023-08-12",
      "startTime": "15:00:00"
    },
    {
      "@id": "https://data.datatourisme.fr/be9115fc-bd32-3ca3-9869-237ffe75a151",
      "@type": [
        "Period"
      ],
      "endDate": "2023-05-07",
      "endTime": "16:30:00",
      "startDate": "2023-05-07",
      "startTime": "15:00:00"
    },
    {
      "@id": "https://data.datatourisme.fr/bf485c62-08cb-3a9d-9231-7c3feffe1810",
      "@type": [
        "Period"
      ],
      "endDate": "2023-02-25",
      "endTime": "16:30:00",
      "startDate": "2023-02-25",
      "startTime": "15:00:00"
    }
  ]
}