{
  "@id": "https://data.datatourisme.fr/13/0ec236b5-133e-3bd3-adf9-f08ed5330d52",
  "dc:identifier": "5548134",
  "@type": [
    "schema:Accommodation",
    "schema:LodgingBusiness",
    "Accommodation",
    "CollectiveAccommodation",
    "GroupLodging",
    "PlaceOfInterest",
    "PointOfInterest",
    "StopOverOrGroupLodge"
  ],
  "rdfs:comment": {
    "de": [
      "Entspannung garantiert!"
    ],
    "en": [
      "Relaxation guaranteed!"
    ],
    "it": [
      "Relax garantito!"
    ],
    "fr": [
      "Détente assurée !"
    ],
    "es": [
      "Relajación garantizada"
    ],
    "nl": [
      "Ontspanning gegarandeerd!"
    ]
  },
  "rdfs:label": {
    "fr": [
      "Gîte de groupe \"Gîte Villa Blanche\""
    ]
  },
  "hasBeenCreatedBy": {
    "@id": "https://data.datatourisme.fr/13/6b180037-abbe-3ea9-91d8-b1232f8a8ca9",
    "dc:identifier": "1013",
    "schema:email": [
      "ca.gicquel@essonnetourisme.com",
      "d.senoalves@essonnetourisme.com"
    ],
    "schema:legalName": "Comité départemental du tourisme de l'Essonne",
    "@type": [
      "schema:Organization",
      "foaf:Agent",
      "Agent"
    ],
    "foaf:homepage": [
      "http://essonnetourisme.com/"
    ]
  },
  "hasBeenPublishedBy": [
    {
      "@id": "https://data.datatourisme.fr/8a9feb4b-2cbd-3d2c-b507-bd6c6776b23b",
      "schema:legalName": "Apidae Tourisme Scic SA - source : Apidae Tourisme",
      "@type": [
        "schema:Organization",
        "foaf:Agent",
        "Agent"
      ],
      "foaf:homepage": [
        "https://www.apidae-tourisme.com/"
      ]
    }
  ],
  "hasContact": [
    {
      "@id": "https://data.datatourisme.fr/faca3b37-711c-37be-a6cf-deb05477d459",
      "schema:email": [
        "info@gitevillablanche.fr"
      ],
      "schema:telephone": [
        "+33 6 52 28 17 87"
      ],
      "@type": [
        "foaf:Agent",
        "Agent"
      ],
      "foaf:homepage": [
        "http://www.gites-de-france-essonne.com/location-vacances-Gite-de-sejour-Boissy-sous-saint-yon-91G913002.html",
        "http://www.gitevillablanche.fr/"
      ]
    }
  ],
  "hasDescription": [
    {
      "@id": "https://data.datatourisme.fr/b01a9b14-eee8-398a-b69b-816eae62557f",
      "@type": [
        "Description"
      ],
      "hasTranslatedProperty": [
        {
          "@id": "https://data.datatourisme.fr/099a23ff-cd3d-34d1-939e-8e1262d05510",
          "dc:contributor": [
            "https://api.deepl.com/v2/translate"
          ],
          "rdf:language": [
            "it"
          ],
          "rdf:predicate": [
            "shortDescription"
          ]
        },
        {
          "@id": "https://data.datatourisme.fr/1e91a715-f19c-34f5-9bd3-ed3f877b2a29",
          "dc:contributor": [
            "https://api.deepl.com/v2/translate"
          ],
          "rdf:language": [
            "de"
          ],
          "rdf:predicate": [
            "shortDescription"
          ]
        },
        {
          "@id": "https://data.datatourisme.fr/43cf32c7-760b-3e48-9178-cf96a137b250",
          "dc:contributor": [
            "https://api.deepl.com/v2/translate"
          ],
          "rdf:language": [
            "nl"
          ],
          "rdf:predicate": [
            "shortDescription"
          ]
        },
        {
          "@id": "https://data.datatourisme.fr/93c683e3-b8de-3b93-aa1f-4ef39dc39f62",
          "dc:contributor": [
            "https://api.deepl.com/v2/translate"
          ],
          "rdf:language": [
            "es"
          ],
          "rdf:predicate": [
            "shortDescription"
          ]
        },
        {
          "@id": "https://data.datatourisme.fr/ca54c5ef-18d3-3f7f-8c13-5e40b63a612a",
          "dc:contributor": [
            "https://api.deepl.com/v2/translate"
          ],
          "rdf:language": [
            "en"
          ],
          "rdf:predicate": [
            "shortDescription"
          ]
        }
      ],
      "shortDescription": {
        "de": [
          "Entspannung garantiert!"
        ],
        "en": [
          "Relaxation guaranteed!"
        ],
        "it": [
          "Relax garantito!"
        ],
        "fr": [
          "Détente assurée !"
        ],
        "es": [
          "Relajación garantizada"
        ],
        "nl": [
          "Ontspanning gegarandeerd!"
        ]
      }
    }
  ],
  "hasTranslatedProperty": [
    {
      "@id": "https://data.datatourisme.fr/0b8fa2ca-d399-39f3-94e0-74f43e2e6f5c",
      "dc:contributor": [
        "https://api.deepl.com/v2/translate"
      ],
      "rdf:language": [
        "nl"
      ],
      "rdf:predicate": [
        {
          "@id": "rdfs:comment"
        }
      ]
    },
    {
      "@id": "https://data.datatourisme.fr/197c9564-6a65-3355-995e-d29303967150",
      "dc:contributor": [
        "https://api.deepl.com/v2/translate"
      ],
      "rdf:language": [
        "de"
      ],
      "rdf:predicate": [
        {
          "@id": "rdfs:comment"
        }
      ]
    },
    {
      "@id": "https://data.datatourisme.fr/46be6440-2390-3e5e-9d95-afa0f1e7c88b",
      "dc:contributor": [
        "https://api.deepl.com/v2/translate"
      ],
      "rdf:language": [
        "en"
      ],
      "rdf:predicate": [
        {
          "@id": "rdfs:comment"
        }
      ]
    },
    {
      "@id": "https://data.datatourisme.fr/7705ce4b-f6f0-390e-b23c-9d8b8df4d2bb",
      "dc:contributor": [
        "https://api.deepl.com/v2/translate"
      ],
      "rdf:language": [
        "es"
      ],
      "rdf:predicate": [
        {
          "@id": "rdfs:comment"
        }
      ]
    },
    {
      "@id": "https://data.datatourisme.fr/ac78c408-c33d-3f9a-aa78-07a8ce3d914e",
      "dc:contributor": [
        "https://api.deepl.com/v2/translate"
      ],
      "rdf:language": [
        "it"
      ],
      "rdf:predicate": [
        {
          "@id": "rdfs:comment"
        }
      ]
    }
  ],
  "isLocatedAt": [
    {
      "@id": "https://data.datatourisme.fr/184a8bc0-e421-3e50-94ad-a83288d3fd45",
      "schema:address": [
        {
          "@id": "https://data.datatourisme.fr/d5d643bd-7b17-313b-865b-8c6d9626d836",
          "schema:addressLocality": "Boissy-sous-Saint-Yon",
          "schema:postalCode": "91790",
          "schema:streetAddress": [
            "34 rue de Chatres"
          ],
          "@type": [
            "schema:PostalAddress",
            "PostalAddress"
          ],
          "hasAddressCity": {
            "@id": "kb:91085",
            "@type": [
              "City"
            ],
            "rdfs:label": {
              "de": [
                "Boissy-sous-Saint-Yon"
              ],
              "pt": [
                "Boissy-sous-Saint-Yon"
              ],
              "en": [
                "Boissy-sous-Saint-Yon"
              ],
              "it": [
                "Boissy-sous-Saint-Yon"
              ],
              "fr": [
                "Boissy-sous-Saint-Yon"
              ],
              "nl": [
                "Boissy-sous-Saint-Yon"
              ],
              "es": [
                "Boissy-sous-Saint-Yon"
              ]
            },
            "insee": "91085",
            "isPartOfDepartment": {
              "@id": "kb:France1191",
              "@type": [
                "Department"
              ],
              "rdfs:label": {
                "de": [
                  "Essonne"
                ],
                "pt": [
                  "Essonne"
                ],
                "en": [
                  "Essonne"
                ],
                "it": [
                  "Essonne"
                ],
                "fr": [
                  "Essonne"
                ],
                "nl": [
                  "Essonne"
                ],
                "es": [
                  "Essonne"
                ]
              },
              "insee": "91",
              "isPartOfRegion": {
                "@id": "kb:France11",
                "@type": [
                  "Region"
                ],
                "rdfs:label": {
                  "de": [
                    "Île-de-France"
                  ],
                  "pt": [
                    "Île-de-France"
                  ],
                  "en": [
                    "Île-de-France"
                  ],
                  "it": [
                    "Île-de-France"
                  ],
                  "fr": [
                    "Île-de-France"
                  ],
                  "nl": [
                    "Île-de-France"
                  ],
                  "es": [
                    "Île-de-France"
                  ]
                },
                "insee": "11",
                "isPartOfCountry": {
                  "@id": "kb:France",
                  "@type": [
                    "schema:Country"
                  ],
                  "rdfs:label": {
                    "de": [
                      "France",
                      "Frankreich"
                    ],
                    "pt": [
                      "França",
                      "France"
                    ],
                    "en": [
                      "France"
                    ],
                    "it": [
                      "France",
                      "Francia"
                    ],
                    "fr": [
                      "France"
                    ],
                    "nl": [
                      "France",
                      "Frankrijk"
                    ],
                    "es": [
                      "France",
                      "Francia"
                    ]
                  }
                }
              }
            }
          }
        }
      ],
      "schema:geo": {
        "@id": "https://data.datatourisme.fr/57b1ebfb-5ac3-3df4-85e0-cd16f72f842c",
        "schema:latitude": "48.560485",
        "schema:longitude": "2.210021",
        "@type": [
          "schema:GeoCoordinates"
        ]
      },
      "schema:openingHoursSpecification": [
        {
          "@id": "https://data.datatourisme.fr/f87e535a-636d-3343-ad63-8a03392e7511",
          "schema:validFrom": "2023-01-01T00:00:00",
          "schema:validThrough": "2023-12-31T23:59:59",
          "@type": [
            "schema:OpeningHoursSpecification"
          ]
        }
      ],
      "@type": [
        "schema:Place",
        "Place"
      ]
    }
  ],
  "isOwnedBy": [
    {
      "@id": "https://data.datatourisme.fr/df1ed81c-2924-3bf0-aaab-557628e84eab",
      "schema:email": [
        "ca.gicquel@essonnetourisme.com",
        "d.senoalves@essonnetourisme.com"
      ],
      "schema:legalName": "Comité départemental du tourisme de l'Essonne",
      "@type": [
        "schema:Organization",
        "foaf:Agent",
        "Agent"
      ],
      "foaf:homepage": [
        "http://essonnetourisme.com/"
      ]
    }
  ],
  "lastUpdate": "2022-01-06",
  "lastUpdateDatatourisme": "2023-05-30T05:49:20.354Z",
  "offers": [
    {
      "@id": "https://data.datatourisme.fr/f0e86b1a-362f-300a-adcf-6e3c440aaefe",
      "schema:priceSpecification": [
        {
          "@id": "https://data.datatourisme.fr/cb4f6674-4daa-364d-8edf-ae16ae7d9bee",
          "schema:maxPrice": [
            "1200",
            "2200"
          ],
          "schema:minPrice": [
            "2200",
            "30",
            "750"
          ],
          "schema:priceCurrency": "EUR",
          "@type": [
            "schema:PriceSpecification",
            "PriceSpecification"
          ],
          "appliesOnPeriod": [
            {
              "@id": "https://data.datatourisme.fr/0663ca4b-3470-3171-9053-39aa704e8f56",
              "@type": [
                "Period"
              ],
              "endDate": "2022-12-31",
              "startDate": "2022-01-01"
            }
          ]
        }
      ],
      "@type": [
        "schema:Offer",
        "Offer"
      ]
    }
  ]
}