{
  "@id": "https://data.datatourisme.fr/13/0e99d326-0512-35db-8475-f0e2712b111d",
  "dc:identifier": "4800776",
  "@type": [
    "schema:LocalBusiness",
    "CraftsmanShop",
    "PlaceOfInterest",
    "PointOfInterest",
    "Store"
  ],
  "rdfs:comment": {
    "de": [
      "Das Material ist eine Familiengeschichte, jeder bearbeitet es auf seine Weise"
    ],
    "en": [
      "The material is a family story, each one works it in his own way"
    ],
    "it": [
      "Il materiale è un affare di famiglia, ognuno lo lavora a modo suo"
    ],
    "fr": [
      "La matière c’est une histoire de famille, chacun la travaille à sa façon"
    ],
    "nl": [
      "Het materiaal is een familieaangelegenheid, iedereen bewerkt het op zijn eigen manier"
    ],
    "es": [
      "El material es un asunto de familia, cada uno lo trabaja a su manera"
    ]
  },
  "rdfs:label": {
    "fr": [
      "Corinne Delusseau-Rouxel"
    ]
  },
  "hasBeenCreatedBy": {
    "@id": "https://data.datatourisme.fr/13/4e9cec1f-5830-3645-9111-d63e24f3b8ef",
    "dc:identifier": "1556",
    "schema:email": [
      "c.imbert@rt78.fr",
      "c.vallet@rt78.fr",
      "m.suray@rt78.fr",
      "s.bertoncini@rt78.fr"
    ],
    "schema:legalName": "Rambouillet Territoires",
    "@type": [
      "schema:Organization",
      "foaf:Agent",
      "Agent"
    ],
    "foaf:homepage": [
      "http://www.rambouillet-tourisme.fr/"
    ]
  },
  "hasBeenPublishedBy": [
    {
      "@id": "https://data.datatourisme.fr/8a9feb4b-2cbd-3d2c-b507-bd6c6776b23b",
      "schema:legalName": "Apidae Tourisme Scic SA - source : Apidae Tourisme",
      "@type": [
        "schema:Organization",
        "foaf:Agent",
        "Agent"
      ],
      "foaf:homepage": [
        "https://www.apidae-tourisme.com/"
      ]
    }
  ],
  "hasContact": [
    {
      "@id": "https://data.datatourisme.fr/11f08bb9-f875-3649-b67a-571a93a393a0",
      "schema:telephone": [
        "+33 1 30 59 32 49"
      ],
      "@type": [
        "foaf:Agent",
        "Agent"
      ],
      "foaf:homepage": [
        "https://latelier-du-palais.jimdo.com/"
      ]
    }
  ],
  "hasDescription": [
    {
      "@id": "https://data.datatourisme.fr/da387526-8080-3c73-903f-8e0ca8a89bde",
      "@type": [
        "Description"
      ],
      "hasTranslatedProperty": [
        {
          "@id": "https://data.datatourisme.fr/0f93a8ec-c1fb-3867-b621-ec99c45a6440",
          "dc:contributor": [
            "https://api.deepl.com/v2/translate"
          ],
          "rdf:language": [
            "en"
          ],
          "rdf:predicate": [
            "shortDescription"
          ]
        },
        {
          "@id": "https://data.datatourisme.fr/2ef865a6-9e01-3f75-aeda-a214635d8487",
          "dc:contributor": [
            "https://api.deepl.com/v2/translate"
          ],
          "rdf:language": [
            "nl"
          ],
          "rdf:predicate": [
            "shortDescription"
          ]
        },
        {
          "@id": "https://data.datatourisme.fr/65dc9355-477f-3522-9dae-3f7c83eeaba7",
          "dc:contributor": [
            "https://api.deepl.com/v2/translate"
          ],
          "rdf:language": [
            "es"
          ],
          "rdf:predicate": [
            "shortDescription"
          ]
        },
        {
          "@id": "https://data.datatourisme.fr/957ca654-0128-3e68-bd65-5a7ee0d9d657",
          "dc:contributor": [
            "https://api.deepl.com/v2/translate"
          ],
          "rdf:language": [
            "it"
          ],
          "rdf:predicate": [
            "shortDescription"
          ]
        },
        {
          "@id": "https://data.datatourisme.fr/e5df89e4-5973-39f7-82ad-4b8b36a43dda",
          "dc:contributor": [
            "https://api.deepl.com/v2/translate"
          ],
          "rdf:language": [
            "de"
          ],
          "rdf:predicate": [
            "shortDescription"
          ]
        }
      ],
      "shortDescription": {
        "de": [
          "Das Material ist eine Familiengeschichte, jeder bearbeitet es auf seine Weise"
        ],
        "en": [
          "The material is a family story, each one works it in his own way"
        ],
        "it": [
          "Il materiale è un affare di famiglia, ognuno lo lavora a modo suo"
        ],
        "fr": [
          "La matière c’est une histoire de famille, chacun la travaille à sa façon"
        ],
        "nl": [
          "Het materiaal is een familieaangelegenheid, iedereen bewerkt het op zijn eigen manier"
        ],
        "es": [
          "El material es un asunto de familia, cada uno lo trabaja a su manera"
        ]
      }
    }
  ],
  "hasTranslatedProperty": [
    {
      "@id": "https://data.datatourisme.fr/073b38c1-f0ad-3259-8eed-2a6db45b6899",
      "dc:contributor": [
        "https://api.deepl.com/v2/translate"
      ],
      "rdf:language": [
        "nl"
      ],
      "rdf:predicate": [
        {
          "@id": "rdfs:comment"
        }
      ]
    },
    {
      "@id": "https://data.datatourisme.fr/080880bf-09bf-3b1e-a128-e3cc55c015a9",
      "dc:contributor": [
        "https://api.deepl.com/v2/translate"
      ],
      "rdf:language": [
        "en"
      ],
      "rdf:predicate": [
        {
          "@id": "rdfs:comment"
        }
      ]
    },
    {
      "@id": "https://data.datatourisme.fr/5b21e639-6250-3ec6-be37-2050fcd64ab8",
      "dc:contributor": [
        "https://api.deepl.com/v2/translate"
      ],
      "rdf:language": [
        "de"
      ],
      "rdf:predicate": [
        {
          "@id": "rdfs:comment"
        }
      ]
    },
    {
      "@id": "https://data.datatourisme.fr/6763c120-67e2-3428-b201-f614b4669b6f",
      "dc:contributor": [
        "https://api.deepl.com/v2/translate"
      ],
      "rdf:language": [
        "es"
      ],
      "rdf:predicate": [
        {
          "@id": "rdfs:comment"
        }
      ]
    },
    {
      "@id": "https://data.datatourisme.fr/c5b0e662-8f23-3ec1-999c-c932a1fb496c",
      "dc:contributor": [
        "https://api.deepl.com/v2/translate"
      ],
      "rdf:language": [
        "it"
      ],
      "rdf:predicate": [
        {
          "@id": "rdfs:comment"
        }
      ]
    }
  ],
  "isLocatedAt": [
    {
      "@id": "https://data.datatourisme.fr/64b9d7d6-7374-3200-8eb9-3dc707413b84",
      "schema:address": [
        {
          "@id": "https://data.datatourisme.fr/650e3399-bb8e-3b53-b8eb-c437d614b5d6",
          "schema:addressLocality": "Saint-Arnoult-en-Yvelines",
          "schema:postalCode": "78730",
          "schema:streetAddress": [
            "6 rue du Palais"
          ],
          "@type": [
            "schema:PostalAddress",
            "PostalAddress"
          ],
          "hasAddressCity": {
            "@id": "kb:78537",
            "@type": [
              "City"
            ],
            "rdfs:label": {
              "de": [
                "Saint-Arnoult-en-Yvelines"
              ],
              "pt": [
                "Saint-Arnoult-en-Yvelines"
              ],
              "en": [
                "Saint-Arnoult-en-Yvelines"
              ],
              "it": [
                "Saint-Arnoult-en-Yvelines"
              ],
              "fr": [
                "Saint-Arnoult-en-Yvelines"
              ],
              "nl": [
                "Saint-Arnoult-en-Yvelines"
              ],
              "es": [
                "Saint-Arnoult-en-Yvelines"
              ]
            },
            "insee": "78537",
            "isPartOfDepartment": {
              "@id": "kb:France1178",
              "@type": [
                "Department"
              ],
              "rdfs:label": {
                "de": [
                  "Yvelines"
                ],
                "pt": [
                  "Yvelines"
                ],
                "en": [
                  "Yvelines"
                ],
                "it": [
                  "Yvelines"
                ],
                "fr": [
                  "Yvelines"
                ],
                "nl": [
                  "Yvelines"
                ],
                "es": [
                  "Yvelines"
                ]
              },
              "insee": "78",
              "isPartOfRegion": {
                "@id": "kb:France11",
                "@type": [
                  "Region"
                ],
                "rdfs:label": {
                  "de": [
                    "Île-de-France"
                  ],
                  "pt": [
                    "Île-de-France"
                  ],
                  "en": [
                    "Île-de-France"
                  ],
                  "it": [
                    "Île-de-France"
                  ],
                  "fr": [
                    "Île-de-France"
                  ],
                  "nl": [
                    "Île-de-France"
                  ],
                  "es": [
                    "Île-de-France"
                  ]
                },
                "insee": "11",
                "isPartOfCountry": {
                  "@id": "kb:France",
                  "@type": [
                    "schema:Country"
                  ],
                  "rdfs:label": {
                    "de": [
                      "France",
                      "Frankreich"
                    ],
                    "pt": [
                      "França",
                      "France"
                    ],
                    "en": [
                      "France"
                    ],
                    "it": [
                      "France",
                      "Francia"
                    ],
                    "fr": [
                      "France"
                    ],
                    "nl": [
                      "France",
                      "Frankrijk"
                    ],
                    "es": [
                      "France",
                      "Francia"
                    ]
                  }
                }
              }
            }
          }
        }
      ],
      "schema:geo": {
        "@id": "https://data.datatourisme.fr/69519a62-9859-3eff-b656-078c2cf8997b",
        "schema:latitude": "48.573217",
        "schema:longitude": "1.945399",
        "@type": [
          "schema:GeoCoordinates"
        ]
      },
      "schema:openingHoursSpecification": [
        {
          "@id": "https://data.datatourisme.fr/ad711115-b911-3f53-bf59-f871e77fce2d",
          "schema:validFrom": "2023-01-01T00:00:00",
          "schema:validThrough": "2023-12-31T23:59:59",
          "@type": [
            "schema:OpeningHoursSpecification"
          ],
          "additionalInformation": {
            "de": [
              "Offenes Atelier nach Vereinbarung"
            ],
            "en": [
              "Workshop open by appointment"
            ],
            "it": [
              "Laboratorio aperto su appuntamento"
            ],
            "fr": [
              "Atelier ouvert sur rendez-vous"
            ],
            "nl": [
              "Workshop open op afspraak"
            ],
            "es": [
              "Taller abierto con cita previa"
            ]
          },
          "hasTranslatedProperty": [
            {
              "@id": "https://data.datatourisme.fr/0c7125f7-6601-3554-91b5-0f16653ff256",
              "dc:contributor": [
                "https://api.deepl.com/v2/translate"
              ],
              "rdf:language": [
                "nl"
              ],
              "rdf:predicate": [
                "additionalInformation"
              ]
            },
            {
              "@id": "https://data.datatourisme.fr/7f10c1ef-5310-35c1-8ef8-38ffc07213ee",
              "dc:contributor": [
                "https://api.deepl.com/v2/translate"
              ],
              "rdf:language": [
                "it"
              ],
              "rdf:predicate": [
                "additionalInformation"
              ]
            },
            {
              "@id": "https://data.datatourisme.fr/e32b5357-0798-33c3-8dde-47c07b8afe28",
              "dc:contributor": [
                "https://api.deepl.com/v2/translate"
              ],
              "rdf:language": [
                "en"
              ],
              "rdf:predicate": [
                "additionalInformation"
              ]
            },
            {
              "@id": "https://data.datatourisme.fr/f673fca7-f83b-3595-9599-dbed95ca3572",
              "dc:contributor": [
                "https://api.deepl.com/v2/translate"
              ],
              "rdf:language": [
                "de"
              ],
              "rdf:predicate": [
                "additionalInformation"
              ]
            },
            {
              "@id": "https://data.datatourisme.fr/f7d0a753-a861-3a91-ae04-b2a2575fc239",
              "dc:contributor": [
                "https://api.deepl.com/v2/translate"
              ],
              "rdf:language": [
                "es"
              ],
              "rdf:predicate": [
                "additionalInformation"
              ]
            }
          ]
        }
      ],
      "@type": [
        "schema:Place",
        "Place"
      ]
    }
  ],
  "isOwnedBy": [
    {
      "@id": "https://data.datatourisme.fr/51ac81d8-8055-3c36-96d8-416e4b1cab4b",
      "schema:email": [
        "c.imbert@rt78.fr",
        "c.vallet@rt78.fr",
        "m.suray@rt78.fr",
        "s.bertoncini@rt78.fr"
      ],
      "schema:legalName": "Rambouillet Territoires",
      "@type": [
        "schema:Organization",
        "foaf:Agent",
        "Agent"
      ],
      "foaf:homepage": [
        "http://www.rambouillet-tourisme.fr/"
      ]
    }
  ],
  "lastUpdate": "2019-06-19",
  "lastUpdateDatatourisme": "2023-02-01T18:07:35.604Z"
}