{
  "@id": "https://data.datatourisme.fr/13/0e80e08e-378c-31a5-a732-adc7e6491f85",
  "dc:identifier": "727885",
  "@type": [
    "schema:FoodEstablishment",
    "FoodEstablishment",
    "PlaceOfInterest",
    "PointOfInterest"
  ],
  "rdfs:comment": {
    "de": [
      "Asiatisches Catering"
    ],
    "en": [
      "Asian Catering"
    ],
    "it": [
      "Ristorazione asiatica"
    ],
    "fr": [
      "Traiteur asiatique"
    ],
    "es": [
      "Catering asiático"
    ],
    "nl": [
      "Aziatische catering"
    ]
  },
  "rdfs:label": {
    "fr": [
      "Le Royal de Crécy"
    ]
  },
  "hasBeenCreatedBy": {
    "@id": "https://data.datatourisme.fr/13/8b406655-4730-3dfa-a026-6346bdc1b202",
    "dc:identifier": "1090",
    "schema:email": [
      "claire.maury@cpb-tourisme.fr",
      "david.doctrinal@cpb-tourisme.fr",
      "mr.otpf@gmail.com",
      "thomas.touret@cpb-tourisme.fr"
    ],
    "schema:legalName": "Coulommiers Pays de Brie Tourisme",
    "@type": [
      "schema:Organization",
      "foaf:Agent",
      "Agent"
    ]
  },
  "hasBeenPublishedBy": [
    {
      "@id": "https://data.datatourisme.fr/1db24fc4-b534-39bf-bdaf-152c6f98730e",
      "schema:legalName": "Seine et Marne Attractivité - source : Apidae Tourisme",
      "@type": [
        "schema:Organization",
        "foaf:Agent",
        "Agent"
      ],
      "foaf:homepage": [
        "https://www.apidae-tourisme.com/"
      ]
    }
  ],
  "hasContact": [
    {
      "@id": "https://data.datatourisme.fr/29ac0a9f-ce5e-3a0e-8543-8f30bb357444",
      "schema:telephone": [
        "+33 1 64 17 83 45"
      ],
      "@type": [
        "foaf:Agent",
        "Agent"
      ]
    }
  ],
  "hasDescription": [
    {
      "@id": "https://data.datatourisme.fr/b60d5a17-a282-3f8b-adc8-89d2a3c4caf1",
      "@type": [
        "Description"
      ],
      "hasTranslatedProperty": [
        {
          "@id": "https://data.datatourisme.fr/2a1e22af-a142-313d-baf4-dcb739f8d25d",
          "dc:contributor": [
            "https://api.deepl.com/v2/translate"
          ],
          "rdf:language": [
            "de"
          ],
          "rdf:predicate": [
            "shortDescription"
          ]
        },
        {
          "@id": "https://data.datatourisme.fr/84df7b26-66d3-39aa-990c-da60fed8880c",
          "dc:contributor": [
            "https://api.deepl.com/v2/translate"
          ],
          "rdf:language": [
            "it"
          ],
          "rdf:predicate": [
            "shortDescription"
          ]
        },
        {
          "@id": "https://data.datatourisme.fr/931a49aa-3778-3bd7-b60c-c365ed82e7d3",
          "dc:contributor": [
            "https://api.deepl.com/v2/translate"
          ],
          "rdf:language": [
            "es"
          ],
          "rdf:predicate": [
            "shortDescription"
          ]
        },
        {
          "@id": "https://data.datatourisme.fr/ec2d43e8-e686-37f9-b5fe-f358437f795b",
          "dc:contributor": [
            "https://api.deepl.com/v2/translate"
          ],
          "rdf:language": [
            "en"
          ],
          "rdf:predicate": [
            "shortDescription"
          ]
        },
        {
          "@id": "https://data.datatourisme.fr/ec4de1b1-cf69-3385-b272-44b5d7c3b6ae",
          "dc:contributor": [
            "https://api.deepl.com/v2/translate"
          ],
          "rdf:language": [
            "nl"
          ],
          "rdf:predicate": [
            "shortDescription"
          ]
        }
      ],
      "shortDescription": {
        "de": [
          "Asiatisches Catering"
        ],
        "en": [
          "Asian Catering"
        ],
        "it": [
          "Ristorazione asiatica"
        ],
        "fr": [
          "Traiteur asiatique"
        ],
        "es": [
          "Catering asiático"
        ],
        "nl": [
          "Aziatische catering"
        ]
      }
    }
  ],
  "hasTranslatedProperty": [
    {
      "@id": "https://data.datatourisme.fr/1403db73-de2b-3151-92ea-214f87b337a0",
      "dc:contributor": [
        "https://api.deepl.com/v2/translate"
      ],
      "rdf:language": [
        "it"
      ],
      "rdf:predicate": [
        {
          "@id": "rdfs:comment"
        }
      ]
    },
    {
      "@id": "https://data.datatourisme.fr/1b9e95cf-abfe-3054-9a43-85399e4e4d91",
      "dc:contributor": [
        "https://api.deepl.com/v2/translate"
      ],
      "rdf:language": [
        "de"
      ],
      "rdf:predicate": [
        {
          "@id": "rdfs:comment"
        }
      ]
    },
    {
      "@id": "https://data.datatourisme.fr/52a0a01d-0aff-3be9-bf1a-039f0c5862c2",
      "dc:contributor": [
        "https://api.deepl.com/v2/translate"
      ],
      "rdf:language": [
        "en"
      ],
      "rdf:predicate": [
        {
          "@id": "rdfs:comment"
        }
      ]
    },
    {
      "@id": "https://data.datatourisme.fr/795efd36-2e69-3602-9f3a-277c7398a84f",
      "dc:contributor": [
        "https://api.deepl.com/v2/translate"
      ],
      "rdf:language": [
        "es"
      ],
      "rdf:predicate": [
        {
          "@id": "rdfs:comment"
        }
      ]
    },
    {
      "@id": "https://data.datatourisme.fr/d4507356-31a8-370a-a8a1-84c8a56e8bb5",
      "dc:contributor": [
        "https://api.deepl.com/v2/translate"
      ],
      "rdf:language": [
        "nl"
      ],
      "rdf:predicate": [
        {
          "@id": "rdfs:comment"
        }
      ]
    }
  ],
  "isLocatedAt": [
    {
      "@id": "https://data.datatourisme.fr/cdff0327-b742-3ddc-b1dc-f0790e7976b8",
      "schema:address": [
        {
          "@id": "https://data.datatourisme.fr/d30a6d26-c699-39ee-b583-b348b312d543",
          "schema:addressLocality": "Crécy-la-Chapelle",
          "schema:postalCode": "77580",
          "schema:streetAddress": [
            "3 rue du Marché"
          ],
          "@type": [
            "schema:PostalAddress",
            "PostalAddress"
          ],
          "hasAddressCity": {
            "@id": "kb:77142",
            "@type": [
              "City"
            ],
            "rdfs:label": {
              "de": [
                "Crécy-la-Chapelle"
              ],
              "pt": [
                "Crécy-la-Chapelle"
              ],
              "en": [
                "Crécy-la-Chapelle"
              ],
              "it": [
                "Crécy-la-Chapelle"
              ],
              "fr": [
                "Crécy-la-Chapelle"
              ],
              "nl": [
                "Crécy-la-Chapelle"
              ],
              "es": [
                "Crécy-la-Chapelle"
              ]
            },
            "insee": "77142",
            "isPartOfDepartment": {
              "@id": "kb:France1177",
              "@type": [
                "Department"
              ],
              "rdfs:label": {
                "de": [
                  "Seine-et-Marne"
                ],
                "pt": [
                  "Seine-et-Marne"
                ],
                "en": [
                  "Seine-et-Marne"
                ],
                "it": [
                  "Seine-et-Marne"
                ],
                "fr": [
                  "Seine-et-Marne"
                ],
                "nl": [
                  "Seine-et-Marne"
                ],
                "es": [
                  "Seine-et-Marne"
                ]
              },
              "insee": "77",
              "isPartOfRegion": {
                "@id": "kb:France11",
                "@type": [
                  "Region"
                ],
                "rdfs:label": {
                  "de": [
                    "Île-de-France"
                  ],
                  "pt": [
                    "Île-de-France"
                  ],
                  "en": [
                    "Île-de-France"
                  ],
                  "it": [
                    "Île-de-France"
                  ],
                  "fr": [
                    "Île-de-France"
                  ],
                  "nl": [
                    "Île-de-France"
                  ],
                  "es": [
                    "Île-de-France"
                  ]
                },
                "insee": "11",
                "isPartOfCountry": {
                  "@id": "kb:France",
                  "@type": [
                    "schema:Country"
                  ],
                  "rdfs:label": {
                    "de": [
                      "France",
                      "Frankreich"
                    ],
                    "pt": [
                      "França",
                      "France"
                    ],
                    "en": [
                      "France"
                    ],
                    "it": [
                      "France",
                      "Francia"
                    ],
                    "fr": [
                      "France"
                    ],
                    "nl": [
                      "France",
                      "Frankrijk"
                    ],
                    "es": [
                      "France",
                      "Francia"
                    ]
                  }
                }
              }
            }
          }
        }
      ],
      "schema:geo": {
        "@id": "https://data.datatourisme.fr/61c35aeb-5bd8-3e75-b108-943145b54105",
        "schema:latitude": "48.857153",
        "schema:longitude": "2.909142",
        "@type": [
          "schema:GeoCoordinates"
        ]
      },
      "schema:openingHoursSpecification": [
        {
          "@id": "https://data.datatourisme.fr/f87e535a-636d-3343-ad63-8a03392e7511",
          "schema:validFrom": "2023-01-01T00:00:00",
          "schema:validThrough": "2023-12-31T23:59:59",
          "@type": [
            "schema:OpeningHoursSpecification"
          ]
        }
      ],
      "@type": [
        "schema:Place",
        "Place"
      ]
    }
  ],
  "isOwnedBy": [
    {
      "@id": "https://data.datatourisme.fr/43ac2456-f590-3a0c-82d0-8fc8783db265",
      "schema:email": [
        "david.doctrinal@cpb-tourisme.fr",
        "mr.otpf@gmail.com",
        "thomas.touret@cpb-tourisme.fr"
      ],
      "schema:legalName": "Coulommiers Pays de Brie Tourisme",
      "@type": [
        "schema:Organization",
        "foaf:Agent",
        "Agent"
      ]
    }
  ],
  "lastUpdate": "2019-12-06",
  "lastUpdateDatatourisme": "2023-02-01T18:07:35.655Z"
}