{
  "@id": "https://data.datatourisme.fr/13/0e5a9fa9-2db7-3916-b670-bb43d1ac2e79",
  "dc:identifier": "5131437",
  "schema:endDate": [
    "2023-07-23"
  ],
  "schema:startDate": [
    "2023-07-21"
  ],
  "@type": [
    "schema:Event",
    "EntertainmentAndEvent",
    "PointOfInterest"
  ],
  "rdfs:comment": {
    "de": [
      "Das berühmte amerikanische Festival Lollapalooza kehrt vom 21. bis 23. Juli 2023 auf das Hippodrome Paris Longchamp zurück. Der unumgängliche Termin des Sommers für alle Liebhaber von Rock und großen Klängen!"
    ],
    "en": [
      "The famous American festival Lollapalooza returns from July 21 to 23, 2023 on the Hippodrome Paris Longchamp. The unmissable event of the summer for all lovers of rock and big sounds!"
    ],
    "it": [
      "Il famoso festival americano Lollapalooza torna dal 21 al 23 luglio 2023 all'Hippodrome Paris Longchamp. L'evento imperdibile dell'estate per tutti gli amanti del rock e dei grandi suoni!"
    ],
    "fr": [
      "Le célèbre festival américain Lollapalooza revient du 21 au 23 juillet 2023 sur l'Hippodrome Paris Longchamp. Le rendez-vous incontournable de l’été pour tous les amateurs de rock et de gros sons !"
    ],
    "nl": [
      "Het beroemde Amerikaanse festival Lollapalooza keert terug van 21 tot 23 juli 2023 op het Hippodrome Paris Longchamp. Het must-see evenement van de zomer voor alle liefhebbers van rock en big sounds!"
    ],
    "es": [
      "El famoso festival estadounidense Lollapalooza vuelve del 21 al 23 de julio de 2023 en el Hipódromo de París Longchamp. ¡La cita ineludible del verano para todos los amantes del rock y los grandes sonidos!"
    ]
  },
  "rdfs:label": {
    "fr": [
      "Lollapalooza"
    ]
  },
  "hasBeenCreatedBy": {
    "@id": "https://data.datatourisme.fr/13/03e0704b-5690-32de-a186-1dc3ad3316c9",
    "dc:identifier": "1019",
    "schema:email": [
      "bgeigle@visitparisregion.com",
      "hcaldo@visitparisregion.com",
      "mtanaskovic@visitparisregion.com"
    ],
    "schema:legalName": "Comité Régional du Tourisme Paris Ile de France",
    "@type": [
      "schema:Organization",
      "foaf:Agent",
      "Agent"
    ],
    "foaf:homepage": [
      "http://www.visitparisregion.com/"
    ]
  },
  "hasBeenPublishedBy": [
    {
      "@id": "https://data.datatourisme.fr/8a9feb4b-2cbd-3d2c-b507-bd6c6776b23b",
      "schema:legalName": "Apidae Tourisme Scic SA - source : Apidae Tourisme",
      "@type": [
        "schema:Organization",
        "foaf:Agent",
        "Agent"
      ],
      "foaf:homepage": [
        "https://www.apidae-tourisme.com/"
      ]
    }
  ],
  "hasContact": [
    {
      "@id": "https://data.datatourisme.fr/1a93f738-76c5-349b-8519-22e12156f4d4",
      "@type": [
        "foaf:Agent",
        "Agent"
      ],
      "foaf:homepage": [
        "https://www.lollaparis.com/"
      ]
    }
  ],
  "hasDescription": [
    {
      "@id": "https://data.datatourisme.fr/10b20c3e-b192-3dfd-818c-3a7a0043be49",
      "@type": [
        "Description"
      ],
      "hasTranslatedProperty": [
        {
          "@id": "https://data.datatourisme.fr/08e2a4ad-4cd6-391a-a53c-2665028eb9b2",
          "dc:contributor": [
            "https://api.deepl.com/v2/translate"
          ],
          "rdf:language": [
            "it"
          ],
          "rdf:predicate": [
            "shortDescription"
          ]
        },
        {
          "@id": "https://data.datatourisme.fr/1b42cd83-7ac7-3dd4-81eb-bc6245ff5301",
          "dc:contributor": [
            "https://api.deepl.com/v2/translate"
          ],
          "rdf:language": [
            "de"
          ],
          "rdf:predicate": [
            "shortDescription"
          ]
        },
        {
          "@id": "https://data.datatourisme.fr/27e51af9-afe8-340b-aea1-dd97237813bf",
          "dc:contributor": [
            "https://api.deepl.com/v2/translate"
          ],
          "rdf:language": [
            "es"
          ],
          "rdf:predicate": [
            "shortDescription"
          ]
        },
        {
          "@id": "https://data.datatourisme.fr/b4683ab1-9c7b-3700-b880-04cf618d2389",
          "dc:contributor": [
            "https://api.deepl.com/v2/translate"
          ],
          "rdf:language": [
            "en"
          ],
          "rdf:predicate": [
            "shortDescription"
          ]
        },
        {
          "@id": "https://data.datatourisme.fr/b8ae92c1-3a5c-3692-8bc7-9341af3df7b5",
          "dc:contributor": [
            "https://api.deepl.com/v2/translate"
          ],
          "rdf:language": [
            "nl"
          ],
          "rdf:predicate": [
            "shortDescription"
          ]
        }
      ],
      "shortDescription": {
        "de": [
          "Das berühmte amerikanische Festival Lollapalooza kehrt vom 21. bis 23. Juli 2023 auf das Hippodrome Paris Longchamp zurück. Der unumgängliche Termin des Sommers für alle Liebhaber von Rock und großen Klängen!"
        ],
        "en": [
          "The famous American festival Lollapalooza returns from July 21 to 23, 2023 on the Hippodrome Paris Longchamp. The unmissable event of the summer for all lovers of rock and big sounds!"
        ],
        "it": [
          "Il famoso festival americano Lollapalooza torna dal 21 al 23 luglio 2023 all'Hippodrome Paris Longchamp. L'evento imperdibile dell'estate per tutti gli amanti del rock e dei grandi suoni!"
        ],
        "fr": [
          "Le célèbre festival américain Lollapalooza revient du 21 au 23 juillet 2023 sur l'Hippodrome Paris Longchamp. Le rendez-vous incontournable de l’été pour tous les amateurs de rock et de gros sons !"
        ],
        "nl": [
          "Het beroemde Amerikaanse festival Lollapalooza keert terug van 21 tot 23 juli 2023 op het Hippodrome Paris Longchamp. Het must-see evenement van de zomer voor alle liefhebbers van rock en big sounds!"
        ],
        "es": [
          "El famoso festival estadounidense Lollapalooza vuelve del 21 al 23 de julio de 2023 en el Hipódromo de París Longchamp. ¡La cita ineludible del verano para todos los amantes del rock y los grandes sonidos!"
        ]
      }
    }
  ],
  "hasTranslatedProperty": [
    {
      "@id": "https://data.datatourisme.fr/00deb407-f238-33dd-bd2b-5905ba98e83a",
      "dc:contributor": [
        "https://api.deepl.com/v2/translate"
      ],
      "rdf:language": [
        "it"
      ],
      "rdf:predicate": [
        {
          "@id": "rdfs:comment"
        }
      ]
    },
    {
      "@id": "https://data.datatourisme.fr/c09b430a-de00-3782-a3b7-59522093d898",
      "dc:contributor": [
        "https://api.deepl.com/v2/translate"
      ],
      "rdf:language": [
        "de"
      ],
      "rdf:predicate": [
        {
          "@id": "rdfs:comment"
        }
      ]
    },
    {
      "@id": "https://data.datatourisme.fr/c3804b40-e794-30b2-87ed-4b4e2e89e171",
      "dc:contributor": [
        "https://api.deepl.com/v2/translate"
      ],
      "rdf:language": [
        "es"
      ],
      "rdf:predicate": [
        {
          "@id": "rdfs:comment"
        }
      ]
    },
    {
      "@id": "https://data.datatourisme.fr/c820f183-3b86-3c94-8559-762b348a8cfa",
      "dc:contributor": [
        "https://api.deepl.com/v2/translate"
      ],
      "rdf:language": [
        "en"
      ],
      "rdf:predicate": [
        {
          "@id": "rdfs:comment"
        }
      ]
    },
    {
      "@id": "https://data.datatourisme.fr/fa1cc9ec-98b8-3891-86a9-e3fe4262733d",
      "dc:contributor": [
        "https://api.deepl.com/v2/translate"
      ],
      "rdf:language": [
        "nl"
      ],
      "rdf:predicate": [
        {
          "@id": "rdfs:comment"
        }
      ]
    }
  ],
  "isLocatedAt": [
    {
      "@id": "https://data.datatourisme.fr/ea802976-fcf2-3025-8268-daa000740621",
      "schema:address": [
        {
          "@id": "https://data.datatourisme.fr/762ef7a2-72f0-3462-8bfb-e111b624c2c1",
          "schema:addressLocality": "Paris 16e Arrondissement",
          "schema:postalCode": "75016",
          "schema:streetAddress": [
            "Hippodrome de Longchamp",
            "Route des tribunes"
          ],
          "@type": [
            "schema:PostalAddress",
            "PostalAddress"
          ],
          "hasAddressCity": {
            "@id": "kb:75116",
            "@type": [
              "City"
            ],
            "rdfs:label": {
              "de": [
                "Paris 16e Arrondissement"
              ],
              "pt": [
                "Paris 16e Arrondissement"
              ],
              "en": [
                "Paris 16e Arrondissement"
              ],
              "it": [
                "Paris 16e Arrondissement"
              ],
              "fr": [
                "Paris 16e Arrondissement"
              ],
              "nl": [
                "Paris 16e Arrondissement"
              ],
              "es": [
                "Paris 16e Arrondissement"
              ]
            },
            "insee": "75116",
            "isPartOfDepartment": {
              "@id": "kb:France1175",
              "@type": [
                "Department"
              ],
              "rdfs:label": {
                "de": [
                  "Paris"
                ],
                "pt": [
                  "Paris"
                ],
                "en": [
                  "Paris"
                ],
                "it": [
                  "Paris"
                ],
                "fr": [
                  "Paris"
                ],
                "nl": [
                  "Paris"
                ],
                "es": [
                  "Paris"
                ]
              },
              "insee": "75",
              "isPartOfRegion": {
                "@id": "kb:France11",
                "@type": [
                  "Region"
                ],
                "rdfs:label": {
                  "de": [
                    "Île-de-France"
                  ],
                  "pt": [
                    "Île-de-France"
                  ],
                  "en": [
                    "Île-de-France"
                  ],
                  "it": [
                    "Île-de-France"
                  ],
                  "fr": [
                    "Île-de-France"
                  ],
                  "nl": [
                    "Île-de-France"
                  ],
                  "es": [
                    "Île-de-France"
                  ]
                },
                "insee": "11",
                "isPartOfCountry": {
                  "@id": "kb:France",
                  "@type": [
                    "schema:Country"
                  ],
                  "rdfs:label": {
                    "de": [
                      "France",
                      "Frankreich"
                    ],
                    "pt": [
                      "França",
                      "France"
                    ],
                    "en": [
                      "France"
                    ],
                    "it": [
                      "France",
                      "Francia"
                    ],
                    "fr": [
                      "France"
                    ],
                    "nl": [
                      "France",
                      "Frankrijk"
                    ],
                    "es": [
                      "France",
                      "Francia"
                    ]
                  }
                }
              }
            }
          }
        }
      ],
      "schema:geo": {
        "@id": "https://data.datatourisme.fr/7127ad69-3174-392d-802f-ddc8f1cfa7b3",
        "schema:latitude": "48.857681",
        "schema:longitude": "2.233829",
        "@type": [
          "schema:GeoCoordinates"
        ]
      },
      "schema:openingHoursSpecification": [
        {
          "@id": "https://data.datatourisme.fr/0a03ffcf-85ac-369c-839c-bacfac032f2b",
          "schema:validFrom": "2023-07-21T00:00:00",
          "schema:validThrough": "2023-07-23T23:59:59",
          "@type": [
            "schema:OpeningHoursSpecification"
          ]
        }
      ],
      "@type": [
        "schema:Place",
        "Place"
      ]
    }
  ],
  "isOwnedBy": [
    {
      "@id": "https://data.datatourisme.fr/26ecd6f0-563c-356a-b0f9-ad3ec17effc4",
      "schema:email": [
        "bgeigle@visitparisregion.com",
        "hcaldo@visitparisregion.com",
        "mtanaskovic@visitparisregion.com"
      ],
      "schema:legalName": "Comité Régional du Tourisme Paris Ile de France",
      "@type": [
        "schema:Organization",
        "foaf:Agent",
        "Agent"
      ],
      "foaf:homepage": [
        "http://www.visitparisregion.com/"
      ]
    }
  ],
  "lastUpdate": "2023-01-03",
  "lastUpdateDatatourisme": "2023-05-30T05:49:20.283Z",
  "takesPlaceAt": [
    {
      "@id": "https://data.datatourisme.fr/6376319f-c64d-3d78-9236-800c5520bd6b",
      "@type": [
        "Period"
      ],
      "endDate": "2023-07-23",
      "startDate": "2023-07-21"
    }
  ]
}