{
  "@id": "https://data.datatourisme.fr/13/0e1b1d3c-1689-38f3-b9cb-95e897401ee7",
  "dc:identifier": "5712075",
  "@type": [
    "schema:FoodEstablishment",
    "FoodEstablishment",
    "PlaceOfInterest",
    "PointOfInterest"
  ],
  "rdfs:comment": {
    "de": [
      "Das Restaurant l'Esturgeon bietet eine hausgemachte Küche aus frischen Produkten mit einer saisonalen Speisekarte."
    ],
    "en": [
      "The restaurant l'Esturgeon offers home cooking made with fresh products with a seasonal menu."
    ],
    "it": [
      "Il ristorante l'Esturgeon offre una cucina casalinga con prodotti freschi e un menù stagionale."
    ],
    "fr": [
      "Le restaurant l'Esturgeon offre une cuisine maison réalisée avec des produits frais avec une carte de saison."
    ],
    "nl": [
      "Het restaurant l'Esturgeon biedt een huisgemaakte keuken met verse producten en een seizoensgebonden menu."
    ],
    "es": [
      "El restaurante l'Esturgeon ofrece una cocina casera con productos frescos y un menú de temporada."
    ]
  },
  "rdfs:label": {
    "fr": [
      "L'Esturgeon"
    ]
  },
  "hasBeenCreatedBy": {
    "@id": "https://data.datatourisme.fr/13/3fb451ca-2e89-33a1-b095-b059d8705b15",
    "dc:identifier": "1522",
    "schema:email": [
      "anicoud@terres-de-seine.fr",
      "anne.perchec@gpseo.fr",
      "contact@terres-de-seine.fr",
      "estelle.rouille@gpseo.fr",
      "fbony@terres-de-seine.fr",
      "hillaryramanank@yahoo.fr",
      "vgateau@terres-de-seine.fr",
      "xcadilhac.oti.gpseo@gmail.com"
    ],
    "schema:legalName": "Communauté Urbaine Grand Paris Seine & Oise",
    "@type": [
      "schema:Organization",
      "foaf:Agent",
      "Agent"
    ],
    "foaf:homepage": [
      "https://www.insectes.org/",
      "https://www.terres-de-seine.fr/"
    ]
  },
  "hasBeenPublishedBy": [
    {
      "@id": "https://data.datatourisme.fr/8a9feb4b-2cbd-3d2c-b507-bd6c6776b23b",
      "schema:legalName": "Apidae Tourisme Scic SA - source : Apidae Tourisme",
      "@type": [
        "schema:Organization",
        "foaf:Agent",
        "Agent"
      ],
      "foaf:homepage": [
        "https://www.apidae-tourisme.com/"
      ]
    }
  ],
  "hasContact": [
    {
      "@id": "https://data.datatourisme.fr/53bf747e-eb72-3a3c-ae13-0cfd74a08b77",
      "schema:email": [
        "oliviergremillet@free.fr"
      ],
      "schema:telephone": [
        "+33 1 39 65 00 04"
      ],
      "@type": [
        "foaf:Agent",
        "Agent"
      ],
      "foaf:homepage": [
        "http://www.lesturgeon.com/"
      ]
    }
  ],
  "hasDescription": [
    {
      "@id": "https://data.datatourisme.fr/fc732233-aaf1-34f0-b766-8d0cff8fe65e",
      "@type": [
        "Description"
      ],
      "hasTranslatedProperty": [
        {
          "@id": "https://data.datatourisme.fr/249a36f8-93fa-3896-b57f-8250451259ab",
          "dc:contributor": [
            "https://api.deepl.com/v2/translate"
          ],
          "rdf:language": [
            "it"
          ],
          "rdf:predicate": [
            "shortDescription"
          ]
        },
        {
          "@id": "https://data.datatourisme.fr/25c51783-47fa-3b5f-99ce-12550cf84ea0",
          "dc:contributor": [
            "https://api.deepl.com/v2/translate"
          ],
          "rdf:language": [
            "es"
          ],
          "rdf:predicate": [
            "shortDescription"
          ]
        },
        {
          "@id": "https://data.datatourisme.fr/7145de44-dc2c-3d27-9441-3683e1fd4c8d",
          "dc:contributor": [
            "https://api.deepl.com/v2/translate"
          ],
          "rdf:language": [
            "nl"
          ],
          "rdf:predicate": [
            "shortDescription"
          ]
        },
        {
          "@id": "https://data.datatourisme.fr/b97c2886-06a9-3b70-bbb6-b3db201ce0a8",
          "dc:contributor": [
            "https://api.deepl.com/v2/translate"
          ],
          "rdf:language": [
            "de"
          ],
          "rdf:predicate": [
            "shortDescription"
          ]
        },
        {
          "@id": "https://data.datatourisme.fr/cfc333e7-a74c-3305-8f98-d786e8601e28",
          "dc:contributor": [
            "https://api.deepl.com/v2/translate"
          ],
          "rdf:language": [
            "en"
          ],
          "rdf:predicate": [
            "shortDescription"
          ]
        }
      ],
      "shortDescription": {
        "de": [
          "Das Restaurant l'Esturgeon bietet eine hausgemachte Küche aus frischen Produkten mit einer saisonalen Speisekarte."
        ],
        "en": [
          "The restaurant l'Esturgeon offers home cooking made with fresh products with a seasonal menu."
        ],
        "it": [
          "Il ristorante l'Esturgeon offre una cucina casalinga con prodotti freschi e un menù stagionale."
        ],
        "fr": [
          "Le restaurant l'Esturgeon offre une cuisine maison réalisée avec des produits frais avec une carte de saison."
        ],
        "nl": [
          "Het restaurant l'Esturgeon biedt een huisgemaakte keuken met verse producten en een seizoensgebonden menu."
        ],
        "es": [
          "El restaurante l'Esturgeon ofrece una cocina casera con productos frescos y un menú de temporada."
        ]
      }
    }
  ],
  "hasTranslatedProperty": [
    {
      "@id": "https://data.datatourisme.fr/174a39cb-6dc9-3089-ad92-38076e37559a",
      "dc:contributor": [
        "https://api.deepl.com/v2/translate"
      ],
      "rdf:language": [
        "de"
      ],
      "rdf:predicate": [
        {
          "@id": "rdfs:comment"
        }
      ]
    },
    {
      "@id": "https://data.datatourisme.fr/343477cf-edc4-34a0-8c6e-86bfd2fb5719",
      "dc:contributor": [
        "https://api.deepl.com/v2/translate"
      ],
      "rdf:language": [
        "it"
      ],
      "rdf:predicate": [
        {
          "@id": "rdfs:comment"
        }
      ]
    },
    {
      "@id": "https://data.datatourisme.fr/446b8b37-c7ec-3693-abaa-492e509adad7",
      "dc:contributor": [
        "https://api.deepl.com/v2/translate"
      ],
      "rdf:language": [
        "nl"
      ],
      "rdf:predicate": [
        {
          "@id": "rdfs:comment"
        }
      ]
    },
    {
      "@id": "https://data.datatourisme.fr/730bbd8b-cd66-3162-ae83-f76d311bb3b6",
      "dc:contributor": [
        "https://api.deepl.com/v2/translate"
      ],
      "rdf:language": [
        "en"
      ],
      "rdf:predicate": [
        {
          "@id": "rdfs:comment"
        }
      ]
    },
    {
      "@id": "https://data.datatourisme.fr/d411aa0f-e2d6-3472-81a5-9afc9d360fcc",
      "dc:contributor": [
        "https://api.deepl.com/v2/translate"
      ],
      "rdf:language": [
        "es"
      ],
      "rdf:predicate": [
        {
          "@id": "rdfs:comment"
        }
      ]
    }
  ],
  "isLocatedAt": [
    {
      "@id": "https://data.datatourisme.fr/857953c0-dce8-3248-9cfe-8aff45ca03a6",
      "schema:address": [
        {
          "@id": "https://data.datatourisme.fr/c55cc3d5-f809-3abb-b212-e52a2719b79b",
          "schema:addressLocality": "Poissy",
          "schema:postalCode": "78300",
          "schema:streetAddress": [
            "6 Cours du 14 Juillet"
          ],
          "@type": [
            "schema:PostalAddress",
            "PostalAddress"
          ],
          "hasAddressCity": {
            "@id": "kb:78498",
            "@type": [
              "City"
            ],
            "rdfs:label": {
              "de": [
                "Poissy"
              ],
              "pt": [
                "Poissy"
              ],
              "en": [
                "Poissy"
              ],
              "it": [
                "Poissy"
              ],
              "fr": [
                "Poissy"
              ],
              "nl": [
                "Poissy"
              ],
              "es": [
                "Poissy"
              ]
            },
            "insee": "78498",
            "isPartOfDepartment": {
              "@id": "kb:France1178",
              "@type": [
                "Department"
              ],
              "rdfs:label": {
                "de": [
                  "Yvelines"
                ],
                "pt": [
                  "Yvelines"
                ],
                "en": [
                  "Yvelines"
                ],
                "it": [
                  "Yvelines"
                ],
                "fr": [
                  "Yvelines"
                ],
                "nl": [
                  "Yvelines"
                ],
                "es": [
                  "Yvelines"
                ]
              },
              "insee": "78",
              "isPartOfRegion": {
                "@id": "kb:France11",
                "@type": [
                  "Region"
                ],
                "rdfs:label": {
                  "de": [
                    "Île-de-France"
                  ],
                  "pt": [
                    "Île-de-France"
                  ],
                  "en": [
                    "Île-de-France"
                  ],
                  "it": [
                    "Île-de-France"
                  ],
                  "fr": [
                    "Île-de-France"
                  ],
                  "nl": [
                    "Île-de-France"
                  ],
                  "es": [
                    "Île-de-France"
                  ]
                },
                "insee": "11",
                "isPartOfCountry": {
                  "@id": "kb:France",
                  "@type": [
                    "schema:Country"
                  ],
                  "rdfs:label": {
                    "de": [
                      "France",
                      "Frankreich"
                    ],
                    "pt": [
                      "França",
                      "France"
                    ],
                    "en": [
                      "France"
                    ],
                    "it": [
                      "France",
                      "Francia"
                    ],
                    "fr": [
                      "France"
                    ],
                    "nl": [
                      "France",
                      "Frankrijk"
                    ],
                    "es": [
                      "France",
                      "Francia"
                    ]
                  }
                }
              }
            }
          }
        }
      ],
      "schema:geo": {
        "@id": "https://data.datatourisme.fr/fa691bcb-e268-35b6-96ad-d9e4c0288f33",
        "schema:latitude": "48.932891",
        "schema:longitude": "2.038031",
        "@type": [
          "schema:GeoCoordinates"
        ]
      },
      "schema:openingHoursSpecification": [
        {
          "@id": "https://data.datatourisme.fr/20df91d4-aa22-37cd-8ffa-b56c60d3aa94",
          "schema:validFrom": "2023-01-01T00:00:00",
          "schema:validThrough": "2023-12-31T23:59:59",
          "@type": [
            "schema:OpeningHoursSpecification"
          ],
          "additionalInformation": {
            "de": [
              "Donnerstag- und Sonntagabend geschlossen"
            ],
            "en": [
              "Closed Thursday and Sunday evenings"
            ],
            "it": [
              "Chiuso il giovedì e la domenica sera"
            ],
            "fr": [
              "Fermé jeudi et dimanche soirs"
            ],
            "nl": [
              "Gesloten op donderdag- en zondagavond"
            ],
            "es": [
              "Cerrado los jueves y domingos por la noche"
            ]
          },
          "hasTranslatedProperty": [
            {
              "@id": "https://data.datatourisme.fr/2775101a-a82a-3ca4-9408-cca689415bcd",
              "dc:contributor": [
                "https://api.deepl.com/v2/translate"
              ],
              "rdf:language": [
                "de"
              ],
              "rdf:predicate": [
                "additionalInformation"
              ]
            },
            {
              "@id": "https://data.datatourisme.fr/2eb04a03-1188-3062-bbbf-64de8d5cdd4a",
              "dc:contributor": [
                "https://api.deepl.com/v2/translate"
              ],
              "rdf:language": [
                "nl"
              ],
              "rdf:predicate": [
                "additionalInformation"
              ]
            },
            {
              "@id": "https://data.datatourisme.fr/4e7d7cb2-81c6-30e6-b56a-d312cac3230f",
              "dc:contributor": [
                "https://api.deepl.com/v2/translate"
              ],
              "rdf:language": [
                "it"
              ],
              "rdf:predicate": [
                "additionalInformation"
              ]
            },
            {
              "@id": "https://data.datatourisme.fr/dada8ef4-1518-32cf-9e2b-985560efd9c5",
              "dc:contributor": [
                "https://api.deepl.com/v2/translate"
              ],
              "rdf:language": [
                "es"
              ],
              "rdf:predicate": [
                "additionalInformation"
              ]
            },
            {
              "@id": "https://data.datatourisme.fr/f2c67105-a1a0-38b8-a4e1-295feed0b83f",
              "dc:contributor": [
                "https://api.deepl.com/v2/translate"
              ],
              "rdf:language": [
                "en"
              ],
              "rdf:predicate": [
                "additionalInformation"
              ]
            }
          ]
        }
      ],
      "@type": [
        "schema:Place",
        "Place"
      ]
    }
  ],
  "isOwnedBy": [
    {
      "@id": "https://data.datatourisme.fr/44eacd0d-f255-38e9-b0f2-4a31202fdb58",
      "schema:email": [
        "anicoud@terres-de-seine.fr",
        "anne.perchec@gpseo.fr",
        "contact@terres-de-seine.fr",
        "estelle.rouille@gpseo.fr",
        "fbony@terres-de-seine.fr",
        "hillaryramanank@yahoo.fr",
        "vgateau@terres-de-seine.fr",
        "xcadilhac.oti.gpseo@gmail.com"
      ],
      "schema:legalName": "Communauté Urbaine Grand Paris Seine & Oise",
      "@type": [
        "schema:Organization",
        "foaf:Agent",
        "Agent"
      ],
      "foaf:homepage": [
        "https://www.insectes.org/"
      ]
    }
  ],
  "lastUpdate": "2022-05-13",
  "lastUpdateDatatourisme": "2023-05-30T05:49:20.348Z",
  "offers": [
    {
      "@id": "https://data.datatourisme.fr/6d750790-62d2-3630-a62c-dc046ee4f156",
      "schema:priceSpecification": [
        {
          "@id": "https://data.datatourisme.fr/2c4fb3b7-d386-3528-97cc-383915801d8c",
          "schema:maxPrice": [
            "39",
            "52"
          ],
          "schema:minPrice": [
            "39",
            "52"
          ],
          "schema:priceCurrency": "EUR",
          "@type": [
            "schema:PriceSpecification",
            "PriceSpecification"
          ],
          "appliesOnPeriod": [
            {
              "@id": "https://data.datatourisme.fr/7410be00-ef25-3af2-bd96-7819d148586f",
              "@type": [
                "Period"
              ],
              "endDate": "2021-12-31",
              "startDate": "2021-01-01"
            }
          ]
        }
      ],
      "@type": [
        "schema:Offer",
        "Offer"
      ]
    }
  ]
}