{
  "@id": "https://data.datatourisme.fr/13/0e93bc78-2634-3588-b8e6-8c7a8ec4697b",
  "dc:identifier": "727775",
  "@type": [
    "schema:FoodEstablishment",
    "FoodEstablishment",
    "PlaceOfInterest",
    "PointOfInterest"
  ],
  "rdfs:comment": {
    "de": [
      "Restaurant-Bar mit Tanzfläche, das Chalet du Moulin empfängt Sie in einem denkmalgeschützten und historischen Ort am Rande des Waldes von Fontainebleau: ein echtes Holzchalet, das inmitten eines Parks mit Bäumen und seiner wunderschönen Steinmühle aufgestellt wurde. Terrasse."
    ],
    "en": [
      "Restaurant and bar with a dance floor, the Chalet du Moulin welcomes you in a classified and historic site at the edge of the forest of Fontainebleau: a real wooden chalet set in the heart of a wooded park, with its magnificent stone mill Terrace in the summer."
    ],
    "it": [
      "Lo Chalet du Moulin, ristorante e bar con pista da ballo, vi accoglie in un sito storico e protetto ai margini della foresta di Fontainebleau: un vero e proprio chalet in legno immerso nel cuore di un parco alberato e del suo magnifico mulino in pietra. Terrazza."
    ],
    "fr": [
      "Restaurant bar avec piste de danse, le Chalet du Moulin vous accueille dans un site classé et historique en lisière de la forêt de Fontainebleau : un vrai chalet en bois installé au cœur d’un parc arboré et son magnifique moulin en pierre. Terrasse."
    ],
    "es": [
      "El Chalet du Moulin, restaurante y bar con pista de baile, le da la bienvenida a un lugar catalogado e histórico al borde del bosque de Fontainebleau: un auténtico chalet de madera situado en el corazón de un parque arbolado y su magnífico molino de piedra. Terraza."
    ],
    "nl": [
      "De Chalet du Moulin, een restaurant en bar met een dansvloer, verwelkomt u op een geklasseerde en historische plek aan de rand van het bos van Fontainebleau: een echt houten chalet midden in een bosrijk park en zijn prachtige stenen molen. Terras."
    ]
  },
  "rdfs:label": {
    "de": [
      "Le chalet du Moulin"
    ],
    "ru": [
      "Le chalet du Moulin"
    ],
    "en": [
      "Le chalet du Moulin"
    ],
    "it": [
      "Le chalet du Moulin"
    ],
    "fr": [
      "Le chalet du Moulin"
    ],
    "zh": [
      "Le chalet du Moulin"
    ],
    "nl": [
      "Le chalet du Moulin"
    ],
    "es": [
      "Le chalet du Moulin"
    ]
  },
  "hasBeenCreatedBy": {
    "@id": "https://data.datatourisme.fr/13/a2137a2a-e8e3-3b50-82a3-f8909ecb88fe",
    "dc:identifier": "1065",
    "schema:email": [
      "celine@fontainebleau-tourisme.com",
      "christelle@fontainebleau-tourisme.com",
      "edwige.fontainebleau@gmail.com",
      "emilie@fontainebleau-tourisme.com",
      "lorie@fontainebleau-tourisme.com",
      "magali@fontainebleau-tourisme.com",
      "mathilde@fontainebleau-tourisme.com",
      "stessier.fontainebleautourisme@gmail.com"
    ],
    "schema:legalName": "Fontainebleau Tourisme",
    "@type": [
      "schema:Organization",
      "foaf:Agent",
      "Agent"
    ],
    "foaf:homepage": [
      "http://www.fontainebleau-tourisme.com/"
    ]
  },
  "hasBeenPublishedBy": [
    {
      "@id": "https://data.datatourisme.fr/1db24fc4-b534-39bf-bdaf-152c6f98730e",
      "schema:legalName": "Seine et Marne Attractivité - source : Apidae Tourisme",
      "@type": [
        "schema:Organization",
        "foaf:Agent",
        "Agent"
      ],
      "foaf:homepage": [
        "https://www.apidae-tourisme.com/"
      ]
    }
  ],
  "hasContact": [
    {
      "@id": "https://data.datatourisme.fr/292ca6d8-c480-3514-9cd2-bf59451f3ed6",
      "schema:email": [
        "sarljcn@wanadoo.fr"
      ],
      "schema:telephone": [
        "+33 1 64 38 02 67"
      ],
      "@type": [
        "foaf:Agent",
        "Agent"
      ],
      "foaf:homepage": [
        "http://www.lechaletdumoulin.fr/"
      ]
    }
  ],
  "hasDescription": [
    {
      "@id": "https://data.datatourisme.fr/283b2981-641a-3d32-b7d5-706be661db21",
      "@type": [
        "Description"
      ],
      "hasTranslatedProperty": [
        {
          "@id": "https://data.datatourisme.fr/099f4cd8-7f22-3644-9afe-0f458e36bd38",
          "dc:contributor": [
            "https://api.deepl.com/v2/translate"
          ],
          "rdf:language": [
            "es"
          ],
          "rdf:predicate": [
            "shortDescription"
          ]
        },
        {
          "@id": "https://data.datatourisme.fr/1d0e95d8-243b-3ad3-a406-3166418e681b",
          "dc:contributor": [
            "https://api.deepl.com/v2/translate"
          ],
          "rdf:language": [
            "nl"
          ],
          "rdf:predicate": [
            "shortDescription"
          ]
        },
        {
          "@id": "https://data.datatourisme.fr/2098c514-8a0f-3691-b67a-d44bcb92c1c9",
          "dc:contributor": [
            "https://api.deepl.com/v2/translate"
          ],
          "rdf:language": [
            "it"
          ],
          "rdf:predicate": [
            "shortDescription"
          ]
        },
        {
          "@id": "https://data.datatourisme.fr/31aeb42a-5386-3151-8138-0b0d87134abd",
          "dc:contributor": [
            "https://api.deepl.com/v2/translate"
          ],
          "rdf:language": [
            "de"
          ],
          "rdf:predicate": [
            "shortDescription"
          ]
        }
      ],
      "shortDescription": {
        "de": [
          "Restaurant-Bar mit Tanzfläche, das Chalet du Moulin empfängt Sie in einem denkmalgeschützten und historischen Ort am Rande des Waldes von Fontainebleau: ein echtes Holzchalet, das inmitten eines Parks mit Bäumen und seiner wunderschönen Steinmühle aufgestellt wurde. Terrasse."
        ],
        "en": [
          "Restaurant and bar with a dance floor, the Chalet du Moulin welcomes you in a classified and historic site at the edge of the forest of Fontainebleau: a real wooden chalet set in the heart of a wooded park, with its magnificent stone mill Terrace in the summer."
        ],
        "it": [
          "Lo Chalet du Moulin, ristorante e bar con pista da ballo, vi accoglie in un sito storico e protetto ai margini della foresta di Fontainebleau: un vero e proprio chalet in legno immerso nel cuore di un parco alberato e del suo magnifico mulino in pietra. Terrazza."
        ],
        "fr": [
          "Restaurant bar avec piste de danse, le Chalet du Moulin vous accueille dans un site classé et historique en lisière de la forêt de Fontainebleau : un vrai chalet en bois installé au cœur d’un parc arboré et son magnifique moulin en pierre. Terrasse."
        ],
        "es": [
          "El Chalet du Moulin, restaurante y bar con pista de baile, le da la bienvenida a un lugar catalogado e histórico al borde del bosque de Fontainebleau: un auténtico chalet de madera situado en el corazón de un parque arbolado y su magnífico molino de piedra. Terraza."
        ],
        "nl": [
          "De Chalet du Moulin, een restaurant en bar met een dansvloer, verwelkomt u op een geklasseerde en historische plek aan de rand van het bos van Fontainebleau: een echt houten chalet midden in een bosrijk park en zijn prachtige stenen molen. Terras."
        ]
      }
    }
  ],
  "hasTranslatedProperty": [
    {
      "@id": "https://data.datatourisme.fr/2011482b-0f2e-3427-b047-19aab216ffb2",
      "dc:contributor": [
        "https://api.deepl.com/v2/translate"
      ],
      "rdf:language": [
        "de"
      ],
      "rdf:predicate": [
        {
          "@id": "rdfs:comment"
        }
      ]
    },
    {
      "@id": "https://data.datatourisme.fr/60b649bf-80a9-3e69-80ab-de08bcce0e90",
      "dc:contributor": [
        "https://api.deepl.com/v2/translate"
      ],
      "rdf:language": [
        "es"
      ],
      "rdf:predicate": [
        {
          "@id": "rdfs:comment"
        }
      ]
    },
    {
      "@id": "https://data.datatourisme.fr/86101ce6-e96f-3ea2-8073-d7ca08a93a43",
      "dc:contributor": [
        "https://api.deepl.com/v2/translate"
      ],
      "rdf:language": [
        "nl"
      ],
      "rdf:predicate": [
        {
          "@id": "rdfs:comment"
        }
      ]
    },
    {
      "@id": "https://data.datatourisme.fr/ecb13af4-c145-33c3-a434-1c0ecdc639f4",
      "dc:contributor": [
        "https://api.deepl.com/v2/translate"
      ],
      "rdf:language": [
        "it"
      ],
      "rdf:predicate": [
        {
          "@id": "rdfs:comment"
        }
      ]
    }
  ],
  "isLocatedAt": [
    {
      "@id": "https://data.datatourisme.fr/222687a4-a988-3ef8-b1e4-fed82d490676",
      "schema:address": [
        {
          "@id": "https://data.datatourisme.fr/80fdfb64-774f-30f2-8aab-267feebb45b1",
          "schema:addressLocality": "Chailly-en-Bière",
          "schema:postalCode": "77930",
          "schema:streetAddress": [
            "16 bis Route de Fontainebleau"
          ],
          "@type": [
            "schema:PostalAddress",
            "PostalAddress"
          ],
          "hasAddressCity": {
            "@id": "kb:77069",
            "@type": [
              "City"
            ],
            "rdfs:label": {
              "de": [
                "Chailly-en-Bière"
              ],
              "pt": [
                "Chailly-en-Bière"
              ],
              "en": [
                "Chailly-en-Bière"
              ],
              "it": [
                "Chailly-en-Bière"
              ],
              "fr": [
                "Chailly-en-Bière"
              ],
              "nl": [
                "Chailly-en-Bière"
              ],
              "es": [
                "Chailly-en-Bière"
              ]
            },
            "insee": "77069",
            "isPartOfDepartment": {
              "@id": "kb:France1177",
              "@type": [
                "Department"
              ],
              "rdfs:label": {
                "de": [
                  "Seine-et-Marne"
                ],
                "pt": [
                  "Seine-et-Marne"
                ],
                "en": [
                  "Seine-et-Marne"
                ],
                "it": [
                  "Seine-et-Marne"
                ],
                "fr": [
                  "Seine-et-Marne"
                ],
                "nl": [
                  "Seine-et-Marne"
                ],
                "es": [
                  "Seine-et-Marne"
                ]
              },
              "insee": "77",
              "isPartOfRegion": {
                "@id": "kb:France11",
                "@type": [
                  "Region"
                ],
                "rdfs:label": {
                  "de": [
                    "Île-de-France"
                  ],
                  "pt": [
                    "Île-de-France"
                  ],
                  "en": [
                    "Île-de-France"
                  ],
                  "it": [
                    "Île-de-France"
                  ],
                  "fr": [
                    "Île-de-France"
                  ],
                  "nl": [
                    "Île-de-France"
                  ],
                  "es": [
                    "Île-de-France"
                  ]
                },
                "insee": "11",
                "isPartOfCountry": {
                  "@id": "kb:France",
                  "@type": [
                    "schema:Country"
                  ],
                  "rdfs:label": {
                    "de": [
                      "France",
                      "Frankreich"
                    ],
                    "pt": [
                      "França",
                      "France"
                    ],
                    "en": [
                      "France"
                    ],
                    "it": [
                      "France",
                      "Francia"
                    ],
                    "fr": [
                      "France"
                    ],
                    "nl": [
                      "France",
                      "Frankrijk"
                    ],
                    "es": [
                      "France",
                      "Francia"
                    ]
                  }
                }
              }
            }
          }
        }
      ],
      "schema:geo": {
        "@id": "https://data.datatourisme.fr/df520cda-332a-3490-be16-9e078cd3de14",
        "schema:latitude": "48.457544",
        "schema:longitude": "2.610871",
        "@type": [
          "schema:GeoCoordinates"
        ]
      },
      "schema:openingHoursSpecification": [
        {
          "@id": "https://data.datatourisme.fr/f87e535a-636d-3343-ad63-8a03392e7511",
          "schema:validFrom": "2023-01-01T00:00:00",
          "schema:validThrough": "2023-12-31T23:59:59",
          "@type": [
            "schema:OpeningHoursSpecification"
          ]
        }
      ],
      "@type": [
        "schema:Place",
        "Place"
      ]
    }
  ],
  "isOwnedBy": [
    {
      "@id": "https://data.datatourisme.fr/916f1cb3-e1a7-3f46-bb52-81cbe36922b0",
      "schema:email": [
        "celine@fontainebleau-tourisme.com",
        "emilie@fontainebleau-tourisme.com",
        "lorie@fontainebleau-tourisme.com",
        "mathilde@fontainebleau-tourisme.com"
      ],
      "schema:legalName": "Office de tourisme du Pays de Fontainebleau",
      "@type": [
        "schema:Organization",
        "foaf:Agent",
        "Agent"
      ],
      "foaf:homepage": [
        "http://www.fontainebleau-tourisme.com/"
      ]
    }
  ],
  "lastUpdate": "2023-03-22",
  "lastUpdateDatatourisme": "2023-03-23T06:40:04.538Z"
}