{
  "@id": "https://data.datatourisme.fr/13/0e82a28f-d2f3-3c2f-9cdb-c2ee2e962ac5",
  "dc:identifier": "5134591",
  "@type": [
    "schema:Accommodation",
    "schema:Hotel",
    "schema:LodgingBusiness",
    "Accommodation",
    "Hotel",
    "HotelTrade",
    "PlaceOfInterest",
    "PointOfInterest"
  ],
  "rdfs:comment": {
    "de": [
      "Das Hotel liegt 25 km von Paris entfernt mit direktem Zugang von der A1. Das Hotel Première Classe in Saint-Witz verfügt über eine privilegierte geografische Lage im Rahmen Ihrer Geschäfts- und Freizeitreisen."
    ],
    "en": [
      "Located 25kms from Paris with direct access from the A1. The hotel Première Classe de Saint-Witz offers a privileged geographical location for your business and leisure trips."
    ],
    "it": [
      "Situato a 25 km da Parigi con accesso diretto dalla A1. L'hotel Première Classe de Saint-Witz gode di una posizione geografica privilegiata per i vostri viaggi d'affari e di piacere."
    ],
    "fr": [
      "Situé à 25kms de Paris en accès direct depuis l'A1. L'hôtel Première Classe de Saint-Witz dispose d'une situation géographique privilégiée dans le cadre de vos déplacements pour affaires et Loisirs."
    ],
    "es": [
      "Situado a 25 km de París con acceso directo desde la A1. El hotel Première Classe de Saint-Witz goza de una ubicación geográfica privilegiada para sus viajes de negocios y de placer."
    ],
    "nl": [
      "Gelegen op 25 km van Parijs met directe toegang vanaf de A1. Het Première Classe de Saint-Witz hotel heeft een bevoorrechte geografische ligging voor uw zaken- en vakantiereizen."
    ]
  },
  "rdfs:label": {
    "fr": [
      "Première Classe Roissy Saint-Witz"
    ]
  },
  "hasBeenCreatedBy": {
    "@id": "https://data.datatourisme.fr/13/7810ccd4-1bf2-3faa-a2c4-e1f20db70a71",
    "dc:identifier": "1272",
    "schema:email": [
      "afertah@ville-roissy95.fr",
      "csebban@ville-roissy95.fr",
      "mlegris@ville-roissy95.fr"
    ],
    "schema:legalName": "Office de Tourisme Grand Roissy",
    "@type": [
      "schema:Organization",
      "foaf:Agent",
      "Agent"
    ],
    "foaf:homepage": [
      "https://www.grand-roissy-tourisme.com/"
    ]
  },
  "hasBeenPublishedBy": [
    {
      "@id": "https://data.datatourisme.fr/8a9feb4b-2cbd-3d2c-b507-bd6c6776b23b",
      "schema:legalName": "Apidae Tourisme Scic SA - source : Apidae Tourisme",
      "@type": [
        "schema:Organization",
        "foaf:Agent",
        "Agent"
      ],
      "foaf:homepage": [
        "https://www.apidae-tourisme.com/"
      ]
    }
  ],
  "hasContact": [
    {
      "@id": "https://data.datatourisme.fr/82eff8ff-02dc-38e5-83c7-994a2aa9f1ba",
      "schema:email": [
        "roissy.stwitz@premiereclasse.fr"
      ],
      "schema:telephone": [
        "+33 1 34 09 88 93",
        "+33 1 34 31 33 10"
      ],
      "@type": [
        "foaf:Agent",
        "Agent"
      ],
      "foaf:homepage": [
        "http://www.premiere-classe-saint-witz.fr/"
      ]
    }
  ],
  "hasDescription": [
    {
      "@id": "https://data.datatourisme.fr/55fee6ca-aa8e-3878-a749-6a943161e82c",
      "@type": [
        "Description"
      ],
      "hasTranslatedProperty": [
        {
          "@id": "https://data.datatourisme.fr/2f10f9ff-18d9-3be2-ba3d-a66cc8210b99",
          "dc:contributor": [
            "https://api.deepl.com/v2/translate"
          ],
          "rdf:language": [
            "es"
          ],
          "rdf:predicate": [
            "shortDescription"
          ]
        },
        {
          "@id": "https://data.datatourisme.fr/5fb6d191-1845-3362-ad0e-2ed7ffedf70a",
          "dc:contributor": [
            "https://api.deepl.com/v2/translate"
          ],
          "rdf:language": [
            "en"
          ],
          "rdf:predicate": [
            "shortDescription"
          ]
        },
        {
          "@id": "https://data.datatourisme.fr/7ca79522-d936-3f40-a3d3-e73d76c04e42",
          "dc:contributor": [
            "https://api.deepl.com/v2/translate"
          ],
          "rdf:language": [
            "de"
          ],
          "rdf:predicate": [
            "shortDescription"
          ]
        },
        {
          "@id": "https://data.datatourisme.fr/b1b12477-13f0-3552-9b65-96ac6a1e6a84",
          "dc:contributor": [
            "https://api.deepl.com/v2/translate"
          ],
          "rdf:language": [
            "nl"
          ],
          "rdf:predicate": [
            "shortDescription"
          ]
        },
        {
          "@id": "https://data.datatourisme.fr/d998edf6-700c-339d-a239-f598acd2b9c0",
          "dc:contributor": [
            "https://api.deepl.com/v2/translate"
          ],
          "rdf:language": [
            "it"
          ],
          "rdf:predicate": [
            "shortDescription"
          ]
        }
      ],
      "shortDescription": {
        "de": [
          "Das Hotel liegt 25 km von Paris entfernt mit direktem Zugang von der A1. Das Hotel Première Classe in Saint-Witz verfügt über eine privilegierte geografische Lage im Rahmen Ihrer Geschäfts- und Freizeitreisen."
        ],
        "en": [
          "Located 25kms from Paris with direct access from the A1. The hotel Première Classe de Saint-Witz offers a privileged geographical location for your business and leisure trips."
        ],
        "it": [
          "Situato a 25 km da Parigi con accesso diretto dalla A1. L'hotel Première Classe de Saint-Witz gode di una posizione geografica privilegiata per i vostri viaggi d'affari e di piacere."
        ],
        "fr": [
          "Situé à 25kms de Paris en accès direct depuis l'A1. L'hôtel Première Classe de Saint-Witz dispose d'une situation géographique privilégiée dans le cadre de vos déplacements pour affaires et Loisirs."
        ],
        "es": [
          "Situado a 25 km de París con acceso directo desde la A1. El hotel Première Classe de Saint-Witz goza de una ubicación geográfica privilegiada para sus viajes de negocios y de placer."
        ],
        "nl": [
          "Gelegen op 25 km van Parijs met directe toegang vanaf de A1. Het Première Classe de Saint-Witz hotel heeft een bevoorrechte geografische ligging voor uw zaken- en vakantiereizen."
        ]
      }
    }
  ],
  "hasTranslatedProperty": [
    {
      "@id": "https://data.datatourisme.fr/29862849-fb03-3de9-a089-82eeaf5232df",
      "dc:contributor": [
        "https://api.deepl.com/v2/translate"
      ],
      "rdf:language": [
        "nl"
      ],
      "rdf:predicate": [
        {
          "@id": "rdfs:comment"
        }
      ]
    },
    {
      "@id": "https://data.datatourisme.fr/73512e58-d26a-38a7-b50e-5d49f2874412",
      "dc:contributor": [
        "https://api.deepl.com/v2/translate"
      ],
      "rdf:language": [
        "es"
      ],
      "rdf:predicate": [
        {
          "@id": "rdfs:comment"
        }
      ]
    },
    {
      "@id": "https://data.datatourisme.fr/73d0b4b0-2a04-39b3-9add-8e3fa21cc798",
      "dc:contributor": [
        "https://api.deepl.com/v2/translate"
      ],
      "rdf:language": [
        "en"
      ],
      "rdf:predicate": [
        {
          "@id": "rdfs:comment"
        }
      ]
    },
    {
      "@id": "https://data.datatourisme.fr/8d067b33-1da4-3a19-8ed0-59055a89b694",
      "dc:contributor": [
        "https://api.deepl.com/v2/translate"
      ],
      "rdf:language": [
        "de"
      ],
      "rdf:predicate": [
        {
          "@id": "rdfs:comment"
        }
      ]
    },
    {
      "@id": "https://data.datatourisme.fr/a8196583-2c92-35cf-9c69-905df9fad164",
      "dc:contributor": [
        "https://api.deepl.com/v2/translate"
      ],
      "rdf:language": [
        "it"
      ],
      "rdf:predicate": [
        {
          "@id": "rdfs:comment"
        }
      ]
    }
  ],
  "isLocatedAt": [
    {
      "@id": "https://data.datatourisme.fr/856a32f2-6eab-33f1-9a5f-b814df7edbeb",
      "schema:address": [
        {
          "@id": "https://data.datatourisme.fr/4ba15774-10e8-3c9c-a751-e7b9abe6fe5c",
          "schema:addressLocality": "Saint-Witz",
          "schema:postalCode": "95470",
          "schema:streetAddress": [
            "rue Jean Moulin",
            "zone hôtelière"
          ],
          "@type": [
            "schema:PostalAddress",
            "PostalAddress"
          ],
          "hasAddressCity": {
            "@id": "kb:95580",
            "@type": [
              "City"
            ],
            "rdfs:label": {
              "de": [
                "Saint-Witz"
              ],
              "pt": [
                "Saint-Witz"
              ],
              "en": [
                "Saint-Witz"
              ],
              "it": [
                "Saint-Witz"
              ],
              "fr": [
                "Saint-Witz"
              ],
              "nl": [
                "Saint-Witz"
              ],
              "es": [
                "Saint-Witz"
              ]
            },
            "insee": "95580",
            "isPartOfDepartment": {
              "@id": "kb:France1195",
              "@type": [
                "Department"
              ],
              "rdfs:label": {
                "de": [
                  "Val-d'Oise"
                ],
                "pt": [
                  "Val-d'Oise"
                ],
                "en": [
                  "Val-d'Oise"
                ],
                "it": [
                  "Val-d'Oise"
                ],
                "fr": [
                  "Val-d'Oise"
                ],
                "nl": [
                  "Val-d'Oise"
                ],
                "es": [
                  "Val-d'Oise"
                ]
              },
              "insee": "95",
              "isPartOfRegion": {
                "@id": "kb:France11",
                "@type": [
                  "Region"
                ],
                "rdfs:label": {
                  "de": [
                    "Île-de-France"
                  ],
                  "pt": [
                    "Île-de-France"
                  ],
                  "en": [
                    "Île-de-France"
                  ],
                  "it": [
                    "Île-de-France"
                  ],
                  "fr": [
                    "Île-de-France"
                  ],
                  "nl": [
                    "Île-de-France"
                  ],
                  "es": [
                    "Île-de-France"
                  ]
                },
                "insee": "11",
                "isPartOfCountry": {
                  "@id": "kb:France",
                  "@type": [
                    "schema:Country"
                  ],
                  "rdfs:label": {
                    "de": [
                      "France",
                      "Frankreich"
                    ],
                    "pt": [
                      "França",
                      "France"
                    ],
                    "en": [
                      "France"
                    ],
                    "it": [
                      "France",
                      "Francia"
                    ],
                    "fr": [
                      "France"
                    ],
                    "nl": [
                      "France",
                      "Frankrijk"
                    ],
                    "es": [
                      "France",
                      "Francia"
                    ]
                  }
                }
              }
            }
          }
        }
      ],
      "schema:geo": {
        "@id": "https://data.datatourisme.fr/db6b0a41-7294-3447-bdf4-dd972b228bf2",
        "schema:latitude": "49.089048",
        "schema:longitude": "2.556443",
        "@type": [
          "schema:GeoCoordinates"
        ]
      },
      "schema:openingHoursSpecification": [
        {
          "@id": "https://data.datatourisme.fr/5db055c2-5e49-39dd-9c18-a0ca5cbe5d1c",
          "schema:validFrom": "2023-01-01T00:00:00",
          "schema:validThrough": "2023-12-31T23:59:59",
          "@type": [
            "schema:OpeningHoursSpecification"
          ],
          "additionalInformation": {
            "de": [
              "Montag, Dienstag, Mittwoch, Donnerstag, Freitag: von 6:30 bis 21:00 Uhr.\r\nSamstag, Sonntag: von 7:00 bis 21:00 Uhr."
            ],
            "en": [
              "Monday, Tuesday, Wednesday, Thursday, Friday: from 6:30 am to 9 pm.\r\nSaturday, Sunday: from 7am to 9pm."
            ],
            "it": [
              "Lunedì, martedì, mercoledì, giovedì, venerdì: dalle 6.30 alle 21.00.\r\nSabato e domenica: dalle 7.00 alle 21.00."
            ],
            "fr": [
              "Lundi, Mardi, Mercredi, Jeudi, Vendredi : de 6h30 à 21h.\r\nSamedi, Dimanche : de 7h à 21h."
            ],
            "nl": [
              "Maandag, dinsdag, woensdag, donderdag, vrijdag: 6.30 tot 21.00 uur.\r\nZaterdag, zondag: van 7 tot 21 uur."
            ],
            "es": [
              "Lunes, martes, miércoles, jueves y viernes: de 6.30 a 21.00 horas.\r\nSábado y domingo: de 7 a 21 horas."
            ]
          },
          "hasTranslatedProperty": [
            {
              "@id": "https://data.datatourisme.fr/35d4c41e-cc02-390c-bcca-a3891a783529",
              "dc:contributor": [
                "https://api.deepl.com/v2/translate"
              ],
              "rdf:language": [
                "de"
              ],
              "rdf:predicate": [
                "additionalInformation"
              ]
            },
            {
              "@id": "https://data.datatourisme.fr/5fb44728-bc34-3af1-bb98-b339760bab19",
              "dc:contributor": [
                "https://api.deepl.com/v2/translate"
              ],
              "rdf:language": [
                "it"
              ],
              "rdf:predicate": [
                "additionalInformation"
              ]
            },
            {
              "@id": "https://data.datatourisme.fr/ae2253b7-555a-3290-927d-a8cee1f95490",
              "dc:contributor": [
                "https://api.deepl.com/v2/translate"
              ],
              "rdf:language": [
                "en"
              ],
              "rdf:predicate": [
                "additionalInformation"
              ]
            },
            {
              "@id": "https://data.datatourisme.fr/d122b04c-f2f1-38df-80ac-ad07cc9cc23e",
              "dc:contributor": [
                "https://api.deepl.com/v2/translate"
              ],
              "rdf:language": [
                "nl"
              ],
              "rdf:predicate": [
                "additionalInformation"
              ]
            },
            {
              "@id": "https://data.datatourisme.fr/dd17dbd4-5fb5-37e9-a6af-02abf96a2c51",
              "dc:contributor": [
                "https://api.deepl.com/v2/translate"
              ],
              "rdf:language": [
                "es"
              ],
              "rdf:predicate": [
                "additionalInformation"
              ]
            }
          ]
        }
      ],
      "@type": [
        "schema:Place",
        "Place"
      ]
    }
  ],
  "isOwnedBy": [
    {
      "@id": "https://data.datatourisme.fr/818ba162-886f-3d2a-a3d0-b535923ee594",
      "schema:email": [
        "afertah@ville-roissy95.fr",
        "csebban@ville-roissy95.fr",
        "mlegris@ville-roissy95.fr"
      ],
      "schema:legalName": "Office de Tourisme Grand Roissy",
      "@type": [
        "schema:Organization",
        "foaf:Agent",
        "Agent"
      ],
      "foaf:homepage": [
        "https://www.grand-roissy-tourisme.com/"
      ]
    }
  ],
  "lastUpdate": "2022-06-23",
  "lastUpdateDatatourisme": "2023-01-20T06:36:48.933Z"
}