{
  "@id": "https://data.datatourisme.fr/13/0ed8eac5-16a7-3f17-80b3-d1d89eed055f",
  "dc:identifier": "5975870",
  "@type": [
    "schema:LocalBusiness",
    "CraftsmanShop",
    "PlaceOfInterest",
    "PointOfInterest",
    "Store"
  ],
  "rdfs:comment": {
    "de": [
      "Brigitte Boulanger ist eine in Gif-sur-Yvette niedergelassene Malerin und Lichtkünstlerin."
    ],
    "en": [
      "Brigitte Boulanger is a painter and illuminator based in Gif-sur-Yvette."
    ],
    "it": [
      "Brigitte Boulanger è una pittrice e miniatrice di Gif-sur-Yvette."
    ],
    "fr": [
      "Brigitte Boulanger est artiste peintre-enlumineur installée à Gif-sur-Yvette."
    ],
    "nl": [
      "Brigitte Boulanger is schilderes en belichtster uit Gif-sur-Yvette."
    ],
    "es": [
      "Brigitte Boulanger es una pintora e iluminadora afincada en Gif-sur-Yvette."
    ]
  },
  "rdfs:label": {
    "fr": [
      "Traces d'Or"
    ]
  },
  "hasBeenCreatedBy": {
    "@id": "https://data.datatourisme.fr/13/e034fb6b-66aa-3c1d-88f4-45ddfb08da98",
    "dc:identifier": "1233",
    "schema:email": [
      "d.trioux@destination-paris-saclay.com"
    ],
    "schema:legalName": "Destination Paris-Saclay",
    "@type": [
      "schema:Organization",
      "foaf:Agent",
      "Agent"
    ],
    "foaf:homepage": [
      "https://www.destination-paris-saclay.com/"
    ]
  },
  "hasBeenPublishedBy": [
    {
      "@id": "https://data.datatourisme.fr/8a9feb4b-2cbd-3d2c-b507-bd6c6776b23b",
      "schema:legalName": "Apidae Tourisme Scic SA - source : Apidae Tourisme",
      "@type": [
        "schema:Organization",
        "foaf:Agent",
        "Agent"
      ],
      "foaf:homepage": [
        "https://www.apidae-tourisme.com/"
      ]
    }
  ],
  "hasContact": [
    {
      "@id": "https://data.datatourisme.fr/163af36d-ab28-399a-8154-348ccdf00b92",
      "schema:email": [
        "briboulanger@gmail.com"
      ],
      "schema:telephone": [
        "+33 6 82 13 59 39"
      ],
      "@type": [
        "foaf:Agent",
        "Agent"
      ],
      "foaf:homepage": [
        "https://www.artmajeur.com/brigitte-boulanger",
        "https://www.brigitteboulanger-enluminures.com/"
      ]
    }
  ],
  "hasDescription": [
    {
      "@id": "https://data.datatourisme.fr/1c9255b1-addd-349a-893b-4f90d1e73809",
      "@type": [
        "Description"
      ],
      "hasTranslatedProperty": [
        {
          "@id": "https://data.datatourisme.fr/2e80b2d3-5790-35da-92ca-f95db352d7cb",
          "dc:contributor": [
            "https://api.deepl.com/v2/translate"
          ],
          "rdf:language": [
            "nl"
          ],
          "rdf:predicate": [
            "shortDescription"
          ]
        },
        {
          "@id": "https://data.datatourisme.fr/912c3e3c-32ba-3321-9395-2b39cfea66fc",
          "dc:contributor": [
            "https://api.deepl.com/v2/translate"
          ],
          "rdf:language": [
            "en"
          ],
          "rdf:predicate": [
            "shortDescription"
          ]
        },
        {
          "@id": "https://data.datatourisme.fr/bc86fb00-0369-3935-96f4-0d340a7d6c7a",
          "dc:contributor": [
            "https://api.deepl.com/v2/translate"
          ],
          "rdf:language": [
            "es"
          ],
          "rdf:predicate": [
            "shortDescription"
          ]
        },
        {
          "@id": "https://data.datatourisme.fr/c3ee45f1-ea18-3f22-84b7-ed5162a0c8fe",
          "dc:contributor": [
            "https://api.deepl.com/v2/translate"
          ],
          "rdf:language": [
            "de"
          ],
          "rdf:predicate": [
            "shortDescription"
          ]
        },
        {
          "@id": "https://data.datatourisme.fr/c4ff91df-1f2e-3d2f-b649-ba73eedadba8",
          "dc:contributor": [
            "https://api.deepl.com/v2/translate"
          ],
          "rdf:language": [
            "it"
          ],
          "rdf:predicate": [
            "shortDescription"
          ]
        }
      ],
      "shortDescription": {
        "de": [
          "Brigitte Boulanger ist eine in Gif-sur-Yvette niedergelassene Malerin und Lichtkünstlerin."
        ],
        "en": [
          "Brigitte Boulanger is a painter and illuminator based in Gif-sur-Yvette."
        ],
        "it": [
          "Brigitte Boulanger è una pittrice e miniatrice di Gif-sur-Yvette."
        ],
        "fr": [
          "Brigitte Boulanger est artiste peintre-enlumineur installée à Gif-sur-Yvette."
        ],
        "nl": [
          "Brigitte Boulanger is schilderes en belichtster uit Gif-sur-Yvette."
        ],
        "es": [
          "Brigitte Boulanger es una pintora e iluminadora afincada en Gif-sur-Yvette."
        ]
      }
    }
  ],
  "hasTranslatedProperty": [
    {
      "@id": "https://data.datatourisme.fr/0f4da8f0-3070-325c-9f6b-619f3e205b59",
      "dc:contributor": [
        "https://api.deepl.com/v2/translate"
      ],
      "rdf:language": [
        "de"
      ],
      "rdf:predicate": [
        {
          "@id": "rdfs:comment"
        }
      ]
    },
    {
      "@id": "https://data.datatourisme.fr/1d0697d7-faa2-312f-bead-c583701bd98b",
      "dc:contributor": [
        "https://api.deepl.com/v2/translate"
      ],
      "rdf:language": [
        "es"
      ],
      "rdf:predicate": [
        {
          "@id": "rdfs:comment"
        }
      ]
    },
    {
      "@id": "https://data.datatourisme.fr/3e30ae56-a178-3104-93b0-7e13d7a42644",
      "dc:contributor": [
        "https://api.deepl.com/v2/translate"
      ],
      "rdf:language": [
        "it"
      ],
      "rdf:predicate": [
        {
          "@id": "rdfs:comment"
        }
      ]
    },
    {
      "@id": "https://data.datatourisme.fr/9153cc3e-b979-318f-9579-d5a12faabb4d",
      "dc:contributor": [
        "https://api.deepl.com/v2/translate"
      ],
      "rdf:language": [
        "nl"
      ],
      "rdf:predicate": [
        {
          "@id": "rdfs:comment"
        }
      ]
    },
    {
      "@id": "https://data.datatourisme.fr/b74cc77a-ad86-3c1c-80c0-3000b99232ab",
      "dc:contributor": [
        "https://api.deepl.com/v2/translate"
      ],
      "rdf:language": [
        "en"
      ],
      "rdf:predicate": [
        {
          "@id": "rdfs:comment"
        }
      ]
    }
  ],
  "isLocatedAt": [
    {
      "@id": "https://data.datatourisme.fr/5a2af557-ef78-3842-acb9-641bf2966ff1",
      "schema:address": [
        {
          "@id": "https://data.datatourisme.fr/29cca7a8-ad43-3412-946c-b88aa6dc99e6",
          "schema:addressLocality": "Gif-sur-Yvette",
          "schema:postalCode": "91190",
          "schema:streetAddress": [
            "38 Allée des Fours Blancs"
          ],
          "@type": [
            "schema:PostalAddress",
            "PostalAddress"
          ],
          "hasAddressCity": {
            "@id": "kb:91272",
            "@type": [
              "City"
            ],
            "rdfs:label": {
              "de": [
                "Gif-sur-Yvette"
              ],
              "pt": [
                "Gif-sur-Yvette"
              ],
              "en": [
                "Gif-sur-Yvette"
              ],
              "it": [
                "Gif-sur-Yvette"
              ],
              "fr": [
                "Gif-sur-Yvette"
              ],
              "nl": [
                "Gif-sur-Yvette"
              ],
              "es": [
                "Gif-sur-Yvette"
              ]
            },
            "insee": "91272",
            "isPartOfDepartment": {
              "@id": "kb:France1191",
              "@type": [
                "Department"
              ],
              "rdfs:label": {
                "de": [
                  "Essonne"
                ],
                "pt": [
                  "Essonne"
                ],
                "en": [
                  "Essonne"
                ],
                "it": [
                  "Essonne"
                ],
                "fr": [
                  "Essonne"
                ],
                "nl": [
                  "Essonne"
                ],
                "es": [
                  "Essonne"
                ]
              },
              "insee": "91",
              "isPartOfRegion": {
                "@id": "kb:France11",
                "@type": [
                  "Region"
                ],
                "rdfs:label": {
                  "de": [
                    "Île-de-France"
                  ],
                  "pt": [
                    "Île-de-France"
                  ],
                  "en": [
                    "Île-de-France"
                  ],
                  "it": [
                    "Île-de-France"
                  ],
                  "fr": [
                    "Île-de-France"
                  ],
                  "nl": [
                    "Île-de-France"
                  ],
                  "es": [
                    "Île-de-France"
                  ]
                },
                "insee": "11",
                "isPartOfCountry": {
                  "@id": "kb:France",
                  "@type": [
                    "schema:Country"
                  ],
                  "rdfs:label": {
                    "de": [
                      "France",
                      "Frankreich"
                    ],
                    "pt": [
                      "França",
                      "France"
                    ],
                    "en": [
                      "France"
                    ],
                    "it": [
                      "France",
                      "Francia"
                    ],
                    "fr": [
                      "France"
                    ],
                    "nl": [
                      "France",
                      "Frankrijk"
                    ],
                    "es": [
                      "France",
                      "Francia"
                    ]
                  }
                }
              }
            }
          }
        }
      ],
      "schema:geo": {
        "@id": "https://data.datatourisme.fr/94a25d92-f2cd-38d6-8ce6-f60433ab1b45",
        "schema:latitude": "48.68811",
        "schema:longitude": "2.123828",
        "@type": [
          "schema:GeoCoordinates"
        ]
      },
      "schema:openingHoursSpecification": [
        {
          "@id": "https://data.datatourisme.fr/f87e535a-636d-3343-ad63-8a03392e7511",
          "schema:validFrom": "2023-01-01T00:00:00",
          "schema:validThrough": "2023-12-31T23:59:59",
          "@type": [
            "schema:OpeningHoursSpecification"
          ]
        }
      ],
      "@type": [
        "schema:Place",
        "Place"
      ]
    }
  ],
  "isOwnedBy": [
    {
      "@id": "https://data.datatourisme.fr/d87037ec-223f-3b91-8276-b2fe7d28f333",
      "schema:email": [
        "d.trioux@destination-paris-saclay.com"
      ],
      "schema:legalName": "Destination Paris-Saclay",
      "@type": [
        "schema:Organization",
        "foaf:Agent",
        "Agent"
      ],
      "foaf:homepage": [
        "https://www.destination-paris-saclay.com/"
      ]
    }
  ],
  "lastUpdate": "2022-11-30",
  "lastUpdateDatatourisme": "2023-02-01T18:07:35.822Z"
}