{
  "@id": "https://data.datatourisme.fr/13/12e25852-99fa-3837-bad7-cdb904f542e4",
  "dc:identifier": "6425196",
  "@type": [
    "schema:LocalBusiness",
    "schema:Product",
    "EquipmentRental",
    "EquipmentRentalShop",
    "PlaceOfInterest",
    "PointOfInterest",
    "Product",
    "Rental",
    "ServiceProvider",
    "Store"
  ],
  "rdfs:comment": {
    "de": [
      "ABC Vélo bietet die Reservierung und Lieferung von Fahrrädern vor dem Schloss von Versailles an."
    ],
    "en": [
      "ABC Vélo proposes the reservation and the delivery of bicycles in front of the castle of Versailles."
    ],
    "it": [
      "ABC Vélo offre la prenotazione e la consegna di biciclette davanti al Castello di Versailles."
    ],
    "fr": [
      "ABC Vélo propose la réservation et la livraison de vélos devant le château de Versailles."
    ],
    "es": [
      "ABC Vélo ofrece servicio de reserva y entrega de bicicletas frente al Castillo de Versalles."
    ],
    "nl": [
      "ABC Vélo biedt fietsreservering en -bezorging voor het Château de Versailles."
    ]
  },
  "rdfs:label": {
    "fr": [
      "ABC Vélos Versailles"
    ]
  },
  "hasBeenCreatedBy": {
    "@id": "https://data.datatourisme.fr/13/5a142a55-461d-3fef-816a-cfb927fee0bd",
    "dc:identifier": "1710",
    "schema:email": [
      "ebasset@yvelines.fr",
      "tourisme@yvelines.fr"
    ],
    "schema:legalName": "Conseil Départemental des Yvelines",
    "@type": [
      "schema:Organization",
      "foaf:Agent",
      "Agent"
    ]
  },
  "hasBeenPublishedBy": [
    {
      "@id": "https://data.datatourisme.fr/8a9feb4b-2cbd-3d2c-b507-bd6c6776b23b",
      "schema:legalName": "Apidae Tourisme Scic SA - source : Apidae Tourisme",
      "@type": [
        "schema:Organization",
        "foaf:Agent",
        "Agent"
      ],
      "foaf:homepage": [
        "https://www.apidae-tourisme.com/"
      ]
    }
  ],
  "hasContact": [
    {
      "@id": "https://data.datatourisme.fr/ad67e565-4cca-385e-bf8d-8caaff35dfd8",
      "schema:email": [
        "abcvelos@gmail.com"
      ],
      "schema:telephone": [
        "+33 6 50 96 79 72"
      ],
      "@type": [
        "foaf:Agent",
        "Agent"
      ],
      "foaf:homepage": [
        "https://abcmouv.com/"
      ]
    }
  ],
  "hasDescription": [
    {
      "@id": "https://data.datatourisme.fr/32a275d9-8cda-3677-8275-498b0c37c711",
      "@type": [
        "Description"
      ],
      "hasTranslatedProperty": [
        {
          "@id": "https://data.datatourisme.fr/7ce582ae-f724-3400-9ae2-f13af09bc6c2",
          "dc:contributor": [
            "https://api.deepl.com/v2/translate"
          ],
          "rdf:language": [
            "nl"
          ],
          "rdf:predicate": [
            "shortDescription"
          ]
        },
        {
          "@id": "https://data.datatourisme.fr/9b705156-f5c7-33b8-90ea-daa3528c75d8",
          "dc:contributor": [
            "https://api.deepl.com/v2/translate"
          ],
          "rdf:language": [
            "en"
          ],
          "rdf:predicate": [
            "shortDescription"
          ]
        },
        {
          "@id": "https://data.datatourisme.fr/b10ad18d-a492-30e5-9b5f-fca90af79a21",
          "dc:contributor": [
            "https://api.deepl.com/v2/translate"
          ],
          "rdf:language": [
            "it"
          ],
          "rdf:predicate": [
            "shortDescription"
          ]
        },
        {
          "@id": "https://data.datatourisme.fr/be1e070c-81e5-3ab7-bcda-4b75f6646a66",
          "dc:contributor": [
            "https://api.deepl.com/v2/translate"
          ],
          "rdf:language": [
            "es"
          ],
          "rdf:predicate": [
            "shortDescription"
          ]
        },
        {
          "@id": "https://data.datatourisme.fr/e6a806cd-0bd7-3119-a453-af10f3df6e0f",
          "dc:contributor": [
            "https://api.deepl.com/v2/translate"
          ],
          "rdf:language": [
            "de"
          ],
          "rdf:predicate": [
            "shortDescription"
          ]
        }
      ],
      "shortDescription": {
        "de": [
          "ABC Vélo bietet die Reservierung und Lieferung von Fahrrädern vor dem Schloss von Versailles an."
        ],
        "en": [
          "ABC Vélo proposes the reservation and the delivery of bicycles in front of the castle of Versailles."
        ],
        "it": [
          "ABC Vélo offre la prenotazione e la consegna di biciclette davanti al Castello di Versailles."
        ],
        "fr": [
          "ABC Vélo propose la réservation et la livraison de vélos devant le château de Versailles."
        ],
        "es": [
          "ABC Vélo ofrece servicio de reserva y entrega de bicicletas frente al Castillo de Versalles."
        ],
        "nl": [
          "ABC Vélo biedt fietsreservering en -bezorging voor het Château de Versailles."
        ]
      }
    }
  ],
  "hasReview": [
    {
      "@id": "https://data.datatourisme.fr/6e866798-cae5-351c-9e8d-963661217e60",
      "@type": [
        "Review"
      ],
      "hasReviewValue": {
        "@id": "kb:LabelRating_AccueilVelo",
        "@type": [
          "LabelRating"
        ],
        "rdfs:label": {
          "de": [
            "Accueil Vélo"
          ],
          "pt": [
            "Accueil Vélo"
          ],
          "en": [
            "Accueil Vélo"
          ],
          "it": [
            "Accueil Vélo"
          ],
          "fr": [
            "Accueil Vélo"
          ],
          "nl": [
            "Accueil Vélo"
          ],
          "es": [
            "Accueil Vélo"
          ]
        },
        "isCompliantWith": [
          "PlaceOfInterest"
        ]
      }
    }
  ],
  "hasTranslatedProperty": [
    {
      "@id": "https://data.datatourisme.fr/15508042-24e3-3f0e-8927-0c3cf5b4dda5",
      "dc:contributor": [
        "https://api.deepl.com/v2/translate"
      ],
      "rdf:language": [
        "it"
      ],
      "rdf:predicate": [
        {
          "@id": "rdfs:comment"
        }
      ]
    },
    {
      "@id": "https://data.datatourisme.fr/81aa9ef2-4dfd-34ff-a9c6-7cecfe56cce9",
      "dc:contributor": [
        "https://api.deepl.com/v2/translate"
      ],
      "rdf:language": [
        "en"
      ],
      "rdf:predicate": [
        {
          "@id": "rdfs:comment"
        }
      ]
    },
    {
      "@id": "https://data.datatourisme.fr/a8ada968-6659-3202-99aa-4b8657b6014b",
      "dc:contributor": [
        "https://api.deepl.com/v2/translate"
      ],
      "rdf:language": [
        "es"
      ],
      "rdf:predicate": [
        {
          "@id": "rdfs:comment"
        }
      ]
    },
    {
      "@id": "https://data.datatourisme.fr/ad1467a3-329a-328a-b93a-a35443ee98a3",
      "dc:contributor": [
        "https://api.deepl.com/v2/translate"
      ],
      "rdf:language": [
        "de"
      ],
      "rdf:predicate": [
        {
          "@id": "rdfs:comment"
        }
      ]
    },
    {
      "@id": "https://data.datatourisme.fr/d7dc2b01-fb75-3033-83dd-cf1801688dc8",
      "dc:contributor": [
        "https://api.deepl.com/v2/translate"
      ],
      "rdf:language": [
        "nl"
      ],
      "rdf:predicate": [
        {
          "@id": "rdfs:comment"
        }
      ]
    }
  ],
  "isLocatedAt": [
    {
      "@id": "https://data.datatourisme.fr/72b1ffbf-0609-34d1-a1bb-35aeef817e7f",
      "schema:address": [
        {
          "@id": "https://data.datatourisme.fr/ec736f93-ab2e-36d6-9f15-9460a7b09a30",
          "schema:addressLocality": "Versailles",
          "schema:postalCode": "78000",
          "schema:streetAddress": [
            "Place d'Armes"
          ],
          "@type": [
            "schema:PostalAddress",
            "PostalAddress"
          ],
          "hasAddressCity": {
            "@id": "kb:78646",
            "@type": [
              "City"
            ],
            "rdfs:label": {
              "de": [
                "Versailles"
              ],
              "pt": [
                "Versailles"
              ],
              "en": [
                "Versailles"
              ],
              "it": [
                "Versailles"
              ],
              "fr": [
                "Versailles"
              ],
              "nl": [
                "Versailles"
              ],
              "es": [
                "Versailles"
              ]
            },
            "insee": "78646",
            "isPartOfDepartment": {
              "@id": "kb:France1178",
              "@type": [
                "Department"
              ],
              "rdfs:label": {
                "de": [
                  "Yvelines"
                ],
                "pt": [
                  "Yvelines"
                ],
                "en": [
                  "Yvelines"
                ],
                "it": [
                  "Yvelines"
                ],
                "fr": [
                  "Yvelines"
                ],
                "nl": [
                  "Yvelines"
                ],
                "es": [
                  "Yvelines"
                ]
              },
              "insee": "78",
              "isPartOfRegion": {
                "@id": "kb:France11",
                "@type": [
                  "Region"
                ],
                "rdfs:label": {
                  "de": [
                    "Île-de-France"
                  ],
                  "pt": [
                    "Île-de-France"
                  ],
                  "en": [
                    "Île-de-France"
                  ],
                  "it": [
                    "Île-de-France"
                  ],
                  "fr": [
                    "Île-de-France"
                  ],
                  "nl": [
                    "Île-de-France"
                  ],
                  "es": [
                    "Île-de-France"
                  ]
                },
                "insee": "11",
                "isPartOfCountry": {
                  "@id": "kb:France",
                  "@type": [
                    "schema:Country"
                  ],
                  "rdfs:label": {
                    "de": [
                      "France",
                      "Frankreich"
                    ],
                    "pt": [
                      "França",
                      "France"
                    ],
                    "en": [
                      "France"
                    ],
                    "it": [
                      "France",
                      "Francia"
                    ],
                    "fr": [
                      "France"
                    ],
                    "nl": [
                      "France",
                      "Frankrijk"
                    ],
                    "es": [
                      "France",
                      "Francia"
                    ]
                  }
                }
              }
            }
          }
        }
      ],
      "schema:geo": {
        "@id": "https://data.datatourisme.fr/ca3e480a-5166-36f9-ab89-c8af95211749",
        "schema:latitude": "48.803704",
        "schema:longitude": "2.124866",
        "@type": [
          "schema:GeoCoordinates"
        ]
      },
      "schema:openingHoursSpecification": [
        {
          "@id": "https://data.datatourisme.fr/810d6781-6be6-3f92-9289-8384fa315e68",
          "schema:validFrom": "2023-01-01T00:00:00",
          "schema:validThrough": "2023-12-31T23:59:59",
          "@type": [
            "schema:OpeningHoursSpecification"
          ],
          "additionalInformation": {
            "de": [
              "Lieferung 7 Tage die Woche nach Voranmeldung"
            ],
            "en": [
              "Delivery 7 days a week on reservation"
            ],
            "it": [
              "Consegna 7 giorni su 7 su prenotazione"
            ],
            "fr": [
              "Livraison 7j/7 sur réservation"
            ],
            "nl": [
              "Levering 7 dagen per week op reservering"
            ],
            "es": [
              "Entrega 7 días a la semana previa reserva"
            ]
          },
          "hasTranslatedProperty": [
            {
              "@id": "https://data.datatourisme.fr/08fb75e8-52da-3126-bd6d-abd3a4a18660",
              "dc:contributor": [
                "https://api.deepl.com/v2/translate"
              ],
              "rdf:language": [
                "es"
              ],
              "rdf:predicate": [
                "additionalInformation"
              ]
            },
            {
              "@id": "https://data.datatourisme.fr/6442ab3b-735b-3a6a-88b5-80d59d8d4f6c",
              "dc:contributor": [
                "https://api.deepl.com/v2/translate"
              ],
              "rdf:language": [
                "en"
              ],
              "rdf:predicate": [
                "additionalInformation"
              ]
            },
            {
              "@id": "https://data.datatourisme.fr/65ff733e-feb8-3445-8cb9-967b70e44e9c",
              "dc:contributor": [
                "https://api.deepl.com/v2/translate"
              ],
              "rdf:language": [
                "de"
              ],
              "rdf:predicate": [
                "additionalInformation"
              ]
            },
            {
              "@id": "https://data.datatourisme.fr/7fcbd5c1-3e19-3956-8da5-4c97bbf8f934",
              "dc:contributor": [
                "https://api.deepl.com/v2/translate"
              ],
              "rdf:language": [
                "it"
              ],
              "rdf:predicate": [
                "additionalInformation"
              ]
            },
            {
              "@id": "https://data.datatourisme.fr/df049bd5-ab40-3b04-883d-27b4d0915e4b",
              "dc:contributor": [
                "https://api.deepl.com/v2/translate"
              ],
              "rdf:language": [
                "nl"
              ],
              "rdf:predicate": [
                "additionalInformation"
              ]
            }
          ]
        }
      ],
      "@type": [
        "schema:Place",
        "Place"
      ]
    }
  ],
  "isOwnedBy": [
    {
      "@id": "https://data.datatourisme.fr/51418642-d8c7-3896-8f4e-6e25435e4c26",
      "schema:email": [
        "ebasset@yvelines.fr",
        "tourisme@yvelines.fr"
      ],
      "schema:legalName": "Conseil Départemental des Yvelines",
      "@type": [
        "schema:Organization",
        "foaf:Agent",
        "Agent"
      ]
    }
  ],
  "lastUpdate": "2023-02-23",
  "lastUpdateDatatourisme": "2023-02-24T06:40:40.336Z"
}