{
  "@id": "https://data.datatourisme.fr/13/1261fbe9-313f-39dd-b727-8229796ae84c",
  "dc:identifier": "5693269",
  "@type": [
    "schema:FoodEstablishment",
    "FoodEstablishment",
    "PlaceOfInterest",
    "PointOfInterest"
  ],
  "rdfs:comment": {
    "de": [
      "Le Gaulois ist eine Brauerei, die sich in der Nähe des Stadtzentrums von Saint-Arnoult-en-Yvelines befindet.\r\n\r\nHier finden Sie eine schmackhafte und traditionelle Küche. Entdecken Sie authentische Gerichte in einer freundlichen und herzlichen Atmosphäre!"
    ],
    "en": [
      "Le Gaulois is a brewery, located near the city center of Saint-Arnoult-en-Yvelines.\r\n\r\nYou will find a tasty and traditional cuisine. Come and discover authentic dishes in a warm and friendly atmosphere!"
    ],
    "it": [
      "Le Gaulois è una birreria situata vicino al centro di Saint-Arnoult-en-Yvelines.\r\n\r\nTroverete una cucina gustosa e tradizionale. Venite a scoprire piatti autentici in un'atmosfera calda e accogliente!"
    ],
    "fr": [
      "Le Gaulois est une brasserie, située près du centre-ville de Saint-Arnoult-en-Yvelines.\r\n\r\nVous y retrouverez une cuisine savoureuse et traditionnelle. Venez découvrir des mets authentiques dans une ambiance conviviale et chaleureuse !"
    ],
    "nl": [
      "Le Gaulois is een brouwerij, gelegen nabij het centrum van Saint-Arnoult-en-Yvelines.\r\n\r\nU vindt er een smakelijke en traditionele keuken. Kom en ontdek authentieke gerechten in een warme en vriendelijke sfeer!"
    ],
    "es": [
      "Le Gaulois es una cervecería, situada cerca del centro de la ciudad de Saint-Arnoult-en-Yvelines.\r\n\r\nEncontrará una cocina sabrosa y tradicional. Venga a descubrir platos auténticos en un ambiente cálido y acogedor"
    ]
  },
  "rdfs:label": {
    "fr": [
      "Le Gaulois"
    ]
  },
  "hasBeenCreatedBy": {
    "@id": "https://data.datatourisme.fr/13/4e9cec1f-5830-3645-9111-d63e24f3b8ef",
    "dc:identifier": "1556",
    "schema:email": [
      "c.imbert@rt78.fr",
      "c.vallet@rt78.fr",
      "m.suray@rt78.fr",
      "s.bertoncini@rt78.fr"
    ],
    "schema:legalName": "Rambouillet Territoires",
    "@type": [
      "schema:Organization",
      "foaf:Agent",
      "Agent"
    ],
    "foaf:homepage": [
      "http://www.rambouillet-tourisme.fr/"
    ]
  },
  "hasBeenPublishedBy": [
    {
      "@id": "https://data.datatourisme.fr/8a9feb4b-2cbd-3d2c-b507-bd6c6776b23b",
      "schema:legalName": "Apidae Tourisme Scic SA - source : Apidae Tourisme",
      "@type": [
        "schema:Organization",
        "foaf:Agent",
        "Agent"
      ],
      "foaf:homepage": [
        "https://www.apidae-tourisme.com/"
      ]
    }
  ],
  "hasContact": [
    {
      "@id": "https://data.datatourisme.fr/c735b454-a05e-35b5-85ec-04888f21f342",
      "schema:telephone": [
        "+33 1 30 59 30 93"
      ],
      "@type": [
        "foaf:Agent",
        "Agent"
      ]
    }
  ],
  "hasDescription": [
    {
      "@id": "https://data.datatourisme.fr/ce5ec7fb-6367-3436-a5ea-1b9ca3948fa6",
      "@type": [
        "Description"
      ],
      "hasTranslatedProperty": [
        {
          "@id": "https://data.datatourisme.fr/41fd0e25-3163-3cb7-9129-f64b91f7a7b1",
          "dc:contributor": [
            "https://api.deepl.com/v2/translate"
          ],
          "rdf:language": [
            "nl"
          ],
          "rdf:predicate": [
            "shortDescription"
          ]
        },
        {
          "@id": "https://data.datatourisme.fr/804ba7f9-7c15-36cd-87bd-7580c54d5401",
          "dc:contributor": [
            "https://api.deepl.com/v2/translate"
          ],
          "rdf:language": [
            "es"
          ],
          "rdf:predicate": [
            "shortDescription"
          ]
        },
        {
          "@id": "https://data.datatourisme.fr/9a8e9f08-1ab9-3ef5-ae35-0a02af628911",
          "dc:contributor": [
            "https://api.deepl.com/v2/translate"
          ],
          "rdf:language": [
            "it"
          ],
          "rdf:predicate": [
            "shortDescription"
          ]
        },
        {
          "@id": "https://data.datatourisme.fr/ae43470f-7382-3e28-b706-fa488db5c2bc",
          "dc:contributor": [
            "https://api.deepl.com/v2/translate"
          ],
          "rdf:language": [
            "en"
          ],
          "rdf:predicate": [
            "shortDescription"
          ]
        },
        {
          "@id": "https://data.datatourisme.fr/f2e6ecbf-0de2-32d6-a660-58153ae71e60",
          "dc:contributor": [
            "https://api.deepl.com/v2/translate"
          ],
          "rdf:language": [
            "de"
          ],
          "rdf:predicate": [
            "shortDescription"
          ]
        }
      ],
      "shortDescription": {
        "de": [
          "Le Gaulois ist eine Brauerei, die sich in der Nähe des Stadtzentrums von Saint-Arnoult-en-Yvelines befindet.\r\n\r\nHier finden Sie eine schmackhafte und traditionelle Küche. Entdecken Sie authentische Gerichte in einer freundlichen und herzlichen Atmosphäre!"
        ],
        "en": [
          "Le Gaulois is a brewery, located near the city center of Saint-Arnoult-en-Yvelines.\r\n\r\nYou will find a tasty and traditional cuisine. Come and discover authentic dishes in a warm and friendly atmosphere!"
        ],
        "it": [
          "Le Gaulois è una birreria situata vicino al centro di Saint-Arnoult-en-Yvelines.\r\n\r\nTroverete una cucina gustosa e tradizionale. Venite a scoprire piatti autentici in un'atmosfera calda e accogliente!"
        ],
        "fr": [
          "Le Gaulois est une brasserie, située près du centre-ville de Saint-Arnoult-en-Yvelines.\r\n\r\nVous y retrouverez une cuisine savoureuse et traditionnelle. Venez découvrir des mets authentiques dans une ambiance conviviale et chaleureuse !"
        ],
        "nl": [
          "Le Gaulois is een brouwerij, gelegen nabij het centrum van Saint-Arnoult-en-Yvelines.\r\n\r\nU vindt er een smakelijke en traditionele keuken. Kom en ontdek authentieke gerechten in een warme en vriendelijke sfeer!"
        ],
        "es": [
          "Le Gaulois es una cervecería, situada cerca del centro de la ciudad de Saint-Arnoult-en-Yvelines.\r\n\r\nEncontrará una cocina sabrosa y tradicional. Venga a descubrir platos auténticos en un ambiente cálido y acogedor"
        ]
      }
    }
  ],
  "hasTranslatedProperty": [
    {
      "@id": "https://data.datatourisme.fr/293d2773-262f-3d11-9d3b-a4e5abcb9e48",
      "dc:contributor": [
        "https://api.deepl.com/v2/translate"
      ],
      "rdf:language": [
        "es"
      ],
      "rdf:predicate": [
        {
          "@id": "rdfs:comment"
        }
      ]
    },
    {
      "@id": "https://data.datatourisme.fr/6f3b265e-8d73-31a7-8dd7-e2d915cbc180",
      "dc:contributor": [
        "https://api.deepl.com/v2/translate"
      ],
      "rdf:language": [
        "it"
      ],
      "rdf:predicate": [
        {
          "@id": "rdfs:comment"
        }
      ]
    },
    {
      "@id": "https://data.datatourisme.fr/71c810d1-bb3e-3a61-8a2d-5fb2c8080beb",
      "dc:contributor": [
        "https://api.deepl.com/v2/translate"
      ],
      "rdf:language": [
        "en"
      ],
      "rdf:predicate": [
        {
          "@id": "rdfs:comment"
        }
      ]
    },
    {
      "@id": "https://data.datatourisme.fr/852de746-eefe-3b39-b7d8-04db7401de59",
      "dc:contributor": [
        "https://api.deepl.com/v2/translate"
      ],
      "rdf:language": [
        "nl"
      ],
      "rdf:predicate": [
        {
          "@id": "rdfs:comment"
        }
      ]
    },
    {
      "@id": "https://data.datatourisme.fr/aa2b9164-4539-371e-9bc5-4c0e1d54a24d",
      "dc:contributor": [
        "https://api.deepl.com/v2/translate"
      ],
      "rdf:language": [
        "de"
      ],
      "rdf:predicate": [
        {
          "@id": "rdfs:comment"
        }
      ]
    }
  ],
  "isLocatedAt": [
    {
      "@id": "https://data.datatourisme.fr/ad9ec285-8fc2-3f74-9975-0913493c6883",
      "schema:address": [
        {
          "@id": "https://data.datatourisme.fr/1b71798f-0fb1-3ece-be53-f9ddf0a121f9",
          "schema:addressLocality": "Saint-Arnoult-en-Yvelines",
          "schema:postalCode": "78730",
          "schema:streetAddress": [
            "18 rue des Remparts"
          ],
          "@type": [
            "schema:PostalAddress",
            "PostalAddress"
          ],
          "hasAddressCity": {
            "@id": "kb:78537",
            "@type": [
              "City"
            ],
            "rdfs:label": {
              "de": [
                "Saint-Arnoult-en-Yvelines"
              ],
              "pt": [
                "Saint-Arnoult-en-Yvelines"
              ],
              "en": [
                "Saint-Arnoult-en-Yvelines"
              ],
              "it": [
                "Saint-Arnoult-en-Yvelines"
              ],
              "fr": [
                "Saint-Arnoult-en-Yvelines"
              ],
              "nl": [
                "Saint-Arnoult-en-Yvelines"
              ],
              "es": [
                "Saint-Arnoult-en-Yvelines"
              ]
            },
            "insee": "78537",
            "isPartOfDepartment": {
              "@id": "kb:France1178",
              "@type": [
                "Department"
              ],
              "rdfs:label": {
                "de": [
                  "Yvelines"
                ],
                "pt": [
                  "Yvelines"
                ],
                "en": [
                  "Yvelines"
                ],
                "it": [
                  "Yvelines"
                ],
                "fr": [
                  "Yvelines"
                ],
                "nl": [
                  "Yvelines"
                ],
                "es": [
                  "Yvelines"
                ]
              },
              "insee": "78",
              "isPartOfRegion": {
                "@id": "kb:France11",
                "@type": [
                  "Region"
                ],
                "rdfs:label": {
                  "de": [
                    "Île-de-France"
                  ],
                  "pt": [
                    "Île-de-France"
                  ],
                  "en": [
                    "Île-de-France"
                  ],
                  "it": [
                    "Île-de-France"
                  ],
                  "fr": [
                    "Île-de-France"
                  ],
                  "nl": [
                    "Île-de-France"
                  ],
                  "es": [
                    "Île-de-France"
                  ]
                },
                "insee": "11",
                "isPartOfCountry": {
                  "@id": "kb:France",
                  "@type": [
                    "schema:Country"
                  ],
                  "rdfs:label": {
                    "de": [
                      "France",
                      "Frankreich"
                    ],
                    "pt": [
                      "França",
                      "France"
                    ],
                    "en": [
                      "France"
                    ],
                    "it": [
                      "France",
                      "Francia"
                    ],
                    "fr": [
                      "France"
                    ],
                    "nl": [
                      "France",
                      "Frankrijk"
                    ],
                    "es": [
                      "France",
                      "Francia"
                    ]
                  }
                }
              }
            }
          }
        }
      ],
      "schema:geo": {
        "@id": "https://data.datatourisme.fr/3ad7f729-ec89-34aa-bc8a-f734037c58d1",
        "schema:latitude": "48.57223",
        "schema:longitude": "1.937117",
        "@type": [
          "schema:GeoCoordinates"
        ]
      },
      "schema:openingHoursSpecification": [
        {
          "@id": "https://data.datatourisme.fr/4aa62374-9b11-3025-948b-050340cd0911",
          "schema:validFrom": "2023-01-01T00:00:00",
          "schema:validThrough": "2023-12-31T23:59:59",
          "@type": [
            "schema:OpeningHoursSpecification"
          ],
          "additionalInformation": {
            "de": [
              "Dienstag: 07:00 bis 20:00\r\nMittwoch: 07:00 bis 20:00\r\nDonnerstag: 07:00 bis 20:00\r\nFreitag: 07:00 bis 20:00\r\nSamstag: 08:00 bis 20:00\r\nSonntag: 08:00 bis 14:00"
            ],
            "en": [
              "Tuesday: 07:00 to 20:00\r\nWednesday : 07:00 to 20:00\r\nThursday : 07:00 am to 8:00 pm\r\nFriday : 07:00 am to 8:00 pm\r\nSaturday : 08:00 to 20:00\r\nSunday : 08:00 to 14:00"
            ],
            "it": [
              "Martedì: dalle 07:00 alle 20:00\r\nMercoledì: dalle 07:00 alle 20:00\r\nGiovedì: dalle 7 alle 20\r\nVenerdì: dalle 07:00 alle 20:00\r\nSabato: dalle 08:00 alle 20:00\r\nDomenica: dalle 08:00 alle 14:00"
            ],
            "fr": [
              "Mardi : 07:00 à 20:00\r\nMercredi : 07:00 à 20:00\r\nJeudi : 07:00 à 20:00\r\nVendredi : 07:00 à 20:00\r\nSamedi : 08:00 à 20:00\r\nDimanche : 08:00 à 14:00"
            ],
            "es": [
              "Martes: de 07:00 a 20:00\r\nMiércoles: de 07:00 a 20:00\r\nJueves: de 7 a 20 horas\r\nViernes: de 07:00 a 20:00\r\nSábado: de 08:00 a 20:00\r\nDomingo: 08:00 a 14:00"
            ],
            "nl": [
              "Dinsdag: 07:00 tot 20:00\r\nWoensdag: 07:00 tot 20:00\r\nDonderdag: 7 tot 20 uur\r\nVrijdag: 07:00 tot 20:00\r\nZaterdag: 08:00 tot 20:00\r\nZondag: 08:00 tot 14:00"
            ]
          },
          "hasTranslatedProperty": [
            {
              "@id": "https://data.datatourisme.fr/1f0e97b2-1adc-32d2-9304-d11e73c0be30",
              "dc:contributor": [
                "https://api.deepl.com/v2/translate"
              ],
              "rdf:language": [
                "nl"
              ],
              "rdf:predicate": [
                "additionalInformation"
              ]
            },
            {
              "@id": "https://data.datatourisme.fr/7330b6ac-6e88-3c00-9180-c3f21d03d8d0",
              "dc:contributor": [
                "https://api.deepl.com/v2/translate"
              ],
              "rdf:language": [
                "de"
              ],
              "rdf:predicate": [
                "additionalInformation"
              ]
            },
            {
              "@id": "https://data.datatourisme.fr/a158e30e-933d-3546-9002-8296a76af326",
              "dc:contributor": [
                "https://api.deepl.com/v2/translate"
              ],
              "rdf:language": [
                "it"
              ],
              "rdf:predicate": [
                "additionalInformation"
              ]
            },
            {
              "@id": "https://data.datatourisme.fr/dd6dae3e-1e6d-3ca0-93f5-6634069733a7",
              "dc:contributor": [
                "https://api.deepl.com/v2/translate"
              ],
              "rdf:language": [
                "es"
              ],
              "rdf:predicate": [
                "additionalInformation"
              ]
            },
            {
              "@id": "https://data.datatourisme.fr/ee448146-1cd9-3529-97d3-ec7fba8258d1",
              "dc:contributor": [
                "https://api.deepl.com/v2/translate"
              ],
              "rdf:language": [
                "en"
              ],
              "rdf:predicate": [
                "additionalInformation"
              ]
            }
          ]
        }
      ],
      "@type": [
        "schema:Place",
        "Place"
      ]
    }
  ],
  "isOwnedBy": [
    {
      "@id": "https://data.datatourisme.fr/04fa6b61-d065-3c16-99a0-584372c27ac7",
      "schema:email": [
        "c.imbert@rt78.fr",
        "m.suray@rt78.fr",
        "s.bertoncini@rt78.fr"
      ],
      "schema:legalName": "Rambouillet Territoires",
      "@type": [
        "schema:Organization",
        "foaf:Agent",
        "Agent"
      ],
      "foaf:homepage": [
        "http://www.rambouillet-tourisme.fr/"
      ]
    }
  ],
  "lastUpdate": "2021-06-07",
  "lastUpdateDatatourisme": "2023-02-01T18:07:35.55Z"
}