{
  "@id": "https://data.datatourisme.fr/13/12bc26d2-0565-3815-811f-e5390cb21d03",
  "dc:identifier": "5809035",
  "@type": [
    "schema:Library",
    "CulturalSite",
    "Library",
    "PlaceOfInterest",
    "PointOfInterest",
    "SportsAndLeisurePlace"
  ],
  "rdfs:comment": {
    "de": [
      "In Palaiseau gibt es vier Mediatheken, in denen Sie Bücher, Comics, CDs, DVDs, Lesegeräte und digitale Angebote ausleihen können. Außerdem werden das ganze Jahr über Veranstaltungen und Events angeboten!"
    ],
    "en": [
      "Palaiseau has 4 media libraries offering the loan of books, comics, CDs, DVDs, e-readers, digital offers as well as animations and events throughout the year!"
    ],
    "it": [
      "Palaiseau dispone di 4 mediateche che offrono il prestito di libri, fumetti, CD, DVD, e-reader e prodotti digitali, oltre ad attività ed eventi durante tutto l'anno!"
    ],
    "fr": [
      "Palaiseau compte 4 médiathèques proposant le prêt de livre, BD, CD, DVD, liseuse, offre numérique ainsi que des animations et évènements tout au long de l'année !"
    ],
    "es": [
      "Palaiseau cuenta con 4 mediatecas que ofrecen el préstamo de libros, cómics, CDs, DVDs, lectores electrónicos y productos digitales, así como actividades y eventos durante todo el año"
    ],
    "nl": [
      "Palaiseau beschikt over 4 mediatheken waar u boeken, strips, cd's, dvd's, e-readers en digitale producten kunt lenen en het hele jaar door activiteiten en evenementen kunt organiseren!"
    ]
  },
  "rdfs:label": {
    "fr": [
      "Médiathèque des Hautes Garennes"
    ]
  },
  "hasBeenCreatedBy": {
    "@id": "https://data.datatourisme.fr/13/e034fb6b-66aa-3c1d-88f4-45ddfb08da98",
    "dc:identifier": "1233",
    "schema:email": [
      "d.trioux@destination-paris-saclay.com"
    ],
    "schema:legalName": "Destination Paris-Saclay",
    "@type": [
      "schema:Organization",
      "foaf:Agent",
      "Agent"
    ],
    "foaf:homepage": [
      "https://www.destination-paris-saclay.com/"
    ]
  },
  "hasBeenPublishedBy": [
    {
      "@id": "https://data.datatourisme.fr/8a9feb4b-2cbd-3d2c-b507-bd6c6776b23b",
      "schema:legalName": "Apidae Tourisme Scic SA - source : Apidae Tourisme",
      "@type": [
        "schema:Organization",
        "foaf:Agent",
        "Agent"
      ],
      "foaf:homepage": [
        "https://www.apidae-tourisme.com/"
      ]
    }
  ],
  "hasContact": [
    {
      "@id": "https://data.datatourisme.fr/40c44e54-4e1d-3bec-8d00-fe940ca66bb4",
      "schema:email": [
        "mediatheque-palaiseau-hautesgarennes@paris-saclay.com"
      ],
      "schema:telephone": [
        "+33 1 69 19 18 64"
      ],
      "@type": [
        "foaf:Agent",
        "Agent"
      ]
    }
  ],
  "hasDescription": [
    {
      "@id": "https://data.datatourisme.fr/9c06fa5b-8828-3ef9-bf4c-78fa04bc9294",
      "@type": [
        "Description"
      ],
      "hasTranslatedProperty": [
        {
          "@id": "https://data.datatourisme.fr/1dc5e551-88cc-3911-92ae-0631a8052188",
          "dc:contributor": [
            "https://api.deepl.com/v2/translate"
          ],
          "rdf:language": [
            "it"
          ],
          "rdf:predicate": [
            "shortDescription"
          ]
        },
        {
          "@id": "https://data.datatourisme.fr/3ed49e18-27c6-3c0a-9955-7aa8b0afdd7d",
          "dc:contributor": [
            "https://api.deepl.com/v2/translate"
          ],
          "rdf:language": [
            "de"
          ],
          "rdf:predicate": [
            "shortDescription"
          ]
        },
        {
          "@id": "https://data.datatourisme.fr/53492e7b-02b0-37b9-80d3-1161e6acbd6b",
          "dc:contributor": [
            "https://api.deepl.com/v2/translate"
          ],
          "rdf:language": [
            "nl"
          ],
          "rdf:predicate": [
            "shortDescription"
          ]
        },
        {
          "@id": "https://data.datatourisme.fr/ae6d9462-e161-3961-b212-c24ca6eb023f",
          "dc:contributor": [
            "https://api.deepl.com/v2/translate"
          ],
          "rdf:language": [
            "es"
          ],
          "rdf:predicate": [
            "shortDescription"
          ]
        },
        {
          "@id": "https://data.datatourisme.fr/b94dd297-f075-30d5-bdc2-9dfca166bc09",
          "dc:contributor": [
            "https://api.deepl.com/v2/translate"
          ],
          "rdf:language": [
            "en"
          ],
          "rdf:predicate": [
            "shortDescription"
          ]
        }
      ],
      "shortDescription": {
        "de": [
          "In Palaiseau gibt es vier Mediatheken, in denen Sie Bücher, Comics, CDs, DVDs, Lesegeräte und digitale Angebote ausleihen können. Außerdem werden das ganze Jahr über Veranstaltungen und Events angeboten!"
        ],
        "en": [
          "Palaiseau has 4 media libraries offering the loan of books, comics, CDs, DVDs, e-readers, digital offers as well as animations and events throughout the year!"
        ],
        "it": [
          "Palaiseau dispone di 4 mediateche che offrono il prestito di libri, fumetti, CD, DVD, e-reader e prodotti digitali, oltre ad attività ed eventi durante tutto l'anno!"
        ],
        "fr": [
          "Palaiseau compte 4 médiathèques proposant le prêt de livre, BD, CD, DVD, liseuse, offre numérique ainsi que des animations et évènements tout au long de l'année !"
        ],
        "es": [
          "Palaiseau cuenta con 4 mediatecas que ofrecen el préstamo de libros, cómics, CDs, DVDs, lectores electrónicos y productos digitales, así como actividades y eventos durante todo el año"
        ],
        "nl": [
          "Palaiseau beschikt over 4 mediatheken waar u boeken, strips, cd's, dvd's, e-readers en digitale producten kunt lenen en het hele jaar door activiteiten en evenementen kunt organiseren!"
        ]
      }
    }
  ],
  "hasTranslatedProperty": [
    {
      "@id": "https://data.datatourisme.fr/15584036-b79b-36d8-9129-288181ec1495",
      "dc:contributor": [
        "https://api.deepl.com/v2/translate"
      ],
      "rdf:language": [
        "nl"
      ],
      "rdf:predicate": [
        {
          "@id": "rdfs:comment"
        }
      ]
    },
    {
      "@id": "https://data.datatourisme.fr/619a9fa1-cf69-30ab-8aca-7a056ea30984",
      "dc:contributor": [
        "https://api.deepl.com/v2/translate"
      ],
      "rdf:language": [
        "de"
      ],
      "rdf:predicate": [
        {
          "@id": "rdfs:comment"
        }
      ]
    },
    {
      "@id": "https://data.datatourisme.fr/75619790-9cf6-36c8-b961-f68c362135eb",
      "dc:contributor": [
        "https://api.deepl.com/v2/translate"
      ],
      "rdf:language": [
        "it"
      ],
      "rdf:predicate": [
        {
          "@id": "rdfs:comment"
        }
      ]
    },
    {
      "@id": "https://data.datatourisme.fr/83a56e74-f2e8-3c7f-aed3-a09d76ef1105",
      "dc:contributor": [
        "https://api.deepl.com/v2/translate"
      ],
      "rdf:language": [
        "es"
      ],
      "rdf:predicate": [
        {
          "@id": "rdfs:comment"
        }
      ]
    },
    {
      "@id": "https://data.datatourisme.fr/b60b2aa7-fd53-3981-9eca-01fc62ef90ce",
      "dc:contributor": [
        "https://api.deepl.com/v2/translate"
      ],
      "rdf:language": [
        "en"
      ],
      "rdf:predicate": [
        {
          "@id": "rdfs:comment"
        }
      ]
    }
  ],
  "isLocatedAt": [
    {
      "@id": "https://data.datatourisme.fr/a67e1196-6862-3fbe-8783-2f26966b50da",
      "schema:address": [
        {
          "@id": "https://data.datatourisme.fr/720aa4ef-4674-3bb0-8d1f-7bf71ab71a79",
          "schema:addressLocality": "Palaiseau",
          "schema:postalCode": "91120",
          "schema:streetAddress": [
            "32 rue Gustave Flaubert"
          ],
          "@type": [
            "schema:PostalAddress",
            "PostalAddress"
          ],
          "hasAddressCity": {
            "@id": "kb:91477",
            "@type": [
              "City"
            ],
            "rdfs:label": {
              "de": [
                "Palaiseau"
              ],
              "pt": [
                "Palaiseau"
              ],
              "en": [
                "Palaiseau"
              ],
              "it": [
                "Palaiseau"
              ],
              "fr": [
                "Palaiseau"
              ],
              "nl": [
                "Palaiseau"
              ],
              "es": [
                "Palaiseau"
              ]
            },
            "insee": "91477",
            "isPartOfDepartment": {
              "@id": "kb:France1191",
              "@type": [
                "Department"
              ],
              "rdfs:label": {
                "de": [
                  "Essonne"
                ],
                "pt": [
                  "Essonne"
                ],
                "en": [
                  "Essonne"
                ],
                "it": [
                  "Essonne"
                ],
                "fr": [
                  "Essonne"
                ],
                "nl": [
                  "Essonne"
                ],
                "es": [
                  "Essonne"
                ]
              },
              "insee": "91",
              "isPartOfRegion": {
                "@id": "kb:France11",
                "@type": [
                  "Region"
                ],
                "rdfs:label": {
                  "de": [
                    "Île-de-France"
                  ],
                  "pt": [
                    "Île-de-France"
                  ],
                  "en": [
                    "Île-de-France"
                  ],
                  "it": [
                    "Île-de-France"
                  ],
                  "fr": [
                    "Île-de-France"
                  ],
                  "nl": [
                    "Île-de-France"
                  ],
                  "es": [
                    "Île-de-France"
                  ]
                },
                "insee": "11",
                "isPartOfCountry": {
                  "@id": "kb:France",
                  "@type": [
                    "schema:Country"
                  ],
                  "rdfs:label": {
                    "de": [
                      "France",
                      "Frankreich"
                    ],
                    "pt": [
                      "França",
                      "France"
                    ],
                    "en": [
                      "France"
                    ],
                    "it": [
                      "France",
                      "Francia"
                    ],
                    "fr": [
                      "France"
                    ],
                    "nl": [
                      "France",
                      "Frankrijk"
                    ],
                    "es": [
                      "France",
                      "Francia"
                    ]
                  }
                }
              }
            }
          }
        }
      ],
      "schema:geo": {
        "@id": "https://data.datatourisme.fr/d177e837-b3dc-362d-a021-3c0ddd16033b",
        "schema:latitude": "48.717127",
        "schema:longitude": "2.261699",
        "@type": [
          "schema:GeoCoordinates"
        ]
      },
      "schema:openingHoursSpecification": [
        {
          "@id": "https://data.datatourisme.fr/b3d5166d-37d2-3541-81da-f1f2fabede84",
          "schema:validFrom": "2023-01-01T00:00:00",
          "schema:validThrough": "2023-12-31T23:59:59",
          "@type": [
            "schema:OpeningHoursSpecification"
          ],
          "additionalInformation": {
            "de": [
              "Dienstag: 16h-18h\r\nMittwoch: 10:00-12:30 Uhr und 15:00-18:00 Uhr\r\nSamstag: 10-12.30 Uhr"
            ],
            "en": [
              "Tuesday: 4-6pm\r\nWednesday: 10am-12:30pm and 3pm-6pm\r\nSaturday: 10am-12:30pm"
            ],
            "it": [
              "Martedì: 16-18\r\nMercoledì: 10.00-12.30 e 15.00-18.00\r\nSabato: 10.00-12.30"
            ],
            "fr": [
              "Mardi : 16h-18h\r\nMercredi : 10h-12h30 et 15h-18h\r\nSamedi : 10h-12h30"
            ],
            "es": [
              "Martes: 4-6pm\r\nMiércoles: 10:00-12:30 y 15:00-18:00\r\nSábado: 10:00-12:30"
            ],
            "nl": [
              "Dinsdag: 4-6 uur\r\nWoensdag: 10.00-12.30 uur en 15.00-18.00 uur\r\nZaterdag: 10u-12u30"
            ]
          },
          "hasTranslatedProperty": [
            {
              "@id": "https://data.datatourisme.fr/0245c3b5-a607-3c24-888d-81080656bd88",
              "dc:contributor": [
                "https://api.deepl.com/v2/translate"
              ],
              "rdf:language": [
                "it"
              ],
              "rdf:predicate": [
                "additionalInformation"
              ]
            },
            {
              "@id": "https://data.datatourisme.fr/08b1fc66-ed00-3c70-8767-4eab85f7be42",
              "dc:contributor": [
                "https://api.deepl.com/v2/translate"
              ],
              "rdf:language": [
                "es"
              ],
              "rdf:predicate": [
                "additionalInformation"
              ]
            },
            {
              "@id": "https://data.datatourisme.fr/55254f7b-d214-3f4f-8d6a-49d08090bf3d",
              "dc:contributor": [
                "https://api.deepl.com/v2/translate"
              ],
              "rdf:language": [
                "nl"
              ],
              "rdf:predicate": [
                "additionalInformation"
              ]
            },
            {
              "@id": "https://data.datatourisme.fr/5a4a7bda-1cb8-3ede-b236-c2bdb0a42789",
              "dc:contributor": [
                "https://api.deepl.com/v2/translate"
              ],
              "rdf:language": [
                "de"
              ],
              "rdf:predicate": [
                "additionalInformation"
              ]
            },
            {
              "@id": "https://data.datatourisme.fr/a105eac6-9d8f-3a63-af0d-3b9e708d2cd6",
              "dc:contributor": [
                "https://api.deepl.com/v2/translate"
              ],
              "rdf:language": [
                "en"
              ],
              "rdf:predicate": [
                "additionalInformation"
              ]
            }
          ]
        }
      ],
      "@type": [
        "schema:Place",
        "Place"
      ]
    }
  ],
  "isOwnedBy": [
    {
      "@id": "https://data.datatourisme.fr/d87037ec-223f-3b91-8276-b2fe7d28f333",
      "schema:email": [
        "d.trioux@destination-paris-saclay.com"
      ],
      "schema:legalName": "Destination Paris-Saclay",
      "@type": [
        "schema:Organization",
        "foaf:Agent",
        "Agent"
      ],
      "foaf:homepage": [
        "https://www.destination-paris-saclay.com/"
      ]
    }
  ],
  "lastUpdate": "2022-12-28",
  "lastUpdateDatatourisme": "2023-02-01T18:07:35.789Z"
}