{
  "@id": "https://data.datatourisme.fr/13/12847696-d978-31a7-8b1d-5bbd5b052840",
  "dc:identifier": "859775",
  "@type": [
    "schema:LocalBusiness",
    "EquestrianCenter",
    "PlaceOfInterest",
    "PointOfInterest",
    "Racetrack",
    "SportsAndLeisurePlace"
  ],
  "rdfs:comment": {
    "de": [
      "Die Rennbahn von Enghien-Soisy liegt 2 km vom Stadtzentrum entfernt und ist ein Muss in der Welt der Pferderennen."
    ],
    "en": [
      "Hippodrome d'Enghien-Soisy is for jump racing and trotting. Circuit free tours organized every Sunday behind the scenes of the racecourse. Programs guided tours for groups by reservation."
    ],
    "it": [
      "Situato a 2 chilometri dal centro della città, l'ippodromo di Enghien-Soisy è una tappa obbligata nel mondo delle corse dei cavalli."
    ],
    "fr": [
      "Situé à 2 kilomètres du centre-ville, l’hippodrome d’Enghien-Soisy est un must dans l’univers des courses hippiques."
    ],
    "es": [
      "Situado a 2 kilómetros del centro de la ciudad, el hipódromo de Enghien-Soisy es una cita obligada en el mundo de las carreras de caballos."
    ],
    "nl": [
      "De renbaan van Enghien-Soisy, gelegen op 2 kilometer van het stadscentrum, is een must in de wereld van de paardenrennen."
    ]
  },
  "rdfs:label": {
    "en": [
      "Racecourse"
    ],
    "fr": [
      "Hippodrome d'Enghien-Soisy"
    ]
  },
  "hasBeenCreatedBy": {
    "@id": "https://data.datatourisme.fr/13/d51b4167-88b6-3e70-ab0c-381c06efc9f1",
    "dc:identifier": "2182",
    "schema:email": [
      "abehar@enghien95.fr",
      "abehar@renghien95.fr",
      "accueil.tourisme@enghien95.fr",
      "hvdcasteele@enghien95.fr",
      "mheurion@enghien95.fr"
    ],
    "schema:legalName": "Office de Tourisme d'Enghien-les-Bains",
    "@type": [
      "schema:Organization",
      "foaf:Agent",
      "Agent"
    ],
    "foaf:homepage": [
      "http://www.ot-enghienlesbains.fr/"
    ]
  },
  "hasBeenPublishedBy": [
    {
      "@id": "https://data.datatourisme.fr/8a9feb4b-2cbd-3d2c-b507-bd6c6776b23b",
      "schema:legalName": "Apidae Tourisme Scic SA - source : Apidae Tourisme",
      "@type": [
        "schema:Organization",
        "foaf:Agent",
        "Agent"
      ],
      "foaf:homepage": [
        "https://www.apidae-tourisme.com/"
      ]
    }
  ],
  "hasContact": [
    {
      "@id": "https://data.datatourisme.fr/1edd4d1c-c933-3ae5-acfa-3f443a0376ef",
      "schema:telephone": [
        "+33 1 34 17 87 00",
        "+33 1 49 10 20 86"
      ],
      "@type": [
        "foaf:Agent",
        "Agent"
      ],
      "foaf:homepage": [
        "http://www.letrot.com/fr/hippodrome/enghien/7502"
      ]
    }
  ],
  "hasDescription": [
    {
      "@id": "https://data.datatourisme.fr/224c56eb-25da-3b49-8937-1eaa47825a56",
      "@type": [
        "Description"
      ],
      "hasTranslatedProperty": [
        {
          "@id": "https://data.datatourisme.fr/0dd6f163-316b-3b34-ab57-5e1a3e585d7f",
          "dc:contributor": [
            "https://api.deepl.com/v2/translate"
          ],
          "rdf:language": [
            "de"
          ],
          "rdf:predicate": [
            "shortDescription"
          ]
        },
        {
          "@id": "https://data.datatourisme.fr/28c74624-5035-363d-889f-a9933cd0629a",
          "dc:contributor": [
            "https://api.deepl.com/v2/translate"
          ],
          "rdf:language": [
            "es"
          ],
          "rdf:predicate": [
            "shortDescription"
          ]
        },
        {
          "@id": "https://data.datatourisme.fr/7863e078-5e93-3af8-b5e0-f58080edc97f",
          "dc:contributor": [
            "https://api.deepl.com/v2/translate"
          ],
          "rdf:language": [
            "it"
          ],
          "rdf:predicate": [
            "shortDescription"
          ]
        },
        {
          "@id": "https://data.datatourisme.fr/95d8333b-fb86-375f-9164-724f13d220ce",
          "dc:contributor": [
            "https://api.deepl.com/v2/translate"
          ],
          "rdf:language": [
            "nl"
          ],
          "rdf:predicate": [
            "shortDescription"
          ]
        }
      ],
      "shortDescription": {
        "de": [
          "Die Rennbahn von Enghien-Soisy liegt 2 km vom Stadtzentrum entfernt und ist ein Muss in der Welt der Pferderennen."
        ],
        "en": [
          "Hippodrome d'Enghien-Soisy is for jump racing and trotting. Circuit free tours organized every Sunday behind the scenes of the racecourse. Programs guided tours for groups by reservation."
        ],
        "it": [
          "Situato a 2 chilometri dal centro della città, l'ippodromo di Enghien-Soisy è una tappa obbligata nel mondo delle corse dei cavalli."
        ],
        "fr": [
          "Situé à 2 kilomètres du centre-ville, l’hippodrome d’Enghien-Soisy est un must dans l’univers des courses hippiques."
        ],
        "es": [
          "Situado a 2 kilómetros del centro de la ciudad, el hipódromo de Enghien-Soisy es una cita obligada en el mundo de las carreras de caballos."
        ],
        "nl": [
          "De renbaan van Enghien-Soisy, gelegen op 2 kilometer van het stadscentrum, is een must in de wereld van de paardenrennen."
        ]
      }
    }
  ],
  "hasTheme": [
    {
      "@id": "kb:Riding",
      "@type": [
        "SportsTheme"
      ],
      "rdfs:label": {
        "de": [
          "Reiten"
        ],
        "pt": [
          "Equitação"
        ],
        "en": [
          "Riding"
        ],
        "it": [
          "Equitazione"
        ],
        "fr": [
          "Equitation"
        ],
        "nl": [
          "Paardrijden"
        ],
        "es": [
          "Equitación"
        ]
      }
    }
  ],
  "hasTranslatedProperty": [
    {
      "@id": "https://data.datatourisme.fr/3d7317dc-7296-3196-865e-bef440998b77",
      "dc:contributor": [
        "https://api.deepl.com/v2/translate"
      ],
      "rdf:language": [
        "es"
      ],
      "rdf:predicate": [
        {
          "@id": "rdfs:comment"
        }
      ]
    },
    {
      "@id": "https://data.datatourisme.fr/54360591-47b7-3b6d-bbcd-30edb451a15b",
      "dc:contributor": [
        "https://api.deepl.com/v2/translate"
      ],
      "rdf:language": [
        "nl"
      ],
      "rdf:predicate": [
        {
          "@id": "rdfs:comment"
        }
      ]
    },
    {
      "@id": "https://data.datatourisme.fr/5a8692f7-af4b-3f17-9941-dcd68b4201d5",
      "dc:contributor": [
        "https://api.deepl.com/v2/translate"
      ],
      "rdf:language": [
        "de"
      ],
      "rdf:predicate": [
        {
          "@id": "rdfs:comment"
        }
      ]
    },
    {
      "@id": "https://data.datatourisme.fr/8eb1a3dd-3895-3bd0-ba25-28dd52649255",
      "dc:contributor": [
        "https://api.deepl.com/v2/translate"
      ],
      "rdf:language": [
        "it"
      ],
      "rdf:predicate": [
        {
          "@id": "rdfs:comment"
        }
      ]
    }
  ],
  "isLocatedAt": [
    {
      "@id": "https://data.datatourisme.fr/218f1e3b-b346-3df1-b815-48258a53ddf5",
      "schema:address": [
        {
          "@id": "https://data.datatourisme.fr/162dab08-c8c7-3f3a-b60d-0c9783022038",
          "schema:addressLocality": "Soisy-sous-Montmorency",
          "schema:postalCode": "95230",
          "schema:streetAddress": [
            "1 place André Foulon"
          ],
          "@type": [
            "schema:PostalAddress",
            "PostalAddress"
          ],
          "hasAddressCity": {
            "@id": "kb:95598",
            "@type": [
              "City"
            ],
            "rdfs:label": {
              "de": [
                "Soisy-sous-Montmorency"
              ],
              "pt": [
                "Soisy-sous-Montmorency"
              ],
              "en": [
                "Soisy-sous-Montmorency"
              ],
              "it": [
                "Soisy-sous-Montmorency"
              ],
              "fr": [
                "Soisy-sous-Montmorency"
              ],
              "nl": [
                "Soisy-sous-Montmorency"
              ],
              "es": [
                "Soisy-sous-Montmorency"
              ]
            },
            "insee": "95598",
            "isPartOfDepartment": {
              "@id": "kb:France1195",
              "@type": [
                "Department"
              ],
              "rdfs:label": {
                "de": [
                  "Val-d'Oise"
                ],
                "pt": [
                  "Val-d'Oise"
                ],
                "en": [
                  "Val-d'Oise"
                ],
                "it": [
                  "Val-d'Oise"
                ],
                "fr": [
                  "Val-d'Oise"
                ],
                "nl": [
                  "Val-d'Oise"
                ],
                "es": [
                  "Val-d'Oise"
                ]
              },
              "insee": "95",
              "isPartOfRegion": {
                "@id": "kb:France11",
                "@type": [
                  "Region"
                ],
                "rdfs:label": {
                  "de": [
                    "Île-de-France"
                  ],
                  "pt": [
                    "Île-de-France"
                  ],
                  "en": [
                    "Île-de-France"
                  ],
                  "it": [
                    "Île-de-France"
                  ],
                  "fr": [
                    "Île-de-France"
                  ],
                  "nl": [
                    "Île-de-France"
                  ],
                  "es": [
                    "Île-de-France"
                  ]
                },
                "insee": "11",
                "isPartOfCountry": {
                  "@id": "kb:France",
                  "@type": [
                    "schema:Country"
                  ],
                  "rdfs:label": {
                    "de": [
                      "France",
                      "Frankreich"
                    ],
                    "pt": [
                      "França",
                      "France"
                    ],
                    "en": [
                      "France"
                    ],
                    "it": [
                      "France",
                      "Francia"
                    ],
                    "fr": [
                      "France"
                    ],
                    "nl": [
                      "France",
                      "Frankrijk"
                    ],
                    "es": [
                      "France",
                      "Francia"
                    ]
                  }
                }
              }
            }
          }
        }
      ],
      "schema:geo": {
        "@id": "https://data.datatourisme.fr/b30331b1-ef2c-3dbf-a21f-5d5af4277a71",
        "schema:latitude": "48.980293",
        "schema:longitude": "2.291982",
        "@type": [
          "schema:GeoCoordinates"
        ]
      },
      "schema:openingHoursSpecification": [
        {
          "@id": "https://data.datatourisme.fr/66f43290-50e4-3c2d-bccd-84c663db808e",
          "schema:validFrom": "2023-01-01T00:00:00",
          "schema:validThrough": "2023-12-31T23:59:59",
          "@type": [
            "schema:OpeningHoursSpecification"
          ],
          "additionalInformation": {
            "de": [
              "An Renntagen geöffnet."
            ],
            "en": [
              "Open on race days."
            ],
            "it": [
              "Aperto nei giorni di gara."
            ],
            "fr": [
              "Ouvert les jours de course."
            ],
            "nl": [
              "Open op wedstrijddagen."
            ],
            "es": [
              "Abierto los días de carrera."
            ]
          },
          "hasTranslatedProperty": [
            {
              "@id": "https://data.datatourisme.fr/371f2f69-0940-3c52-9b47-856a9c1eb7e1",
              "dc:contributor": [
                "https://api.deepl.com/v2/translate"
              ],
              "rdf:language": [
                "de"
              ],
              "rdf:predicate": [
                "additionalInformation"
              ]
            },
            {
              "@id": "https://data.datatourisme.fr/8ad47fbb-9fc8-3080-a54f-24782f1e1c45",
              "dc:contributor": [
                "https://api.deepl.com/v2/translate"
              ],
              "rdf:language": [
                "it"
              ],
              "rdf:predicate": [
                "additionalInformation"
              ]
            },
            {
              "@id": "https://data.datatourisme.fr/9155dfe8-fca5-35ac-8649-25d202ede277",
              "dc:contributor": [
                "https://api.deepl.com/v2/translate"
              ],
              "rdf:language": [
                "es"
              ],
              "rdf:predicate": [
                "additionalInformation"
              ]
            },
            {
              "@id": "https://data.datatourisme.fr/953b766e-2fd8-322c-acb8-0eb440ab4234",
              "dc:contributor": [
                "https://api.deepl.com/v2/translate"
              ],
              "rdf:language": [
                "en"
              ],
              "rdf:predicate": [
                "additionalInformation"
              ]
            },
            {
              "@id": "https://data.datatourisme.fr/f34f7647-b801-3838-9cb4-f1ba09994ee5",
              "dc:contributor": [
                "https://api.deepl.com/v2/translate"
              ],
              "rdf:language": [
                "nl"
              ],
              "rdf:predicate": [
                "additionalInformation"
              ]
            }
          ]
        }
      ],
      "@type": [
        "schema:Place",
        "Place"
      ]
    }
  ],
  "isOwnedBy": [
    {
      "@id": "https://data.datatourisme.fr/a7223d30-c39b-3bb1-9dff-6749937ceeb2",
      "schema:email": [
        "abehar@enghien95.fr",
        "accueil.tourisme@enghien95.fr",
        "hvdcasteele@enghien95.fr",
        "mheurion@enghien95.fr"
      ],
      "schema:legalName": "Office de Tourisme d'Enghien-les-Bains",
      "@type": [
        "schema:Organization",
        "foaf:Agent",
        "Agent"
      ],
      "foaf:homepage": [
        "http://www.ot-enghienlesbains.fr/"
      ]
    }
  ],
  "lastUpdate": "2022-09-23",
  "lastUpdateDatatourisme": "2023-02-17T06:38:59.269Z"
}