{
  "@id": "https://data.datatourisme.fr/13/12f48071-f136-3305-b47c-1d00de2f67a8",
  "dc:identifier": "730945",
  "@type": [
    "PlaceOfInterest",
    "PointOfInterest",
    "SportsAndLeisurePlace"
  ],
  "rdfs:comment": {
    "de": [
      "Das Schwimmbad von Angerville befindet sich zwischen Paris und Orléans. Dieses Schwimmbad befindet sich im Complexe Sportif Gabriel Thiroun. Es ist das ganze Jahr über geöffnet."
    ],
    "en": [
      "Angerville swimming pool can be found between Paris and Orléans in the Gabriel Thiroun Sports Complex. It is open all year round."
    ],
    "it": [
      "La piscina di Angerville si trova tra Parigi e Orléans. Questa piscina si trova nel complesso sportivo Gabriel Thiroun. È aperto tutto l'anno."
    ],
    "fr": [
      "La Piscine d’Angerville est située entre Paris et Orléans. Cette piscine, située au sein du Complexe Sportif Gabriel Thiroun. Elle est ouverte toute l’année."
    ],
    "es": [
      "La piscina de Angerville está situada entre París y Orleans. Esta piscina se encuentra en el complejo deportivo Gabriel Thiroun. Está abierto todo el año."
    ],
    "nl": [
      "Het zwembad van Angerville ligt tussen Parijs en Orléans. Dit zwembad bevindt zich in het sportcomplex Gabriel Thiroun. Het is het hele jaar geopend."
    ]
  },
  "rdfs:label": {
    "fr": [
      "Angerville - Piscine intercommunale - Complexe Gabriel Thirouin"
    ]
  },
  "hasBeenCreatedBy": {
    "@id": "https://data.datatourisme.fr/13/a26398dc-a6f4-3b49-876c-baffbc9954f9",
    "dc:identifier": "1087",
    "schema:email": [
      "elodie.brefort-moison@caese.fr",
      "jade.mistretta@caese.fr",
      "jean-baptiste.cochelin@caese.fr",
      "lison.pareau@caese.fr",
      "melody.tournier@caese.fr",
      "stephanie.canteiro@caese.fr"
    ],
    "schema:legalName": "Communauté d'Agglomération de l'Etampois Sud-Essonne",
    "@type": [
      "schema:Organization",
      "foaf:Agent",
      "Agent"
    ]
  },
  "hasBeenPublishedBy": [
    {
      "@id": "https://data.datatourisme.fr/8a9feb4b-2cbd-3d2c-b507-bd6c6776b23b",
      "schema:legalName": "Apidae Tourisme Scic SA - source : Apidae Tourisme",
      "@type": [
        "schema:Organization",
        "foaf:Agent",
        "Agent"
      ],
      "foaf:homepage": [
        "https://www.apidae-tourisme.com/"
      ]
    }
  ],
  "hasContact": [
    {
      "@id": "https://data.datatourisme.fr/22220f88-e089-3b24-b1a3-923203acf3bc",
      "schema:email": [
        "piscine.angerville@caese.fr"
      ],
      "schema:telephone": [
        "+33 1 64 95 20 14"
      ],
      "@type": [
        "foaf:Agent",
        "Agent"
      ],
      "foaf:homepage": [
        "http://www.etampois-sudessonne.fr/fr/information/1009/sport"
      ]
    }
  ],
  "hasDescription": [
    {
      "@id": "https://data.datatourisme.fr/006e3cdb-735d-3aa9-ab26-cb5269fd3bd5",
      "@type": [
        "Description"
      ],
      "hasTranslatedProperty": [
        {
          "@id": "https://data.datatourisme.fr/005ded69-7b75-3f5b-8d21-52d922a79a78",
          "dc:contributor": [
            "https://api.deepl.com/v2/translate"
          ],
          "rdf:language": [
            "nl"
          ],
          "rdf:predicate": [
            "shortDescription"
          ]
        },
        {
          "@id": "https://data.datatourisme.fr/159a53b3-6c8a-38a5-8fd5-7ede56ebeb9d",
          "dc:contributor": [
            "https://api.deepl.com/v2/translate"
          ],
          "rdf:language": [
            "es"
          ],
          "rdf:predicate": [
            "shortDescription"
          ]
        },
        {
          "@id": "https://data.datatourisme.fr/4501a9cd-95cb-3240-b8ef-bf68fab75da5",
          "dc:contributor": [
            "https://api.deepl.com/v2/translate"
          ],
          "rdf:language": [
            "it"
          ],
          "rdf:predicate": [
            "shortDescription"
          ]
        },
        {
          "@id": "https://data.datatourisme.fr/dd2d1369-f186-3e39-889c-3d9a22e8777c",
          "dc:contributor": [
            "https://api.deepl.com/v2/translate"
          ],
          "rdf:language": [
            "de"
          ],
          "rdf:predicate": [
            "shortDescription"
          ]
        }
      ],
      "shortDescription": {
        "de": [
          "Das Schwimmbad von Angerville befindet sich zwischen Paris und Orléans. Dieses Schwimmbad befindet sich im Complexe Sportif Gabriel Thiroun. Es ist das ganze Jahr über geöffnet."
        ],
        "en": [
          "Angerville swimming pool can be found between Paris and Orléans in the Gabriel Thiroun Sports Complex. It is open all year round."
        ],
        "it": [
          "La piscina di Angerville si trova tra Parigi e Orléans. Questa piscina si trova nel complesso sportivo Gabriel Thiroun. È aperto tutto l'anno."
        ],
        "fr": [
          "La Piscine d’Angerville est située entre Paris et Orléans. Cette piscine, située au sein du Complexe Sportif Gabriel Thiroun. Elle est ouverte toute l’année."
        ],
        "es": [
          "La piscina de Angerville está situada entre París y Orleans. Esta piscina se encuentra en el complejo deportivo Gabriel Thiroun. Está abierto todo el año."
        ],
        "nl": [
          "Het zwembad van Angerville ligt tussen Parijs en Orléans. Dit zwembad bevindt zich in het sportcomplex Gabriel Thiroun. Het is het hele jaar geopend."
        ]
      }
    }
  ],
  "hasTranslatedProperty": [
    {
      "@id": "https://data.datatourisme.fr/045adccb-8e02-3ccb-8505-33caf87eecfa",
      "dc:contributor": [
        "https://api.deepl.com/v2/translate"
      ],
      "rdf:language": [
        "es"
      ],
      "rdf:predicate": [
        {
          "@id": "rdfs:comment"
        }
      ]
    },
    {
      "@id": "https://data.datatourisme.fr/0727afad-3dd9-3c25-a81c-b137685313e7",
      "dc:contributor": [
        "https://api.deepl.com/v2/translate"
      ],
      "rdf:language": [
        "it"
      ],
      "rdf:predicate": [
        {
          "@id": "rdfs:comment"
        }
      ]
    },
    {
      "@id": "https://data.datatourisme.fr/40da1767-dec9-3553-88f0-98019a02f70d",
      "dc:contributor": [
        "https://api.deepl.com/v2/translate"
      ],
      "rdf:language": [
        "de"
      ],
      "rdf:predicate": [
        {
          "@id": "rdfs:comment"
        }
      ]
    },
    {
      "@id": "https://data.datatourisme.fr/6e101ae7-1a73-3f98-b18f-44580c73c88d",
      "dc:contributor": [
        "https://api.deepl.com/v2/translate"
      ],
      "rdf:language": [
        "nl"
      ],
      "rdf:predicate": [
        {
          "@id": "rdfs:comment"
        }
      ]
    }
  ],
  "isLocatedAt": [
    {
      "@id": "https://data.datatourisme.fr/f3e45722-9a1a-3f31-beaa-6ad6fb82d29b",
      "schema:address": [
        {
          "@id": "https://data.datatourisme.fr/b48a1e4e-fb3e-3eb5-8038-8deddf3b3e4f",
          "schema:addressLocality": "Angerville",
          "schema:postalCode": "91670",
          "schema:streetAddress": [
            "Chemin d'Autruy"
          ],
          "@type": [
            "schema:PostalAddress",
            "PostalAddress"
          ],
          "hasAddressCity": {
            "@id": "kb:91016",
            "@type": [
              "City"
            ],
            "rdfs:label": {
              "de": [
                "Angerville"
              ],
              "pt": [
                "Angerville"
              ],
              "en": [
                "Angerville"
              ],
              "it": [
                "Angerville"
              ],
              "fr": [
                "Angerville"
              ],
              "nl": [
                "Angerville"
              ],
              "es": [
                "Angerville"
              ]
            },
            "insee": "91016",
            "isPartOfDepartment": {
              "@id": "kb:France1191",
              "@type": [
                "Department"
              ],
              "rdfs:label": {
                "de": [
                  "Essonne"
                ],
                "pt": [
                  "Essonne"
                ],
                "en": [
                  "Essonne"
                ],
                "it": [
                  "Essonne"
                ],
                "fr": [
                  "Essonne"
                ],
                "nl": [
                  "Essonne"
                ],
                "es": [
                  "Essonne"
                ]
              },
              "insee": "91",
              "isPartOfRegion": {
                "@id": "kb:France11",
                "@type": [
                  "Region"
                ],
                "rdfs:label": {
                  "de": [
                    "Île-de-France"
                  ],
                  "pt": [
                    "Île-de-France"
                  ],
                  "en": [
                    "Île-de-France"
                  ],
                  "it": [
                    "Île-de-France"
                  ],
                  "fr": [
                    "Île-de-France"
                  ],
                  "nl": [
                    "Île-de-France"
                  ],
                  "es": [
                    "Île-de-France"
                  ]
                },
                "insee": "11",
                "isPartOfCountry": {
                  "@id": "kb:France",
                  "@type": [
                    "schema:Country"
                  ],
                  "rdfs:label": {
                    "de": [
                      "France",
                      "Frankreich"
                    ],
                    "pt": [
                      "França",
                      "France"
                    ],
                    "en": [
                      "France"
                    ],
                    "it": [
                      "France",
                      "Francia"
                    ],
                    "fr": [
                      "France"
                    ],
                    "nl": [
                      "France",
                      "Frankrijk"
                    ],
                    "es": [
                      "France",
                      "Francia"
                    ]
                  }
                }
              }
            }
          }
        }
      ],
      "schema:geo": {
        "@id": "https://data.datatourisme.fr/3c5edc64-7278-3353-8c34-d708e1744a23",
        "schema:latitude": "48.308549",
        "schema:longitude": "1.999832",
        "@type": [
          "schema:GeoCoordinates"
        ]
      },
      "schema:openingHoursSpecification": [
        {
          "@id": "https://data.datatourisme.fr/5357bf72-5134-31c8-8b8b-a908a13bc424",
          "schema:validFrom": "2023-07-01T00:00:00",
          "schema:validThrough": "2023-08-31T23:59:59",
          "@type": [
            "schema:OpeningHoursSpecification"
          ]
        },
        {
          "@id": "https://data.datatourisme.fr/a1dc03ae-d7f4-3a30-9574-4e57b6f365b1",
          "schema:validFrom": "2023-06-01T00:00:00",
          "schema:validThrough": "2023-06-30T23:59:59",
          "@type": [
            "schema:OpeningHoursSpecification"
          ]
        },
        {
          "@id": "https://data.datatourisme.fr/d911af8c-47c5-360d-9570-37698377266e",
          "schema:validFrom": "2023-01-01T00:00:00",
          "schema:validThrough": "2023-05-31T23:59:59",
          "@type": [
            "schema:OpeningHoursSpecification"
          ],
          "additionalInformation": {
            "de": [
              "Öffnungszeiten außerhalb der Schulferien:\r\nDienstags und freitags von 17:00 bis 18:30 Uhr. Mittwochs von 15:00 bis 18:30 Uhr\r\nGeschlossen in den ersten beiden Septemberwochen\r\n\r\nÖffnungszeiten während der Schulferien: (eine Woche während jeder Schulferien (Allerheiligen, Weihnachten, Winter und Frühling) :\r\nMontags, dienstags, mittwochs, donnerstags und freitags von 13:30 bis 18:30 Uhr\r\nSamstags und sonntags geschlossen"
            ],
            "en": [
              "Open outside school holidays :\r\nTuesdays and Fridays from 5pm to 6.30pm. Wednesdays from 15h to 18h30\r\nClosed the first two weeks of September\r\n\r\nOpen during school holidays: (one week during each school holiday (All Saints' Day, Christmas, Winter and Spring) :\r\nMondays, Tuesdays, Wednesdays, Thursdays and Fridays from 1.30pm to 6.30pm\r\nClosed on Saturday and Sunday"
            ],
            "it": [
              "Aperto al di fuori delle vacanze scolastiche:\r\nMartedì e venerdì dalle 17.00 alle 18.30. Mercoledì dalle 15.00 alle 18.30\r\nChiuso le prime due settimane di settembre\r\n\r\nApertura durante le vacanze scolastiche: (una settimana durante ogni vacanza scolastica (Ognissanti, Natale, Inverno e Primavera):\r\nLunedì, martedì, mercoledì, giovedì e venerdì dalle 13.30 alle 18.30\r\nChiuso il sabato e la domenica"
            ],
            "fr": [
              "Ouverture hors vacances scolaires :\r\nLe mardi et le vendredi de 17h à 18h30. Le mercredi de 15h à 18h30. \r\nFermé les deux premières semaines de Septembre\r\n\r\nOuverture pendant les vacances scolaires : (une semaine pendant chaque vacances scolaires (Toussaint, Noel, Hiver et Printemps) :\r\nLe lundi, le mardi, le mercredi, le jeudi et le vendredi de 13h30 à 18h30. \r\nFermée le Samedi et Dimanche"
            ],
            "nl": [
              "Open buiten de schoolvakanties:\r\nDinsdag en vrijdag van 17.00 tot 18.30 uur. Woensdag van 15.00 tot 18.30 uur\r\nGesloten de eerste twee weken van september\r\n\r\nOpening tijdens schoolvakanties: (één week tijdens elke schoolvakantie (Allerheiligen, Kerstmis, Winter en Lente):\r\nMaandag, dinsdag, woensdag, donderdag en vrijdag van 13.30 tot 18.30 uur\r\nGesloten op zaterdag en zondag"
            ],
            "es": [
              "Abierto fuera de las vacaciones escolares:\r\nMartes y viernes de 17:00 a 18:30 horas. Miércoles de 15:00 a 18:30 horas\r\nCerrado la primera quincena de septiembre\r\n\r\nApertura durante las vacaciones escolares: (una semana durante cada una de las vacaciones escolares (Todos los Santos, Navidad, invierno y primavera):\r\nLunes, martes, miércoles, jueves y viernes de 13.30 a 18.30 horas\r\nCerrado el sábado y el domingo"
            ]
          },
          "hasTranslatedProperty": [
            {
              "@id": "https://data.datatourisme.fr/31675f53-3077-39f5-a6d4-b42cf9245496",
              "dc:contributor": [
                "https://api.deepl.com/v2/translate"
              ],
              "rdf:language": [
                "it"
              ],
              "rdf:predicate": [
                "additionalInformation"
              ]
            },
            {
              "@id": "https://data.datatourisme.fr/54e9f5ca-3070-3809-a1a3-f74468bfb1b0",
              "dc:contributor": [
                "https://api.deepl.com/v2/translate"
              ],
              "rdf:language": [
                "en"
              ],
              "rdf:predicate": [
                "additionalInformation"
              ]
            },
            {
              "@id": "https://data.datatourisme.fr/a6609b33-c939-3e38-856d-ccb4bc7ad9dd",
              "dc:contributor": [
                "https://api.deepl.com/v2/translate"
              ],
              "rdf:language": [
                "de"
              ],
              "rdf:predicate": [
                "additionalInformation"
              ]
            },
            {
              "@id": "https://data.datatourisme.fr/d737fe2d-d591-34a3-9c96-9a0282795c41",
              "dc:contributor": [
                "https://api.deepl.com/v2/translate"
              ],
              "rdf:language": [
                "nl"
              ],
              "rdf:predicate": [
                "additionalInformation"
              ]
            },
            {
              "@id": "https://data.datatourisme.fr/d9684e3c-fc56-3d5d-8e26-4933e19c7384",
              "dc:contributor": [
                "https://api.deepl.com/v2/translate"
              ],
              "rdf:language": [
                "es"
              ],
              "rdf:predicate": [
                "additionalInformation"
              ]
            }
          ]
        }
      ],
      "@type": [
        "schema:Place",
        "Place"
      ]
    }
  ],
  "isOwnedBy": [
    {
      "@id": "https://data.datatourisme.fr/7e2808c1-1c71-3e74-9327-4c88ff80ee9e",
      "schema:email": [
        "jade.mistretta@caese.fr",
        "lison.pareau@caese.fr",
        "melody.tournier@caese.fr",
        "stephanie.canteiro@caese.fr"
      ],
      "schema:legalName": "Communauté d'Agglomération de l'Etampois Sud-Essonne",
      "@type": [
        "schema:Organization",
        "foaf:Agent",
        "Agent"
      ]
    }
  ],
  "lastUpdate": "2020-07-09",
  "lastUpdateDatatourisme": "2023-05-30T05:49:20.251Z",
  "offers": [
    {
      "@id": "https://data.datatourisme.fr/68975d1f-75c5-382a-a0cc-ae8a46d179ea",
      "schema:priceSpecification": [
        {
          "@id": "https://data.datatourisme.fr/55ed69ad-4ce7-38fb-b0b1-82db93531274",
          "schema:maxPrice": [
            "2",
            "3"
          ],
          "schema:minPrice": [
            "1.7",
            "2.3"
          ],
          "schema:priceCurrency": "EUR",
          "@type": [
            "schema:PriceSpecification",
            "PriceSpecification"
          ],
          "appliesOnPeriod": [
            {
              "@id": "https://data.datatourisme.fr/e5444e0b-2b18-3f6c-8179-07d575b0c651",
              "@type": [
                "Period"
              ],
              "endDate": "2019-12-31",
              "startDate": "2019-01-01"
            }
          ]
        }
      ],
      "@type": [
        "schema:Offer",
        "Offer"
      ]
    }
  ]
}