{
  "@id": "https://data.datatourisme.fr/13/12731eb2-aafe-3a12-8012-2c87092d1c7b",
  "dc:identifier": "5047001",
  "@type": [
    "schema:LocalBusiness",
    "PlaceOfInterest",
    "PointOfInterest",
    "SportsAndLeisurePlace",
    "SwimmingPool"
  ],
  "rdfs:comment": {
    "de": [
      "Neben den beiden Becken (ein großes 25-Meter-Becken + ein kleines Becken) verfügt das Schwimmbad über ein Planschbecken, ein Solarium sowie große Rasenflächen."
    ],
    "en": [
      "In addition to the two pools (a large 25-meter pool + a small pool), the pool has a paddling pool, a solarium and large lawns."
    ],
    "it": [
      "Oltre alle due piscine (una grande da 25 metri e una piccola), la piscina dispone di una vasca per bambini, di un solarium e di ampi prati."
    ],
    "fr": [
      "En plus des deux bassins (un grand bassin de 25 mètres + un petit bassin), la piscine bénéficie d’une pataugeoire, d’un solarium ainsi que de vastes pelouses."
    ],
    "nl": [
      "Naast de twee zwembaden (een groot zwembad van 25 meter + een klein zwembad) beschikt het zwembad over een peuterbad, een solarium en uitgestrekte grasvelden."
    ],
    "es": [
      "Además de las dos piscinas (una grande de 25 metros y otra pequeña), cuenta con una piscina infantil, un solárium y amplias zonas de césped."
    ]
  },
  "rdfs:label": {
    "fr": [
      "Piscine René Rousseau"
    ]
  },
  "hasBeenCreatedBy": {
    "@id": "https://data.datatourisme.fr/13/298923c8-1900-35e9-9288-b430794814c4",
    "dc:identifier": "1015",
    "schema:email": [
      "jt.charbonnier@plainecommunetourisme.com",
      "s.vallier@plainecommunetourisme.com",
      "webmarketer@plainecommunetourisme.com"
    ],
    "schema:legalName": "Office de Tourisme Plaine commune grand Paris",
    "@type": [
      "schema:Organization",
      "foaf:Agent",
      "Agent"
    ],
    "foaf:homepage": [
      "https://www.tourisme-plainecommune-paris.com/"
    ]
  },
  "hasBeenPublishedBy": [
    {
      "@id": "https://data.datatourisme.fr/8a9feb4b-2cbd-3d2c-b507-bd6c6776b23b",
      "schema:legalName": "Apidae Tourisme Scic SA - source : Apidae Tourisme",
      "@type": [
        "schema:Organization",
        "foaf:Agent",
        "Agent"
      ],
      "foaf:homepage": [
        "https://www.apidae-tourisme.com/"
      ]
    }
  ],
  "hasContact": [
    {
      "@id": "https://data.datatourisme.fr/3cd3c85c-8a56-3a0b-8444-00991997e6b5",
      "schema:telephone": [
        "+33 1 49 71 83 57"
      ],
      "@type": [
        "foaf:Agent",
        "Agent"
      ],
      "foaf:homepage": [
        "http://www.stains.fr/divertir/sport/piscine-municipale-rene-rousseau/"
      ]
    }
  ],
  "hasDescription": [
    {
      "@id": "https://data.datatourisme.fr/adf363d4-f9b8-3c94-8761-25d68e7cd251",
      "@type": [
        "Description"
      ],
      "hasTranslatedProperty": [
        {
          "@id": "https://data.datatourisme.fr/0da1b627-2572-360a-9a6c-cac45a9f760f",
          "dc:contributor": [
            "https://api.deepl.com/v2/translate"
          ],
          "rdf:language": [
            "it"
          ],
          "rdf:predicate": [
            "shortDescription"
          ]
        },
        {
          "@id": "https://data.datatourisme.fr/1ae5ae62-e5cd-3b50-8892-3fcb2d9fba22",
          "dc:contributor": [
            "https://api.deepl.com/v2/translate"
          ],
          "rdf:language": [
            "nl"
          ],
          "rdf:predicate": [
            "shortDescription"
          ]
        },
        {
          "@id": "https://data.datatourisme.fr/358c77e6-e727-36f8-9e1a-3394995f1d16",
          "dc:contributor": [
            "https://api.deepl.com/v2/translate"
          ],
          "rdf:language": [
            "en"
          ],
          "rdf:predicate": [
            "shortDescription"
          ]
        },
        {
          "@id": "https://data.datatourisme.fr/590a44fb-b74d-3402-a389-145b835d9667",
          "dc:contributor": [
            "https://api.deepl.com/v2/translate"
          ],
          "rdf:language": [
            "de"
          ],
          "rdf:predicate": [
            "shortDescription"
          ]
        },
        {
          "@id": "https://data.datatourisme.fr/5a6849a4-abb9-3bd9-a1c8-5574fd7592c9",
          "dc:contributor": [
            "https://api.deepl.com/v2/translate"
          ],
          "rdf:language": [
            "es"
          ],
          "rdf:predicate": [
            "shortDescription"
          ]
        }
      ],
      "shortDescription": {
        "de": [
          "Neben den beiden Becken (ein großes 25-Meter-Becken + ein kleines Becken) verfügt das Schwimmbad über ein Planschbecken, ein Solarium sowie große Rasenflächen."
        ],
        "en": [
          "In addition to the two pools (a large 25-meter pool + a small pool), the pool has a paddling pool, a solarium and large lawns."
        ],
        "it": [
          "Oltre alle due piscine (una grande da 25 metri e una piccola), la piscina dispone di una vasca per bambini, di un solarium e di ampi prati."
        ],
        "fr": [
          "En plus des deux bassins (un grand bassin de 25 mètres + un petit bassin), la piscine bénéficie d’une pataugeoire, d’un solarium ainsi que de vastes pelouses."
        ],
        "nl": [
          "Naast de twee zwembaden (een groot zwembad van 25 meter + een klein zwembad) beschikt het zwembad over een peuterbad, een solarium en uitgestrekte grasvelden."
        ],
        "es": [
          "Además de las dos piscinas (una grande de 25 metros y otra pequeña), cuenta con una piscina infantil, un solárium y amplias zonas de césped."
        ]
      }
    }
  ],
  "hasTheme": [
    {
      "@id": "kb:Bathing",
      "@type": [
        "AccommodationAmenity",
        "SportsTheme"
      ],
      "rdfs:label": {
        "de": [
          "Baden"
        ],
        "pt": [
          "Banho"
        ],
        "en": [
          "Bathing"
        ],
        "it": [
          "Bagno"
        ],
        "fr": [
          "Baignade"
        ],
        "nl": [
          "Zwemmen"
        ],
        "es": [
          "Baño"
        ]
      }
    }
  ],
  "hasTranslatedProperty": [
    {
      "@id": "https://data.datatourisme.fr/0494e028-4fb4-3d62-b66c-d1860f96349c",
      "dc:contributor": [
        "https://api.deepl.com/v2/translate"
      ],
      "rdf:language": [
        "nl"
      ],
      "rdf:predicate": [
        {
          "@id": "rdfs:comment"
        }
      ]
    },
    {
      "@id": "https://data.datatourisme.fr/4149e982-c27a-330c-823d-d713964a7efb",
      "dc:contributor": [
        "https://api.deepl.com/v2/translate"
      ],
      "rdf:language": [
        "it"
      ],
      "rdf:predicate": [
        {
          "@id": "rdfs:comment"
        }
      ]
    },
    {
      "@id": "https://data.datatourisme.fr/4a1a7d60-5afb-3426-afce-112dc9886180",
      "dc:contributor": [
        "https://api.deepl.com/v2/translate"
      ],
      "rdf:language": [
        "de"
      ],
      "rdf:predicate": [
        {
          "@id": "rdfs:comment"
        }
      ]
    },
    {
      "@id": "https://data.datatourisme.fr/a813acde-4edd-36c9-a92f-2911a6079ec3",
      "dc:contributor": [
        "https://api.deepl.com/v2/translate"
      ],
      "rdf:language": [
        "en"
      ],
      "rdf:predicate": [
        {
          "@id": "rdfs:comment"
        }
      ]
    },
    {
      "@id": "https://data.datatourisme.fr/c13b9147-3375-35f0-b244-b99408f1bfa5",
      "dc:contributor": [
        "https://api.deepl.com/v2/translate"
      ],
      "rdf:language": [
        "es"
      ],
      "rdf:predicate": [
        {
          "@id": "rdfs:comment"
        }
      ]
    }
  ],
  "isLocatedAt": [
    {
      "@id": "https://data.datatourisme.fr/6101fac6-6074-3b2a-bb92-1954327b1a27",
      "schema:address": [
        {
          "@id": "https://data.datatourisme.fr/f61721b1-4527-3aa8-9abe-f3bbd1185b6d",
          "schema:addressLocality": "Stains",
          "schema:postalCode": "93240",
          "schema:streetAddress": [
            "Avenue Jules Guesde"
          ],
          "@type": [
            "schema:PostalAddress",
            "PostalAddress"
          ],
          "hasAddressCity": {
            "@id": "kb:93072",
            "@type": [
              "City"
            ],
            "rdfs:label": {
              "de": [
                "Stains"
              ],
              "pt": [
                "Stains"
              ],
              "en": [
                "Stains"
              ],
              "it": [
                "Stains"
              ],
              "fr": [
                "Stains"
              ],
              "nl": [
                "Stains"
              ],
              "es": [
                "Stains"
              ]
            },
            "insee": "93072",
            "isPartOfDepartment": {
              "@id": "kb:France1193",
              "@type": [
                "Department"
              ],
              "rdfs:label": {
                "de": [
                  "Seine-Saint-Denis"
                ],
                "pt": [
                  "Seine-Saint-Denis"
                ],
                "en": [
                  "Seine-Saint-Denis"
                ],
                "it": [
                  "Seine-Saint-Denis"
                ],
                "fr": [
                  "Seine-Saint-Denis"
                ],
                "nl": [
                  "Seine-Saint-Denis"
                ],
                "es": [
                  "Seine-Saint-Denis"
                ]
              },
              "insee": "93",
              "isPartOfRegion": {
                "@id": "kb:France11",
                "@type": [
                  "Region"
                ],
                "rdfs:label": {
                  "de": [
                    "Île-de-France"
                  ],
                  "pt": [
                    "Île-de-France"
                  ],
                  "en": [
                    "Île-de-France"
                  ],
                  "it": [
                    "Île-de-France"
                  ],
                  "fr": [
                    "Île-de-France"
                  ],
                  "nl": [
                    "Île-de-France"
                  ],
                  "es": [
                    "Île-de-France"
                  ]
                },
                "insee": "11",
                "isPartOfCountry": {
                  "@id": "kb:France",
                  "@type": [
                    "schema:Country"
                  ],
                  "rdfs:label": {
                    "de": [
                      "France",
                      "Frankreich"
                    ],
                    "pt": [
                      "França",
                      "France"
                    ],
                    "en": [
                      "France"
                    ],
                    "it": [
                      "France",
                      "Francia"
                    ],
                    "fr": [
                      "France"
                    ],
                    "nl": [
                      "France",
                      "Frankrijk"
                    ],
                    "es": [
                      "France",
                      "Francia"
                    ]
                  }
                }
              }
            }
          }
        }
      ],
      "schema:geo": {
        "@id": "https://data.datatourisme.fr/46f95837-48c2-3ce4-97e1-4a40ab9baf47",
        "schema:latitude": "48.962928",
        "schema:longitude": "2.385404",
        "@type": [
          "schema:GeoCoordinates"
        ]
      },
      "schema:openingHoursSpecification": [
        {
          "@id": "https://data.datatourisme.fr/9ab53c1b-7c94-3865-8da5-10ddf74e84d9",
          "schema:validFrom": "2023-01-01T00:00:00",
          "schema:validThrough": "2023-12-31T23:59:59",
          "@type": [
            "schema:OpeningHoursSpecification"
          ],
          "additionalInformation": {
            "de": [
              "Dienstag: 12 Uhr - 13.30 Uhr.\r\nMittwoch: 12:00 - 13:15 / 14:00 - 17:00 Uhr.\r\nDonnerstag: 12:00 - 14:00 Uhr / 17:30 - 19:00 Uhr.\r\nSamstag: 13:30 - 17:30 Uhr.\r\nSonntag: 9h - 12h.\r\n>>> An Feiertagen geschlossen.\r\n>>> >>> Räumung der Becken 30 Minuten vor Schließung."
            ],
            "en": [
              "Tuesday: 12pm - 1:30pm.\r\nWednesday: 12 - 1:15 pm / 2 - 5 pm.\r\nThursday: 12pm - 2pm / 5:30pm - 7pm.\r\nSaturday: 1:30 - 5:30 pm.\r\nSunday: 9am - 12pm.\r\n>>> Closed on public holidays.\r\n>>> >>> Evacuation of the pools 30 minutes before closing time."
            ],
            "it": [
              "Martedì: dalle 12.00 alle 13.30.\r\nMercoledì: 12-13.15 / 14-17.\r\nGiovedì: 12.00-14.00 / 17.30-19.00.\r\nSabato: 13.30 - 17.30.\r\nDomenica: dalle 9.00 alle 12.00.\r\n>>> Chiuso nei giorni festivi.\r\n>>> Evacuazione delle piscine 30 minuti prima della chiusura."
            ],
            "fr": [
              "Mardi : 12h - 13h30.\r\nMercredi : 12h - 13h15 / 14h - 17h.\r\nJeudi : 12h - 14h / 17h30 - 19h.\r\nSamedi : 13h30 - 17h30.\r\nDimanche : 9h - 12h.\r\n>>> Fermé les jours fériés.\r\n>>> >>> Évacuation des bassins 30 minutes avant la fermeture."
            ],
            "es": [
              "Martes: 12:00 - 13:30 horas.\r\nMiércoles: 12 - 1.15 pm / 2 - 5 pm.\r\nJueves: 12h00 - 14h00 / 17h30 - 19h00.\r\nSábado: 1.30 - 5.30 pm.\r\nDomingo: de 9 a 12 horas.\r\n>>> Cerrado los días festivos.\r\n>>> Evacuación de las piscinas 30 minutos antes de la hora de cierre."
            ],
            "nl": [
              "Dinsdag: 12.00 - 13.30 uur.\r\nWoensdag: 12 - 13.15 uur / 14 - 17 uur.\r\nDonderdag: 12.00 - 14.00 uur / 17.30 - 19.00 uur.\r\nZaterdag: 13.30 - 17.30 uur.\r\nZondag: 9.00 - 12.00 uur.\r\n>>> Gesloten op feestdagen.\r\n>>> Evacuatie van de zwembaden 30 minuten voor sluitingstijd."
            ]
          },
          "hasTranslatedProperty": [
            {
              "@id": "https://data.datatourisme.fr/80ce251f-a66c-3a6d-b841-43ea4539e5e3",
              "dc:contributor": [
                "https://api.deepl.com/v2/translate"
              ],
              "rdf:language": [
                "nl"
              ],
              "rdf:predicate": [
                "additionalInformation"
              ]
            },
            {
              "@id": "https://data.datatourisme.fr/86dc4d72-6399-39a1-a68b-caa7f6a433ae",
              "dc:contributor": [
                "https://api.deepl.com/v2/translate"
              ],
              "rdf:language": [
                "en"
              ],
              "rdf:predicate": [
                "additionalInformation"
              ]
            },
            {
              "@id": "https://data.datatourisme.fr/9fe40bde-13e4-3753-a840-3caa9285b881",
              "dc:contributor": [
                "https://api.deepl.com/v2/translate"
              ],
              "rdf:language": [
                "de"
              ],
              "rdf:predicate": [
                "additionalInformation"
              ]
            },
            {
              "@id": "https://data.datatourisme.fr/e64ae15a-51b4-3c51-a7bd-f5be8975e77e",
              "dc:contributor": [
                "https://api.deepl.com/v2/translate"
              ],
              "rdf:language": [
                "es"
              ],
              "rdf:predicate": [
                "additionalInformation"
              ]
            },
            {
              "@id": "https://data.datatourisme.fr/ecb717f1-b63b-3c0b-94f7-3905b1da9ff0",
              "dc:contributor": [
                "https://api.deepl.com/v2/translate"
              ],
              "rdf:language": [
                "it"
              ],
              "rdf:predicate": [
                "additionalInformation"
              ]
            }
          ]
        }
      ],
      "@type": [
        "schema:Place",
        "Place"
      ]
    }
  ],
  "isOwnedBy": [
    {
      "@id": "https://data.datatourisme.fr/0d295593-2e92-3cc3-8700-156dfc8eed88",
      "schema:email": [
        "jt.charbonnier@plainecommunetourisme.com",
        "s.vallier@plainecommunetourisme.com",
        "webmarketer@plainecommunetourisme.com"
      ],
      "schema:legalName": "Office de Tourisme Plaine commune grand Paris",
      "@type": [
        "schema:Organization",
        "foaf:Agent",
        "Agent"
      ],
      "foaf:homepage": [
        "https://www.tourisme-plainecommune-paris.com/"
      ]
    }
  ],
  "lastUpdate": "2022-03-17",
  "lastUpdateDatatourisme": "2023-02-11T06:38:48.977Z"
}