{
  "@id": "https://data.datatourisme.fr/13/1221bda8-66de-3637-b919-b05cbfe8d147",
  "dc:identifier": "5247021",
  "@type": [
    "schema:FoodEstablishment",
    "FoodEstablishment",
    "PlaceOfInterest",
    "PointOfInterest"
  ],
  "rdfs:comment": {
    "de": [
      "Eine mediterrane Küche mit portugiesischen Akzenten, die Ihren Gaumen erfreuen wird!"
    ],
    "en": [
      "Mediterranean cuisine with Portuguese accents that will delight your taste buds!"
    ],
    "it": [
      "Cucina mediterranea con accenti portoghesi che delizierà le vostre papille gustative!"
    ],
    "fr": [
      "Une cuisine méditerranéenne, aux accents portugais, qui saura ravir vos papilles !"
    ],
    "nl": [
      "Mediterrane keuken met Portugese accenten die uw smaakpapillen zullen verrukken!"
    ],
    "es": [
      "Cocina mediterránea con acentos portugueses que harán las delicias de su paladar"
    ]
  },
  "rdfs:label": {
    "fr": [
      "Le Treize"
    ]
  },
  "hasBeenCreatedBy": {
    "@id": "https://data.datatourisme.fr/13/03f54461-3917-3452-8504-1ea1581df0c2",
    "dc:identifier": "1089",
    "schema:email": [
      "blerezollier@ccvalessonne.com"
    ],
    "schema:legalName": "Communauté de communes du Val d'Essonne",
    "@type": [
      "schema:Organization",
      "foaf:Agent",
      "Agent"
    ],
    "foaf:homepage": [
      "https://valessonne.fr/"
    ]
  },
  "hasBeenPublishedBy": [
    {
      "@id": "https://data.datatourisme.fr/8a9feb4b-2cbd-3d2c-b507-bd6c6776b23b",
      "schema:legalName": "Apidae Tourisme Scic SA - source : Apidae Tourisme",
      "@type": [
        "schema:Organization",
        "foaf:Agent",
        "Agent"
      ],
      "foaf:homepage": [
        "https://www.apidae-tourisme.com/"
      ]
    }
  ],
  "hasContact": [
    {
      "@id": "https://data.datatourisme.fr/6ad9be0e-6563-336c-bd3e-984434619607",
      "schema:email": [
        "contact@le13-restaurant.fr"
      ],
      "schema:telephone": [
        "+33 1 60 75 27 98"
      ],
      "@type": [
        "foaf:Agent",
        "Agent"
      ]
    }
  ],
  "hasDescription": [
    {
      "@id": "https://data.datatourisme.fr/2687af00-52f4-373f-9b79-4522c8cb0033",
      "@type": [
        "Description"
      ],
      "hasTranslatedProperty": [
        {
          "@id": "https://data.datatourisme.fr/472a93d6-ca1f-3153-9760-c8a3cba5a198",
          "dc:contributor": [
            "https://api.deepl.com/v2/translate"
          ],
          "rdf:language": [
            "it"
          ],
          "rdf:predicate": [
            "shortDescription"
          ]
        },
        {
          "@id": "https://data.datatourisme.fr/4b2f3977-cf32-3611-8a2a-a9f41d447a11",
          "dc:contributor": [
            "https://api.deepl.com/v2/translate"
          ],
          "rdf:language": [
            "nl"
          ],
          "rdf:predicate": [
            "shortDescription"
          ]
        },
        {
          "@id": "https://data.datatourisme.fr/ebf8886a-3964-3ee6-b7c9-8250accfcab4",
          "dc:contributor": [
            "https://api.deepl.com/v2/translate"
          ],
          "rdf:language": [
            "de"
          ],
          "rdf:predicate": [
            "shortDescription"
          ]
        },
        {
          "@id": "https://data.datatourisme.fr/f10db8a7-fbd5-3028-ba11-c469da967677",
          "dc:contributor": [
            "https://api.deepl.com/v2/translate"
          ],
          "rdf:language": [
            "en"
          ],
          "rdf:predicate": [
            "shortDescription"
          ]
        },
        {
          "@id": "https://data.datatourisme.fr/fe9e34d2-0b3d-3006-a652-d69ffad422a2",
          "dc:contributor": [
            "https://api.deepl.com/v2/translate"
          ],
          "rdf:language": [
            "es"
          ],
          "rdf:predicate": [
            "shortDescription"
          ]
        }
      ],
      "shortDescription": {
        "de": [
          "Eine mediterrane Küche mit portugiesischen Akzenten, die Ihren Gaumen erfreuen wird!"
        ],
        "en": [
          "Mediterranean cuisine with Portuguese accents that will delight your taste buds!"
        ],
        "it": [
          "Cucina mediterranea con accenti portoghesi che delizierà le vostre papille gustative!"
        ],
        "fr": [
          "Une cuisine méditerranéenne, aux accents portugais, qui saura ravir vos papilles !"
        ],
        "nl": [
          "Mediterrane keuken met Portugese accenten die uw smaakpapillen zullen verrukken!"
        ],
        "es": [
          "Cocina mediterránea con acentos portugueses que harán las delicias de su paladar"
        ]
      }
    }
  ],
  "hasTranslatedProperty": [
    {
      "@id": "https://data.datatourisme.fr/22197a51-6c98-35b8-86a2-430c713e6903",
      "dc:contributor": [
        "https://api.deepl.com/v2/translate"
      ],
      "rdf:language": [
        "de"
      ],
      "rdf:predicate": [
        {
          "@id": "rdfs:comment"
        }
      ]
    },
    {
      "@id": "https://data.datatourisme.fr/86c9c245-c912-3c33-9b1a-c1ac326ba3e7",
      "dc:contributor": [
        "https://api.deepl.com/v2/translate"
      ],
      "rdf:language": [
        "es"
      ],
      "rdf:predicate": [
        {
          "@id": "rdfs:comment"
        }
      ]
    },
    {
      "@id": "https://data.datatourisme.fr/885263ac-e2a0-36da-89fd-7ec982616358",
      "dc:contributor": [
        "https://api.deepl.com/v2/translate"
      ],
      "rdf:language": [
        "it"
      ],
      "rdf:predicate": [
        {
          "@id": "rdfs:comment"
        }
      ]
    },
    {
      "@id": "https://data.datatourisme.fr/909ca277-e543-3bcc-a581-2536ae24704b",
      "dc:contributor": [
        "https://api.deepl.com/v2/translate"
      ],
      "rdf:language": [
        "nl"
      ],
      "rdf:predicate": [
        {
          "@id": "rdfs:comment"
        }
      ]
    },
    {
      "@id": "https://data.datatourisme.fr/9f0052c2-86f0-3198-a5c0-39e6677cc75c",
      "dc:contributor": [
        "https://api.deepl.com/v2/translate"
      ],
      "rdf:language": [
        "en"
      ],
      "rdf:predicate": [
        {
          "@id": "rdfs:comment"
        }
      ]
    }
  ],
  "isLocatedAt": [
    {
      "@id": "https://data.datatourisme.fr/28a45b41-08ee-33fe-b9d2-06e012e2e73b",
      "schema:address": [
        {
          "@id": "https://data.datatourisme.fr/383022de-75bc-371f-bffa-3e54e37d8f61",
          "schema:addressLocality": "Mennecy",
          "schema:postalCode": "91540",
          "schema:streetAddress": [
            "13 rue de Milly"
          ],
          "@type": [
            "schema:PostalAddress",
            "PostalAddress"
          ],
          "hasAddressCity": {
            "@id": "kb:91386",
            "@type": [
              "City"
            ],
            "rdfs:label": {
              "de": [
                "Mennecy"
              ],
              "pt": [
                "Mennecy"
              ],
              "en": [
                "Mennecy"
              ],
              "it": [
                "Mennecy"
              ],
              "fr": [
                "Mennecy"
              ],
              "nl": [
                "Mennecy"
              ],
              "es": [
                "Mennecy"
              ]
            },
            "insee": "91386",
            "isPartOfDepartment": {
              "@id": "kb:France1191",
              "@type": [
                "Department"
              ],
              "rdfs:label": {
                "de": [
                  "Essonne"
                ],
                "pt": [
                  "Essonne"
                ],
                "en": [
                  "Essonne"
                ],
                "it": [
                  "Essonne"
                ],
                "fr": [
                  "Essonne"
                ],
                "nl": [
                  "Essonne"
                ],
                "es": [
                  "Essonne"
                ]
              },
              "insee": "91",
              "isPartOfRegion": {
                "@id": "kb:France11",
                "@type": [
                  "Region"
                ],
                "rdfs:label": {
                  "de": [
                    "Île-de-France"
                  ],
                  "pt": [
                    "Île-de-France"
                  ],
                  "en": [
                    "Île-de-France"
                  ],
                  "it": [
                    "Île-de-France"
                  ],
                  "fr": [
                    "Île-de-France"
                  ],
                  "nl": [
                    "Île-de-France"
                  ],
                  "es": [
                    "Île-de-France"
                  ]
                },
                "insee": "11",
                "isPartOfCountry": {
                  "@id": "kb:France",
                  "@type": [
                    "schema:Country"
                  ],
                  "rdfs:label": {
                    "de": [
                      "France",
                      "Frankreich"
                    ],
                    "pt": [
                      "França",
                      "France"
                    ],
                    "en": [
                      "France"
                    ],
                    "it": [
                      "France",
                      "Francia"
                    ],
                    "fr": [
                      "France"
                    ],
                    "nl": [
                      "France",
                      "Frankrijk"
                    ],
                    "es": [
                      "France",
                      "Francia"
                    ]
                  }
                }
              }
            }
          }
        }
      ],
      "schema:geo": {
        "@id": "https://data.datatourisme.fr/609441ba-9fb6-300b-99f5-b179da55ea63",
        "schema:latitude": "48.565295",
        "schema:longitude": "2.434103",
        "@type": [
          "schema:GeoCoordinates"
        ]
      },
      "schema:openingHoursSpecification": [
        {
          "@id": "https://data.datatourisme.fr/f87e535a-636d-3343-ad63-8a03392e7511",
          "schema:validFrom": "2023-01-01T00:00:00",
          "schema:validThrough": "2023-12-31T23:59:59",
          "@type": [
            "schema:OpeningHoursSpecification"
          ]
        }
      ],
      "@type": [
        "schema:Place",
        "Place"
      ]
    }
  ],
  "isOwnedBy": [
    {
      "@id": "https://data.datatourisme.fr/a584123a-c89a-3ca6-99af-d5eacbbba1a4",
      "schema:email": [
        "blerezollier@ccvalessonne.com"
      ],
      "schema:legalName": "Communauté de communes du Val d'Essonne",
      "@type": [
        "schema:Organization",
        "foaf:Agent",
        "Agent"
      ],
      "foaf:homepage": [
        "https://valessonne.fr/"
      ]
    }
  ],
  "lastUpdate": "2019-08-19",
  "lastUpdateDatatourisme": "2023-02-01T18:07:36.102Z"
}