{
  "@id": "https://data.datatourisme.fr/13/124a94d1-4fc2-371e-9b23-7d755460ae91",
  "dc:identifier": "5692723",
  "@type": [
    "schema:LocalBusiness",
    "CraftsmanShop",
    "PlaceOfInterest",
    "PointOfInterest",
    "Store"
  ],
  "rdfs:comment": {
    "de": [
      "Im Dezember 2019 eröffnet die Chambre de Métiers et de l'Artisanat du Val d'Oise eine permanente Boutique, die ideal im Stadtzentrum von Enghien-les-Bains gelegen ist."
    ],
    "en": [
      "In December 2019, the Val d'Oise Chamber of Trades and Crafts will open a permanent shop, ideally located in the town centre of Enghien-les-Bains."
    ],
    "it": [
      "Nel dicembre 2019, la Camera dei mestieri della Val d'Oise aprirà un negozio permanente, situato in posizione ideale nel centro di Enghien-les-Bains."
    ],
    "fr": [
      "En décembre 2019, la Chambre de Métiers et de l'Artisanat du Val d'Oise ouvre une boutique permanente, idéalement située en centre-ville d'Enghien-les-Bains."
    ],
    "nl": [
      "In december 2019 opent de Kamer van Ambachten van Val d'Oise een permanente winkel, ideaal gelegen in het centrum van Enghien-les-Bains."
    ],
    "es": [
      "En diciembre de 2019, la Cámara de Oficios de Val d'Oise abrirá una tienda permanente, idealmente situada en el centro de Enghien-les-Bains."
    ]
  },
  "rdfs:label": {
    "fr": [
      "Concept store C'est vrai"
    ]
  },
  "hasBeenCreatedBy": {
    "@id": "https://data.datatourisme.fr/13/d51b4167-88b6-3e70-ab0c-381c06efc9f1",
    "dc:identifier": "2182",
    "schema:email": [
      "abehar@enghien95.fr",
      "abehar@renghien95.fr",
      "accueil.tourisme@enghien95.fr",
      "hvdcasteele@enghien95.fr",
      "mheurion@enghien95.fr"
    ],
    "schema:legalName": "Office de Tourisme d'Enghien-les-Bains",
    "@type": [
      "schema:Organization",
      "foaf:Agent",
      "Agent"
    ],
    "foaf:homepage": [
      "http://www.ot-enghienlesbains.fr/"
    ]
  },
  "hasBeenPublishedBy": [
    {
      "@id": "https://data.datatourisme.fr/8a9feb4b-2cbd-3d2c-b507-bd6c6776b23b",
      "schema:legalName": "Apidae Tourisme Scic SA - source : Apidae Tourisme",
      "@type": [
        "schema:Organization",
        "foaf:Agent",
        "Agent"
      ],
      "foaf:homepage": [
        "https://www.apidae-tourisme.com/"
      ]
    }
  ],
  "hasContact": [
    {
      "@id": "https://data.datatourisme.fr/c5533a1c-0f09-343d-aa68-c4c1105c7b2e",
      "schema:email": [
        "cestvrai95@cma95-idf.fr"
      ],
      "schema:telephone": [
        "+33 9 86 37 84 83"
      ],
      "@type": [
        "foaf:Agent",
        "Agent"
      ]
    }
  ],
  "hasDescription": [
    {
      "@id": "https://data.datatourisme.fr/306efd60-2d33-387a-941f-a3d9b64dc7b9",
      "@type": [
        "Description"
      ],
      "hasTranslatedProperty": [
        {
          "@id": "https://data.datatourisme.fr/11b8389e-e0c4-3efa-9dce-01f2b2319011",
          "dc:contributor": [
            "https://api.deepl.com/v2/translate"
          ],
          "rdf:language": [
            "nl"
          ],
          "rdf:predicate": [
            "shortDescription"
          ]
        },
        {
          "@id": "https://data.datatourisme.fr/14e75c0f-2c95-333c-81d3-79c506b2657e",
          "dc:contributor": [
            "https://api.deepl.com/v2/translate"
          ],
          "rdf:language": [
            "en"
          ],
          "rdf:predicate": [
            "shortDescription"
          ]
        },
        {
          "@id": "https://data.datatourisme.fr/73dac311-2f08-3861-97c6-e206a8416726",
          "dc:contributor": [
            "https://api.deepl.com/v2/translate"
          ],
          "rdf:language": [
            "it"
          ],
          "rdf:predicate": [
            "shortDescription"
          ]
        },
        {
          "@id": "https://data.datatourisme.fr/7929ad60-ee0a-397d-8416-a2d8ba952787",
          "dc:contributor": [
            "https://api.deepl.com/v2/translate"
          ],
          "rdf:language": [
            "de"
          ],
          "rdf:predicate": [
            "shortDescription"
          ]
        },
        {
          "@id": "https://data.datatourisme.fr/adf4802e-8e21-3a4e-b489-882f81a4b311",
          "dc:contributor": [
            "https://api.deepl.com/v2/translate"
          ],
          "rdf:language": [
            "es"
          ],
          "rdf:predicate": [
            "shortDescription"
          ]
        }
      ],
      "shortDescription": {
        "de": [
          "Im Dezember 2019 eröffnet die Chambre de Métiers et de l'Artisanat du Val d'Oise eine permanente Boutique, die ideal im Stadtzentrum von Enghien-les-Bains gelegen ist."
        ],
        "en": [
          "In December 2019, the Val d'Oise Chamber of Trades and Crafts will open a permanent shop, ideally located in the town centre of Enghien-les-Bains."
        ],
        "it": [
          "Nel dicembre 2019, la Camera dei mestieri della Val d'Oise aprirà un negozio permanente, situato in posizione ideale nel centro di Enghien-les-Bains."
        ],
        "fr": [
          "En décembre 2019, la Chambre de Métiers et de l'Artisanat du Val d'Oise ouvre une boutique permanente, idéalement située en centre-ville d'Enghien-les-Bains."
        ],
        "nl": [
          "In december 2019 opent de Kamer van Ambachten van Val d'Oise een permanente winkel, ideaal gelegen in het centrum van Enghien-les-Bains."
        ],
        "es": [
          "En diciembre de 2019, la Cámara de Oficios de Val d'Oise abrirá una tienda permanente, idealmente situada en el centro de Enghien-les-Bains."
        ]
      }
    }
  ],
  "hasTranslatedProperty": [
    {
      "@id": "https://data.datatourisme.fr/322a0f5a-d509-3205-bb50-512356f531c6",
      "dc:contributor": [
        "https://api.deepl.com/v2/translate"
      ],
      "rdf:language": [
        "es"
      ],
      "rdf:predicate": [
        {
          "@id": "rdfs:comment"
        }
      ]
    },
    {
      "@id": "https://data.datatourisme.fr/3d1ab89a-6c57-32e0-8887-cd25a6d59b84",
      "dc:contributor": [
        "https://api.deepl.com/v2/translate"
      ],
      "rdf:language": [
        "de"
      ],
      "rdf:predicate": [
        {
          "@id": "rdfs:comment"
        }
      ]
    },
    {
      "@id": "https://data.datatourisme.fr/567a875f-2aee-3f4b-9ede-d0f1e15a902e",
      "dc:contributor": [
        "https://api.deepl.com/v2/translate"
      ],
      "rdf:language": [
        "en"
      ],
      "rdf:predicate": [
        {
          "@id": "rdfs:comment"
        }
      ]
    },
    {
      "@id": "https://data.datatourisme.fr/64118cf4-1e6c-3ca5-be98-9f63fff9250a",
      "dc:contributor": [
        "https://api.deepl.com/v2/translate"
      ],
      "rdf:language": [
        "nl"
      ],
      "rdf:predicate": [
        {
          "@id": "rdfs:comment"
        }
      ]
    },
    {
      "@id": "https://data.datatourisme.fr/d0a1566b-de53-38c4-af6f-4899cb53101b",
      "dc:contributor": [
        "https://api.deepl.com/v2/translate"
      ],
      "rdf:language": [
        "it"
      ],
      "rdf:predicate": [
        {
          "@id": "rdfs:comment"
        }
      ]
    }
  ],
  "isLocatedAt": [
    {
      "@id": "https://data.datatourisme.fr/ff2ac5bb-42f4-32f7-8fea-7e7156927f9d",
      "schema:address": [
        {
          "@id": "https://data.datatourisme.fr/6a8a676a-5ec2-3759-ab34-a01bf66d2066",
          "schema:addressLocality": "Enghien-les-Bains",
          "schema:postalCode": "95880",
          "schema:streetAddress": [
            "16 rue du Général de Gaulle"
          ],
          "@type": [
            "schema:PostalAddress",
            "PostalAddress"
          ],
          "hasAddressCity": {
            "@id": "kb:95210",
            "@type": [
              "City"
            ],
            "rdfs:label": {
              "de": [
                "Enghien-les-Bains"
              ],
              "pt": [
                "Enghien-les-Bains"
              ],
              "en": [
                "Enghien-les-Bains"
              ],
              "it": [
                "Enghien-les-Bains"
              ],
              "fr": [
                "Enghien-les-Bains"
              ],
              "nl": [
                "Enghien-les-Bains"
              ],
              "es": [
                "Enghien-les-Bains"
              ]
            },
            "insee": "95210",
            "isPartOfDepartment": {
              "@id": "kb:France1195",
              "@type": [
                "Department"
              ],
              "rdfs:label": {
                "de": [
                  "Val-d'Oise"
                ],
                "pt": [
                  "Val-d'Oise"
                ],
                "en": [
                  "Val-d'Oise"
                ],
                "it": [
                  "Val-d'Oise"
                ],
                "fr": [
                  "Val-d'Oise"
                ],
                "nl": [
                  "Val-d'Oise"
                ],
                "es": [
                  "Val-d'Oise"
                ]
              },
              "insee": "95",
              "isPartOfRegion": {
                "@id": "kb:France11",
                "@type": [
                  "Region"
                ],
                "rdfs:label": {
                  "de": [
                    "Île-de-France"
                  ],
                  "pt": [
                    "Île-de-France"
                  ],
                  "en": [
                    "Île-de-France"
                  ],
                  "it": [
                    "Île-de-France"
                  ],
                  "fr": [
                    "Île-de-France"
                  ],
                  "nl": [
                    "Île-de-France"
                  ],
                  "es": [
                    "Île-de-France"
                  ]
                },
                "insee": "11",
                "isPartOfCountry": {
                  "@id": "kb:France",
                  "@type": [
                    "schema:Country"
                  ],
                  "rdfs:label": {
                    "de": [
                      "France",
                      "Frankreich"
                    ],
                    "pt": [
                      "França",
                      "France"
                    ],
                    "en": [
                      "France"
                    ],
                    "it": [
                      "France",
                      "Francia"
                    ],
                    "fr": [
                      "France"
                    ],
                    "nl": [
                      "France",
                      "Frankrijk"
                    ],
                    "es": [
                      "France",
                      "Francia"
                    ]
                  }
                }
              }
            }
          }
        }
      ],
      "schema:geo": {
        "@id": "https://data.datatourisme.fr/1f92018a-3aca-3d59-89fd-39c32c7c33c8",
        "schema:latitude": "48.972238",
        "schema:longitude": "2.309096",
        "@type": [
          "schema:GeoCoordinates"
        ]
      },
      "schema:openingHoursSpecification": [
        {
          "@id": "https://data.datatourisme.fr/98d47c89-994c-33ba-b848-64e00da1ea9b",
          "schema:validFrom": "2023-01-01T00:00:00",
          "schema:validThrough": "2023-12-31T23:59:59",
          "@type": [
            "schema:OpeningHoursSpecification"
          ],
          "additionalInformation": {
            "de": [
              "Geöffnet Dienstag bis Samstag von 10:00 bis 19:00 Uhr."
            ],
            "en": [
              "Open from Tuesday to Saturday from 10am to 7pm."
            ],
            "it": [
              "Aperto da martedì a sabato dalle 10.00 alle 19.00."
            ],
            "fr": [
              "Ouvert du mardi au samedi de 10h à 19h."
            ],
            "nl": [
              "Geopend van dinsdag tot zaterdag van 10 tot 19 uur."
            ],
            "es": [
              "Abierto de martes a sábado de 10 a 19 horas."
            ]
          },
          "hasTranslatedProperty": [
            {
              "@id": "https://data.datatourisme.fr/36e8231e-7763-3c4c-a435-419214039c07",
              "dc:contributor": [
                "https://api.deepl.com/v2/translate"
              ],
              "rdf:language": [
                "en"
              ],
              "rdf:predicate": [
                "additionalInformation"
              ]
            },
            {
              "@id": "https://data.datatourisme.fr/842cff3b-a13e-3fea-adab-afdf0ae2a4f0",
              "dc:contributor": [
                "https://api.deepl.com/v2/translate"
              ],
              "rdf:language": [
                "es"
              ],
              "rdf:predicate": [
                "additionalInformation"
              ]
            },
            {
              "@id": "https://data.datatourisme.fr/88850a2d-31dc-3913-aa57-5fc9a14ca589",
              "dc:contributor": [
                "https://api.deepl.com/v2/translate"
              ],
              "rdf:language": [
                "it"
              ],
              "rdf:predicate": [
                "additionalInformation"
              ]
            },
            {
              "@id": "https://data.datatourisme.fr/e36e5ae4-0390-3e27-b4a5-263a899b83cb",
              "dc:contributor": [
                "https://api.deepl.com/v2/translate"
              ],
              "rdf:language": [
                "nl"
              ],
              "rdf:predicate": [
                "additionalInformation"
              ]
            },
            {
              "@id": "https://data.datatourisme.fr/e5fab2ca-23bf-3365-a696-bf425f5b14e4",
              "dc:contributor": [
                "https://api.deepl.com/v2/translate"
              ],
              "rdf:language": [
                "de"
              ],
              "rdf:predicate": [
                "additionalInformation"
              ]
            }
          ]
        }
      ],
      "@type": [
        "schema:Place",
        "Place"
      ]
    }
  ],
  "isOwnedBy": [
    {
      "@id": "https://data.datatourisme.fr/4f6881d4-901b-3a06-9a9b-f4e88d80992c",
      "schema:email": [
        "abehar@renghien95.fr",
        "accueil.tourisme@enghien95.fr",
        "hvdcasteele@enghien95.fr",
        "mheurion@enghien95.fr"
      ],
      "schema:legalName": "Office de Tourisme et des Congrès d'Enghien-les-Bains",
      "@type": [
        "schema:Organization",
        "foaf:Agent",
        "Agent"
      ],
      "foaf:homepage": [
        "http://www.ot-enghienlesbains.fr/"
      ]
    }
  ],
  "lastUpdate": "2022-08-18",
  "lastUpdateDatatourisme": "2023-02-01T18:07:36.073Z"
}