{
  "@id": "https://data.datatourisme.fr/13/125a502a-fedb-3038-8f4b-49a307dfe052",
  "dc:identifier": "834140",
  "@type": [
    "schema:FoodEstablishment",
    "FoodEstablishment",
    "PlaceOfInterest",
    "PointOfInterest"
  ],
  "rdfs:comment": {
    "de": [
      "Qualitätsbrauerei im Herzen von Ris-Orangis."
    ],
    "en": [
      "Quality brewery in the heart of Ris-Orangis."
    ],
    "it": [
      "Birrificio di qualità nel cuore di Ris-Orangis."
    ],
    "fr": [
      "Brasserie de qualité au cœur de Ris-Orangis."
    ],
    "nl": [
      "Kwaliteitsbrouwerij in het hart van Ris-Orangis."
    ],
    "es": [
      "Cervecería de calidad en el corazón de Ris-Orangis."
    ]
  },
  "rdfs:label": {
    "fr": [
      "Restaurant Côté Bistrot"
    ]
  },
  "hasBeenCreatedBy": {
    "@id": "https://data.datatourisme.fr/13/08fe2621-d8e7-36b0-aec0-da35256a998d",
    "dc:identifier": "1016",
    "schema:email": [
      "direction.tourismegpsses@orange.fr",
      "m.delvalle@tourismegps.com",
      "m.meneur@tourismegps.com",
      "m.pantin@tourismegps.com"
    ],
    "schema:legalName": "Office de Tourisme Grand Paris Sud Seine-Essonne-Sénart",
    "@type": [
      "schema:Organization",
      "foaf:Agent",
      "Agent"
    ],
    "foaf:homepage": [
      "https://tourisme-grandparissud.com/"
    ]
  },
  "hasBeenPublishedBy": [
    {
      "@id": "https://data.datatourisme.fr/8a9feb4b-2cbd-3d2c-b507-bd6c6776b23b",
      "schema:legalName": "Apidae Tourisme Scic SA - source : Apidae Tourisme",
      "@type": [
        "schema:Organization",
        "foaf:Agent",
        "Agent"
      ],
      "foaf:homepage": [
        "https://www.apidae-tourisme.com/"
      ]
    }
  ],
  "hasContact": [
    {
      "@id": "https://data.datatourisme.fr/e202565e-5713-3cd1-b62e-87ee7ab11524",
      "schema:email": [
        "c.bistrot@gmail.com"
      ],
      "schema:telephone": [
        "+33 1 69 06 43 43"
      ],
      "@type": [
        "foaf:Agent",
        "Agent"
      ],
      "foaf:homepage": [
        "http://www.restaurant-risorangis-cotebistrot.fr/"
      ]
    }
  ],
  "hasDescription": [
    {
      "@id": "https://data.datatourisme.fr/6f250ed6-bcae-384d-bdd1-e87e684ebab1",
      "@type": [
        "Description"
      ],
      "hasTranslatedProperty": [
        {
          "@id": "https://data.datatourisme.fr/0515dea5-f32d-39f1-908b-7b7c89308318",
          "dc:contributor": [
            "https://api.deepl.com/v2/translate"
          ],
          "rdf:language": [
            "nl"
          ],
          "rdf:predicate": [
            "shortDescription"
          ]
        },
        {
          "@id": "https://data.datatourisme.fr/1eb006bd-032f-307a-ae90-c1b7bb1728de",
          "dc:contributor": [
            "https://api.deepl.com/v2/translate"
          ],
          "rdf:language": [
            "en"
          ],
          "rdf:predicate": [
            "shortDescription"
          ]
        },
        {
          "@id": "https://data.datatourisme.fr/663e8bc0-d502-3796-bc39-cef93ac97f81",
          "dc:contributor": [
            "https://api.deepl.com/v2/translate"
          ],
          "rdf:language": [
            "it"
          ],
          "rdf:predicate": [
            "shortDescription"
          ]
        },
        {
          "@id": "https://data.datatourisme.fr/7df38198-7294-3b1d-9514-9f78691a5ad9",
          "dc:contributor": [
            "https://api.deepl.com/v2/translate"
          ],
          "rdf:language": [
            "es"
          ],
          "rdf:predicate": [
            "shortDescription"
          ]
        },
        {
          "@id": "https://data.datatourisme.fr/aa194083-56ec-3dc9-a767-dc2bf3f52fda",
          "dc:contributor": [
            "https://api.deepl.com/v2/translate"
          ],
          "rdf:language": [
            "de"
          ],
          "rdf:predicate": [
            "shortDescription"
          ]
        }
      ],
      "shortDescription": {
        "de": [
          "Qualitätsbrauerei im Herzen von Ris-Orangis."
        ],
        "en": [
          "Quality brewery in the heart of Ris-Orangis."
        ],
        "it": [
          "Birrificio di qualità nel cuore di Ris-Orangis."
        ],
        "fr": [
          "Brasserie de qualité au cœur de Ris-Orangis."
        ],
        "nl": [
          "Kwaliteitsbrouwerij in het hart van Ris-Orangis."
        ],
        "es": [
          "Cervecería de calidad en el corazón de Ris-Orangis."
        ]
      }
    }
  ],
  "hasTranslatedProperty": [
    {
      "@id": "https://data.datatourisme.fr/2ea2c527-2851-3c0a-b511-f54338850489",
      "dc:contributor": [
        "https://api.deepl.com/v2/translate"
      ],
      "rdf:language": [
        "en"
      ],
      "rdf:predicate": [
        {
          "@id": "rdfs:comment"
        }
      ]
    },
    {
      "@id": "https://data.datatourisme.fr/746c9f7b-973a-3b4c-aa5a-4e245a410350",
      "dc:contributor": [
        "https://api.deepl.com/v2/translate"
      ],
      "rdf:language": [
        "es"
      ],
      "rdf:predicate": [
        {
          "@id": "rdfs:comment"
        }
      ]
    },
    {
      "@id": "https://data.datatourisme.fr/8d9dcce9-c029-356a-aebd-2f6354bd4a4a",
      "dc:contributor": [
        "https://api.deepl.com/v2/translate"
      ],
      "rdf:language": [
        "it"
      ],
      "rdf:predicate": [
        {
          "@id": "rdfs:comment"
        }
      ]
    },
    {
      "@id": "https://data.datatourisme.fr/bf042d49-09e5-386e-8c10-0de340b5ed68",
      "dc:contributor": [
        "https://api.deepl.com/v2/translate"
      ],
      "rdf:language": [
        "nl"
      ],
      "rdf:predicate": [
        {
          "@id": "rdfs:comment"
        }
      ]
    },
    {
      "@id": "https://data.datatourisme.fr/dd2eaf7d-4069-32e0-9f97-963a4da0da27",
      "dc:contributor": [
        "https://api.deepl.com/v2/translate"
      ],
      "rdf:language": [
        "de"
      ],
      "rdf:predicate": [
        {
          "@id": "rdfs:comment"
        }
      ]
    }
  ],
  "isLocatedAt": [
    {
      "@id": "https://data.datatourisme.fr/96b70c14-4e63-31cb-b1aa-53462d6f2ca3",
      "schema:address": [
        {
          "@id": "https://data.datatourisme.fr/ce6ddd93-4472-3293-8564-595460e4d0de",
          "schema:addressLocality": "Ris-Orangis",
          "schema:postalCode": "91130",
          "schema:streetAddress": [
            "69 rue Albert Rémy"
          ],
          "@type": [
            "schema:PostalAddress",
            "PostalAddress"
          ],
          "hasAddressCity": {
            "@id": "kb:91521",
            "@type": [
              "City"
            ],
            "rdfs:label": {
              "de": [
                "Ris-Orangis"
              ],
              "pt": [
                "Ris-Orangis"
              ],
              "en": [
                "Ris-Orangis"
              ],
              "it": [
                "Ris-Orangis"
              ],
              "fr": [
                "Ris-Orangis"
              ],
              "nl": [
                "Ris-Orangis"
              ],
              "es": [
                "Ris-Orangis"
              ]
            },
            "insee": "91521",
            "isPartOfDepartment": {
              "@id": "kb:France1191",
              "@type": [
                "Department"
              ],
              "rdfs:label": {
                "de": [
                  "Essonne"
                ],
                "pt": [
                  "Essonne"
                ],
                "en": [
                  "Essonne"
                ],
                "it": [
                  "Essonne"
                ],
                "fr": [
                  "Essonne"
                ],
                "nl": [
                  "Essonne"
                ],
                "es": [
                  "Essonne"
                ]
              },
              "insee": "91",
              "isPartOfRegion": {
                "@id": "kb:France11",
                "@type": [
                  "Region"
                ],
                "rdfs:label": {
                  "de": [
                    "Île-de-France"
                  ],
                  "pt": [
                    "Île-de-France"
                  ],
                  "en": [
                    "Île-de-France"
                  ],
                  "it": [
                    "Île-de-France"
                  ],
                  "fr": [
                    "Île-de-France"
                  ],
                  "nl": [
                    "Île-de-France"
                  ],
                  "es": [
                    "Île-de-France"
                  ]
                },
                "insee": "11",
                "isPartOfCountry": {
                  "@id": "kb:France",
                  "@type": [
                    "schema:Country"
                  ],
                  "rdfs:label": {
                    "de": [
                      "France",
                      "Frankreich"
                    ],
                    "pt": [
                      "França",
                      "France"
                    ],
                    "en": [
                      "France"
                    ],
                    "it": [
                      "France",
                      "Francia"
                    ],
                    "fr": [
                      "France"
                    ],
                    "nl": [
                      "France",
                      "Frankrijk"
                    ],
                    "es": [
                      "France",
                      "Francia"
                    ]
                  }
                }
              }
            }
          }
        }
      ],
      "schema:geo": {
        "@id": "https://data.datatourisme.fr/0106a711-c7cf-3bdb-989a-1534471ba9e3",
        "schema:latitude": "48.656851",
        "schema:longitude": "2.407427",
        "@type": [
          "schema:GeoCoordinates"
        ]
      },
      "schema:openingHoursSpecification": [
        {
          "@id": "https://data.datatourisme.fr/41888f93-db77-3c78-991a-b07fe9b3bf78",
          "schema:validFrom": "2023-01-01T00:00:00",
          "schema:validThrough": "2023-12-31T23:59:59",
          "@type": [
            "schema:OpeningHoursSpecification"
          ],
          "additionalInformation": {
            "de": [
              "Montag bis Samstag: 12:00 bis 14:30 Uhr und 19:00 bis 22:30 Uhr\r\nSonntags: nach Voranmeldung"
            ],
            "en": [
              "Monday to Saturday: 12h to 14h30 and 19h to 22h30\r\nSundays: by reservation"
            ],
            "it": [
              "Dal lunedì al sabato: dalle 12:00 alle 14:30 e dalle 19:00 alle 22:30\r\nDomenica: su prenotazione"
            ],
            "fr": [
              "Du lundi au samedi : 12h à 14h30 et 19h à 22h30\r\nLe dimanche : sur réservation"
            ],
            "nl": [
              "Maandag tot zaterdag: 12:00 tot 14:30 uur en 19:00 tot 22:30 uur\r\nZondag: op reservering"
            ],
            "es": [
              "De lunes a sábado: de 12:00 a 14:30 y de 19:00 a 22:30\r\nDomingos: bajo reserva"
            ]
          },
          "hasTranslatedProperty": [
            {
              "@id": "https://data.datatourisme.fr/1efdbf8e-26ce-3c63-af4f-4dfb5db043ba",
              "dc:contributor": [
                "https://api.deepl.com/v2/translate"
              ],
              "rdf:language": [
                "nl"
              ],
              "rdf:predicate": [
                "additionalInformation"
              ]
            },
            {
              "@id": "https://data.datatourisme.fr/25a38af9-6c15-37e7-9ec3-1c2809dcb05f",
              "dc:contributor": [
                "https://api.deepl.com/v2/translate"
              ],
              "rdf:language": [
                "it"
              ],
              "rdf:predicate": [
                "additionalInformation"
              ]
            },
            {
              "@id": "https://data.datatourisme.fr/50405a41-20c3-3ce5-b06d-ba902ac050fc",
              "dc:contributor": [
                "https://api.deepl.com/v2/translate"
              ],
              "rdf:language": [
                "es"
              ],
              "rdf:predicate": [
                "additionalInformation"
              ]
            },
            {
              "@id": "https://data.datatourisme.fr/95de301c-3471-3c17-a8f2-19b0c52bfe87",
              "dc:contributor": [
                "https://api.deepl.com/v2/translate"
              ],
              "rdf:language": [
                "de"
              ],
              "rdf:predicate": [
                "additionalInformation"
              ]
            },
            {
              "@id": "https://data.datatourisme.fr/9d5bad5b-a934-3091-89cc-7ae12660b6e0",
              "dc:contributor": [
                "https://api.deepl.com/v2/translate"
              ],
              "rdf:language": [
                "en"
              ],
              "rdf:predicate": [
                "additionalInformation"
              ]
            }
          ]
        }
      ],
      "@type": [
        "schema:Place",
        "Place"
      ]
    }
  ],
  "isOwnedBy": [
    {
      "@id": "https://data.datatourisme.fr/637365d0-1279-3996-b918-645e6232b2bf",
      "schema:email": [
        "direction.tourismegpsses@orange.fr",
        "m.delvalle@tourismegps.com",
        "m.meneur@tourismegps.com",
        "m.pantin@tourismegps.com"
      ],
      "schema:legalName": "Office de Tourisme Grand Paris Sud Seine-Essonne-Sénart",
      "@type": [
        "schema:Organization",
        "foaf:Agent",
        "Agent"
      ],
      "foaf:homepage": [
        "https://tourisme-grandparissud.com/"
      ]
    }
  ],
  "lastUpdate": "2022-07-26",
  "lastUpdateDatatourisme": "2023-02-01T18:07:35.581Z"
}