{
  "@id": "https://data.datatourisme.fr/13/12920b77-c487-3ebf-a2b7-94ac98129dcc",
  "dc:identifier": "5053239",
  "@type": [
    "schema:FoodEstablishment",
    "FoodEstablishment",
    "PlaceOfInterest",
    "PointOfInterest"
  ],
  "rdfs:comment": {
    "de": [
      "Erleben Sie eine schmackhafte Küche in diesem portugiesischen Restaurant, das jeden Tag ein anderes Gericht anbietet."
    ],
    "en": [
      "Come and discover a tasty cuisine in this Portuguese restaurant which offers a different dish every day."
    ],
    "it": [
      "Venite a scoprire una cucina gustosa in questo ristorante portoghese che offre ogni giorno un piatto diverso."
    ],
    "fr": [
      "Venez découvrir une cuisine savoureuse au sein de ce restaurant portugais qui propose un plat différent chaque jour."
    ],
    "es": [
      "Venga a descubrir una sabrosa cocina en este restaurante portugués que ofrece un plato diferente cada día."
    ],
    "nl": [
      "Kom en ontdek een smakelijke keuken in dit Portugese restaurant dat elke dag een ander gerecht aanbiedt."
    ]
  },
  "rdfs:label": {
    "fr": [
      "Manuel de Cuisine"
    ]
  },
  "hasBeenCreatedBy": {
    "@id": "https://data.datatourisme.fr/13/1baff70e-2669-3837-a347-efd3a874a341",
    "dc:identifier": "1489",
    "schema:email": [
      "emilie.prai@saintgermainenlaye.fr",
      "emilie.rochat@seine-saintgermain.fr",
      "melissa.moreau@saintgermainenlaye.fr"
    ],
    "schema:legalName": "Office de Tourisme Intercommunal de Saint Germain Boucles de Seine",
    "@type": [
      "schema:Organization",
      "foaf:Agent",
      "Agent"
    ],
    "foaf:homepage": [
      "http://www.reservation.seine-saintgermain.fr/"
    ]
  },
  "hasBeenPublishedBy": [
    {
      "@id": "https://data.datatourisme.fr/8a9feb4b-2cbd-3d2c-b507-bd6c6776b23b",
      "schema:legalName": "Apidae Tourisme Scic SA - source : Apidae Tourisme",
      "@type": [
        "schema:Organization",
        "foaf:Agent",
        "Agent"
      ],
      "foaf:homepage": [
        "https://www.apidae-tourisme.com/"
      ]
    }
  ],
  "hasContact": [
    {
      "@id": "https://data.datatourisme.fr/a0f5a692-6dde-38a4-89a5-7993a7901fbc",
      "schema:email": [
        "manuel.cardoso1968@gmail.com"
      ],
      "schema:telephone": [
        "+33 1 39 68 62 64"
      ],
      "@type": [
        "foaf:Agent",
        "Agent"
      ]
    }
  ],
  "hasDescription": [
    {
      "@id": "https://data.datatourisme.fr/c51b233a-44f1-3103-8342-8ac914dd3d3c",
      "@type": [
        "Description"
      ],
      "hasTranslatedProperty": [
        {
          "@id": "https://data.datatourisme.fr/10a8a196-1d8d-35c4-9a52-00dbc43c771b",
          "dc:contributor": [
            "https://api.deepl.com/v2/translate"
          ],
          "rdf:language": [
            "en"
          ],
          "rdf:predicate": [
            "shortDescription"
          ]
        },
        {
          "@id": "https://data.datatourisme.fr/2bf95287-fa97-35af-95b9-2d7e66755ad4",
          "dc:contributor": [
            "https://api.deepl.com/v2/translate"
          ],
          "rdf:language": [
            "it"
          ],
          "rdf:predicate": [
            "shortDescription"
          ]
        },
        {
          "@id": "https://data.datatourisme.fr/64f7306f-377e-3373-a897-aa9d1f8a07a8",
          "dc:contributor": [
            "https://api.deepl.com/v2/translate"
          ],
          "rdf:language": [
            "nl"
          ],
          "rdf:predicate": [
            "shortDescription"
          ]
        },
        {
          "@id": "https://data.datatourisme.fr/a20cdf29-5c59-3d37-8c94-64119c6faceb",
          "dc:contributor": [
            "https://api.deepl.com/v2/translate"
          ],
          "rdf:language": [
            "es"
          ],
          "rdf:predicate": [
            "shortDescription"
          ]
        },
        {
          "@id": "https://data.datatourisme.fr/fd3af90d-acbd-30dc-8267-5e4ea3a6f58f",
          "dc:contributor": [
            "https://api.deepl.com/v2/translate"
          ],
          "rdf:language": [
            "de"
          ],
          "rdf:predicate": [
            "shortDescription"
          ]
        }
      ],
      "shortDescription": {
        "de": [
          "Erleben Sie eine schmackhafte Küche in diesem portugiesischen Restaurant, das jeden Tag ein anderes Gericht anbietet."
        ],
        "en": [
          "Come and discover a tasty cuisine in this Portuguese restaurant which offers a different dish every day."
        ],
        "it": [
          "Venite a scoprire una cucina gustosa in questo ristorante portoghese che offre ogni giorno un piatto diverso."
        ],
        "fr": [
          "Venez découvrir une cuisine savoureuse au sein de ce restaurant portugais qui propose un plat différent chaque jour."
        ],
        "es": [
          "Venga a descubrir una sabrosa cocina en este restaurante portugués que ofrece un plato diferente cada día."
        ],
        "nl": [
          "Kom en ontdek een smakelijke keuken in dit Portugese restaurant dat elke dag een ander gerecht aanbiedt."
        ]
      }
    }
  ],
  "hasTranslatedProperty": [
    {
      "@id": "https://data.datatourisme.fr/0fee3b69-e220-36e8-80f9-2bda416f792b",
      "dc:contributor": [
        "https://api.deepl.com/v2/translate"
      ],
      "rdf:language": [
        "de"
      ],
      "rdf:predicate": [
        {
          "@id": "rdfs:comment"
        }
      ]
    },
    {
      "@id": "https://data.datatourisme.fr/b11d6e96-dcb3-3268-aa75-59a545632ec0",
      "dc:contributor": [
        "https://api.deepl.com/v2/translate"
      ],
      "rdf:language": [
        "es"
      ],
      "rdf:predicate": [
        {
          "@id": "rdfs:comment"
        }
      ]
    },
    {
      "@id": "https://data.datatourisme.fr/b462d936-46e6-3201-aa5f-61b9f43f4ce2",
      "dc:contributor": [
        "https://api.deepl.com/v2/translate"
      ],
      "rdf:language": [
        "it"
      ],
      "rdf:predicate": [
        {
          "@id": "rdfs:comment"
        }
      ]
    },
    {
      "@id": "https://data.datatourisme.fr/f5e87b6c-0029-365a-86b4-d0049535b973",
      "dc:contributor": [
        "https://api.deepl.com/v2/translate"
      ],
      "rdf:language": [
        "nl"
      ],
      "rdf:predicate": [
        {
          "@id": "rdfs:comment"
        }
      ]
    },
    {
      "@id": "https://data.datatourisme.fr/f93115cc-5a61-36d8-bed5-9b155cd87486",
      "dc:contributor": [
        "https://api.deepl.com/v2/translate"
      ],
      "rdf:language": [
        "en"
      ],
      "rdf:predicate": [
        {
          "@id": "rdfs:comment"
        }
      ]
    }
  ],
  "isLocatedAt": [
    {
      "@id": "https://data.datatourisme.fr/7ca7085a-7761-36c5-b8c2-7e8f487d9d40",
      "schema:address": [
        {
          "@id": "https://data.datatourisme.fr/e14053d9-8394-393e-9ee6-4d60d22bb2ba",
          "schema:addressLocality": "Houilles",
          "schema:postalCode": "78800",
          "schema:streetAddress": [
            "73 bis Bd Henri Barbusse"
          ],
          "@type": [
            "schema:PostalAddress",
            "PostalAddress"
          ],
          "hasAddressCity": {
            "@id": "kb:78311",
            "@type": [
              "City"
            ],
            "rdfs:label": {
              "de": [
                "Houilles"
              ],
              "pt": [
                "Houilles"
              ],
              "en": [
                "Houilles"
              ],
              "it": [
                "Houilles"
              ],
              "fr": [
                "Houilles"
              ],
              "nl": [
                "Houilles"
              ],
              "es": [
                "Houilles"
              ]
            },
            "insee": "78311",
            "isPartOfDepartment": {
              "@id": "kb:France1178",
              "@type": [
                "Department"
              ],
              "rdfs:label": {
                "de": [
                  "Yvelines"
                ],
                "pt": [
                  "Yvelines"
                ],
                "en": [
                  "Yvelines"
                ],
                "it": [
                  "Yvelines"
                ],
                "fr": [
                  "Yvelines"
                ],
                "nl": [
                  "Yvelines"
                ],
                "es": [
                  "Yvelines"
                ]
              },
              "insee": "78",
              "isPartOfRegion": {
                "@id": "kb:France11",
                "@type": [
                  "Region"
                ],
                "rdfs:label": {
                  "de": [
                    "Île-de-France"
                  ],
                  "pt": [
                    "Île-de-France"
                  ],
                  "en": [
                    "Île-de-France"
                  ],
                  "it": [
                    "Île-de-France"
                  ],
                  "fr": [
                    "Île-de-France"
                  ],
                  "nl": [
                    "Île-de-France"
                  ],
                  "es": [
                    "Île-de-France"
                  ]
                },
                "insee": "11",
                "isPartOfCountry": {
                  "@id": "kb:France",
                  "@type": [
                    "schema:Country"
                  ],
                  "rdfs:label": {
                    "de": [
                      "France",
                      "Frankreich"
                    ],
                    "pt": [
                      "França",
                      "France"
                    ],
                    "en": [
                      "France"
                    ],
                    "it": [
                      "France",
                      "Francia"
                    ],
                    "fr": [
                      "France"
                    ],
                    "nl": [
                      "France",
                      "Frankrijk"
                    ],
                    "es": [
                      "France",
                      "Francia"
                    ]
                  }
                }
              }
            }
          }
        }
      ],
      "schema:geo": {
        "@id": "https://data.datatourisme.fr/07430ab8-bdd5-3b2a-9392-f67e600f6c27",
        "schema:elevation": "44",
        "schema:latitude": "48.929425",
        "schema:longitude": "2.187169",
        "@type": [
          "schema:GeoCoordinates"
        ]
      },
      "schema:openingHoursSpecification": [
        {
          "@id": "https://data.datatourisme.fr/39494f4c-f16f-3481-b70d-ddbcb6bc8ed0",
          "schema:validFrom": "2023-01-01T00:00:00",
          "schema:validThrough": "2023-12-31T23:59:59",
          "@type": [
            "schema:OpeningHoursSpecification"
          ],
          "additionalInformation": {
            "de": [
              "Montag bis Freitag: von 12:00 bis 16:00 Uhr\r\nSamstags: von 12:00 bis 16:00 Uhr und von 19:00 bis 23:00 Uhr."
            ],
            "en": [
              "Monday to Friday: from 12h to 16h\r\nSaturdays: from 12h to 16h then from 19h to 23h."
            ],
            "it": [
              "Dal lunedì al venerdì: dalle 12.00 alle 16.00\r\nSabato: dalle 12.00 alle 16.00 e dalle 19.00 alle 23.00."
            ],
            "fr": [
              "Du Lundi au Vendredi : de 12h à 16h\r\nLe Samedi : de 12h à 16h puis de 19h à 23h."
            ],
            "nl": [
              "Maandag tot vrijdag: van 12u tot 16u\r\nZaterdag: van 12 tot 16 uur en van 19 tot 23 uur."
            ],
            "es": [
              "De lunes a viernes: de 12 a 16 horas\r\nSábado: de 12 a 16 horas y de 19 a 23 horas."
            ]
          },
          "hasTranslatedProperty": [
            {
              "@id": "https://data.datatourisme.fr/022a6ceb-0e9e-3b5b-a478-5c48481fe3d9",
              "dc:contributor": [
                "https://api.deepl.com/v2/translate"
              ],
              "rdf:language": [
                "de"
              ],
              "rdf:predicate": [
                "additionalInformation"
              ]
            },
            {
              "@id": "https://data.datatourisme.fr/10b6b383-6f21-3ad0-a9a2-406f03245809",
              "dc:contributor": [
                "https://api.deepl.com/v2/translate"
              ],
              "rdf:language": [
                "en"
              ],
              "rdf:predicate": [
                "additionalInformation"
              ]
            },
            {
              "@id": "https://data.datatourisme.fr/970e3b1d-a24a-32c6-9c8f-5d802e23e309",
              "dc:contributor": [
                "https://api.deepl.com/v2/translate"
              ],
              "rdf:language": [
                "it"
              ],
              "rdf:predicate": [
                "additionalInformation"
              ]
            },
            {
              "@id": "https://data.datatourisme.fr/af5dc6fa-a546-3e49-935d-d9d66b2e81ed",
              "dc:contributor": [
                "https://api.deepl.com/v2/translate"
              ],
              "rdf:language": [
                "nl"
              ],
              "rdf:predicate": [
                "additionalInformation"
              ]
            },
            {
              "@id": "https://data.datatourisme.fr/f0611d24-8f62-31b3-8de9-baaf3a04e6ea",
              "dc:contributor": [
                "https://api.deepl.com/v2/translate"
              ],
              "rdf:language": [
                "es"
              ],
              "rdf:predicate": [
                "additionalInformation"
              ]
            }
          ]
        }
      ],
      "@type": [
        "schema:Place",
        "Place"
      ]
    }
  ],
  "isOwnedBy": [
    {
      "@id": "https://data.datatourisme.fr/73484530-94e0-3b9c-86da-e2ddfa7df7ed",
      "schema:email": [
        "emilie.prai@saintgermainenlaye.fr",
        "emilie.rochat@seine-saintgermain.fr",
        "melissa.moreau@saintgermainenlaye.fr"
      ],
      "schema:legalName": "Office de Tourisme Intercommunal de Saint Germain Boucles de Seine",
      "@type": [
        "schema:Organization",
        "foaf:Agent",
        "Agent"
      ],
      "foaf:homepage": [
        "http://www.reservation.seine-saintgermain.fr/"
      ]
    }
  ],
  "lastUpdate": "2020-09-30",
  "lastUpdateDatatourisme": "2023-02-01T18:07:35.935Z"
}