{
  "@id": "https://data.datatourisme.fr/13/12a8eebc-0a24-326c-b80f-fac6d2681435",
  "dc:identifier": "5385007",
  "@type": [
    "schema:Library",
    "CulturalSite",
    "Library",
    "PlaceOfInterest",
    "PointOfInterest",
    "SportsAndLeisurePlace"
  ],
  "rdfs:comment": {
    "de": [
      "Die Bibliothek verfügt über  einen Bereich für Erwachsene sowie einem welcher der Jugend gewidmet ist. Beide sind mit bequemen Sitzgelegenheiten und Arbeitsräumen ausgestattet. Sie finden dort Bücher, Zeitschriften, Hörbücher und Comics und können an Konferenzen teilnehmen, Autoren treffen, im Internet surfen, usw."
    ],
    "en": [
      "The library has an adult and a youth section, each with armchairs and workspaces. You can find there: books, magazines, audio books, comics, attend conferences, meet authors, have access to internet, etc."
    ],
    "it": [
      "La biblioteca dispone di un'area per adulti e di un'area per ragazzi, ciascuna con sedie e aree di lavoro. Si possono trovare libri, riviste, audiolibri, fumetti, partecipare a conferenze, incontrare autori, navigare in internet, ecc..."
    ],
    "fr": [
      "La bibliothèque possède un espace adulte et un jeunesse, chacun avec des fauteuils et des espaces de travail. Vous pourrez y trouver : livres, revues, livres audio, BD, assister à des conférences, rencontrer des auteurs, surfer sur internet, etc ..."
    ],
    "es": [
      "La biblioteca cuenta con una zona para adultos y otra para jóvenes, cada una con asientos y zonas de trabajo. Puedes encontrar libros, revistas, audiolibros, cómics, asistir a conferencias, conocer autores, navegar por Internet, etc."
    ],
    "nl": [
      "De bibliotheek heeft een ruimte voor volwassenen en een ruimte voor jongeren, elk met stoelen en werkplekken. Je kunt er boeken, tijdschriften, audioboeken, strips vinden, conferenties bijwonen, auteurs ontmoeten, op internet surfen, enz."
    ]
  },
  "rdfs:label": {
    "de": [
      "Die Stadtbibliothek"
    ],
    "en": [
      "Public library"
    ],
    "fr": [
      "Bibliothèque municipale"
    ]
  },
  "hasBeenCreatedBy": {
    "@id": "https://data.datatourisme.fr/13/d72fbbcc-d9fe-34c3-a14f-85d225a046f4",
    "dc:identifier": "1592",
    "schema:email": [
      "commercial@tourisme-maisonslaffitte.fr",
      "communication@tourisme-maisonslaffitte.fr",
      "contact@tourisme-maisonslaffitte.fr",
      "groupes@tourisme-maisonslaffitte.fr"
    ],
    "schema:legalName": "Office de Tourisme de Maisons-Laffitte",
    "@type": [
      "schema:Organization",
      "foaf:Agent",
      "Agent"
    ],
    "foaf:homepage": [
      "http://www.tourisme-maisonslaffitte.fr/"
    ]
  },
  "hasBeenPublishedBy": [
    {
      "@id": "https://data.datatourisme.fr/8a9feb4b-2cbd-3d2c-b507-bd6c6776b23b",
      "schema:legalName": "Apidae Tourisme Scic SA - source : Apidae Tourisme",
      "@type": [
        "schema:Organization",
        "foaf:Agent",
        "Agent"
      ],
      "foaf:homepage": [
        "https://www.apidae-tourisme.com/"
      ]
    }
  ],
  "hasContact": [
    {
      "@id": "https://data.datatourisme.fr/6fde6d65-9a86-376d-9d45-78dc42b9e3f9",
      "schema:email": [
        "bibliotheque@maisonslaffitte.fr"
      ],
      "schema:telephone": [
        "+33 1 34 93 12 91"
      ],
      "@type": [
        "foaf:Agent",
        "Agent"
      ],
      "foaf:homepage": [
        "https://bibliotheque.maisonslaffitte.fr/"
      ]
    }
  ],
  "hasDescription": [
    {
      "@id": "https://data.datatourisme.fr/fb14e4d3-ae96-3feb-9244-2043953b588f",
      "@type": [
        "Description"
      ],
      "hasTranslatedProperty": [
        {
          "@id": "https://data.datatourisme.fr/133efed3-1907-39de-8e52-bfb3dd02fd10",
          "dc:contributor": [
            "https://api.deepl.com/v2/translate"
          ],
          "rdf:language": [
            "it"
          ],
          "rdf:predicate": [
            "shortDescription"
          ]
        },
        {
          "@id": "https://data.datatourisme.fr/21168079-bb89-3e58-bc8c-6d786dfb7ee0",
          "dc:contributor": [
            "https://api.deepl.com/v2/translate"
          ],
          "rdf:language": [
            "nl"
          ],
          "rdf:predicate": [
            "shortDescription"
          ]
        },
        {
          "@id": "https://data.datatourisme.fr/c125a108-1289-3d66-8636-b1c82a852042",
          "dc:contributor": [
            "https://api.deepl.com/v2/translate"
          ],
          "rdf:language": [
            "es"
          ],
          "rdf:predicate": [
            "shortDescription"
          ]
        }
      ],
      "shortDescription": {
        "de": [
          "Die Bibliothek verfügt über  einen Bereich für Erwachsene sowie einem welcher der Jugend gewidmet ist. Beide sind mit bequemen Sitzgelegenheiten und Arbeitsräumen ausgestattet. Sie finden dort Bücher, Zeitschriften, Hörbücher und Comics und können an Konferenzen teilnehmen, Autoren treffen, im Internet surfen, usw."
        ],
        "en": [
          "The library has an adult and a youth section, each with armchairs and workspaces. You can find there: books, magazines, audio books, comics, attend conferences, meet authors, have access to internet, etc."
        ],
        "it": [
          "La biblioteca dispone di un'area per adulti e di un'area per ragazzi, ciascuna con sedie e aree di lavoro. Si possono trovare libri, riviste, audiolibri, fumetti, partecipare a conferenze, incontrare autori, navigare in internet, ecc..."
        ],
        "fr": [
          "La bibliothèque possède un espace adulte et un jeunesse, chacun avec des fauteuils et des espaces de travail. Vous pourrez y trouver : livres, revues, livres audio, BD, assister à des conférences, rencontrer des auteurs, surfer sur internet, etc ..."
        ],
        "es": [
          "La biblioteca cuenta con una zona para adultos y otra para jóvenes, cada una con asientos y zonas de trabajo. Puedes encontrar libros, revistas, audiolibros, cómics, asistir a conferencias, conocer autores, navegar por Internet, etc."
        ],
        "nl": [
          "De bibliotheek heeft een ruimte voor volwassenen en een ruimte voor jongeren, elk met stoelen en werkplekken. Je kunt er boeken, tijdschriften, audioboeken, strips vinden, conferenties bijwonen, auteurs ontmoeten, op internet surfen, enz."
        ]
      }
    }
  ],
  "hasTranslatedProperty": [
    {
      "@id": "https://data.datatourisme.fr/63af0515-d2e4-318a-8222-885ebd3854ab",
      "dc:contributor": [
        "https://api.deepl.com/v2/translate"
      ],
      "rdf:language": [
        "es"
      ],
      "rdf:predicate": [
        {
          "@id": "rdfs:comment"
        }
      ]
    },
    {
      "@id": "https://data.datatourisme.fr/a4e87cc3-7027-33c5-b074-1a8777d9cbe8",
      "dc:contributor": [
        "https://api.deepl.com/v2/translate"
      ],
      "rdf:language": [
        "it"
      ],
      "rdf:predicate": [
        {
          "@id": "rdfs:comment"
        }
      ]
    },
    {
      "@id": "https://data.datatourisme.fr/de13babb-834b-392f-9f22-5d6f16e23aad",
      "dc:contributor": [
        "https://api.deepl.com/v2/translate"
      ],
      "rdf:language": [
        "nl"
      ],
      "rdf:predicate": [
        {
          "@id": "rdfs:comment"
        }
      ]
    }
  ],
  "isLocatedAt": [
    {
      "@id": "https://data.datatourisme.fr/3c35ab86-cfc4-37af-8f45-8475bb8f3e17",
      "schema:address": [
        {
          "@id": "https://data.datatourisme.fr/2722a5ba-1857-31da-8ada-11b0b989e475",
          "schema:addressLocality": "Maisons-Laffitte",
          "schema:postalCode": "78600",
          "schema:streetAddress": [
            "39 avenue Longueil"
          ],
          "@type": [
            "schema:PostalAddress",
            "PostalAddress"
          ],
          "hasAddressCity": {
            "@id": "kb:78358",
            "@type": [
              "City"
            ],
            "rdfs:label": {
              "de": [
                "Maisons-Laffitte"
              ],
              "pt": [
                "Maisons-Laffitte"
              ],
              "en": [
                "Maisons-Laffitte"
              ],
              "it": [
                "Maisons-Laffitte"
              ],
              "fr": [
                "Maisons-Laffitte"
              ],
              "nl": [
                "Maisons-Laffitte"
              ],
              "es": [
                "Maisons-Laffitte"
              ]
            },
            "insee": "78358",
            "isPartOfDepartment": {
              "@id": "kb:France1178",
              "@type": [
                "Department"
              ],
              "rdfs:label": {
                "de": [
                  "Yvelines"
                ],
                "pt": [
                  "Yvelines"
                ],
                "en": [
                  "Yvelines"
                ],
                "it": [
                  "Yvelines"
                ],
                "fr": [
                  "Yvelines"
                ],
                "nl": [
                  "Yvelines"
                ],
                "es": [
                  "Yvelines"
                ]
              },
              "insee": "78",
              "isPartOfRegion": {
                "@id": "kb:France11",
                "@type": [
                  "Region"
                ],
                "rdfs:label": {
                  "de": [
                    "Île-de-France"
                  ],
                  "pt": [
                    "Île-de-France"
                  ],
                  "en": [
                    "Île-de-France"
                  ],
                  "it": [
                    "Île-de-France"
                  ],
                  "fr": [
                    "Île-de-France"
                  ],
                  "nl": [
                    "Île-de-France"
                  ],
                  "es": [
                    "Île-de-France"
                  ]
                },
                "insee": "11",
                "isPartOfCountry": {
                  "@id": "kb:France",
                  "@type": [
                    "schema:Country"
                  ],
                  "rdfs:label": {
                    "de": [
                      "France",
                      "Frankreich"
                    ],
                    "pt": [
                      "França",
                      "France"
                    ],
                    "en": [
                      "France"
                    ],
                    "it": [
                      "France",
                      "Francia"
                    ],
                    "fr": [
                      "France"
                    ],
                    "nl": [
                      "France",
                      "Frankrijk"
                    ],
                    "es": [
                      "France",
                      "Francia"
                    ]
                  }
                }
              }
            }
          }
        }
      ],
      "schema:geo": {
        "@id": "https://data.datatourisme.fr/2d9e6221-6c30-3b29-939c-965e0e7c38dd",
        "schema:latitude": "48.945674",
        "schema:longitude": "2.145397",
        "@type": [
          "schema:GeoCoordinates"
        ]
      },
      "schema:openingHoursSpecification": [
        {
          "@id": "https://data.datatourisme.fr/f87e535a-636d-3343-ad63-8a03392e7511",
          "schema:validFrom": "2023-01-01T00:00:00",
          "schema:validThrough": "2023-12-31T23:59:59",
          "@type": [
            "schema:OpeningHoursSpecification"
          ]
        }
      ],
      "@type": [
        "schema:Place",
        "Place"
      ]
    }
  ],
  "isOwnedBy": [
    {
      "@id": "https://data.datatourisme.fr/78d7093d-a9e3-379e-ac44-b41b246b1202",
      "schema:email": [
        "commercial@tourisme-maisonslaffitte.fr",
        "communication@tourisme-maisonslaffitte.fr",
        "contact@tourisme-maisonslaffitte.fr",
        "groupes@tourisme-maisonslaffitte.fr"
      ],
      "schema:legalName": "Office de Tourisme de Maisons-Laffitte",
      "@type": [
        "schema:Organization",
        "foaf:Agent",
        "Agent"
      ],
      "foaf:homepage": [
        "http://www.tourisme-maisonslaffitte.fr/"
      ]
    }
  ],
  "lastUpdate": "2020-06-03",
  "lastUpdateDatatourisme": "2023-05-30T05:49:20.252Z",
  "offers": [
    {
      "@id": "https://data.datatourisme.fr/04ceff90-926b-3b3b-9b69-78e5c8e16a71",
      "schema:priceSpecification": [
        {
          "@id": "https://data.datatourisme.fr/a907afe7-5ee3-3cf3-95d5-a1a762c41168",
          "schema:maxPrice": [
            "12.7",
            "2.25",
            "26.75",
            "4.1"
          ],
          "schema:minPrice": [
            "2.25",
            "21.15",
            "4.1",
            "9.85"
          ],
          "schema:priceCurrency": "EUR",
          "@type": [
            "schema:PriceSpecification",
            "PriceSpecification"
          ],
          "appliesOnPeriod": [
            {
              "@id": "https://data.datatourisme.fr/5714d2b4-e37d-3b81-a7fb-3e46a0efbefb",
              "@type": [
                "Period"
              ],
              "endDate": "2020-12-31",
              "startDate": "2020-01-01"
            }
          ]
        }
      ],
      "@type": [
        "schema:Offer",
        "Offer"
      ]
    }
  ]
}