{
  "@id": "https://data.datatourisme.fr/13/1245db5f-0c0e-3824-b07a-4e6cf3c479db",
  "dc:identifier": "5794011",
  "@type": [
    "schema:Park",
    "CulturalSite",
    "ParkAndGarden",
    "PlaceOfInterest",
    "PointOfInterest"
  ],
  "rdfs:comment": {
    "de": [
      "Kommen Sie und amüsieren Sie sich auf dem Platz Prêtresse!"
    ],
    "en": [
      "Come and have fun in Priestess Square!"
    ],
    "it": [
      "Venite a divertirvi nella Piazza della Sacerdotessa!"
    ],
    "fr": [
      "Venez vous amuser dans le square Prêtresse !"
    ],
    "es": [
      "¡Ven a divertirte en la Plaza de la Sacerdotisa!"
    ],
    "nl": [
      "Kom plezier maken op het Priesteresplein!"
    ]
  },
  "rdfs:label": {
    "fr": [
      "Square Prêtresse"
    ]
  },
  "hasBeenCreatedBy": {
    "@id": "https://data.datatourisme.fr/13/298923c8-1900-35e9-9288-b430794814c4",
    "dc:identifier": "1015",
    "schema:email": [
      "jt.charbonnier@plainecommunetourisme.com",
      "s.vallier@plainecommunetourisme.com",
      "webmarketer@plainecommunetourisme.com"
    ],
    "schema:legalName": "Office de Tourisme Plaine commune grand Paris",
    "@type": [
      "schema:Organization",
      "foaf:Agent",
      "Agent"
    ],
    "foaf:homepage": [
      "https://www.tourisme-plainecommune-paris.com/"
    ]
  },
  "hasBeenPublishedBy": [
    {
      "@id": "https://data.datatourisme.fr/8a9feb4b-2cbd-3d2c-b507-bd6c6776b23b",
      "schema:legalName": "Apidae Tourisme Scic SA - source : Apidae Tourisme",
      "@type": [
        "schema:Organization",
        "foaf:Agent",
        "Agent"
      ],
      "foaf:homepage": [
        "https://www.apidae-tourisme.com/"
      ]
    }
  ],
  "hasContact": [
    {
      "@id": "https://data.datatourisme.fr/60038a9a-264b-3e87-a5ba-2c923d48c68d",
      "schema:telephone": [
        "+33 1 49 71 82 27"
      ],
      "@type": [
        "foaf:Agent",
        "Agent"
      ],
      "foaf:homepage": [
        "http://www.stains.fr/divertir/espaces-verts/se-promener/"
      ]
    }
  ],
  "hasDescription": [
    {
      "@id": "https://data.datatourisme.fr/90fd5a77-65b2-3d2d-8703-1574b1e4ce2d",
      "@type": [
        "Description"
      ],
      "hasTranslatedProperty": [
        {
          "@id": "https://data.datatourisme.fr/1a48588b-8626-3f6a-a2ea-926ed7473a1b",
          "dc:contributor": [
            "https://api.deepl.com/v2/translate"
          ],
          "rdf:language": [
            "en"
          ],
          "rdf:predicate": [
            "shortDescription"
          ]
        },
        {
          "@id": "https://data.datatourisme.fr/2b2b9d3e-7d4a-3233-a826-addeaec7677f",
          "dc:contributor": [
            "https://api.deepl.com/v2/translate"
          ],
          "rdf:language": [
            "nl"
          ],
          "rdf:predicate": [
            "shortDescription"
          ]
        },
        {
          "@id": "https://data.datatourisme.fr/a3154f51-8298-3281-af02-645aba6485b4",
          "dc:contributor": [
            "https://api.deepl.com/v2/translate"
          ],
          "rdf:language": [
            "de"
          ],
          "rdf:predicate": [
            "shortDescription"
          ]
        },
        {
          "@id": "https://data.datatourisme.fr/a4573b83-acb5-330c-8b3f-09617bd22094",
          "dc:contributor": [
            "https://api.deepl.com/v2/translate"
          ],
          "rdf:language": [
            "it"
          ],
          "rdf:predicate": [
            "shortDescription"
          ]
        },
        {
          "@id": "https://data.datatourisme.fr/ecf42c0d-3610-3629-b1cf-612c9bc3c743",
          "dc:contributor": [
            "https://api.deepl.com/v2/translate"
          ],
          "rdf:language": [
            "es"
          ],
          "rdf:predicate": [
            "shortDescription"
          ]
        }
      ],
      "shortDescription": {
        "de": [
          "Kommen Sie und amüsieren Sie sich auf dem Platz Prêtresse!"
        ],
        "en": [
          "Come and have fun in Priestess Square!"
        ],
        "it": [
          "Venite a divertirvi nella Piazza della Sacerdotessa!"
        ],
        "fr": [
          "Venez vous amuser dans le square Prêtresse !"
        ],
        "es": [
          "¡Ven a divertirte en la Plaza de la Sacerdotisa!"
        ],
        "nl": [
          "Kom plezier maken op het Priesteresplein!"
        ]
      }
    }
  ],
  "hasTheme": [
    {
      "@id": "kb:Culture",
      "@type": [
        "CulturalTheme"
      ],
      "rdfs:label": {
        "de": [
          "Kultur"
        ],
        "pt": [
          "Cultura"
        ],
        "en": [
          "Culture"
        ],
        "it": [
          "Cultura"
        ],
        "fr": [
          "Culture"
        ],
        "nl": [
          "Cultuur"
        ],
        "es": [
          "Cultura"
        ]
      }
    }
  ],
  "hasTranslatedProperty": [
    {
      "@id": "https://data.datatourisme.fr/3c5c7ee6-56f4-397c-ba49-1ebb0c811c8f",
      "dc:contributor": [
        "https://api.deepl.com/v2/translate"
      ],
      "rdf:language": [
        "de"
      ],
      "rdf:predicate": [
        {
          "@id": "rdfs:comment"
        }
      ]
    },
    {
      "@id": "https://data.datatourisme.fr/5a7e8eed-5cc1-37be-b6b6-f7800e7074d0",
      "dc:contributor": [
        "https://api.deepl.com/v2/translate"
      ],
      "rdf:language": [
        "en"
      ],
      "rdf:predicate": [
        {
          "@id": "rdfs:comment"
        }
      ]
    },
    {
      "@id": "https://data.datatourisme.fr/61d200c0-3eb8-3bbd-9c1f-ffaa72fcd918",
      "dc:contributor": [
        "https://api.deepl.com/v2/translate"
      ],
      "rdf:language": [
        "it"
      ],
      "rdf:predicate": [
        {
          "@id": "rdfs:comment"
        }
      ]
    },
    {
      "@id": "https://data.datatourisme.fr/b9fd0781-721a-31ca-9695-a1fed0ad4069",
      "dc:contributor": [
        "https://api.deepl.com/v2/translate"
      ],
      "rdf:language": [
        "es"
      ],
      "rdf:predicate": [
        {
          "@id": "rdfs:comment"
        }
      ]
    },
    {
      "@id": "https://data.datatourisme.fr/fdcdfe6f-48a6-33b5-8994-b8d3769b0d43",
      "dc:contributor": [
        "https://api.deepl.com/v2/translate"
      ],
      "rdf:language": [
        "nl"
      ],
      "rdf:predicate": [
        {
          "@id": "rdfs:comment"
        }
      ]
    }
  ],
  "isLocatedAt": [
    {
      "@id": "https://data.datatourisme.fr/9e622203-e562-3fd0-aac3-948279ec029b",
      "schema:address": [
        {
          "@id": "https://data.datatourisme.fr/66ee5e89-304a-3b37-a042-238fd39c7704",
          "schema:addressLocality": "Stains",
          "schema:postalCode": "93240",
          "schema:streetAddress": [
            "Avenue Louis Bordes"
          ],
          "@type": [
            "schema:PostalAddress",
            "PostalAddress"
          ],
          "hasAddressCity": {
            "@id": "kb:93072",
            "@type": [
              "City"
            ],
            "rdfs:label": {
              "de": [
                "Stains"
              ],
              "pt": [
                "Stains"
              ],
              "en": [
                "Stains"
              ],
              "it": [
                "Stains"
              ],
              "fr": [
                "Stains"
              ],
              "nl": [
                "Stains"
              ],
              "es": [
                "Stains"
              ]
            },
            "insee": "93072",
            "isPartOfDepartment": {
              "@id": "kb:France1193",
              "@type": [
                "Department"
              ],
              "rdfs:label": {
                "de": [
                  "Seine-Saint-Denis"
                ],
                "pt": [
                  "Seine-Saint-Denis"
                ],
                "en": [
                  "Seine-Saint-Denis"
                ],
                "it": [
                  "Seine-Saint-Denis"
                ],
                "fr": [
                  "Seine-Saint-Denis"
                ],
                "nl": [
                  "Seine-Saint-Denis"
                ],
                "es": [
                  "Seine-Saint-Denis"
                ]
              },
              "insee": "93",
              "isPartOfRegion": {
                "@id": "kb:France11",
                "@type": [
                  "Region"
                ],
                "rdfs:label": {
                  "de": [
                    "Île-de-France"
                  ],
                  "pt": [
                    "Île-de-France"
                  ],
                  "en": [
                    "Île-de-France"
                  ],
                  "it": [
                    "Île-de-France"
                  ],
                  "fr": [
                    "Île-de-France"
                  ],
                  "nl": [
                    "Île-de-France"
                  ],
                  "es": [
                    "Île-de-France"
                  ]
                },
                "insee": "11",
                "isPartOfCountry": {
                  "@id": "kb:France",
                  "@type": [
                    "schema:Country"
                  ],
                  "rdfs:label": {
                    "de": [
                      "France",
                      "Frankreich"
                    ],
                    "pt": [
                      "França",
                      "France"
                    ],
                    "en": [
                      "France"
                    ],
                    "it": [
                      "France",
                      "Francia"
                    ],
                    "fr": [
                      "France"
                    ],
                    "nl": [
                      "France",
                      "Frankrijk"
                    ],
                    "es": [
                      "France",
                      "Francia"
                    ]
                  }
                }
              }
            }
          }
        }
      ],
      "schema:geo": {
        "@id": "https://data.datatourisme.fr/d272b0a3-4d0a-3b21-b72a-e4677e618154",
        "schema:latitude": "48.954657",
        "schema:longitude": "2.386244",
        "@type": [
          "schema:GeoCoordinates"
        ]
      },
      "schema:openingHoursSpecification": [
        {
          "@id": "https://data.datatourisme.fr/549c7685-a870-3eb0-887d-471abc5382a4",
          "schema:validFrom": "2023-01-01T00:00:00",
          "schema:validThrough": "2023-12-31T23:59:59",
          "@type": [
            "schema:OpeningHoursSpecification"
          ],
          "additionalInformation": {
            "de": [
              "Januar-Februar: 6.30-19 Uhr.\r\nMärz-April- Mai: 6.30-20 Uhr\r\nJuni - Juli - August: 6.30-21 Uhr\r\nSeptember-Oktober-November-Dezember: 6.30-19 Uhr"
            ],
            "en": [
              "January-February: 6.30am-7pm.\r\nMarch-April-May: 6:30am-8pm\r\nJune-July-August: 6.30am-9pm\r\nSeptember-October-November-December: 6:30am-7pm"
            ],
            "it": [
              "Gennaio-febbraio: 6.30-19.00.\r\nMarzo-Aprile-Maggio: 6.30-20.00\r\nGiugno-luglio-agosto: 6.30-21.00\r\nSettembre-Ottobre-Novembre-Dicembre: 6.30-19.00"
            ],
            "fr": [
              "Janvier-février :  6h30-19h.\r\nMars-avril- mai : 6h30-20h\r\nJuin-juillet-août : 6h30-21h\r\nSeptembre-octobre-novembre-décembre : 6h30-19h"
            ],
            "nl": [
              "Januari-februari: 6u30-19u00.\r\nMaart-april-mei: 6u30-8u00\r\nJuni-juli en augustus: 6.30-9.00 uur\r\nSeptember-oktober-november-december: 6.30-19.00 uur"
            ],
            "es": [
              "Enero-febrero: de 6.30 a 19.00 horas.\r\nMarzo-abril-mayo: de 6.30 a 20.00 horas\r\nJunio-julio-agosto: de 6.30 a 21.00 horas\r\nSeptiembre-octubre-noviembre-diciembre: 6.30-7pm"
            ]
          },
          "hasTranslatedProperty": [
            {
              "@id": "https://data.datatourisme.fr/16e85545-dee4-36fc-adab-e558d654f6ed",
              "dc:contributor": [
                "https://api.deepl.com/v2/translate"
              ],
              "rdf:language": [
                "de"
              ],
              "rdf:predicate": [
                "additionalInformation"
              ]
            },
            {
              "@id": "https://data.datatourisme.fr/64c66776-1ac4-3786-86af-191ba8960728",
              "dc:contributor": [
                "https://api.deepl.com/v2/translate"
              ],
              "rdf:language": [
                "en"
              ],
              "rdf:predicate": [
                "additionalInformation"
              ]
            },
            {
              "@id": "https://data.datatourisme.fr/73d46ec8-46de-32fe-9f5b-4a9548d4a8be",
              "dc:contributor": [
                "https://api.deepl.com/v2/translate"
              ],
              "rdf:language": [
                "es"
              ],
              "rdf:predicate": [
                "additionalInformation"
              ]
            },
            {
              "@id": "https://data.datatourisme.fr/7c9ee8ab-814c-3e67-957a-ef712ded2a5a",
              "dc:contributor": [
                "https://api.deepl.com/v2/translate"
              ],
              "rdf:language": [
                "nl"
              ],
              "rdf:predicate": [
                "additionalInformation"
              ]
            },
            {
              "@id": "https://data.datatourisme.fr/b45bc856-8ef6-3d0e-8202-cb753ede5524",
              "dc:contributor": [
                "https://api.deepl.com/v2/translate"
              ],
              "rdf:language": [
                "it"
              ],
              "rdf:predicate": [
                "additionalInformation"
              ]
            }
          ]
        }
      ],
      "@type": [
        "schema:Place",
        "Place"
      ]
    }
  ],
  "isOwnedBy": [
    {
      "@id": "https://data.datatourisme.fr/0d295593-2e92-3cc3-8700-156dfc8eed88",
      "schema:email": [
        "jt.charbonnier@plainecommunetourisme.com",
        "s.vallier@plainecommunetourisme.com",
        "webmarketer@plainecommunetourisme.com"
      ],
      "schema:legalName": "Office de Tourisme Plaine commune grand Paris",
      "@type": [
        "schema:Organization",
        "foaf:Agent",
        "Agent"
      ],
      "foaf:homepage": [
        "https://www.tourisme-plainecommune-paris.com/"
      ]
    }
  ],
  "lastUpdate": "2021-05-03",
  "lastUpdateDatatourisme": "2023-02-22T06:42:37.781Z"
}