{
  "@id": "https://data.datatourisme.fr/13/12d8835f-599e-3d7c-ab89-53f3df7a6d0d",
  "dc:identifier": "725068",
  "@type": [
    "schema:Accommodation",
    "schema:FoodEstablishment",
    "schema:Hotel",
    "schema:LodgingBusiness",
    "schema:Restaurant",
    "Accommodation",
    "FoodEstablishment",
    "Hotel",
    "HotelRestaurant",
    "HotelTrade",
    "PlaceOfInterest",
    "PointOfInterest",
    "Restaurant"
  ],
  "rdfs:comment": {
    "de": [
      "Legende in der Welt der Künste, am Rande des Waldes von Fontainebleau gelegen, entwickelt das Les Pléiades**** Hotel-Spa-Restaurant das Konzept \"Ruhe, Luxus und Genuss\", ausgestattet mit einem Pflegeinstitut, einer wahren Blase des Wohlbefindens."
    ],
    "en": [
      "In this very special hotel, legend in the Art World, located on the edge of Fontainebleau forest, Les Pleiades develop a concept of discrete, elegant and relaxed luxury."
    ],
    "it": [
      "Una leggenda nel mondo delle arti, situata ai margini della foresta di Fontainebleau, Les Pléiades**** Hotel-Spa-Restaurant sviluppa il concetto di \"calma, lusso e piacere\", con un istituto di cura, una vera e propria bolla di benessere."
    ],
    "fr": [
      "Légende dans le monde des arts, situé à l’orée de la forêt de Fontainebleau, les Pléiades**** Hôtel-Spa-Restaurant développe le concept «calme, luxe et volupté», doté d’un institut de soins, une vraie bulle de bien être."
    ],
    "es": [
      "Una leyenda en el mundo de las artes, situada al borde del bosque de Fontainebleau, Les Pléiades**** Hotel-Spa-Restaurant desarrolla el concepto de \"calma, lujo y placer\", con un instituto de tratamientos, una verdadera burbuja de bienestar."
    ],
    "nl": [
      "Les Pléiades**** Hotel-Spa-Restaurant, een legende in de wereld van de kunst, gelegen aan de rand van het bos van Fontainebleau, heeft het concept van \"rust, luxe en plezier\" ontwikkeld, met een behandelingsinstituut, een echte welzijnsbubbel."
    ]
  },
  "rdfs:label": {
    "en": [
      "Les Pléiades Hôtel-Spa"
    ],
    "fr": [
      "Les Pléiades Hôtel-Spa"
    ]
  },
  "hasBeenCreatedBy": {
    "@id": "https://data.datatourisme.fr/13/a2137a2a-e8e3-3b50-82a3-f8909ecb88fe",
    "dc:identifier": "1065",
    "schema:email": [
      "celine@fontainebleau-tourisme.com",
      "christelle@fontainebleau-tourisme.com",
      "edwige.fontainebleau@gmail.com",
      "emilie@fontainebleau-tourisme.com",
      "lorie@fontainebleau-tourisme.com",
      "magali@fontainebleau-tourisme.com",
      "mathilde@fontainebleau-tourisme.com",
      "stessier.fontainebleautourisme@gmail.com"
    ],
    "schema:legalName": "Fontainebleau Tourisme",
    "@type": [
      "schema:Organization",
      "foaf:Agent",
      "Agent"
    ],
    "foaf:homepage": [
      "http://www.fontainebleau-tourisme.com/"
    ]
  },
  "hasBeenPublishedBy": [
    {
      "@id": "https://data.datatourisme.fr/1db24fc4-b534-39bf-bdaf-152c6f98730e",
      "schema:legalName": "Seine et Marne Attractivité - source : Apidae Tourisme",
      "@type": [
        "schema:Organization",
        "foaf:Agent",
        "Agent"
      ],
      "foaf:homepage": [
        "https://www.apidae-tourisme.com/"
      ]
    }
  ],
  "hasContact": [
    {
      "@id": "https://data.datatourisme.fr/1a5db18d-12ff-3951-84ac-d96c7567e766",
      "schema:email": [
        "reception@hotel-les-pleiades.com"
      ],
      "schema:telephone": [
        "+33 1 60 66 40 25"
      ],
      "@type": [
        "foaf:Agent",
        "Agent"
      ],
      "foaf:homepage": [
        "http://www.hotel-les-pleiades.com/"
      ]
    }
  ],
  "hasDescription": [
    {
      "@id": "https://data.datatourisme.fr/cede18f7-bc5e-32a1-b013-e20967c116d6",
      "@type": [
        "Description"
      ],
      "hasTranslatedProperty": [
        {
          "@id": "https://data.datatourisme.fr/089aeb74-4b3b-3cf3-86d1-5083d5b22d76",
          "dc:contributor": [
            "https://api.deepl.com/v2/translate"
          ],
          "rdf:language": [
            "de"
          ],
          "rdf:predicate": [
            "shortDescription"
          ]
        },
        {
          "@id": "https://data.datatourisme.fr/6486447b-b773-3598-a841-0aafb9a4937c",
          "dc:contributor": [
            "https://api.deepl.com/v2/translate"
          ],
          "rdf:language": [
            "it"
          ],
          "rdf:predicate": [
            "shortDescription"
          ]
        },
        {
          "@id": "https://data.datatourisme.fr/c9112344-c891-34a2-939a-dc1130706087",
          "dc:contributor": [
            "https://api.deepl.com/v2/translate"
          ],
          "rdf:language": [
            "es"
          ],
          "rdf:predicate": [
            "shortDescription"
          ]
        },
        {
          "@id": "https://data.datatourisme.fr/e59949a4-d957-3517-a29d-551335cf179d",
          "dc:contributor": [
            "https://api.deepl.com/v2/translate"
          ],
          "rdf:language": [
            "nl"
          ],
          "rdf:predicate": [
            "shortDescription"
          ]
        }
      ],
      "shortDescription": {
        "de": [
          "Legende in der Welt der Künste, am Rande des Waldes von Fontainebleau gelegen, entwickelt das Les Pléiades**** Hotel-Spa-Restaurant das Konzept \"Ruhe, Luxus und Genuss\", ausgestattet mit einem Pflegeinstitut, einer wahren Blase des Wohlbefindens."
        ],
        "en": [
          "In this very special hotel, legend in the Art World, located on the edge of Fontainebleau forest, Les Pleiades develop a concept of discrete, elegant and relaxed luxury."
        ],
        "it": [
          "Una leggenda nel mondo delle arti, situata ai margini della foresta di Fontainebleau, Les Pléiades**** Hotel-Spa-Restaurant sviluppa il concetto di \"calma, lusso e piacere\", con un istituto di cura, una vera e propria bolla di benessere."
        ],
        "fr": [
          "Légende dans le monde des arts, situé à l’orée de la forêt de Fontainebleau, les Pléiades**** Hôtel-Spa-Restaurant développe le concept «calme, luxe et volupté», doté d’un institut de soins, une vraie bulle de bien être."
        ],
        "es": [
          "Una leyenda en el mundo de las artes, situada al borde del bosque de Fontainebleau, Les Pléiades**** Hotel-Spa-Restaurant desarrolla el concepto de \"calma, lujo y placer\", con un instituto de tratamientos, una verdadera burbuja de bienestar."
        ],
        "nl": [
          "Les Pléiades**** Hotel-Spa-Restaurant, een legende in de wereld van de kunst, gelegen aan de rand van het bos van Fontainebleau, heeft het concept van \"rust, luxe en plezier\" ontwikkeld, met een behandelingsinstituut, een echte welzijnsbubbel."
        ]
      }
    }
  ],
  "hasTranslatedProperty": [
    {
      "@id": "https://data.datatourisme.fr/1fb1be20-bf55-3f32-80aa-d1297d325758",
      "dc:contributor": [
        "https://api.deepl.com/v2/translate"
      ],
      "rdf:language": [
        "it"
      ],
      "rdf:predicate": [
        {
          "@id": "rdfs:comment"
        }
      ]
    },
    {
      "@id": "https://data.datatourisme.fr/5643c201-0df6-3751-92e3-bf2e1b882a88",
      "dc:contributor": [
        "https://api.deepl.com/v2/translate"
      ],
      "rdf:language": [
        "nl"
      ],
      "rdf:predicate": [
        {
          "@id": "rdfs:comment"
        }
      ]
    },
    {
      "@id": "https://data.datatourisme.fr/7d5efe3f-24d7-329f-8ee4-18b97f17a993",
      "dc:contributor": [
        "https://api.deepl.com/v2/translate"
      ],
      "rdf:language": [
        "de"
      ],
      "rdf:predicate": [
        {
          "@id": "rdfs:comment"
        }
      ]
    },
    {
      "@id": "https://data.datatourisme.fr/96cd23a6-62d5-3c40-896e-b0598bbcfc2d",
      "dc:contributor": [
        "https://api.deepl.com/v2/translate"
      ],
      "rdf:language": [
        "es"
      ],
      "rdf:predicate": [
        {
          "@id": "rdfs:comment"
        }
      ]
    }
  ],
  "isLocatedAt": [
    {
      "@id": "https://data.datatourisme.fr/b648b521-8e68-3a22-a0ee-2e793f1de3d5",
      "schema:address": [
        {
          "@id": "https://data.datatourisme.fr/0dfd6394-9366-3450-b75b-f196455e0cd0",
          "schema:addressLocality": "Barbizon",
          "schema:postalCode": "77630",
          "schema:streetAddress": [
            "21 Grande rue"
          ],
          "@type": [
            "schema:PostalAddress",
            "PostalAddress"
          ],
          "hasAddressCity": {
            "@id": "kb:77022",
            "@type": [
              "City"
            ],
            "rdfs:label": {
              "de": [
                "Barbizon"
              ],
              "pt": [
                "Barbizon"
              ],
              "en": [
                "Barbizon"
              ],
              "it": [
                "Barbizon"
              ],
              "fr": [
                "Barbizon"
              ],
              "nl": [
                "Barbizon"
              ],
              "es": [
                "Barbizon"
              ]
            },
            "insee": "77022",
            "isPartOfDepartment": {
              "@id": "kb:France1177",
              "@type": [
                "Department"
              ],
              "rdfs:label": {
                "de": [
                  "Seine-et-Marne"
                ],
                "pt": [
                  "Seine-et-Marne"
                ],
                "en": [
                  "Seine-et-Marne"
                ],
                "it": [
                  "Seine-et-Marne"
                ],
                "fr": [
                  "Seine-et-Marne"
                ],
                "nl": [
                  "Seine-et-Marne"
                ],
                "es": [
                  "Seine-et-Marne"
                ]
              },
              "insee": "77",
              "isPartOfRegion": {
                "@id": "kb:France11",
                "@type": [
                  "Region"
                ],
                "rdfs:label": {
                  "de": [
                    "Île-de-France"
                  ],
                  "pt": [
                    "Île-de-France"
                  ],
                  "en": [
                    "Île-de-France"
                  ],
                  "it": [
                    "Île-de-France"
                  ],
                  "fr": [
                    "Île-de-France"
                  ],
                  "nl": [
                    "Île-de-France"
                  ],
                  "es": [
                    "Île-de-France"
                  ]
                },
                "insee": "11",
                "isPartOfCountry": {
                  "@id": "kb:France",
                  "@type": [
                    "schema:Country"
                  ],
                  "rdfs:label": {
                    "de": [
                      "France",
                      "Frankreich"
                    ],
                    "pt": [
                      "França",
                      "France"
                    ],
                    "en": [
                      "France"
                    ],
                    "it": [
                      "France",
                      "Francia"
                    ],
                    "fr": [
                      "France"
                    ],
                    "nl": [
                      "France",
                      "Frankrijk"
                    ],
                    "es": [
                      "France",
                      "Francia"
                    ]
                  }
                }
              }
            }
          }
        }
      ],
      "schema:geo": {
        "@id": "https://data.datatourisme.fr/1169abc1-7031-3c08-be44-569c36ed174a",
        "schema:latitude": "48.44393",
        "schema:longitude": "2.608591",
        "@type": [
          "schema:GeoCoordinates"
        ]
      },
      "schema:openingHoursSpecification": [
        {
          "@id": "https://data.datatourisme.fr/6b883222-fa61-38cf-b0bf-97e3b5a7a63d",
          "schema:validFrom": "2023-01-01T00:00:00",
          "schema:validThrough": "2023-12-31T23:59:59",
          "@type": [
            "schema:OpeningHoursSpecification"
          ],
          "additionalInformation": {
            "fr": [
              "24h/24"
            ]
          }
        }
      ],
      "@type": [
        "schema:Place",
        "Place"
      ]
    }
  ],
  "isOwnedBy": [
    {
      "@id": "https://data.datatourisme.fr/916f1cb3-e1a7-3f46-bb52-81cbe36922b0",
      "schema:email": [
        "celine@fontainebleau-tourisme.com",
        "emilie@fontainebleau-tourisme.com",
        "lorie@fontainebleau-tourisme.com",
        "mathilde@fontainebleau-tourisme.com"
      ],
      "schema:legalName": "Office de tourisme du Pays de Fontainebleau",
      "@type": [
        "schema:Organization",
        "foaf:Agent",
        "Agent"
      ],
      "foaf:homepage": [
        "http://www.fontainebleau-tourisme.com/"
      ]
    }
  ],
  "lastUpdate": "2023-02-08",
  "lastUpdateDatatourisme": "2023-05-30T05:49:20.246Z",
  "offers": [
    {
      "@id": "https://data.datatourisme.fr/f5698cf8-b79c-305c-94b1-1b2846ee1eaa",
      "schema:priceSpecification": [
        {
          "@id": "https://data.datatourisme.fr/3e79bf6a-6916-37f2-8ced-3c903096d242",
          "schema:maxPrice": [
            "19",
            "490"
          ],
          "schema:minPrice": [
            "140",
            "19"
          ],
          "schema:priceCurrency": "EUR",
          "@type": [
            "schema:PriceSpecification",
            "PriceSpecification"
          ],
          "appliesOnPeriod": [
            {
              "@id": "https://data.datatourisme.fr/a425afdf-3594-300b-b55e-1858bafa3fd4",
              "@type": [
                "Period"
              ],
              "endDate": "2023-12-31",
              "startDate": "2023-01-01"
            }
          ]
        }
      ],
      "@type": [
        "schema:Offer",
        "Offer"
      ]
    }
  ]
}