{
  "@id": "https://data.datatourisme.fr/13/1290ecf3-29cd-3eed-b656-74f523992f8f",
  "dc:identifier": "726652",
  "@type": [
    "schema:Library",
    "CulturalSite",
    "Library",
    "PlaceOfInterest",
    "PointOfInterest",
    "SportsAndLeisurePlace"
  ],
  "rdfs:comment": {
    "de": [
      "Auf einer Fläche von 1600 m² bietet die Mediathek Gérad Billy einen Jugendbereich, einen Erwachsenenbereich, einen Diskothekenbereich, einen Multimediabereich, einen Erzählraum und einen Ausstellungsraum."
    ],
    "en": [
      "Covering an area of 1600 m², the Gérad Billy media library offers a youth area, an adult area, a disco area, a multimedia area, a storytelling room and an exhibition room."
    ],
    "it": [
      "Con una superficie di 1600 m², la mediateca Gérad Billy offre un'area per i giovani, un'area per gli adulti, una discoteca, un'area multimediale, una sala per la narrazione e una sala espositiva."
    ],
    "fr": [
      "D'une superficie de 1600 m², la médiathèque Gérad Billy propose un espace jeunesse, un espace adultes, un espace discothèque, un espace multimédia, une salle de conte et une salle d'exposition."
    ],
    "nl": [
      "Met een oppervlakte van 1600 m² biedt de mediatheek van Gérad Billy een jeugdruimte, een ruimte voor volwassenen, een discotheek, een multimediaruimte, een vertelzaal en een expositieruimte."
    ],
    "es": [
      "Con una superficie de 1.600 m², la mediateca Gérad Billy ofrece una zona para jóvenes, una zona para adultos, una discoteca, una zona multimedia, una sala de cuentos y una sala de exposiciones."
    ]
  },
  "rdfs:label": {
    "fr": [
      "Médiathèque Gérard Billy"
    ]
  },
  "hasBeenCreatedBy": {
    "@id": "https://data.datatourisme.fr/13/3806734b-256c-37e4-9ec2-c6bffa26d9e7",
    "dc:identifier": "1028",
    "schema:email": [
      "agnes.allanou@marneetgondoire.fr",
      "anne.godin@marneetgondoire.fr"
    ],
    "schema:legalName": "Office de Tourisme de Marne et Gondoire",
    "@type": [
      "schema:Organization",
      "foaf:Agent",
      "Agent"
    ],
    "foaf:homepage": [
      "http://www.marneetgondoire-tourisme.fr/"
    ]
  },
  "hasBeenPublishedBy": [
    {
      "@id": "https://data.datatourisme.fr/1db24fc4-b534-39bf-bdaf-152c6f98730e",
      "schema:legalName": "Seine et Marne Attractivité - source : Apidae Tourisme",
      "@type": [
        "schema:Organization",
        "foaf:Agent",
        "Agent"
      ],
      "foaf:homepage": [
        "https://www.apidae-tourisme.com/"
      ]
    }
  ],
  "hasContact": [
    {
      "@id": "https://data.datatourisme.fr/2f8e733e-c367-30d0-bbb9-4a1119b5560d",
      "schema:email": [
        "bib.lagny@marneetgondoire.fr"
      ],
      "schema:telephone": [
        "+33 1 60 07 62 40"
      ],
      "@type": [
        "foaf:Agent",
        "Agent"
      ]
    }
  ],
  "hasDescription": [
    {
      "@id": "https://data.datatourisme.fr/57052ef4-8a3b-35ea-b303-d5c86ceca30a",
      "@type": [
        "Description"
      ],
      "hasTranslatedProperty": [
        {
          "@id": "https://data.datatourisme.fr/1f608c3b-d68f-3656-b56a-bd95fc24240d",
          "dc:contributor": [
            "https://api.deepl.com/v2/translate"
          ],
          "rdf:language": [
            "de"
          ],
          "rdf:predicate": [
            "shortDescription"
          ]
        },
        {
          "@id": "https://data.datatourisme.fr/42dad92e-9789-3525-a476-73830d5a03ba",
          "dc:contributor": [
            "https://api.deepl.com/v2/translate"
          ],
          "rdf:language": [
            "en"
          ],
          "rdf:predicate": [
            "shortDescription"
          ]
        },
        {
          "@id": "https://data.datatourisme.fr/5c34f27b-b681-3105-a659-a31118d69c83",
          "dc:contributor": [
            "https://api.deepl.com/v2/translate"
          ],
          "rdf:language": [
            "nl"
          ],
          "rdf:predicate": [
            "shortDescription"
          ]
        },
        {
          "@id": "https://data.datatourisme.fr/76e0aca3-965b-31d3-942d-10ba87676109",
          "dc:contributor": [
            "https://api.deepl.com/v2/translate"
          ],
          "rdf:language": [
            "es"
          ],
          "rdf:predicate": [
            "shortDescription"
          ]
        },
        {
          "@id": "https://data.datatourisme.fr/8999eb0e-995c-3369-a553-133a2c93aac5",
          "dc:contributor": [
            "https://api.deepl.com/v2/translate"
          ],
          "rdf:language": [
            "it"
          ],
          "rdf:predicate": [
            "shortDescription"
          ]
        }
      ],
      "shortDescription": {
        "de": [
          "Auf einer Fläche von 1600 m² bietet die Mediathek Gérad Billy einen Jugendbereich, einen Erwachsenenbereich, einen Diskothekenbereich, einen Multimediabereich, einen Erzählraum und einen Ausstellungsraum."
        ],
        "en": [
          "Covering an area of 1600 m², the Gérad Billy media library offers a youth area, an adult area, a disco area, a multimedia area, a storytelling room and an exhibition room."
        ],
        "it": [
          "Con una superficie di 1600 m², la mediateca Gérad Billy offre un'area per i giovani, un'area per gli adulti, una discoteca, un'area multimediale, una sala per la narrazione e una sala espositiva."
        ],
        "fr": [
          "D'une superficie de 1600 m², la médiathèque Gérad Billy propose un espace jeunesse, un espace adultes, un espace discothèque, un espace multimédia, une salle de conte et une salle d'exposition."
        ],
        "nl": [
          "Met een oppervlakte van 1600 m² biedt de mediatheek van Gérad Billy een jeugdruimte, een ruimte voor volwassenen, een discotheek, een multimediaruimte, een vertelzaal en een expositieruimte."
        ],
        "es": [
          "Con una superficie de 1.600 m², la mediateca Gérad Billy ofrece una zona para jóvenes, una zona para adultos, una discoteca, una zona multimedia, una sala de cuentos y una sala de exposiciones."
        ]
      }
    }
  ],
  "hasTheme": [
    {
      "@id": "kb:Dance",
      "@type": [
        "CulturalTheme",
        "SportsTheme"
      ],
      "rdfs:label": {
        "de": [
          "Tanz"
        ],
        "pt": [
          "Dança"
        ],
        "en": [
          "Dance"
        ],
        "it": [
          "Danza"
        ],
        "fr": [
          "Danse"
        ],
        "es": [
          "Danza"
        ],
        "nl": [
          "Dansen"
        ]
      }
    }
  ],
  "hasTranslatedProperty": [
    {
      "@id": "https://data.datatourisme.fr/22ce7b9d-ac8c-3aea-ad07-27726aa2f01b",
      "dc:contributor": [
        "https://api.deepl.com/v2/translate"
      ],
      "rdf:language": [
        "de"
      ],
      "rdf:predicate": [
        {
          "@id": "rdfs:comment"
        }
      ]
    },
    {
      "@id": "https://data.datatourisme.fr/2464c70f-c969-3a19-8ba8-2df0cc81936d",
      "dc:contributor": [
        "https://api.deepl.com/v2/translate"
      ],
      "rdf:language": [
        "en"
      ],
      "rdf:predicate": [
        {
          "@id": "rdfs:comment"
        }
      ]
    },
    {
      "@id": "https://data.datatourisme.fr/50701d75-27ba-30bc-ad76-75b4d6ed1ee7",
      "dc:contributor": [
        "https://api.deepl.com/v2/translate"
      ],
      "rdf:language": [
        "nl"
      ],
      "rdf:predicate": [
        {
          "@id": "rdfs:comment"
        }
      ]
    },
    {
      "@id": "https://data.datatourisme.fr/a422ac51-cb56-3ab6-9a64-aa1391245304",
      "dc:contributor": [
        "https://api.deepl.com/v2/translate"
      ],
      "rdf:language": [
        "es"
      ],
      "rdf:predicate": [
        {
          "@id": "rdfs:comment"
        }
      ]
    },
    {
      "@id": "https://data.datatourisme.fr/be4e95c6-5ec4-364e-a85c-a3e342f1dbe0",
      "dc:contributor": [
        "https://api.deepl.com/v2/translate"
      ],
      "rdf:language": [
        "it"
      ],
      "rdf:predicate": [
        {
          "@id": "rdfs:comment"
        }
      ]
    }
  ],
  "isLocatedAt": [
    {
      "@id": "https://data.datatourisme.fr/e41b30e9-0807-3bcd-b6a3-64b0d354d1e5",
      "schema:address": [
        {
          "@id": "https://data.datatourisme.fr/7bc8a4ca-3d02-33d2-8d01-9e25974c5c0e",
          "schema:addressLocality": "Lagny-sur-Marne",
          "schema:postalCode": "77400",
          "schema:streetAddress": [
            "10 allée Vieille-et-Gentil"
          ],
          "@type": [
            "schema:PostalAddress",
            "PostalAddress"
          ],
          "hasAddressCity": {
            "@id": "kb:77243",
            "@type": [
              "City"
            ],
            "rdfs:label": {
              "de": [
                "Lagny-sur-Marne"
              ],
              "pt": [
                "Lagny-sur-Marne"
              ],
              "en": [
                "Lagny-sur-Marne"
              ],
              "it": [
                "Lagny-sur-Marne"
              ],
              "fr": [
                "Lagny-sur-Marne"
              ],
              "nl": [
                "Lagny-sur-Marne"
              ],
              "es": [
                "Lagny-sur-Marne"
              ]
            },
            "insee": "77243",
            "isPartOfDepartment": {
              "@id": "kb:France1177",
              "@type": [
                "Department"
              ],
              "rdfs:label": {
                "de": [
                  "Seine-et-Marne"
                ],
                "pt": [
                  "Seine-et-Marne"
                ],
                "en": [
                  "Seine-et-Marne"
                ],
                "it": [
                  "Seine-et-Marne"
                ],
                "fr": [
                  "Seine-et-Marne"
                ],
                "nl": [
                  "Seine-et-Marne"
                ],
                "es": [
                  "Seine-et-Marne"
                ]
              },
              "insee": "77",
              "isPartOfRegion": {
                "@id": "kb:France11",
                "@type": [
                  "Region"
                ],
                "rdfs:label": {
                  "de": [
                    "Île-de-France"
                  ],
                  "pt": [
                    "Île-de-France"
                  ],
                  "en": [
                    "Île-de-France"
                  ],
                  "it": [
                    "Île-de-France"
                  ],
                  "fr": [
                    "Île-de-France"
                  ],
                  "nl": [
                    "Île-de-France"
                  ],
                  "es": [
                    "Île-de-France"
                  ]
                },
                "insee": "11",
                "isPartOfCountry": {
                  "@id": "kb:France",
                  "@type": [
                    "schema:Country"
                  ],
                  "rdfs:label": {
                    "de": [
                      "France",
                      "Frankreich"
                    ],
                    "pt": [
                      "França",
                      "France"
                    ],
                    "en": [
                      "France"
                    ],
                    "it": [
                      "France",
                      "Francia"
                    ],
                    "fr": [
                      "France"
                    ],
                    "nl": [
                      "France",
                      "Frankrijk"
                    ],
                    "es": [
                      "France",
                      "Francia"
                    ]
                  }
                }
              }
            }
          }
        }
      ],
      "schema:geo": {
        "@id": "https://data.datatourisme.fr/40e0bd38-d3b5-382a-8c81-b23828bc4852",
        "schema:latitude": "48.876344",
        "schema:longitude": "2.70414",
        "@type": [
          "schema:GeoCoordinates"
        ]
      },
      "schema:openingHoursSpecification": [
        {
          "@id": "https://data.datatourisme.fr/f87e535a-636d-3343-ad63-8a03392e7511",
          "schema:validFrom": "2023-01-01T00:00:00",
          "schema:validThrough": "2023-12-31T23:59:59",
          "@type": [
            "schema:OpeningHoursSpecification"
          ]
        }
      ],
      "@type": [
        "schema:Place",
        "Place"
      ]
    }
  ],
  "isOwnedBy": [
    {
      "@id": "https://data.datatourisme.fr/aa5f63c7-f828-3b9c-bf4e-378b5e04afc7",
      "schema:email": [
        "agnes.allanou@marneetgondoire.fr",
        "anne.godin@marneetgondoire.fr"
      ],
      "schema:legalName": "Office de Tourisme de Marne et Gondoire",
      "@type": [
        "schema:Organization",
        "foaf:Agent",
        "Agent"
      ],
      "foaf:homepage": [
        "http://www.marneetgondoire-tourisme.fr/"
      ]
    }
  ],
  "lastUpdate": "2023-03-09",
  "lastUpdateDatatourisme": "2023-03-10T06:41:44.425Z"
}