{
  "@id": "https://data.datatourisme.fr/13/0447d64f-6533-3370-94e0-6462542869b0",
  "dc:identifier": "4999868",
  "@type": [
    "schema:FoodEstablishment",
    "FoodEstablishment",
    "PlaceOfInterest",
    "PointOfInterest"
  ],
  "rdfs:comment": {
    "de": [
      "Die Kington Lounge liegt im Herzen von Marines, gegenüber dem Rathaus. Sie empfängt Sie in einer warmen und gemütlichen Atmosphäre, in der Sie hausgemachte Burger und Ihren Lieblingscocktail genießen können."
    ],
    "en": [
      "Located in the heart of Marines, in front of the city hall, the Kington Lounge welcomes you in a warm and cosy atmosphere to enjoy home-made burgers accompanied by your favorite cocktail."
    ],
    "it": [
      "Situato nel cuore di Marines, di fronte al municipio, il Kington Lounge vi accoglie in un'atmosfera calda e accogliente per gustare hamburger fatti in casa accompagnati dal vostro cocktail preferito."
    ],
    "fr": [
      "Situé en plein cœur de Marines, face à la mairie, le Kington Lounge vous accueille dans une ambiance chaleureuse et cosy pour y déguster des burgers maison accompagnés de votre cocktail préféré."
    ],
    "es": [
      "Situado en el corazón de Marines, frente al ayuntamiento, el Kington Lounge le recibe en un ambiente cálido y acogedor para degustar hamburguesas caseras acompañadas de su cóctel favorito."
    ],
    "nl": [
      "Gelegen in het hart van Marines, tegenover het stadhuis, verwelkomt de Kington Lounge u in een warme en gezellige sfeer om te genieten van huisgemaakte hamburgers vergezeld van uw favoriete cocktail."
    ]
  },
  "rdfs:label": {
    "fr": [
      "Kington Lounge"
    ]
  },
  "hasBeenCreatedBy": {
    "@id": "https://data.datatourisme.fr/13/3a1dd983-41fa-3c1d-be9b-cf36360e6b84",
    "dc:identifier": "2180",
    "schema:email": [
      "p.barriot@pnr-vexin-francais.fr"
    ],
    "schema:legalName": "Parc naturel régional du Vexin Français",
    "@type": [
      "schema:Organization",
      "foaf:Agent",
      "Agent"
    ],
    "foaf:homepage": [
      "http://www.pnr-vexin-francais.fr/"
    ]
  },
  "hasBeenPublishedBy": [
    {
      "@id": "https://data.datatourisme.fr/8a9feb4b-2cbd-3d2c-b507-bd6c6776b23b",
      "schema:legalName": "Apidae Tourisme Scic SA - source : Apidae Tourisme",
      "@type": [
        "schema:Organization",
        "foaf:Agent",
        "Agent"
      ],
      "foaf:homepage": [
        "https://www.apidae-tourisme.com/"
      ]
    }
  ],
  "hasContact": [
    {
      "@id": "https://data.datatourisme.fr/5133befb-c3e3-34da-9946-192b538bf32e",
      "schema:email": [
        "kingtonlounge@gmail.com"
      ],
      "schema:telephone": [
        "+33 9 67 32 81 43"
      ],
      "@type": [
        "foaf:Agent",
        "Agent"
      ]
    }
  ],
  "hasDescription": [
    {
      "@id": "https://data.datatourisme.fr/6b9c4376-de18-391c-837d-224e3795502b",
      "@type": [
        "Description"
      ],
      "hasTranslatedProperty": [
        {
          "@id": "https://data.datatourisme.fr/4b0feaad-6a0a-3955-a5dc-11a020dd0d38",
          "dc:contributor": [
            "https://api.deepl.com/v2/translate"
          ],
          "rdf:language": [
            "de"
          ],
          "rdf:predicate": [
            "shortDescription"
          ]
        },
        {
          "@id": "https://data.datatourisme.fr/4de77793-4d8d-36d6-acba-4f5722ae9f8e",
          "dc:contributor": [
            "https://api.deepl.com/v2/translate"
          ],
          "rdf:language": [
            "es"
          ],
          "rdf:predicate": [
            "shortDescription"
          ]
        },
        {
          "@id": "https://data.datatourisme.fr/81e3efc4-9599-3639-a33e-e065f736c20d",
          "dc:contributor": [
            "https://api.deepl.com/v2/translate"
          ],
          "rdf:language": [
            "en"
          ],
          "rdf:predicate": [
            "shortDescription"
          ]
        },
        {
          "@id": "https://data.datatourisme.fr/8b7450df-a4a6-3edf-825c-ece01a186455",
          "dc:contributor": [
            "https://api.deepl.com/v2/translate"
          ],
          "rdf:language": [
            "it"
          ],
          "rdf:predicate": [
            "shortDescription"
          ]
        },
        {
          "@id": "https://data.datatourisme.fr/db42a1c5-396f-322e-81a8-e5dc65929931",
          "dc:contributor": [
            "https://api.deepl.com/v2/translate"
          ],
          "rdf:language": [
            "nl"
          ],
          "rdf:predicate": [
            "shortDescription"
          ]
        }
      ],
      "shortDescription": {
        "de": [
          "Die Kington Lounge liegt im Herzen von Marines, gegenüber dem Rathaus. Sie empfängt Sie in einer warmen und gemütlichen Atmosphäre, in der Sie hausgemachte Burger und Ihren Lieblingscocktail genießen können."
        ],
        "en": [
          "Located in the heart of Marines, in front of the city hall, the Kington Lounge welcomes you in a warm and cosy atmosphere to enjoy home-made burgers accompanied by your favorite cocktail."
        ],
        "it": [
          "Situato nel cuore di Marines, di fronte al municipio, il Kington Lounge vi accoglie in un'atmosfera calda e accogliente per gustare hamburger fatti in casa accompagnati dal vostro cocktail preferito."
        ],
        "fr": [
          "Situé en plein cœur de Marines, face à la mairie, le Kington Lounge vous accueille dans une ambiance chaleureuse et cosy pour y déguster des burgers maison accompagnés de votre cocktail préféré."
        ],
        "es": [
          "Situado en el corazón de Marines, frente al ayuntamiento, el Kington Lounge le recibe en un ambiente cálido y acogedor para degustar hamburguesas caseras acompañadas de su cóctel favorito."
        ],
        "nl": [
          "Gelegen in het hart van Marines, tegenover het stadhuis, verwelkomt de Kington Lounge u in een warme en gezellige sfeer om te genieten van huisgemaakte hamburgers vergezeld van uw favoriete cocktail."
        ]
      }
    }
  ],
  "hasTranslatedProperty": [
    {
      "@id": "https://data.datatourisme.fr/216c5092-9266-3218-9bb5-9b7a965070b5",
      "dc:contributor": [
        "https://api.deepl.com/v2/translate"
      ],
      "rdf:language": [
        "it"
      ],
      "rdf:predicate": [
        {
          "@id": "rdfs:comment"
        }
      ]
    },
    {
      "@id": "https://data.datatourisme.fr/48f0cb6a-c13d-3424-a4d3-e07133218d5b",
      "dc:contributor": [
        "https://api.deepl.com/v2/translate"
      ],
      "rdf:language": [
        "en"
      ],
      "rdf:predicate": [
        {
          "@id": "rdfs:comment"
        }
      ]
    },
    {
      "@id": "https://data.datatourisme.fr/4e06211f-87b3-3c51-8d03-65ba20cea433",
      "dc:contributor": [
        "https://api.deepl.com/v2/translate"
      ],
      "rdf:language": [
        "de"
      ],
      "rdf:predicate": [
        {
          "@id": "rdfs:comment"
        }
      ]
    },
    {
      "@id": "https://data.datatourisme.fr/7c854e36-a1c2-37f0-a085-7825a7ad1e94",
      "dc:contributor": [
        "https://api.deepl.com/v2/translate"
      ],
      "rdf:language": [
        "nl"
      ],
      "rdf:predicate": [
        {
          "@id": "rdfs:comment"
        }
      ]
    },
    {
      "@id": "https://data.datatourisme.fr/cc7245ac-ab03-3eaf-8000-56ebc7fbb344",
      "dc:contributor": [
        "https://api.deepl.com/v2/translate"
      ],
      "rdf:language": [
        "es"
      ],
      "rdf:predicate": [
        {
          "@id": "rdfs:comment"
        }
      ]
    }
  ],
  "isLocatedAt": [
    {
      "@id": "https://data.datatourisme.fr/bccccaf2-3734-354e-926d-c364ae5c5de2",
      "schema:address": [
        {
          "@id": "https://data.datatourisme.fr/062be97a-28e4-3416-8bcc-60df590bdadd",
          "schema:addressLocality": "Marines",
          "schema:postalCode": "95640",
          "schema:streetAddress": [
            "5 Place du Maréchal Leclerc"
          ],
          "@type": [
            "schema:PostalAddress",
            "PostalAddress"
          ],
          "hasAddressCity": {
            "@id": "kb:95370",
            "@type": [
              "City"
            ],
            "rdfs:label": {
              "de": [
                "Marines"
              ],
              "pt": [
                "Marines"
              ],
              "en": [
                "Marines"
              ],
              "it": [
                "Marines"
              ],
              "fr": [
                "Marines"
              ],
              "nl": [
                "Marines"
              ],
              "es": [
                "Marines"
              ]
            },
            "insee": "95370",
            "isPartOfDepartment": {
              "@id": "kb:France1195",
              "@type": [
                "Department"
              ],
              "rdfs:label": {
                "de": [
                  "Val-d'Oise"
                ],
                "pt": [
                  "Val-d'Oise"
                ],
                "en": [
                  "Val-d'Oise"
                ],
                "it": [
                  "Val-d'Oise"
                ],
                "fr": [
                  "Val-d'Oise"
                ],
                "nl": [
                  "Val-d'Oise"
                ],
                "es": [
                  "Val-d'Oise"
                ]
              },
              "insee": "95",
              "isPartOfRegion": {
                "@id": "kb:France11",
                "@type": [
                  "Region"
                ],
                "rdfs:label": {
                  "de": [
                    "Île-de-France"
                  ],
                  "pt": [
                    "Île-de-France"
                  ],
                  "en": [
                    "Île-de-France"
                  ],
                  "it": [
                    "Île-de-France"
                  ],
                  "fr": [
                    "Île-de-France"
                  ],
                  "nl": [
                    "Île-de-France"
                  ],
                  "es": [
                    "Île-de-France"
                  ]
                },
                "insee": "11",
                "isPartOfCountry": {
                  "@id": "kb:France",
                  "@type": [
                    "schema:Country"
                  ],
                  "rdfs:label": {
                    "de": [
                      "France",
                      "Frankreich"
                    ],
                    "pt": [
                      "França",
                      "France"
                    ],
                    "en": [
                      "France"
                    ],
                    "it": [
                      "France",
                      "Francia"
                    ],
                    "fr": [
                      "France"
                    ],
                    "nl": [
                      "France",
                      "Frankrijk"
                    ],
                    "es": [
                      "France",
                      "Francia"
                    ]
                  }
                }
              }
            }
          }
        }
      ],
      "schema:geo": {
        "@id": "https://data.datatourisme.fr/0589c5a5-a071-3ce7-9b9c-a5131d0b019b",
        "schema:latitude": "49.144986",
        "schema:longitude": "1.982622",
        "@type": [
          "schema:GeoCoordinates"
        ]
      },
      "schema:openingHoursSpecification": [
        {
          "@id": "https://data.datatourisme.fr/1db126d1-cfaa-34d9-b698-4b005cf267e3",
          "schema:validFrom": "2023-01-01T00:00:00",
          "schema:validThrough": "2023-12-31T23:59:59",
          "@type": [
            "schema:OpeningHoursSpecification"
          ],
          "additionalInformation": {
            "de": [
              "Am Dienstag mittags geöffnet.\r\nMittwoch bis Samstag mittags und abends geöffnet."
            ],
            "en": [
              "Open for lunch on Tuesday.\r\nOpen for lunch and dinner from Wednesday to Saturday."
            ],
            "it": [
              "Aperto a pranzo il martedì.\r\nAperto a pranzo e a cena dal mercoledì al sabato."
            ],
            "fr": [
              "Ouvert le mardi midi.\r\nOuvert midi et soir du mercredi au samedi."
            ],
            "nl": [
              "Open voor lunch op dinsdag.\r\nGeopend voor lunch en diner van woensdag tot zaterdag."
            ],
            "es": [
              "Abierto para el almuerzo el martes.\r\nAbierto para el almuerzo y la cena de miércoles a sábado."
            ]
          },
          "hasTranslatedProperty": [
            {
              "@id": "https://data.datatourisme.fr/008f0456-d3bd-35e2-896e-347f966c7e34",
              "dc:contributor": [
                "https://api.deepl.com/v2/translate"
              ],
              "rdf:language": [
                "en"
              ],
              "rdf:predicate": [
                "additionalInformation"
              ]
            },
            {
              "@id": "https://data.datatourisme.fr/6c73f321-1e1a-30b4-8876-14ef78207c26",
              "dc:contributor": [
                "https://api.deepl.com/v2/translate"
              ],
              "rdf:language": [
                "de"
              ],
              "rdf:predicate": [
                "additionalInformation"
              ]
            },
            {
              "@id": "https://data.datatourisme.fr/7ec967db-eff6-3b21-a02b-892810397386",
              "dc:contributor": [
                "https://api.deepl.com/v2/translate"
              ],
              "rdf:language": [
                "nl"
              ],
              "rdf:predicate": [
                "additionalInformation"
              ]
            },
            {
              "@id": "https://data.datatourisme.fr/ac719cc7-db76-32b3-87e5-2b70ddf48a6a",
              "dc:contributor": [
                "https://api.deepl.com/v2/translate"
              ],
              "rdf:language": [
                "it"
              ],
              "rdf:predicate": [
                "additionalInformation"
              ]
            },
            {
              "@id": "https://data.datatourisme.fr/c124f344-a388-34b3-a4f0-1dd6d704e759",
              "dc:contributor": [
                "https://api.deepl.com/v2/translate"
              ],
              "rdf:language": [
                "es"
              ],
              "rdf:predicate": [
                "additionalInformation"
              ]
            }
          ]
        }
      ],
      "@type": [
        "schema:Place",
        "Place"
      ]
    }
  ],
  "isOwnedBy": [
    {
      "@id": "https://data.datatourisme.fr/4c608c50-81e5-397b-9f19-b610e202e801",
      "schema:email": [
        "p.barriot@pnr-vexin-francais.fr"
      ],
      "schema:legalName": "Parc naturel régional du Vexin Français",
      "@type": [
        "schema:Organization",
        "foaf:Agent",
        "Agent"
      ],
      "foaf:homepage": [
        "http://www.pnr-vexin-francais.fr/"
      ]
    }
  ],
  "lastUpdate": "2023-03-07",
  "lastUpdateDatatourisme": "2023-03-08T06:39:40.733Z"
}