{
  "@id": "https://data.datatourisme.fr/13/04442d73-0b0d-34c8-9d9f-7cefb14773ed",
  "dc:identifier": "6373907",
  "@type": [
    "schema:CivicStructure",
    "FitnessPath",
    "PlaceOfInterest",
    "PointOfInterest",
    "SportsAndLeisurePlace"
  ],
  "rdfs:comment": {
    "de": [
      "Der Bois du Cormier in Bougival ist ebenso wie der Bois de Louveciennes Bestandteil des Staatswaldes von Marly.\r\n\r\nDieser Wald liegt etwa 20 km westlich von Paris und erstreckt sich über 2100 Hektar."
    ],
    "en": [
      "The Bois du Cormier in Bougival is an integral part of the state forest of Marly, as is that of Louveciennes.\r\n\r\nThis forest is located about 20 km west of Paris and covers 2100 hectares."
    ],
    "it": [
      "Il Bois du Cormier di Bougival è parte integrante della foresta demaniale di Marly, come quella di Louveciennes.\r\n\r\nQuesta foresta si trova a circa 20 km a ovest di Parigi e copre 2100 ettari."
    ],
    "fr": [
      "Le bois du Cormier à Bougival est une partie intégrante de la forêt domaniale de Marly au même titre que celui de Louveciennes.\r\n\r\nCette forêt se situe à une vingtaine de km à l’ouest de Paris et s’étend sur 2100 hectares."
    ],
    "nl": [
      "Het Bois du Cormier in Bougival maakt deel uit van het staatsbos van Marly, net als dat van Louveciennes.\r\n\r\nDit bos ligt ongeveer 20 km ten westen van Parijs en beslaat 2100 hectare."
    ],
    "es": [
      "El Bois du Cormier de Bougival forma parte integrante del bosque estatal de Marly, al igual que el de Louveciennes.\r\n\r\nEste bosque está situado a unos 20 km al oeste de París y ocupa 2.100 hectáreas."
    ]
  },
  "rdfs:label": {
    "en": [
      "Health course in the Cormier wood"
    ],
    "fr": [
      "Parcours santé dans le bois du Cormier"
    ],
    "es": [
      "Health course in the Cormier wood"
    ]
  },
  "hasBeenCreatedBy": {
    "@id": "https://data.datatourisme.fr/13/d6723e7c-d673-3df6-8d1c-e4c704c29a04",
    "dc:identifier": "1095",
    "schema:email": [
      "amasson@ot-versailles.fr",
      "bboucher@ot-versailles.fr",
      "cbrancato@ot-versailles.fr",
      "ccharpentier@ot-versailles.fr",
      "epiroue@ot-versailles.fr",
      "hgouillyfrossard@ot-versailles.fr",
      "laurence.francois@tourisme-bougival.com",
      "lkodal@ot-versailles.fr",
      "mmorin@ot-versailles.fr",
      "qcognioul@ot-versailles.fr",
      "stagiaire1@ot-versailles.fr"
    ],
    "schema:legalName": "Office de Tourisme et des Congrès de Versailles Grand Parc",
    "@type": [
      "schema:Organization",
      "foaf:Agent",
      "Agent"
    ],
    "foaf:homepage": [
      "http://www.versailles-tourisme.com/"
    ]
  },
  "hasBeenPublishedBy": [
    {
      "@id": "https://data.datatourisme.fr/8a9feb4b-2cbd-3d2c-b507-bd6c6776b23b",
      "schema:legalName": "Apidae Tourisme Scic SA - source : Apidae Tourisme",
      "@type": [
        "schema:Organization",
        "foaf:Agent",
        "Agent"
      ],
      "foaf:homepage": [
        "https://www.apidae-tourisme.com/"
      ]
    }
  ],
  "hasContact": [
    {
      "@id": "https://data.datatourisme.fr/d2150210-a947-3e4d-8927-664b00a45855",
      "schema:email": [
        "contact@tourisme-bougival.com"
      ],
      "schema:telephone": [
        "+33 1 39 69 21 23"
      ],
      "@type": [
        "foaf:Agent",
        "Agent"
      ],
      "foaf:homepage": [
        "https://tourisme-bougival.com/"
      ]
    }
  ],
  "hasDescription": [
    {
      "@id": "https://data.datatourisme.fr/3e0840e2-c7f1-3881-bae6-ac7b9d9d11f9",
      "@type": [
        "Description"
      ],
      "hasTranslatedProperty": [
        {
          "@id": "https://data.datatourisme.fr/5b9e1a84-5219-3523-abce-1f5f527cea2b",
          "dc:contributor": [
            "https://api.deepl.com/v2/translate"
          ],
          "rdf:language": [
            "it"
          ],
          "rdf:predicate": [
            "shortDescription"
          ]
        },
        {
          "@id": "https://data.datatourisme.fr/a62fed8d-6fdf-3b78-8309-6be80934b1a2",
          "dc:contributor": [
            "https://api.deepl.com/v2/translate"
          ],
          "rdf:language": [
            "de"
          ],
          "rdf:predicate": [
            "shortDescription"
          ]
        },
        {
          "@id": "https://data.datatourisme.fr/be0bfe88-4909-34c5-b695-46bff481be81",
          "dc:contributor": [
            "https://api.deepl.com/v2/translate"
          ],
          "rdf:language": [
            "nl"
          ],
          "rdf:predicate": [
            "shortDescription"
          ]
        }
      ],
      "shortDescription": {
        "de": [
          "Der Bois du Cormier in Bougival ist ebenso wie der Bois de Louveciennes Bestandteil des Staatswaldes von Marly.\r\n\r\nDieser Wald liegt etwa 20 km westlich von Paris und erstreckt sich über 2100 Hektar."
        ],
        "en": [
          "The Bois du Cormier in Bougival is an integral part of the state forest of Marly, as is that of Louveciennes.\r\n\r\nThis forest is located about 20 km west of Paris and covers 2100 hectares."
        ],
        "it": [
          "Il Bois du Cormier di Bougival è parte integrante della foresta demaniale di Marly, come quella di Louveciennes.\r\n\r\nQuesta foresta si trova a circa 20 km a ovest di Parigi e copre 2100 ettari."
        ],
        "fr": [
          "Le bois du Cormier à Bougival est une partie intégrante de la forêt domaniale de Marly au même titre que celui de Louveciennes.\r\n\r\nCette forêt se situe à une vingtaine de km à l’ouest de Paris et s’étend sur 2100 hectares."
        ],
        "nl": [
          "Het Bois du Cormier in Bougival maakt deel uit van het staatsbos van Marly, net als dat van Louveciennes.\r\n\r\nDit bos ligt ongeveer 20 km ten westen van Parijs en beslaat 2100 hectare."
        ],
        "es": [
          "El Bois du Cormier de Bougival forma parte integrante del bosque estatal de Marly, al igual que el de Louveciennes.\r\n\r\nEste bosque está situado a unos 20 km al oeste de París y ocupa 2.100 hectáreas."
        ]
      }
    }
  ],
  "hasTheme": [
    {
      "@id": "kb:FitnessTrail",
      "@type": [
        "SportsTheme"
      ],
      "rdfs:label": {
        "de": [
          "Gesundheitspfad"
        ],
        "pt": [
          "Circuito de manutenção"
        ],
        "en": [
          "Fitness trail"
        ],
        "it": [
          "Percorso fitness"
        ],
        "fr": [
          "Parcours de santé"
        ],
        "es": [
          "Pista de ejercicios"
        ],
        "nl": [
          "Fitnessparcours"
        ]
      }
    },
    {
      "@id": "kb:Pedestrian",
      "@type": [
        "SportsTheme"
      ],
      "rdfs:label": {
        "de": [
          "Zu Fuß"
        ],
        "pt": [
          "Pedestre"
        ],
        "en": [
          "Pedestrian"
        ],
        "it": [
          "A piedi"
        ],
        "fr": [
          "Pédestre"
        ],
        "nl": [
          "Voetgangers"
        ],
        "es": [
          "Peatón"
        ]
      }
    },
    {
      "@id": "kb:Running",
      "@type": [
        "SportsTheme"
      ],
      "rdfs:label": {
        "de": [
          "Laufen"
        ],
        "pt": [
          "Corrida a pé"
        ],
        "en": [
          "Running"
        ],
        "it": [
          "Corsa a piedi"
        ],
        "fr": [
          "Course à pied"
        ],
        "nl": [
          "Hardlopen"
        ],
        "es": [
          "Carrera a pie"
        ]
      }
    }
  ],
  "hasTranslatedProperty": [
    {
      "@id": "https://data.datatourisme.fr/729e72cd-cdde-3621-8418-fa23721d976d",
      "dc:contributor": [
        "https://api.deepl.com/v2/translate"
      ],
      "rdf:language": [
        "nl"
      ],
      "rdf:predicate": [
        {
          "@id": "rdfs:comment"
        }
      ]
    },
    {
      "@id": "https://data.datatourisme.fr/816720f6-559f-3bbe-bfbb-b31701f03f2b",
      "dc:contributor": [
        "https://api.deepl.com/v2/translate"
      ],
      "rdf:language": [
        "de"
      ],
      "rdf:predicate": [
        {
          "@id": "rdfs:comment"
        }
      ]
    },
    {
      "@id": "https://data.datatourisme.fr/abc59268-9370-3676-937c-6effa9584535",
      "dc:contributor": [
        "https://api.deepl.com/v2/translate"
      ],
      "rdf:language": [
        "it"
      ],
      "rdf:predicate": [
        {
          "@id": "rdfs:comment"
        }
      ]
    }
  ],
  "isLocatedAt": [
    {
      "@id": "https://data.datatourisme.fr/36753b5c-1d89-3482-8ab0-7a8bc8993445",
      "schema:address": [
        {
          "@id": "https://data.datatourisme.fr/238e3939-8752-345c-a579-95e1ce54e12c",
          "schema:addressLocality": "Bougival",
          "schema:postalCode": "78380",
          "@type": [
            "schema:PostalAddress",
            "PostalAddress"
          ],
          "hasAddressCity": {
            "@id": "kb:78092",
            "@type": [
              "City"
            ],
            "rdfs:label": {
              "de": [
                "Bougival"
              ],
              "pt": [
                "Bougival"
              ],
              "en": [
                "Bougival"
              ],
              "it": [
                "Bougival"
              ],
              "fr": [
                "Bougival"
              ],
              "nl": [
                "Bougival"
              ],
              "es": [
                "Bougival"
              ]
            },
            "insee": "78092",
            "isPartOfDepartment": {
              "@id": "kb:France1178",
              "@type": [
                "Department"
              ],
              "rdfs:label": {
                "de": [
                  "Yvelines"
                ],
                "pt": [
                  "Yvelines"
                ],
                "en": [
                  "Yvelines"
                ],
                "it": [
                  "Yvelines"
                ],
                "fr": [
                  "Yvelines"
                ],
                "nl": [
                  "Yvelines"
                ],
                "es": [
                  "Yvelines"
                ]
              },
              "insee": "78",
              "isPartOfRegion": {
                "@id": "kb:France11",
                "@type": [
                  "Region"
                ],
                "rdfs:label": {
                  "de": [
                    "Île-de-France"
                  ],
                  "pt": [
                    "Île-de-France"
                  ],
                  "en": [
                    "Île-de-France"
                  ],
                  "it": [
                    "Île-de-France"
                  ],
                  "fr": [
                    "Île-de-France"
                  ],
                  "nl": [
                    "Île-de-France"
                  ],
                  "es": [
                    "Île-de-France"
                  ]
                },
                "insee": "11",
                "isPartOfCountry": {
                  "@id": "kb:France",
                  "@type": [
                    "schema:Country"
                  ],
                  "rdfs:label": {
                    "de": [
                      "France",
                      "Frankreich"
                    ],
                    "pt": [
                      "França",
                      "France"
                    ],
                    "en": [
                      "France"
                    ],
                    "it": [
                      "France",
                      "Francia"
                    ],
                    "fr": [
                      "France"
                    ],
                    "nl": [
                      "France",
                      "Frankrijk"
                    ],
                    "es": [
                      "France",
                      "Francia"
                    ]
                  }
                }
              }
            }
          }
        }
      ],
      "schema:geo": {
        "@id": "https://data.datatourisme.fr/f85c474a-a088-337c-9715-cd2a2697a603",
        "schema:latitude": "48.853985",
        "schema:longitude": "2.129626",
        "@type": [
          "schema:GeoCoordinates"
        ]
      },
      "schema:openingHoursSpecification": [
        {
          "@id": "https://data.datatourisme.fr/f87e535a-636d-3343-ad63-8a03392e7511",
          "schema:validFrom": "2023-01-01T00:00:00",
          "schema:validThrough": "2023-12-31T23:59:59",
          "@type": [
            "schema:OpeningHoursSpecification"
          ]
        }
      ],
      "@type": [
        "schema:Place",
        "Place"
      ]
    }
  ],
  "isOwnedBy": [
    {
      "@id": "https://data.datatourisme.fr/5d3c003f-455f-3c49-8873-2d60c146bb7d",
      "schema:email": [
        "amasson@ot-versailles.fr",
        "bboucher@ot-versailles.fr",
        "cbrancato@ot-versailles.fr",
        "ccharpentier@ot-versailles.fr",
        "epiroue@ot-versailles.fr",
        "hgouillyfrossard@ot-versailles.fr",
        "laurence.francois@tourisme-bougival.com",
        "lkodal@ot-versailles.fr",
        "mmorin@ot-versailles.fr",
        "qcognioul@ot-versailles.fr",
        "stagiaire1@ot-versailles.fr"
      ],
      "schema:legalName": "Office de Tourisme et des Congrès de Versailles Grand Parc",
      "@type": [
        "schema:Organization",
        "foaf:Agent",
        "Agent"
      ],
      "foaf:homepage": [
        "http://www.versailles-tourisme.com/"
      ]
    }
  ],
  "lastUpdate": "2023-01-07",
  "lastUpdateDatatourisme": "2023-02-10T06:39:19.806Z"
}