{
  "@id": "https://data.datatourisme.fr/13/0471faa9-5e52-3789-be46-04d71fc6e2f4",
  "dc:identifier": "6131177",
  "@type": [
    "PlaceOfInterest",
    "PointOfInterest",
    "SportsAndLeisurePlace"
  ],
  "rdfs:comment": {
    "de": [
      "Veranstalter von spielerischen Entdeckungsreisen (Escape Game im Freien)."
    ],
    "en": [
      "Organizer of fun discovery courses (outdoor escape game)."
    ],
    "it": [
      "Organizzatore di corsi di scoperta del divertimento (gioco di fuga all'aperto)."
    ],
    "fr": [
      "Organisateur de parcours ludiques de découverte (escape game extérieur)."
    ],
    "es": [
      "Organizador de cursos de descubrimiento divertido (juego de escape al aire libre)."
    ],
    "nl": [
      "Organisator van leuke ontdekkingscursussen (outdoor ontsnappingsspel)."
    ]
  },
  "rdfs:label": {
    "fr": [
      "Chemins inédits"
    ]
  },
  "hasBeenCreatedBy": {
    "@id": "https://data.datatourisme.fr/13/766d856e-f1a6-302f-93d8-94415e6bfa0e",
    "dc:identifier": "1014",
    "schema:email": [
      "andrea.duperon@ville-argenteuil.fr",
      "c.carreras@valdoise-tourisme.com",
      "j.blain@valdoise-tourisme.com",
      "m.bachelery@valdoise-tourisme.com",
      "s.benchikh@valdoise-tourisme.com"
    ],
    "schema:legalName": "Val d'Oise Tourisme",
    "@type": [
      "schema:Organization",
      "foaf:Agent",
      "Agent"
    ],
    "foaf:homepage": [
      "https://www.valdoise-tourisme.com/"
    ]
  },
  "hasBeenPublishedBy": [
    {
      "@id": "https://data.datatourisme.fr/8a9feb4b-2cbd-3d2c-b507-bd6c6776b23b",
      "schema:legalName": "Apidae Tourisme Scic SA - source : Apidae Tourisme",
      "@type": [
        "schema:Organization",
        "foaf:Agent",
        "Agent"
      ],
      "foaf:homepage": [
        "https://www.apidae-tourisme.com/"
      ]
    }
  ],
  "hasContact": [
    {
      "@id": "https://data.datatourisme.fr/37a7b4ab-61d8-3ebf-9c80-984e1fca228c",
      "schema:email": [
        "bienvenue@cheminsinedits.fr"
      ],
      "schema:telephone": [
        "+33 6 52 42 07 16"
      ],
      "@type": [
        "foaf:Agent",
        "Agent"
      ],
      "foaf:homepage": [
        "https://cheminsinedits.fr/",
        "https://www.instagram.com/chemins_inedits/"
      ]
    }
  ],
  "hasDescription": [
    {
      "@id": "https://data.datatourisme.fr/1a41d172-8768-373a-97b1-bf35fc9ce1d7",
      "@type": [
        "Description"
      ],
      "hasTranslatedProperty": [
        {
          "@id": "https://data.datatourisme.fr/332383b3-1adc-3822-be99-50095f9d0e07",
          "dc:contributor": [
            "https://api.deepl.com/v2/translate"
          ],
          "rdf:language": [
            "it"
          ],
          "rdf:predicate": [
            "shortDescription"
          ]
        },
        {
          "@id": "https://data.datatourisme.fr/5c8e6e3a-c16f-391e-89dd-89c91d7c6205",
          "dc:contributor": [
            "https://api.deepl.com/v2/translate"
          ],
          "rdf:language": [
            "es"
          ],
          "rdf:predicate": [
            "shortDescription"
          ]
        },
        {
          "@id": "https://data.datatourisme.fr/6fa60a65-3b79-3694-85c0-303424ef3556",
          "dc:contributor": [
            "https://api.deepl.com/v2/translate"
          ],
          "rdf:language": [
            "de"
          ],
          "rdf:predicate": [
            "shortDescription"
          ]
        },
        {
          "@id": "https://data.datatourisme.fr/89921f8e-50e3-306c-bc03-1f7b5a8300f1",
          "dc:contributor": [
            "https://api.deepl.com/v2/translate"
          ],
          "rdf:language": [
            "en"
          ],
          "rdf:predicate": [
            "shortDescription"
          ]
        },
        {
          "@id": "https://data.datatourisme.fr/d81ab500-fd9a-3695-a5a1-3ede816cbb77",
          "dc:contributor": [
            "https://api.deepl.com/v2/translate"
          ],
          "rdf:language": [
            "nl"
          ],
          "rdf:predicate": [
            "shortDescription"
          ]
        }
      ],
      "shortDescription": {
        "de": [
          "Veranstalter von spielerischen Entdeckungsreisen (Escape Game im Freien)."
        ],
        "en": [
          "Organizer of fun discovery courses (outdoor escape game)."
        ],
        "it": [
          "Organizzatore di corsi di scoperta del divertimento (gioco di fuga all'aperto)."
        ],
        "fr": [
          "Organisateur de parcours ludiques de découverte (escape game extérieur)."
        ],
        "es": [
          "Organizador de cursos de descubrimiento divertido (juego de escape al aire libre)."
        ],
        "nl": [
          "Organisator van leuke ontdekkingscursussen (outdoor ontsnappingsspel)."
        ]
      }
    }
  ],
  "hasTheme": [
    {
      "@id": "kb:EscapeGame",
      "@type": [
        "SportsTheme"
      ],
      "rdfs:label": {
        "de": [
          "Escape Game"
        ],
        "pt": [
          "Jogo de evasão"
        ],
        "en": [
          "Escape game"
        ],
        "it": [
          "Escape game"
        ],
        "fr": [
          "Escape game"
        ],
        "es": [
          "Juego de escape"
        ],
        "nl": [
          "Escape room"
        ]
      }
    }
  ],
  "hasTranslatedProperty": [
    {
      "@id": "https://data.datatourisme.fr/388c2c25-350d-3605-a5be-5e6a0e63422e",
      "dc:contributor": [
        "https://api.deepl.com/v2/translate"
      ],
      "rdf:language": [
        "en"
      ],
      "rdf:predicate": [
        {
          "@id": "rdfs:comment"
        }
      ]
    },
    {
      "@id": "https://data.datatourisme.fr/429a64d4-854f-3ec8-a024-0b672cfc7554",
      "dc:contributor": [
        "https://api.deepl.com/v2/translate"
      ],
      "rdf:language": [
        "es"
      ],
      "rdf:predicate": [
        {
          "@id": "rdfs:comment"
        }
      ]
    },
    {
      "@id": "https://data.datatourisme.fr/74ddd4a2-ebdc-3949-a50f-209d26ddddb7",
      "dc:contributor": [
        "https://api.deepl.com/v2/translate"
      ],
      "rdf:language": [
        "de"
      ],
      "rdf:predicate": [
        {
          "@id": "rdfs:comment"
        }
      ]
    },
    {
      "@id": "https://data.datatourisme.fr/933b82f7-012a-3871-830c-707079ce179a",
      "dc:contributor": [
        "https://api.deepl.com/v2/translate"
      ],
      "rdf:language": [
        "nl"
      ],
      "rdf:predicate": [
        {
          "@id": "rdfs:comment"
        }
      ]
    },
    {
      "@id": "https://data.datatourisme.fr/cf7e359c-0275-33be-bde7-56db4ee736ba",
      "dc:contributor": [
        "https://api.deepl.com/v2/translate"
      ],
      "rdf:language": [
        "it"
      ],
      "rdf:predicate": [
        {
          "@id": "rdfs:comment"
        }
      ]
    }
  ],
  "isLocatedAt": [
    {
      "@id": "https://data.datatourisme.fr/a090c425-d1dd-3968-b806-05cda7cb6466",
      "schema:address": [
        {
          "@id": "https://data.datatourisme.fr/93294488-61cc-3f61-80f3-664fa09e40dc",
          "schema:addressLocality": "Enghien-les-Bains",
          "schema:postalCode": "95880",
          "schema:streetAddress": [
            "5 rue Saint Louis"
          ],
          "@type": [
            "schema:PostalAddress",
            "PostalAddress"
          ],
          "hasAddressCity": {
            "@id": "kb:95210",
            "@type": [
              "City"
            ],
            "rdfs:label": {
              "de": [
                "Enghien-les-Bains"
              ],
              "pt": [
                "Enghien-les-Bains"
              ],
              "en": [
                "Enghien-les-Bains"
              ],
              "it": [
                "Enghien-les-Bains"
              ],
              "fr": [
                "Enghien-les-Bains"
              ],
              "nl": [
                "Enghien-les-Bains"
              ],
              "es": [
                "Enghien-les-Bains"
              ]
            },
            "insee": "95210",
            "isPartOfDepartment": {
              "@id": "kb:France1195",
              "@type": [
                "Department"
              ],
              "rdfs:label": {
                "de": [
                  "Val-d'Oise"
                ],
                "pt": [
                  "Val-d'Oise"
                ],
                "en": [
                  "Val-d'Oise"
                ],
                "it": [
                  "Val-d'Oise"
                ],
                "fr": [
                  "Val-d'Oise"
                ],
                "nl": [
                  "Val-d'Oise"
                ],
                "es": [
                  "Val-d'Oise"
                ]
              },
              "insee": "95",
              "isPartOfRegion": {
                "@id": "kb:France11",
                "@type": [
                  "Region"
                ],
                "rdfs:label": {
                  "de": [
                    "Île-de-France"
                  ],
                  "pt": [
                    "Île-de-France"
                  ],
                  "en": [
                    "Île-de-France"
                  ],
                  "it": [
                    "Île-de-France"
                  ],
                  "fr": [
                    "Île-de-France"
                  ],
                  "nl": [
                    "Île-de-France"
                  ],
                  "es": [
                    "Île-de-France"
                  ]
                },
                "insee": "11",
                "isPartOfCountry": {
                  "@id": "kb:France",
                  "@type": [
                    "schema:Country"
                  ],
                  "rdfs:label": {
                    "de": [
                      "France",
                      "Frankreich"
                    ],
                    "pt": [
                      "França",
                      "France"
                    ],
                    "en": [
                      "France"
                    ],
                    "it": [
                      "France",
                      "Francia"
                    ],
                    "fr": [
                      "France"
                    ],
                    "nl": [
                      "France",
                      "Frankrijk"
                    ],
                    "es": [
                      "France",
                      "Francia"
                    ]
                  }
                }
              }
            }
          }
        }
      ],
      "schema:geo": {
        "@id": "https://data.datatourisme.fr/7bf11594-75bf-3561-a514-1a000fa9fc3d",
        "schema:latitude": "48.974486",
        "schema:longitude": "2.306922",
        "@type": [
          "schema:GeoCoordinates"
        ]
      },
      "schema:openingHoursSpecification": [
        {
          "@id": "https://data.datatourisme.fr/469b8d4f-e559-3cf3-973f-2e3e038d5c4e",
          "schema:validFrom": "2023-01-01T00:00:00",
          "schema:validThrough": "2023-12-31T23:59:59",
          "@type": [
            "schema:OpeningHoursSpecification"
          ],
          "additionalInformation": {
            "de": [
              "Öffnungszeiten und -tage werden nicht angegeben, da die Parcours frei genutzt werden können."
            ],
            "en": [
              "Opening hours and days are not specified as the courses are free to use."
            ],
            "it": [
              "Gli orari e i giorni di apertura non sono specificati, poiché i percorsi sono liberi di essere utilizzati."
            ],
            "fr": [
              "Les horaires et jours d'ouverture ne sont pas précisés car les parcours sont libres d'utilisation."
            ],
            "nl": [
              "Openingstijden en dagen zijn niet gespecificeerd omdat de routes vrij te gebruiken zijn."
            ],
            "es": [
              "No se especifican los horarios ni los días de apertura, ya que las rutas son de uso libre."
            ]
          },
          "hasTranslatedProperty": [
            {
              "@id": "https://data.datatourisme.fr/1edf797b-fa34-3632-90a0-8773964dae56",
              "dc:contributor": [
                "https://api.deepl.com/v2/translate"
              ],
              "rdf:language": [
                "en"
              ],
              "rdf:predicate": [
                "additionalInformation"
              ]
            },
            {
              "@id": "https://data.datatourisme.fr/5d6f3a9f-f58b-3851-b5b4-dc22921144ab",
              "dc:contributor": [
                "https://api.deepl.com/v2/translate"
              ],
              "rdf:language": [
                "it"
              ],
              "rdf:predicate": [
                "additionalInformation"
              ]
            },
            {
              "@id": "https://data.datatourisme.fr/6ca17c1b-4e62-3468-a015-3eeffc895c09",
              "dc:contributor": [
                "https://api.deepl.com/v2/translate"
              ],
              "rdf:language": [
                "es"
              ],
              "rdf:predicate": [
                "additionalInformation"
              ]
            },
            {
              "@id": "https://data.datatourisme.fr/6f078dad-eb98-329f-8e30-e773efb2c972",
              "dc:contributor": [
                "https://api.deepl.com/v2/translate"
              ],
              "rdf:language": [
                "nl"
              ],
              "rdf:predicate": [
                "additionalInformation"
              ]
            },
            {
              "@id": "https://data.datatourisme.fr/a08967b2-8834-32b1-ad6d-c428679d7219",
              "dc:contributor": [
                "https://api.deepl.com/v2/translate"
              ],
              "rdf:language": [
                "de"
              ],
              "rdf:predicate": [
                "additionalInformation"
              ]
            }
          ]
        }
      ],
      "@type": [
        "schema:Place",
        "Place"
      ]
    }
  ],
  "isOwnedBy": [
    {
      "@id": "https://data.datatourisme.fr/23940bd2-9731-38c7-a10e-636c62e84fbb",
      "schema:email": [
        "m.bachelery@valdoise-tourisme.com",
        "s.benchikh@valdoise-tourisme.com"
      ],
      "schema:legalName": "Val d'Oise Tourisme",
      "@type": [
        "schema:Organization",
        "foaf:Agent",
        "Agent"
      ],
      "foaf:homepage": [
        "https://www.valdoise-tourisme.com/"
      ]
    }
  ],
  "lastUpdate": "2023-03-01",
  "lastUpdateDatatourisme": "2023-03-02T06:41:27.87Z"
}