{
  "@id": "https://data.datatourisme.fr/13/0417d49c-8b65-3486-a9c3-ba5ab9794d8e",
  "dc:identifier": "5313061",
  "schema:endDate": [
    "2023-12-31"
  ],
  "schema:startDate": [
    "2023-01-01"
  ],
  "@type": [
    "schema:Event",
    "schema:SaleEvent",
    "EntertainmentAndEvent",
    "Market",
    "PointOfInterest",
    "SaleEvent"
  ],
  "rdfs:comment": {
    "de": [
      "Der Markt Axe Majeur / Horloge bietet Ihnen das ganze Jahr über Schnäppchen.\r\nWo ?oberhalb des RER-Bahnhofs Saint Christophe, Rue de l'Abondance, Place du Marché, Avenue Mondétour"
    ],
    "en": [
      "The Axe Majeur / Clock Market offers you good deals all year round.\r\nWhere? Upstream of the Saint Christophe RER station, rue de l'Abondance, place du marché, avenue Mondétour"
    ],
    "it": [
      "Il mercato dell'Axe Majeur / Horloge offre buoni affari tutto l'anno.\r\nDove: a monte della stazione RER di Saint-Christophe, rue de l'Abondance, Place du Marché, Avenue Mondétour"
    ],
    "fr": [
      "Le marché Axe Majeur / Horloge vous propose toute l'année de bonnes affaires.\r\nOù ?en amont de la gare RER Saint Christophe, rue de l'Abondance, place du marché, avenue Mondétour"
    ],
    "es": [
      "El mercado Axe Majeur / Horloge ofrece buenas ofertas durante todo el año.\r\n¿Dónde? Al principio de la estación de RER de Saint Christophe, rue de l'Abondance, Place du Marché, Avenue Mondétour"
    ],
    "nl": [
      "De Axe Majeur / Horloge markt biedt het hele jaar door goede deals.\r\nWaar? Stroomopwaarts van het station Saint Christophe, rue de l'Abondance, Place du Marché, Avenue Mondétour"
    ]
  },
  "rdfs:label": {
    "fr": [
      "Marché Axe Majeur / Horloge"
    ]
  },
  "hasBeenCreatedBy": {
    "@id": "https://data.datatourisme.fr/13/bc573864-331a-3e42-a451-1de6f678aa83",
    "dc:identifier": "1626",
    "schema:email": [
      "abernard@ot-cergypontoise.fr",
      "accueil@ot-cergypontoise.fr",
      "cherault@ot-cergypontoise.fr",
      "cpagnoux@ot-cergypontoise.fr",
      "cpratte@ot-cergypontoise.fr",
      "mcassort@ot-cergypontoise.fr",
      "mfrancois@ot-cergypontoise.fr",
      "mroux@ot-cergypontoise.fr",
      "vvergneaux@ot-cergypontoise.fr"
    ],
    "schema:legalName": "Office de Tourisme de Cergy-Pontoise - Porte du Vexin",
    "@type": [
      "schema:Organization",
      "foaf:Agent",
      "Agent"
    ],
    "foaf:homepage": [
      "http://www.ot-cergypontoise.fr/"
    ]
  },
  "hasBeenPublishedBy": [
    {
      "@id": "https://data.datatourisme.fr/8a9feb4b-2cbd-3d2c-b507-bd6c6776b23b",
      "schema:legalName": "Apidae Tourisme Scic SA - source : Apidae Tourisme",
      "@type": [
        "schema:Organization",
        "foaf:Agent",
        "Agent"
      ],
      "foaf:homepage": [
        "https://www.apidae-tourisme.com/"
      ]
    }
  ],
  "hasContact": [
    {
      "@id": "https://data.datatourisme.fr/1d413993-f00a-31ab-bd0b-62edd6872b3f",
      "schema:telephone": [
        "+33 1 34 33 44 00"
      ],
      "@type": [
        "foaf:Agent",
        "Agent"
      ],
      "foaf:homepage": [
        "http://www.cergy.fr/notre-ville/lieux-cles/commerces-et-entreprises/marches-cergyssois/"
      ]
    }
  ],
  "hasDescription": [
    {
      "@id": "https://data.datatourisme.fr/a66875eb-9dd4-3cf1-8a02-ba22ebd839e4",
      "@type": [
        "Description"
      ],
      "hasTranslatedProperty": [
        {
          "@id": "https://data.datatourisme.fr/25062ee3-618a-3e57-8b07-0b12361fd85f",
          "dc:contributor": [
            "https://api.deepl.com/v2/translate"
          ],
          "rdf:language": [
            "en"
          ],
          "rdf:predicate": [
            "shortDescription"
          ]
        },
        {
          "@id": "https://data.datatourisme.fr/5661465d-6c39-3224-8fde-498d14b24c0b",
          "dc:contributor": [
            "https://api.deepl.com/v2/translate"
          ],
          "rdf:language": [
            "es"
          ],
          "rdf:predicate": [
            "shortDescription"
          ]
        },
        {
          "@id": "https://data.datatourisme.fr/79a71e03-12c7-313d-813b-1c8ab6b874d8",
          "dc:contributor": [
            "https://api.deepl.com/v2/translate"
          ],
          "rdf:language": [
            "it"
          ],
          "rdf:predicate": [
            "shortDescription"
          ]
        },
        {
          "@id": "https://data.datatourisme.fr/8ffadbb0-c33a-35ef-882f-c0513f0bb7d9",
          "dc:contributor": [
            "https://api.deepl.com/v2/translate"
          ],
          "rdf:language": [
            "de"
          ],
          "rdf:predicate": [
            "shortDescription"
          ]
        },
        {
          "@id": "https://data.datatourisme.fr/fea22038-c5b1-3282-885f-3d6169e9d6b0",
          "dc:contributor": [
            "https://api.deepl.com/v2/translate"
          ],
          "rdf:language": [
            "nl"
          ],
          "rdf:predicate": [
            "shortDescription"
          ]
        }
      ],
      "shortDescription": {
        "de": [
          "Der Markt Axe Majeur / Horloge bietet Ihnen das ganze Jahr über Schnäppchen.\r\nWo ?oberhalb des RER-Bahnhofs Saint Christophe, Rue de l'Abondance, Place du Marché, Avenue Mondétour"
        ],
        "en": [
          "The Axe Majeur / Clock Market offers you good deals all year round.\r\nWhere? Upstream of the Saint Christophe RER station, rue de l'Abondance, place du marché, avenue Mondétour"
        ],
        "it": [
          "Il mercato dell'Axe Majeur / Horloge offre buoni affari tutto l'anno.\r\nDove: a monte della stazione RER di Saint-Christophe, rue de l'Abondance, Place du Marché, Avenue Mondétour"
        ],
        "fr": [
          "Le marché Axe Majeur / Horloge vous propose toute l'année de bonnes affaires.\r\nOù ?en amont de la gare RER Saint Christophe, rue de l'Abondance, place du marché, avenue Mondétour"
        ],
        "es": [
          "El mercado Axe Majeur / Horloge ofrece buenas ofertas durante todo el año.\r\n¿Dónde? Al principio de la estación de RER de Saint Christophe, rue de l'Abondance, Place du Marché, Avenue Mondétour"
        ],
        "nl": [
          "De Axe Majeur / Horloge markt biedt het hele jaar door goede deals.\r\nWaar? Stroomopwaarts van het station Saint Christophe, rue de l'Abondance, Place du Marché, Avenue Mondétour"
        ]
      }
    }
  ],
  "hasTranslatedProperty": [
    {
      "@id": "https://data.datatourisme.fr/08af9644-1a1b-3526-8589-9aa225dad89f",
      "dc:contributor": [
        "https://api.deepl.com/v2/translate"
      ],
      "rdf:language": [
        "nl"
      ],
      "rdf:predicate": [
        {
          "@id": "rdfs:comment"
        }
      ]
    },
    {
      "@id": "https://data.datatourisme.fr/2679e7d9-6281-3743-b6ca-85867badd91a",
      "dc:contributor": [
        "https://api.deepl.com/v2/translate"
      ],
      "rdf:language": [
        "es"
      ],
      "rdf:predicate": [
        {
          "@id": "rdfs:comment"
        }
      ]
    },
    {
      "@id": "https://data.datatourisme.fr/7e7ac5c8-4c18-3628-991e-913b3a2b30cd",
      "dc:contributor": [
        "https://api.deepl.com/v2/translate"
      ],
      "rdf:language": [
        "it"
      ],
      "rdf:predicate": [
        {
          "@id": "rdfs:comment"
        }
      ]
    },
    {
      "@id": "https://data.datatourisme.fr/b8119ba2-ada2-362f-a0ec-d033fc7c075c",
      "dc:contributor": [
        "https://api.deepl.com/v2/translate"
      ],
      "rdf:language": [
        "de"
      ],
      "rdf:predicate": [
        {
          "@id": "rdfs:comment"
        }
      ]
    },
    {
      "@id": "https://data.datatourisme.fr/f268079d-0552-347a-90b0-9dff490a6252",
      "dc:contributor": [
        "https://api.deepl.com/v2/translate"
      ],
      "rdf:language": [
        "en"
      ],
      "rdf:predicate": [
        {
          "@id": "rdfs:comment"
        }
      ]
    }
  ],
  "isLocatedAt": [
    {
      "@id": "https://data.datatourisme.fr/95478935-339a-3a3c-b28a-8dc335abbef9",
      "schema:address": [
        {
          "@id": "https://data.datatourisme.fr/a4f4be5b-a680-385e-b954-ec4dcd9b53f1",
          "schema:addressLocality": "Cergy",
          "schema:postalCode": "95000",
          "schema:streetAddress": [
            "Axe Majeur / Horloge",
            "Place du marché"
          ],
          "@type": [
            "schema:PostalAddress",
            "PostalAddress"
          ],
          "hasAddressCity": {
            "@id": "kb:95127",
            "@type": [
              "City"
            ],
            "rdfs:label": {
              "de": [
                "Cergy"
              ],
              "pt": [
                "Cergy"
              ],
              "en": [
                "Cergy"
              ],
              "it": [
                "Cergy"
              ],
              "fr": [
                "Cergy"
              ],
              "nl": [
                "Cergy"
              ],
              "es": [
                "Cergy"
              ]
            },
            "insee": "95127",
            "isPartOfDepartment": {
              "@id": "kb:France1195",
              "@type": [
                "Department"
              ],
              "rdfs:label": {
                "de": [
                  "Val-d'Oise"
                ],
                "pt": [
                  "Val-d'Oise"
                ],
                "en": [
                  "Val-d'Oise"
                ],
                "it": [
                  "Val-d'Oise"
                ],
                "fr": [
                  "Val-d'Oise"
                ],
                "nl": [
                  "Val-d'Oise"
                ],
                "es": [
                  "Val-d'Oise"
                ]
              },
              "insee": "95",
              "isPartOfRegion": {
                "@id": "kb:France11",
                "@type": [
                  "Region"
                ],
                "rdfs:label": {
                  "de": [
                    "Île-de-France"
                  ],
                  "pt": [
                    "Île-de-France"
                  ],
                  "en": [
                    "Île-de-France"
                  ],
                  "it": [
                    "Île-de-France"
                  ],
                  "fr": [
                    "Île-de-France"
                  ],
                  "nl": [
                    "Île-de-France"
                  ],
                  "es": [
                    "Île-de-France"
                  ]
                },
                "insee": "11",
                "isPartOfCountry": {
                  "@id": "kb:France",
                  "@type": [
                    "schema:Country"
                  ],
                  "rdfs:label": {
                    "de": [
                      "France",
                      "Frankreich"
                    ],
                    "pt": [
                      "França",
                      "France"
                    ],
                    "en": [
                      "France"
                    ],
                    "it": [
                      "France",
                      "Francia"
                    ],
                    "fr": [
                      "France"
                    ],
                    "nl": [
                      "France",
                      "Frankrijk"
                    ],
                    "es": [
                      "France",
                      "Francia"
                    ]
                  }
                }
              }
            }
          }
        }
      ],
      "schema:geo": {
        "@id": "https://data.datatourisme.fr/7b2da5a8-aec5-3f23-b32c-0a0d09238799",
        "schema:latitude": "49.048122",
        "schema:longitude": "2.033923",
        "@type": [
          "schema:GeoCoordinates"
        ]
      },
      "schema:openingHoursSpecification": [
        {
          "@id": "https://data.datatourisme.fr/8fbc57df-bc07-35af-9eb6-76d4bd388756",
          "schema:closes": "13:15:00",
          "schema:opens": "08:30:00",
          "schema:validFrom": "2023-01-01T00:00:00",
          "schema:validThrough": "2023-12-31T23:59:59",
          "@type": [
            "schema:OpeningHoursSpecification"
          ]
        }
      ],
      "@type": [
        "schema:Place",
        "Place"
      ]
    }
  ],
  "isOwnedBy": [
    {
      "@id": "https://data.datatourisme.fr/38525452-e91f-39bb-947a-49cf6c966b75",
      "schema:email": [
        "abernard@ot-cergypontoise.fr",
        "accueil@ot-cergypontoise.fr",
        "cherault@ot-cergypontoise.fr",
        "cpagnoux@ot-cergypontoise.fr",
        "cpratte@ot-cergypontoise.fr",
        "mcassort@ot-cergypontoise.fr",
        "mfrancois@ot-cergypontoise.fr",
        "mroux@ot-cergypontoise.fr",
        "vvergneaux@ot-cergypontoise.fr"
      ],
      "schema:legalName": "Office de Tourisme de Cergy-Pontoise - Porte du Vexin",
      "@type": [
        "schema:Organization",
        "foaf:Agent",
        "Agent"
      ],
      "foaf:homepage": [
        "http://www.ot-cergypontoise.fr/"
      ]
    }
  ],
  "lastUpdate": "2021-06-11",
  "lastUpdateDatatourisme": "2023-02-01T18:07:35.784Z",
  "takesPlaceAt": [
    {
      "@id": "https://data.datatourisme.fr/7b1fb99b-a47c-3f13-a757-c8af38b30a7a",
      "@type": [
        "Period",
        "RecurrentPeriod"
      ],
      "appliesOnDay": [
        {
          "@id": "schema:Saturday",
          "@type": [
            "schema:DayOfWeek"
          ],
          "rdfs:label": {
            "de": [
              "Samstag"
            ],
            "pt": [
              "Sábado"
            ],
            "en": [
              "Saturday"
            ],
            "it": [
              "Sabato"
            ],
            "fr": [
              "Samedi"
            ],
            "nl": [
              "Zaterdag"
            ],
            "es": [
              "Sábado"
            ]
          }
        },
        {
          "@id": "schema:Wednesday",
          "@type": [
            "schema:DayOfWeek"
          ],
          "rdfs:label": {
            "de": [
              "Mittwoch"
            ],
            "pt": [
              "Quarta-feira"
            ],
            "en": [
              "Wednesday"
            ],
            "it": [
              "Mercoledì"
            ],
            "fr": [
              "Mercredi"
            ],
            "nl": [
              "Woensdag"
            ],
            "es": [
              "Miércoles"
            ]
          }
        }
      ],
      "endDate": "2023-12-31",
      "endTime": "13:15:00",
      "startDate": "2023-01-01",
      "startTime": "08:30:00"
    }
  ]
}