{
  "@id": "https://data.datatourisme.fr/13/0450d659-15e8-31ee-b355-9ca12eb92d12",
  "dc:identifier": "5725224",
  "@type": [
    "schema:FoodEstablishment",
    "FoodEstablishment",
    "PlaceOfInterest",
    "PointOfInterest"
  ],
  "rdfs:comment": {
    "de": [
      "Restaurant und Foodtruck mit Bio- und Gourmetgerichten"
    ],
    "en": [
      "Restaurant and foodtruck of gourmet and bio meals"
    ],
    "it": [
      "Ristorante e foodtruck con piatti biologici e gourmet"
    ],
    "fr": [
      "Restaurant et foodtruck de plats bio et gourmand"
    ],
    "es": [
      "Restaurante y foodtruck con platos ecológicos y gourmet"
    ],
    "nl": [
      "Restaurant en foodtruck met biologische en gastronomische gerechten"
    ]
  },
  "rdfs:label": {
    "en": [
      "The Little Island Foodtruck and caterer"
    ],
    "fr": [
      "The Little Island Foodtruck & traiteur"
    ]
  },
  "hasBeenCreatedBy": {
    "@id": "https://data.datatourisme.fr/13/4f16c818-875d-3fcb-a867-c7bdc89be7eb",
    "dc:identifier": "1085",
    "schema:email": [
      "d.gougetdelandres@millylaforet-tourisme.com"
    ],
    "schema:legalName": "Office de Tourisme de Milly-la-Forêt",
    "@type": [
      "schema:Organization",
      "foaf:Agent",
      "Agent"
    ]
  },
  "hasBeenPublishedBy": [
    {
      "@id": "https://data.datatourisme.fr/8a9feb4b-2cbd-3d2c-b507-bd6c6776b23b",
      "schema:legalName": "Apidae Tourisme Scic SA - source : Apidae Tourisme",
      "@type": [
        "schema:Organization",
        "foaf:Agent",
        "Agent"
      ],
      "foaf:homepage": [
        "https://www.apidae-tourisme.com/"
      ]
    }
  ],
  "hasContact": [
    {
      "@id": "https://data.datatourisme.fr/2c36feb3-41c4-3e59-8914-df8d4a5b546c",
      "schema:email": [
        "thebigisland.milly@gmail.com"
      ],
      "schema:telephone": [
        "+33 6 43 25 50 06"
      ],
      "@type": [
        "foaf:Agent",
        "Agent"
      ],
      "foaf:homepage": [
        "https://thebigisland.fr/"
      ]
    }
  ],
  "hasDescription": [
    {
      "@id": "https://data.datatourisme.fr/e043d724-ca98-3cff-8bd1-d57236320506",
      "@type": [
        "Description"
      ],
      "hasTranslatedProperty": [
        {
          "@id": "https://data.datatourisme.fr/229fc372-1253-3f1f-ac0d-6b56d93b89a9",
          "dc:contributor": [
            "https://api.deepl.com/v2/translate"
          ],
          "rdf:language": [
            "it"
          ],
          "rdf:predicate": [
            "shortDescription"
          ]
        },
        {
          "@id": "https://data.datatourisme.fr/22bb2ebc-99e4-33c4-ae6f-0040508e4f5a",
          "dc:contributor": [
            "https://api.deepl.com/v2/translate"
          ],
          "rdf:language": [
            "nl"
          ],
          "rdf:predicate": [
            "shortDescription"
          ]
        },
        {
          "@id": "https://data.datatourisme.fr/5791d09d-aabf-346c-af57-7b535d43be49",
          "dc:contributor": [
            "https://api.deepl.com/v2/translate"
          ],
          "rdf:language": [
            "es"
          ],
          "rdf:predicate": [
            "shortDescription"
          ]
        },
        {
          "@id": "https://data.datatourisme.fr/ffa20bfd-b94e-369a-ab14-459ae69cbd8f",
          "dc:contributor": [
            "https://api.deepl.com/v2/translate"
          ],
          "rdf:language": [
            "de"
          ],
          "rdf:predicate": [
            "shortDescription"
          ]
        }
      ],
      "shortDescription": {
        "de": [
          "Restaurant und Foodtruck mit Bio- und Gourmetgerichten"
        ],
        "en": [
          "Restaurant and foodtruck of gourmet and bio meals"
        ],
        "it": [
          "Ristorante e foodtruck con piatti biologici e gourmet"
        ],
        "fr": [
          "Restaurant et foodtruck de plats bio et gourmand"
        ],
        "es": [
          "Restaurante y foodtruck con platos ecológicos y gourmet"
        ],
        "nl": [
          "Restaurant en foodtruck met biologische en gastronomische gerechten"
        ]
      }
    }
  ],
  "hasTranslatedProperty": [
    {
      "@id": "https://data.datatourisme.fr/739bcec2-c88a-30bb-96ee-922160434cf2",
      "dc:contributor": [
        "https://api.deepl.com/v2/translate"
      ],
      "rdf:language": [
        "es"
      ],
      "rdf:predicate": [
        {
          "@id": "rdfs:comment"
        }
      ]
    },
    {
      "@id": "https://data.datatourisme.fr/79408921-32fe-36d7-b686-ce9cb15f8eb5",
      "dc:contributor": [
        "https://api.deepl.com/v2/translate"
      ],
      "rdf:language": [
        "de"
      ],
      "rdf:predicate": [
        {
          "@id": "rdfs:comment"
        }
      ]
    },
    {
      "@id": "https://data.datatourisme.fr/b60fbe4c-0632-3cd6-9a51-b66a01a41443",
      "dc:contributor": [
        "https://api.deepl.com/v2/translate"
      ],
      "rdf:language": [
        "nl"
      ],
      "rdf:predicate": [
        {
          "@id": "rdfs:comment"
        }
      ]
    },
    {
      "@id": "https://data.datatourisme.fr/db503ba6-ef6d-36ff-890d-ba88683a0ee2",
      "dc:contributor": [
        "https://api.deepl.com/v2/translate"
      ],
      "rdf:language": [
        "it"
      ],
      "rdf:predicate": [
        {
          "@id": "rdfs:comment"
        }
      ]
    }
  ],
  "isLocatedAt": [
    {
      "@id": "https://data.datatourisme.fr/34484083-189d-3923-8997-6a247b438d41",
      "schema:address": [
        {
          "@id": "https://data.datatourisme.fr/58247fc4-fac1-3c36-821d-ca38e1ea2fe7",
          "schema:addressLocality": "Milly-la-Forêt",
          "schema:postalCode": "91490",
          "schema:streetAddress": [
            "25 avenue de Ganay"
          ],
          "@type": [
            "schema:PostalAddress",
            "PostalAddress"
          ],
          "hasAddressCity": {
            "@id": "kb:91405",
            "@type": [
              "City"
            ],
            "rdfs:label": {
              "de": [
                "Milly-la-Forêt"
              ],
              "pt": [
                "Milly-la-Forêt"
              ],
              "en": [
                "Milly-la-Forêt"
              ],
              "it": [
                "Milly-la-Forêt"
              ],
              "fr": [
                "Milly-la-Forêt"
              ],
              "nl": [
                "Milly-la-Forêt"
              ],
              "es": [
                "Milly-la-Forêt"
              ]
            },
            "insee": "91405",
            "isPartOfDepartment": {
              "@id": "kb:France1191",
              "@type": [
                "Department"
              ],
              "rdfs:label": {
                "de": [
                  "Essonne"
                ],
                "pt": [
                  "Essonne"
                ],
                "en": [
                  "Essonne"
                ],
                "it": [
                  "Essonne"
                ],
                "fr": [
                  "Essonne"
                ],
                "nl": [
                  "Essonne"
                ],
                "es": [
                  "Essonne"
                ]
              },
              "insee": "91",
              "isPartOfRegion": {
                "@id": "kb:France11",
                "@type": [
                  "Region"
                ],
                "rdfs:label": {
                  "de": [
                    "Île-de-France"
                  ],
                  "pt": [
                    "Île-de-France"
                  ],
                  "en": [
                    "Île-de-France"
                  ],
                  "it": [
                    "Île-de-France"
                  ],
                  "fr": [
                    "Île-de-France"
                  ],
                  "nl": [
                    "Île-de-France"
                  ],
                  "es": [
                    "Île-de-France"
                  ]
                },
                "insee": "11",
                "isPartOfCountry": {
                  "@id": "kb:France",
                  "@type": [
                    "schema:Country"
                  ],
                  "rdfs:label": {
                    "de": [
                      "France",
                      "Frankreich"
                    ],
                    "pt": [
                      "França",
                      "France"
                    ],
                    "en": [
                      "France"
                    ],
                    "it": [
                      "France",
                      "Francia"
                    ],
                    "fr": [
                      "France"
                    ],
                    "nl": [
                      "France",
                      "Frankrijk"
                    ],
                    "es": [
                      "France",
                      "Francia"
                    ]
                  }
                }
              }
            }
          }
        }
      ],
      "schema:geo": {
        "@id": "https://data.datatourisme.fr/5521fc89-37fc-375d-bbbc-15168d0e03b3",
        "schema:latitude": "48.405017",
        "schema:longitude": "2.46977",
        "@type": [
          "schema:GeoCoordinates"
        ]
      },
      "schema:openingHoursSpecification": [
        {
          "@id": "https://data.datatourisme.fr/f87e535a-636d-3343-ad63-8a03392e7511",
          "schema:validFrom": "2023-01-01T00:00:00",
          "schema:validThrough": "2023-12-31T23:59:59",
          "@type": [
            "schema:OpeningHoursSpecification"
          ]
        }
      ],
      "@type": [
        "schema:Place",
        "Place"
      ]
    }
  ],
  "isOwnedBy": [
    {
      "@id": "https://data.datatourisme.fr/ba14239d-77c2-3f22-8840-5bca53349549",
      "schema:email": [
        "d.gougetdelandres@millylaforet-tourisme.com"
      ],
      "schema:legalName": "Office de Tourisme de Milly-la-Forêt",
      "@type": [
        "schema:Organization",
        "foaf:Agent",
        "Agent"
      ]
    }
  ],
  "lastUpdate": "2022-10-08",
  "lastUpdateDatatourisme": "2023-02-28T06:40:59.571Z"
}