{
  "@id": "https://data.datatourisme.fr/13/04ed71ae-b5a1-31b1-88a5-b36e0636ea64",
  "dc:identifier": "6192959",
  "@type": [
    "schema:LocalBusiness",
    "PlaceOfInterest",
    "PointOfInterest",
    "Store"
  ],
  "rdfs:comment": {
    "de": [
      "Eine ungewöhnliche Art, die Ufer der Seine und des Loing zu entdecken und an einem natürlichen Ort dem Alltag zu entfliehen!"
    ],
    "en": [
      "An unusual way to discover the banks of the Seine and Loing rivers and escape to a natural setting!"
    ],
    "it": [
      "Un modo insolito per scoprire le rive della Senna e del Loing e per staccare la spina in un ambiente naturale!"
    ],
    "fr": [
      "Une manière insolite de découvrir les bords de Seine et du Loing et de s'évader dans un endroit naturel !"
    ],
    "es": [
      "Una forma insólita de descubrir las orillas de los ríos Sena y Loing y evadirse en un entorno natural"
    ],
    "nl": [
      "Een ongewone manier om de oevers van de Seine en de Loing te ontdekken en er even tussenuit te gaan in een natuurlijke omgeving!"
    ]
  },
  "rdfs:label": {
    "fr": [
      "Ambiance Seine"
    ]
  },
  "hasBeenCreatedBy": {
    "@id": "https://data.datatourisme.fr/13/84f0f204-82cd-37e5-aaca-f7364a643d33",
    "dc:identifier": "1640",
    "schema:email": [
      "fabrizia.brun@ccmsl.com",
      "marie.striebel@ccmsl.com",
      "tourisme@ccmsl.com"
    ],
    "schema:legalName": "Communauté de Communes Moret Seine et Loing",
    "@type": [
      "schema:Organization",
      "foaf:Agent",
      "Agent"
    ],
    "foaf:homepage": [
      "http://www.ccmsl.fr/"
    ]
  },
  "hasBeenPublishedBy": [
    {
      "@id": "https://data.datatourisme.fr/1db24fc4-b534-39bf-bdaf-152c6f98730e",
      "schema:legalName": "Seine et Marne Attractivité - source : Apidae Tourisme",
      "@type": [
        "schema:Organization",
        "foaf:Agent",
        "Agent"
      ],
      "foaf:homepage": [
        "https://www.apidae-tourisme.com/"
      ]
    }
  ],
  "hasContact": [
    {
      "@id": "https://data.datatourisme.fr/171b085f-0f8c-3870-8eda-80bdc6ef434a",
      "schema:email": [
        "contact@ambianceseine.com"
      ],
      "schema:telephone": [
        "+33 7 66 26 77 53"
      ],
      "@type": [
        "foaf:Agent",
        "Agent"
      ],
      "foaf:homepage": [
        "https://www.ambianceseine.com/"
      ]
    }
  ],
  "hasDescription": [
    {
      "@id": "https://data.datatourisme.fr/eb45ea10-7165-33b0-95da-fdaae4e87d17",
      "@type": [
        "Description"
      ],
      "hasTranslatedProperty": [
        {
          "@id": "https://data.datatourisme.fr/027613cc-9a19-3a4b-9e13-9bd8daca4441",
          "dc:contributor": [
            "https://api.deepl.com/v2/translate"
          ],
          "rdf:language": [
            "de"
          ],
          "rdf:predicate": [
            "shortDescription"
          ]
        },
        {
          "@id": "https://data.datatourisme.fr/2f6c4859-8490-375d-9b4a-5d5c3c18593e",
          "dc:contributor": [
            "https://api.deepl.com/v2/translate"
          ],
          "rdf:language": [
            "en"
          ],
          "rdf:predicate": [
            "shortDescription"
          ]
        },
        {
          "@id": "https://data.datatourisme.fr/781973d6-7399-34c8-aa7a-450ac688be79",
          "dc:contributor": [
            "https://api.deepl.com/v2/translate"
          ],
          "rdf:language": [
            "it"
          ],
          "rdf:predicate": [
            "shortDescription"
          ]
        },
        {
          "@id": "https://data.datatourisme.fr/b75460a4-6ba8-342c-841a-e1798ccc520f",
          "dc:contributor": [
            "https://api.deepl.com/v2/translate"
          ],
          "rdf:language": [
            "es"
          ],
          "rdf:predicate": [
            "shortDescription"
          ]
        },
        {
          "@id": "https://data.datatourisme.fr/cac7d5e9-5511-34b3-bcaa-89ca587d4082",
          "dc:contributor": [
            "https://api.deepl.com/v2/translate"
          ],
          "rdf:language": [
            "nl"
          ],
          "rdf:predicate": [
            "shortDescription"
          ]
        }
      ],
      "shortDescription": {
        "de": [
          "Eine ungewöhnliche Art, die Ufer der Seine und des Loing zu entdecken und an einem natürlichen Ort dem Alltag zu entfliehen!"
        ],
        "en": [
          "An unusual way to discover the banks of the Seine and Loing rivers and escape to a natural setting!"
        ],
        "it": [
          "Un modo insolito per scoprire le rive della Senna e del Loing e per staccare la spina in un ambiente naturale!"
        ],
        "fr": [
          "Une manière insolite de découvrir les bords de Seine et du Loing et de s'évader dans un endroit naturel !"
        ],
        "es": [
          "Una forma insólita de descubrir las orillas de los ríos Sena y Loing y evadirse en un entorno natural"
        ],
        "nl": [
          "Een ongewone manier om de oevers van de Seine en de Loing te ontdekken en er even tussenuit te gaan in een natuurlijke omgeving!"
        ]
      }
    }
  ],
  "hasTheme": [
    {
      "@id": "kb:ATV",
      "@type": [
        "SportsTheme"
      ],
      "rdfs:label": {
        "de": [
          "MTB"
        ],
        "pt": [
          "Bicicleta-todo-o-terreno (BTT)"
        ],
        "en": [
          "Atv"
        ],
        "it": [
          "Mountain bike"
        ],
        "fr": [
          "Vtt"
        ],
        "nl": [
          "Mountainbike"
        ],
        "es": [
          "BTT"
        ]
      }
    },
    {
      "@id": "kb:Bike",
      "@type": [
        "SportsTheme"
      ],
      "rdfs:label": {
        "de": [
          "Fahrrad"
        ],
        "pt": [
          "Bicicleta"
        ],
        "en": [
          "Bike"
        ],
        "it": [
          "Bicicletta"
        ],
        "fr": [
          "Vélo"
        ],
        "nl": [
          "Fiets"
        ],
        "es": [
          "Bicicleta"
        ]
      }
    },
    {
      "@id": "kb:StandupPaddleboarding",
      "@type": [
        "SportsTheme"
      ],
      "rdfs:label": {
        "de": [
          "Stand-up Paddle (SUP)"
        ],
        "pt": [
          "Paddle de pé (SUP)"
        ],
        "en": [
          "Standup paddleboarding"
        ],
        "it": [
          "Stand up paddle (SUP)"
        ],
        "fr": [
          "Stand up paddle sup"
        ],
        "es": [
          "Tabla de pádel surf"
        ],
        "nl": [
          "Suppen"
        ]
      }
    }
  ],
  "hasTranslatedProperty": [
    {
      "@id": "https://data.datatourisme.fr/0df44646-a91b-353d-ba84-f50ea8109320",
      "dc:contributor": [
        "https://api.deepl.com/v2/translate"
      ],
      "rdf:language": [
        "nl"
      ],
      "rdf:predicate": [
        {
          "@id": "rdfs:comment"
        }
      ]
    },
    {
      "@id": "https://data.datatourisme.fr/4421053e-aa81-379b-b931-53633e166efa",
      "dc:contributor": [
        "https://api.deepl.com/v2/translate"
      ],
      "rdf:language": [
        "it"
      ],
      "rdf:predicate": [
        {
          "@id": "rdfs:comment"
        }
      ]
    },
    {
      "@id": "https://data.datatourisme.fr/67cd4049-44d8-3ea9-9f98-9dbbb0c60458",
      "dc:contributor": [
        "https://api.deepl.com/v2/translate"
      ],
      "rdf:language": [
        "de"
      ],
      "rdf:predicate": [
        {
          "@id": "rdfs:comment"
        }
      ]
    },
    {
      "@id": "https://data.datatourisme.fr/820fbbd2-2d21-34d5-87c0-a3427fdb5a1f",
      "dc:contributor": [
        "https://api.deepl.com/v2/translate"
      ],
      "rdf:language": [
        "en"
      ],
      "rdf:predicate": [
        {
          "@id": "rdfs:comment"
        }
      ]
    },
    {
      "@id": "https://data.datatourisme.fr/c13548d9-2277-3aeb-8c88-e0574f7282cb",
      "dc:contributor": [
        "https://api.deepl.com/v2/translate"
      ],
      "rdf:language": [
        "es"
      ],
      "rdf:predicate": [
        {
          "@id": "rdfs:comment"
        }
      ]
    }
  ],
  "isLocatedAt": [
    {
      "@id": "https://data.datatourisme.fr/cd814795-0950-3a91-a9a5-63ab203daa5a",
      "schema:address": [
        {
          "@id": "https://data.datatourisme.fr/8989ba6f-6e04-32c5-839b-9c083ef21425",
          "schema:addressLocality": "Thomery",
          "schema:postalCode": "77810",
          "@type": [
            "schema:PostalAddress",
            "PostalAddress"
          ],
          "hasAddressCity": {
            "@id": "kb:77463",
            "@type": [
              "City"
            ],
            "rdfs:label": {
              "de": [
                "Thomery"
              ],
              "pt": [
                "Thomery"
              ],
              "en": [
                "Thomery"
              ],
              "it": [
                "Thomery"
              ],
              "fr": [
                "Thomery"
              ],
              "nl": [
                "Thomery"
              ],
              "es": [
                "Thomery"
              ]
            },
            "insee": "77463",
            "isPartOfDepartment": {
              "@id": "kb:France1177",
              "@type": [
                "Department"
              ],
              "rdfs:label": {
                "de": [
                  "Seine-et-Marne"
                ],
                "pt": [
                  "Seine-et-Marne"
                ],
                "en": [
                  "Seine-et-Marne"
                ],
                "it": [
                  "Seine-et-Marne"
                ],
                "fr": [
                  "Seine-et-Marne"
                ],
                "nl": [
                  "Seine-et-Marne"
                ],
                "es": [
                  "Seine-et-Marne"
                ]
              },
              "insee": "77",
              "isPartOfRegion": {
                "@id": "kb:France11",
                "@type": [
                  "Region"
                ],
                "rdfs:label": {
                  "de": [
                    "Île-de-France"
                  ],
                  "pt": [
                    "Île-de-France"
                  ],
                  "en": [
                    "Île-de-France"
                  ],
                  "it": [
                    "Île-de-France"
                  ],
                  "fr": [
                    "Île-de-France"
                  ],
                  "nl": [
                    "Île-de-France"
                  ],
                  "es": [
                    "Île-de-France"
                  ]
                },
                "insee": "11",
                "isPartOfCountry": {
                  "@id": "kb:France",
                  "@type": [
                    "schema:Country"
                  ],
                  "rdfs:label": {
                    "de": [
                      "France",
                      "Frankreich"
                    ],
                    "pt": [
                      "França",
                      "France"
                    ],
                    "en": [
                      "France"
                    ],
                    "it": [
                      "France",
                      "Francia"
                    ],
                    "fr": [
                      "France"
                    ],
                    "nl": [
                      "France",
                      "Frankrijk"
                    ],
                    "es": [
                      "France",
                      "Francia"
                    ]
                  }
                }
              }
            }
          }
        }
      ],
      "schema:geo": {
        "@id": "https://data.datatourisme.fr/2ceaba4d-f51c-37a9-a23d-e8b5811600ba",
        "schema:latitude": "48.393529",
        "schema:longitude": "2.788739",
        "@type": [
          "schema:GeoCoordinates"
        ]
      },
      "schema:openingHoursSpecification": [
        {
          "@id": "https://data.datatourisme.fr/f87e535a-636d-3343-ad63-8a03392e7511",
          "schema:validFrom": "2023-01-01T00:00:00",
          "schema:validThrough": "2023-12-31T23:59:59",
          "@type": [
            "schema:OpeningHoursSpecification"
          ]
        }
      ],
      "@type": [
        "schema:Place",
        "Place"
      ]
    }
  ],
  "isOwnedBy": [
    {
      "@id": "https://data.datatourisme.fr/08b8ab08-0996-31c4-860c-8528c50622ec",
      "schema:email": [
        "fabrizia.brun@ccmsl.com",
        "marie.striebel@ccmsl.com",
        "tourisme@ccmsl.com"
      ],
      "schema:legalName": "Communauté de Communes Moret Seine et Loing",
      "@type": [
        "schema:Organization",
        "foaf:Agent",
        "Agent"
      ],
      "foaf:homepage": [
        "http://www.ccmsl.fr/"
      ]
    }
  ],
  "lastUpdate": "2023-05-25",
  "lastUpdateDatatourisme": "2023-05-26T05:53:38.323Z"
}