{
  "@id": "https://data.datatourisme.fr/13/041f0e69-a347-35dc-95be-06df4b0a88cb",
  "dc:identifier": "861284",
  "@type": [
    "schema:LocalBusiness",
    "ArtGalleryOrExhibitionGallery",
    "PlaceOfInterest",
    "PointOfInterest",
    "SportsAndLeisurePlace",
    "Store"
  ],
  "rdfs:comment": {
    "de": [
      "Dieses Kulturzentrum im Stadtzentrum verfügt über einen Ausstellungsraum und Räume für Kurse (Musik, bildende Kunst, Gymnastik). Außerdem werden hier zahlreiche Praktika organisiert."
    ],
    "en": [
      "This cultural center offers art galleries and rooms for cultural activities : fine arts, gymnastics and music garden. Internships are organized."
    ],
    "it": [
      "Questo centro culturale nel centro della città dispone di una sala espositiva e di aule per la musica, le belle arti e la ginnastica. Qui vengono organizzati anche numerosi corsi."
    ],
    "fr": [
      "Ce Centre Culturel du centre ville dispose d’une salle d’exposition et de salles de cours (musique, beaux-arts, gymnastiques). De nombreux stages y sont aussi organisés."
    ],
    "es": [
      "Este centro cultural situado en el centro de la ciudad cuenta con una sala de exposiciones y aulas de música, bellas artes y gimnasia. También se organizan aquí numerosos cursos."
    ],
    "nl": [
      "Dit culturele centrum in het stadscentrum heeft een tentoonstellingszaal en klaslokalen voor muziek, beeldende kunst en gymnastiek. Hier worden ook veel cursussen georganiseerd."
    ]
  },
  "rdfs:label": {
    "en": [
      "Ermitage Cultural Center"
    ],
    "fr": [
      "Centre Culturel Ermitage"
    ]
  },
  "hasBeenCreatedBy": {
    "@id": "https://data.datatourisme.fr/13/c6036a69-be21-3b66-8499-b75718a3ef24",
    "dc:identifier": "1120",
    "schema:email": [
      "groupes@rueil-tourisme.com",
      "ot@rueil-tourisme.com",
      "servicegroupes@rueil-tourisme.com"
    ],
    "schema:legalName": "Office de Tourisme de Rueil-Malmaison",
    "@type": [
      "schema:Organization",
      "foaf:Agent",
      "Agent"
    ],
    "foaf:homepage": [
      "https://www.rueil-tourisme.com/fr"
    ]
  },
  "hasBeenPublishedBy": [
    {
      "@id": "https://data.datatourisme.fr/8a9feb4b-2cbd-3d2c-b507-bd6c6776b23b",
      "schema:legalName": "Apidae Tourisme Scic SA - source : Apidae Tourisme",
      "@type": [
        "schema:Organization",
        "foaf:Agent",
        "Agent"
      ],
      "foaf:homepage": [
        "https://www.apidae-tourisme.com/"
      ]
    }
  ],
  "hasContact": [
    {
      "@id": "https://data.datatourisme.fr/c2b8fa62-c97c-3f90-8ad8-1a2aebb9df98",
      "schema:email": [
        "accueil.ermitage@accrm92.fr"
      ],
      "schema:telephone": [
        "+33 1 47 52 07 92"
      ],
      "@type": [
        "foaf:Agent",
        "Agent"
      ]
    }
  ],
  "hasDescription": [
    {
      "@id": "https://data.datatourisme.fr/3c878c4c-8386-31a1-96ed-45e90fe9c970",
      "@type": [
        "Description"
      ],
      "hasTranslatedProperty": [
        {
          "@id": "https://data.datatourisme.fr/0a745bcb-1e59-3bc5-8557-ae13c2375da0",
          "dc:contributor": [
            "https://api.deepl.com/v2/translate"
          ],
          "rdf:language": [
            "it"
          ],
          "rdf:predicate": [
            "shortDescription"
          ]
        },
        {
          "@id": "https://data.datatourisme.fr/4510e340-2bec-3335-adbe-1eaaeebd16cc",
          "dc:contributor": [
            "https://api.deepl.com/v2/translate"
          ],
          "rdf:language": [
            "es"
          ],
          "rdf:predicate": [
            "shortDescription"
          ]
        },
        {
          "@id": "https://data.datatourisme.fr/5af3cadc-0496-3657-848b-55390f33e22d",
          "dc:contributor": [
            "https://api.deepl.com/v2/translate"
          ],
          "rdf:language": [
            "nl"
          ],
          "rdf:predicate": [
            "shortDescription"
          ]
        },
        {
          "@id": "https://data.datatourisme.fr/ff1d7941-1114-3448-a005-d513ee0bd937",
          "dc:contributor": [
            "https://api.deepl.com/v2/translate"
          ],
          "rdf:language": [
            "de"
          ],
          "rdf:predicate": [
            "shortDescription"
          ]
        }
      ],
      "shortDescription": {
        "de": [
          "Dieses Kulturzentrum im Stadtzentrum verfügt über einen Ausstellungsraum und Räume für Kurse (Musik, bildende Kunst, Gymnastik). Außerdem werden hier zahlreiche Praktika organisiert."
        ],
        "en": [
          "This cultural center offers art galleries and rooms for cultural activities : fine arts, gymnastics and music garden. Internships are organized."
        ],
        "it": [
          "Questo centro culturale nel centro della città dispone di una sala espositiva e di aule per la musica, le belle arti e la ginnastica. Qui vengono organizzati anche numerosi corsi."
        ],
        "fr": [
          "Ce Centre Culturel du centre ville dispose d’une salle d’exposition et de salles de cours (musique, beaux-arts, gymnastiques). De nombreux stages y sont aussi organisés."
        ],
        "es": [
          "Este centro cultural situado en el centro de la ciudad cuenta con una sala de exposiciones y aulas de música, bellas artes y gimnasia. También se organizan aquí numerosos cursos."
        ],
        "nl": [
          "Dit culturele centrum in het stadscentrum heeft een tentoonstellingszaal en klaslokalen voor muziek, beeldende kunst en gymnastiek. Hier worden ook veel cursussen georganiseerd."
        ]
      }
    }
  ],
  "hasTranslatedProperty": [
    {
      "@id": "https://data.datatourisme.fr/5149bd33-8668-39c4-969c-d4e1854ed22f",
      "dc:contributor": [
        "https://api.deepl.com/v2/translate"
      ],
      "rdf:language": [
        "de"
      ],
      "rdf:predicate": [
        {
          "@id": "rdfs:comment"
        }
      ]
    },
    {
      "@id": "https://data.datatourisme.fr/8a9fa6df-c5a7-3868-96c6-da7ddccc0bd2",
      "dc:contributor": [
        "https://api.deepl.com/v2/translate"
      ],
      "rdf:language": [
        "es"
      ],
      "rdf:predicate": [
        {
          "@id": "rdfs:comment"
        }
      ]
    },
    {
      "@id": "https://data.datatourisme.fr/d40dffe2-ff98-3a6d-abba-820feca3f24b",
      "dc:contributor": [
        "https://api.deepl.com/v2/translate"
      ],
      "rdf:language": [
        "it"
      ],
      "rdf:predicate": [
        {
          "@id": "rdfs:comment"
        }
      ]
    },
    {
      "@id": "https://data.datatourisme.fr/e352025a-b816-380f-85af-ec39e8e5333c",
      "dc:contributor": [
        "https://api.deepl.com/v2/translate"
      ],
      "rdf:language": [
        "nl"
      ],
      "rdf:predicate": [
        {
          "@id": "rdfs:comment"
        }
      ]
    }
  ],
  "isLocatedAt": [
    {
      "@id": "https://data.datatourisme.fr/8f20741c-ea60-387b-beb2-d201e3651a59",
      "schema:address": [
        {
          "@id": "https://data.datatourisme.fr/dc264b66-460a-38c6-aa2f-4ff30a90cc2b",
          "schema:addressLocality": "Rueil-Malmaison",
          "schema:postalCode": "92500",
          "schema:streetAddress": [
            "34 boulevard Richelieu"
          ],
          "@type": [
            "schema:PostalAddress",
            "PostalAddress"
          ],
          "hasAddressCity": {
            "@id": "kb:92063",
            "@type": [
              "City"
            ],
            "rdfs:label": {
              "de": [
                "Rueil-Malmaison"
              ],
              "pt": [
                "Rueil-Malmaison"
              ],
              "en": [
                "Rueil-Malmaison"
              ],
              "it": [
                "Rueil-Malmaison"
              ],
              "fr": [
                "Rueil-Malmaison"
              ],
              "nl": [
                "Rueil-Malmaison"
              ],
              "es": [
                "Rueil-Malmaison"
              ]
            },
            "insee": "92063",
            "isPartOfDepartment": {
              "@id": "kb:France1192",
              "@type": [
                "Department"
              ],
              "rdfs:label": {
                "de": [
                  "Hauts-de-Seine"
                ],
                "pt": [
                  "Hauts-de-Seine"
                ],
                "en": [
                  "Hauts-de-Seine"
                ],
                "it": [
                  "Hauts-de-Seine"
                ],
                "fr": [
                  "Hauts-de-Seine"
                ],
                "nl": [
                  "Hauts-de-Seine"
                ],
                "es": [
                  "Hauts-de-Seine"
                ]
              },
              "insee": "92",
              "isPartOfRegion": {
                "@id": "kb:France11",
                "@type": [
                  "Region"
                ],
                "rdfs:label": {
                  "de": [
                    "Île-de-France"
                  ],
                  "pt": [
                    "Île-de-France"
                  ],
                  "en": [
                    "Île-de-France"
                  ],
                  "it": [
                    "Île-de-France"
                  ],
                  "fr": [
                    "Île-de-France"
                  ],
                  "nl": [
                    "Île-de-France"
                  ],
                  "es": [
                    "Île-de-France"
                  ]
                },
                "insee": "11",
                "isPartOfCountry": {
                  "@id": "kb:France",
                  "@type": [
                    "schema:Country"
                  ],
                  "rdfs:label": {
                    "de": [
                      "France",
                      "Frankreich"
                    ],
                    "pt": [
                      "França",
                      "France"
                    ],
                    "en": [
                      "France"
                    ],
                    "it": [
                      "France",
                      "Francia"
                    ],
                    "fr": [
                      "France"
                    ],
                    "nl": [
                      "France",
                      "Frankrijk"
                    ],
                    "es": [
                      "France",
                      "Francia"
                    ]
                  }
                }
              }
            }
          }
        }
      ],
      "schema:geo": {
        "@id": "https://data.datatourisme.fr/ec98af0b-48c9-3f9f-9f7b-4498d4b07ed3",
        "schema:latitude": "48.86974",
        "schema:longitude": "2.184346",
        "@type": [
          "schema:GeoCoordinates"
        ]
      },
      "schema:openingHoursSpecification": [
        {
          "@id": "https://data.datatourisme.fr/297301ed-3f74-37fd-add3-32fb96267525",
          "schema:closes": "21:00:00",
          "schema:opens": "09:30:00",
          "schema:validFrom": "2023-01-01T00:00:00",
          "schema:validThrough": "2023-12-31T23:59:59",
          "@type": [
            "schema:OpeningHoursSpecification"
          ],
          "additionalInformation": {
            "de": [
              "Außer donnerstags ab 10 Uhr. Freitags von 12:00 bis 13:00 Uhr geschlossen.\r\nAm Samstag von 9:30 bis 18:00 Uhr."
            ],
            "en": [
              "Except on Thursdays from 10:00 a.m. Closed from 12h to 13h on Fridays.\r\nSaturday from 9:30 am to 6 pm."
            ],
            "it": [
              "Tranne il giovedì dalle 10.00. Chiuso il venerdì dalle 12.00 alle 13.00.\r\nSabato dalle 9.30 alle 18.00."
            ],
            "fr": [
              "Sauf le jeudi à partir de 10h. Fermé de 12h à 13h le vendredi.\r\nLe samedi de 9h30 à 18h."
            ],
            "es": [
              "Excepto los jueves a partir de las 10h. Cerrado de 12 a 13 horas el viernes.\r\nSábado de 9.30 a 18.00."
            ],
            "nl": [
              "Behalve op donderdag vanaf 10 uur. Gesloten van 12.00 tot 13.00 uur op vrijdag.\r\nZaterdag van 9.30 tot 18.00 uur."
            ]
          },
          "hasTranslatedProperty": [
            {
              "@id": "https://data.datatourisme.fr/25f330aa-3a3c-30c1-af20-442f7770fa07",
              "dc:contributor": [
                "https://api.deepl.com/v2/translate"
              ],
              "rdf:language": [
                "en"
              ],
              "rdf:predicate": [
                "additionalInformation"
              ]
            },
            {
              "@id": "https://data.datatourisme.fr/5b7aa7db-2154-3ae0-92be-515966c97777",
              "dc:contributor": [
                "https://api.deepl.com/v2/translate"
              ],
              "rdf:language": [
                "nl"
              ],
              "rdf:predicate": [
                "additionalInformation"
              ]
            },
            {
              "@id": "https://data.datatourisme.fr/7e108f31-72bf-3e53-9000-382000ac107a",
              "dc:contributor": [
                "https://api.deepl.com/v2/translate"
              ],
              "rdf:language": [
                "de"
              ],
              "rdf:predicate": [
                "additionalInformation"
              ]
            },
            {
              "@id": "https://data.datatourisme.fr/80b1d4c9-90b8-3568-8b57-cb2e9b622981",
              "dc:contributor": [
                "https://api.deepl.com/v2/translate"
              ],
              "rdf:language": [
                "es"
              ],
              "rdf:predicate": [
                "additionalInformation"
              ]
            },
            {
              "@id": "https://data.datatourisme.fr/fb1b3f2a-69da-3b4d-8a64-e80bcd69e71a",
              "dc:contributor": [
                "https://api.deepl.com/v2/translate"
              ],
              "rdf:language": [
                "it"
              ],
              "rdf:predicate": [
                "additionalInformation"
              ]
            }
          ]
        }
      ],
      "@type": [
        "schema:Place",
        "Place"
      ]
    }
  ],
  "isOwnedBy": [
    {
      "@id": "https://data.datatourisme.fr/967c5318-dfa4-34c5-9a80-4bb71fd26e69",
      "schema:email": [
        "groupes@rueil-tourisme.com",
        "ot@rueil-tourisme.com"
      ],
      "schema:legalName": "Office de Tourisme de Rueil-Malmaison",
      "@type": [
        "schema:Organization",
        "foaf:Agent",
        "Agent"
      ],
      "foaf:homepage": [
        "https://www.rueil-tourisme.com/fr"
      ]
    }
  ],
  "lastUpdate": "2021-12-31",
  "lastUpdateDatatourisme": "2023-05-09T06:07:40.042Z"
}