{
  "@id": "https://data.datatourisme.fr/13/045a3a01-a33a-342d-a19e-a5fb18dac748",
  "dc:identifier": "5133338",
  "@type": [
    "schema:Accommodation",
    "schema:LodgingBusiness",
    "Accommodation",
    "CollectiveAccommodation",
    "HolidayResort",
    "PlaceOfInterest",
    "PointOfInterest"
  ],
  "rdfs:comment": {
    "de": [
      "Auf dem Plateau de Saclay und nur 25 km von Paris entfernt bietet Ihnen die Hotelresidenz Bures la Guyonnerie eine hochwertige, freundliche und komfortable Unterkunft in einem sehr zeitgemäßen Rahmen."
    ],
    "en": [
      "Located on the Saclay plateau just 25 km from Paris, our Bures la Guyonnrie serviced apartments of contemporary design offer quality, comfort and a pleasant, warm atmosphere."
    ],
    "it": [
      "Situato sull'altopiano di Saclay e a soli 25 km da Parigi, l'hotel residence Bures la Guyonnerie offre sistemazioni di qualità, accoglienti e confortevoli in un ambiente molto contemporaneo."
    ],
    "fr": [
      "Située sur le plateau de Saclay et à seulement 25 km de Paris, la résidence hôtelière Bures la Guyonnerie vous offre un hébergement de qualité, convivial et confortable dans un cadre très contemporain."
    ],
    "es": [
      "Situada en la meseta de Saclay y a sólo 25 km de París, la residencia hotelera Bures la Guyonnerie ofrece un alojamiento de calidad, acogedor y confortable en un entorno muy contemporáneo."
    ],
    "nl": [
      "De hotelresidentie Bures la Guyonnerie, gelegen op het plateau van Saclay en op slechts 25 km van Parijs, biedt hoogwaardige, vriendelijke en comfortabele accommodatie in een zeer eigentijds kader."
    ]
  },
  "rdfs:label": {
    "fr": [
      "Residhome la Guyonnerie Bures sur Yvette"
    ]
  },
  "hasBeenCreatedBy": {
    "@id": "https://data.datatourisme.fr/13/e034fb6b-66aa-3c1d-88f4-45ddfb08da98",
    "dc:identifier": "1233",
    "schema:email": [
      "d.trioux@destination-paris-saclay.com"
    ],
    "schema:legalName": "Destination Paris-Saclay",
    "@type": [
      "schema:Organization",
      "foaf:Agent",
      "Agent"
    ],
    "foaf:homepage": [
      "https://www.destination-paris-saclay.com/"
    ]
  },
  "hasBeenPublishedBy": [
    {
      "@id": "https://data.datatourisme.fr/8a9feb4b-2cbd-3d2c-b507-bd6c6776b23b",
      "schema:legalName": "Apidae Tourisme Scic SA - source : Apidae Tourisme",
      "@type": [
        "schema:Organization",
        "foaf:Agent",
        "Agent"
      ],
      "foaf:homepage": [
        "https://www.apidae-tourisme.com/"
      ]
    }
  ],
  "hasContact": [
    {
      "@id": "https://data.datatourisme.fr/943a3a06-f02e-3d6b-9785-54175730e773",
      "schema:telephone": [
        "+33 1 64 86 36 00"
      ],
      "@type": [
        "foaf:Agent",
        "Agent"
      ],
      "foaf:homepage": [
        "https://www.myresidhome.com/bures-sur-yvette/residhome-bures-la-guyonnerie/apparthotel-residence-hoteliere.html"
      ]
    }
  ],
  "hasDescription": [
    {
      "@id": "https://data.datatourisme.fr/3a3058b0-21bc-33a1-9a29-19dfdb508075",
      "@type": [
        "Description"
      ],
      "hasTranslatedProperty": [
        {
          "@id": "https://data.datatourisme.fr/26ca1ea5-b19d-37f3-9118-cebfdfe4e127",
          "dc:contributor": [
            "https://api.deepl.com/v2/translate"
          ],
          "rdf:language": [
            "de"
          ],
          "rdf:predicate": [
            "shortDescription"
          ]
        },
        {
          "@id": "https://data.datatourisme.fr/27094472-eb67-33b3-9daf-d7df4d09407f",
          "dc:contributor": [
            "https://api.deepl.com/v2/translate"
          ],
          "rdf:language": [
            "es"
          ],
          "rdf:predicate": [
            "shortDescription"
          ]
        },
        {
          "@id": "https://data.datatourisme.fr/545f65d3-0173-344e-941c-cfe8ae97c63c",
          "dc:contributor": [
            "https://api.deepl.com/v2/translate"
          ],
          "rdf:language": [
            "nl"
          ],
          "rdf:predicate": [
            "shortDescription"
          ]
        },
        {
          "@id": "https://data.datatourisme.fr/5fc4af8f-edbe-3ce7-a813-6c615f919652",
          "dc:contributor": [
            "https://api.deepl.com/v2/translate"
          ],
          "rdf:language": [
            "it"
          ],
          "rdf:predicate": [
            "shortDescription"
          ]
        }
      ],
      "shortDescription": {
        "de": [
          "Auf dem Plateau de Saclay und nur 25 km von Paris entfernt bietet Ihnen die Hotelresidenz Bures la Guyonnerie eine hochwertige, freundliche und komfortable Unterkunft in einem sehr zeitgemäßen Rahmen."
        ],
        "en": [
          "Located on the Saclay plateau just 25 km from Paris, our Bures la Guyonnrie serviced apartments of contemporary design offer quality, comfort and a pleasant, warm atmosphere."
        ],
        "it": [
          "Situato sull'altopiano di Saclay e a soli 25 km da Parigi, l'hotel residence Bures la Guyonnerie offre sistemazioni di qualità, accoglienti e confortevoli in un ambiente molto contemporaneo."
        ],
        "fr": [
          "Située sur le plateau de Saclay et à seulement 25 km de Paris, la résidence hôtelière Bures la Guyonnerie vous offre un hébergement de qualité, convivial et confortable dans un cadre très contemporain."
        ],
        "es": [
          "Situada en la meseta de Saclay y a sólo 25 km de París, la residencia hotelera Bures la Guyonnerie ofrece un alojamiento de calidad, acogedor y confortable en un entorno muy contemporáneo."
        ],
        "nl": [
          "De hotelresidentie Bures la Guyonnerie, gelegen op het plateau van Saclay en op slechts 25 km van Parijs, biedt hoogwaardige, vriendelijke en comfortabele accommodatie in een zeer eigentijds kader."
        ]
      }
    }
  ],
  "hasTranslatedProperty": [
    {
      "@id": "https://data.datatourisme.fr/02d35eb7-19f3-3e28-a179-d0b5037444d1",
      "dc:contributor": [
        "https://api.deepl.com/v2/translate"
      ],
      "rdf:language": [
        "it"
      ],
      "rdf:predicate": [
        {
          "@id": "rdfs:comment"
        }
      ]
    },
    {
      "@id": "https://data.datatourisme.fr/07a2ba04-59e4-35ec-ba59-a62ba18fd1cf",
      "dc:contributor": [
        "https://api.deepl.com/v2/translate"
      ],
      "rdf:language": [
        "es"
      ],
      "rdf:predicate": [
        {
          "@id": "rdfs:comment"
        }
      ]
    },
    {
      "@id": "https://data.datatourisme.fr/49740d8c-4616-3c4a-a24f-82957f8117a1",
      "dc:contributor": [
        "https://api.deepl.com/v2/translate"
      ],
      "rdf:language": [
        "de"
      ],
      "rdf:predicate": [
        {
          "@id": "rdfs:comment"
        }
      ]
    },
    {
      "@id": "https://data.datatourisme.fr/50c9daf5-a014-3671-875d-a5db2c3622f5",
      "dc:contributor": [
        "https://api.deepl.com/v2/translate"
      ],
      "rdf:language": [
        "nl"
      ],
      "rdf:predicate": [
        {
          "@id": "rdfs:comment"
        }
      ]
    }
  ],
  "isLocatedAt": [
    {
      "@id": "https://data.datatourisme.fr/c92f2684-ee1c-3619-a664-d508bf851787",
      "schema:address": [
        {
          "@id": "https://data.datatourisme.fr/ed83610a-2ec4-35e8-973d-904615967955",
          "schema:addressLocality": "Bures-sur-Yvette",
          "schema:postalCode": "91440",
          "schema:streetAddress": [
            "1 rue de la Guyonnerie"
          ],
          "@type": [
            "schema:PostalAddress",
            "PostalAddress"
          ],
          "hasAddressCity": {
            "@id": "kb:91122",
            "@type": [
              "City"
            ],
            "rdfs:label": {
              "de": [
                "Bures-sur-Yvette"
              ],
              "pt": [
                "Bures-sur-Yvette"
              ],
              "en": [
                "Bures-sur-Yvette"
              ],
              "it": [
                "Bures-sur-Yvette"
              ],
              "fr": [
                "Bures-sur-Yvette"
              ],
              "nl": [
                "Bures-sur-Yvette"
              ],
              "es": [
                "Bures-sur-Yvette"
              ]
            },
            "insee": "91122",
            "isPartOfDepartment": {
              "@id": "kb:France1191",
              "@type": [
                "Department"
              ],
              "rdfs:label": {
                "de": [
                  "Essonne"
                ],
                "pt": [
                  "Essonne"
                ],
                "en": [
                  "Essonne"
                ],
                "it": [
                  "Essonne"
                ],
                "fr": [
                  "Essonne"
                ],
                "nl": [
                  "Essonne"
                ],
                "es": [
                  "Essonne"
                ]
              },
              "insee": "91",
              "isPartOfRegion": {
                "@id": "kb:France11",
                "@type": [
                  "Region"
                ],
                "rdfs:label": {
                  "de": [
                    "Île-de-France"
                  ],
                  "pt": [
                    "Île-de-France"
                  ],
                  "en": [
                    "Île-de-France"
                  ],
                  "it": [
                    "Île-de-France"
                  ],
                  "fr": [
                    "Île-de-France"
                  ],
                  "nl": [
                    "Île-de-France"
                  ],
                  "es": [
                    "Île-de-France"
                  ]
                },
                "insee": "11",
                "isPartOfCountry": {
                  "@id": "kb:France",
                  "@type": [
                    "schema:Country"
                  ],
                  "rdfs:label": {
                    "de": [
                      "France",
                      "Frankreich"
                    ],
                    "pt": [
                      "França",
                      "France"
                    ],
                    "en": [
                      "France"
                    ],
                    "it": [
                      "France",
                      "Francia"
                    ],
                    "fr": [
                      "France"
                    ],
                    "nl": [
                      "France",
                      "Frankrijk"
                    ],
                    "es": [
                      "France",
                      "Francia"
                    ]
                  }
                }
              }
            }
          }
        }
      ],
      "schema:geo": {
        "@id": "https://data.datatourisme.fr/16119c91-ea07-3204-b235-650722d61187",
        "schema:latitude": "48.70346",
        "schema:longitude": "2.1663",
        "@type": [
          "schema:GeoCoordinates"
        ]
      },
      "schema:openingHoursSpecification": [
        {
          "@id": "https://data.datatourisme.fr/3d854034-3781-3e93-b379-40b2e981e8df",
          "schema:validFrom": "2023-01-01T00:00:00",
          "schema:validThrough": "2023-01-31T23:59:59",
          "@type": [
            "schema:OpeningHoursSpecification"
          ]
        }
      ],
      "@type": [
        "schema:Place",
        "Place"
      ]
    }
  ],
  "isOwnedBy": [
    {
      "@id": "https://data.datatourisme.fr/d87037ec-223f-3b91-8276-b2fe7d28f333",
      "schema:email": [
        "d.trioux@destination-paris-saclay.com"
      ],
      "schema:legalName": "Destination Paris-Saclay",
      "@type": [
        "schema:Organization",
        "foaf:Agent",
        "Agent"
      ],
      "foaf:homepage": [
        "https://www.destination-paris-saclay.com/"
      ]
    }
  ],
  "lastUpdate": "2023-01-12",
  "lastUpdateDatatourisme": "2023-02-01T18:07:35.809Z",
  "offers": [
    {
      "@id": "https://data.datatourisme.fr/02f6855a-ab37-3917-8b52-d838669cf7c9",
      "schema:priceSpecification": [
        {
          "@id": "https://data.datatourisme.fr/2303b69d-f2a7-324e-aec7-40d43ee30e12",
          "schema:minPrice": [
            "79"
          ],
          "schema:priceCurrency": "EUR",
          "@type": [
            "schema:PriceSpecification",
            "PriceSpecification"
          ],
          "appliesOnPeriod": [
            {
              "@id": "https://data.datatourisme.fr/a425afdf-3594-300b-b55e-1858bafa3fd4",
              "@type": [
                "Period"
              ],
              "endDate": "2023-12-31",
              "startDate": "2023-01-01"
            }
          ]
        }
      ],
      "@type": [
        "schema:Offer",
        "Offer"
      ]
    }
  ]
}