{
  "@id": "https://data.datatourisme.fr/13/044b10d2-b1a9-3f30-8a13-46c080a56584",
  "dc:identifier": "728913",
  "@type": [
    "schema:AmusementPark",
    "PlaceOfInterest",
    "PointOfInterest",
    "SportsAndLeisurePlace",
    "ThemePark"
  ],
  "rdfs:comment": {
    "de": [
      "Auf dem Disney-See im Disney® Village platziert, steigt PanoraMagique, der größte Fesselballon der Welt, der von www.aerophile.com gebaut wurde, vom Wasser aus in die Luft."
    ],
    "en": [
      "Placed on Lake Disney at Disney® Village, PanoraMagique, the world's largest tethered balloon built by www.aerophile.com rises into the air from the water."
    ],
    "it": [
      "Situato sul Lago Disney al Disney® Village, PanoraMagique, il pallone aerostatico legato più grande del mondo costruito da www.aerophile.com, si alza in aria dall'acqua."
    ],
    "fr": [
      "Placé sur le Lac Disney à Disney® Village, PanoraMagique, le plus grand ballon captif du monde construit par www.aerophile.com monte dans les airs depuis l’eau."
    ],
    "es": [
      "Situado en el lago Disney en el Disney® Village, PanoraMagique, el mayor globo cautivo del mundo construido por www.aerophile.com se eleva en el aire desde el agua."
    ],
    "nl": [
      "Geplaatst op Lake Disney in Disney® Village, stijgt PanoraMagique, 's werelds grootste vastgebonden ballon gebouwd door www.aerophile.com de lucht in vanaf het water."
    ]
  },
  "rdfs:label": {
    "fr": [
      "Ballon captif PanoraMagique - Disney® Village"
    ]
  },
  "hasBeenCreatedBy": {
    "@id": "https://data.datatourisme.fr/13/cc1aa436-2771-38f6-9cda-703991069eaf",
    "dc:identifier": "977",
    "schema:email": [
      "aurore.luneau@attractivite77.fr",
      "marie.dussouchaut@attractivite77.fr",
      "webmaster@attractivite77.fr"
    ],
    "schema:legalName": "Seine et Marne Attractivité",
    "@type": [
      "schema:Organization",
      "foaf:Agent",
      "Agent"
    ],
    "foaf:homepage": [
      "https://www.seineetmarnevivreengrand.fr/"
    ]
  },
  "hasBeenPublishedBy": [
    {
      "@id": "https://data.datatourisme.fr/1db24fc4-b534-39bf-bdaf-152c6f98730e",
      "schema:legalName": "Seine et Marne Attractivité - source : Apidae Tourisme",
      "@type": [
        "schema:Organization",
        "foaf:Agent",
        "Agent"
      ],
      "foaf:homepage": [
        "https://www.apidae-tourisme.com/"
      ]
    }
  ],
  "hasContact": [
    {
      "@id": "https://data.datatourisme.fr/ee49a4f1-a81a-3f41-b5ab-360c5d936d70",
      "schema:telephone": [
        "+33 1 60 45 70 52"
      ],
      "@type": [
        "foaf:Agent",
        "Agent"
      ],
      "foaf:homepage": [
        "http://www.panoramagique.com/"
      ]
    }
  ],
  "hasDescription": [
    {
      "@id": "https://data.datatourisme.fr/37f86aee-a3b1-3b72-ad1e-08014fed9733",
      "@type": [
        "Description"
      ],
      "hasTranslatedProperty": [
        {
          "@id": "https://data.datatourisme.fr/18913982-a31b-32b1-b3c8-ca5ca840156b",
          "dc:contributor": [
            "https://api.deepl.com/v2/translate"
          ],
          "rdf:language": [
            "es"
          ],
          "rdf:predicate": [
            "shortDescription"
          ]
        },
        {
          "@id": "https://data.datatourisme.fr/20ff398d-edbe-3b7c-a2dd-f52c28160df6",
          "dc:contributor": [
            "https://api.deepl.com/v2/translate"
          ],
          "rdf:language": [
            "nl"
          ],
          "rdf:predicate": [
            "shortDescription"
          ]
        },
        {
          "@id": "https://data.datatourisme.fr/2e5edb28-e1f9-37b4-be3b-20af1cfdc37a",
          "dc:contributor": [
            "https://api.deepl.com/v2/translate"
          ],
          "rdf:language": [
            "it"
          ],
          "rdf:predicate": [
            "shortDescription"
          ]
        },
        {
          "@id": "https://data.datatourisme.fr/ada4ac7e-a53a-3c65-8921-f0d2d7885b17",
          "dc:contributor": [
            "https://api.deepl.com/v2/translate"
          ],
          "rdf:language": [
            "de"
          ],
          "rdf:predicate": [
            "shortDescription"
          ]
        },
        {
          "@id": "https://data.datatourisme.fr/ff89e5b5-2958-3510-a9a8-09eff86fbff2",
          "dc:contributor": [
            "https://api.deepl.com/v2/translate"
          ],
          "rdf:language": [
            "en"
          ],
          "rdf:predicate": [
            "shortDescription"
          ]
        }
      ],
      "shortDescription": {
        "de": [
          "Auf dem Disney-See im Disney® Village platziert, steigt PanoraMagique, der größte Fesselballon der Welt, der von www.aerophile.com gebaut wurde, vom Wasser aus in die Luft."
        ],
        "en": [
          "Placed on Lake Disney at Disney® Village, PanoraMagique, the world's largest tethered balloon built by www.aerophile.com rises into the air from the water."
        ],
        "it": [
          "Situato sul Lago Disney al Disney® Village, PanoraMagique, il pallone aerostatico legato più grande del mondo costruito da www.aerophile.com, si alza in aria dall'acqua."
        ],
        "fr": [
          "Placé sur le Lac Disney à Disney® Village, PanoraMagique, le plus grand ballon captif du monde construit par www.aerophile.com monte dans les airs depuis l’eau."
        ],
        "es": [
          "Situado en el lago Disney en el Disney® Village, PanoraMagique, el mayor globo cautivo del mundo construido por www.aerophile.com se eleva en el aire desde el agua."
        ],
        "nl": [
          "Geplaatst op Lake Disney in Disney® Village, stijgt PanoraMagique, 's werelds grootste vastgebonden ballon gebouwd door www.aerophile.com de lucht in vanaf het water."
        ]
      }
    }
  ],
  "hasTranslatedProperty": [
    {
      "@id": "https://data.datatourisme.fr/0a9acc6d-d6a6-35d0-8253-e8d5d9dbe65e",
      "dc:contributor": [
        "https://api.deepl.com/v2/translate"
      ],
      "rdf:language": [
        "en"
      ],
      "rdf:predicate": [
        {
          "@id": "rdfs:comment"
        }
      ]
    },
    {
      "@id": "https://data.datatourisme.fr/17e1999e-b58b-3cd8-9fa2-e0563e93455c",
      "dc:contributor": [
        "https://api.deepl.com/v2/translate"
      ],
      "rdf:language": [
        "de"
      ],
      "rdf:predicate": [
        {
          "@id": "rdfs:comment"
        }
      ]
    },
    {
      "@id": "https://data.datatourisme.fr/4d867ba6-f43c-3068-8f62-bbb2b87f1b52",
      "dc:contributor": [
        "https://api.deepl.com/v2/translate"
      ],
      "rdf:language": [
        "es"
      ],
      "rdf:predicate": [
        {
          "@id": "rdfs:comment"
        }
      ]
    },
    {
      "@id": "https://data.datatourisme.fr/6c2ca682-b654-3238-8bae-d6546ae57b2d",
      "dc:contributor": [
        "https://api.deepl.com/v2/translate"
      ],
      "rdf:language": [
        "it"
      ],
      "rdf:predicate": [
        {
          "@id": "rdfs:comment"
        }
      ]
    },
    {
      "@id": "https://data.datatourisme.fr/6d69d33d-a464-3247-bbf0-951556da6c06",
      "dc:contributor": [
        "https://api.deepl.com/v2/translate"
      ],
      "rdf:language": [
        "nl"
      ],
      "rdf:predicate": [
        {
          "@id": "rdfs:comment"
        }
      ]
    }
  ],
  "isLocatedAt": [
    {
      "@id": "https://data.datatourisme.fr/15692374-3b37-3b30-91e7-5537d5683c61",
      "schema:address": [
        {
          "@id": "https://data.datatourisme.fr/eb58da66-96b7-3d10-bd7b-560bd4014ef2",
          "schema:addressLocality": "Chessy",
          "schema:postalCode": "77700",
          "schema:streetAddress": [
            "Disneyland® Paris",
            "Lac du Disney®Village"
          ],
          "@type": [
            "schema:PostalAddress",
            "PostalAddress"
          ],
          "hasAddressCity": {
            "@id": "kb:77111",
            "@type": [
              "City"
            ],
            "rdfs:label": {
              "de": [
                "Chessy"
              ],
              "pt": [
                "Chessy"
              ],
              "en": [
                "Chessy"
              ],
              "it": [
                "Chessy"
              ],
              "fr": [
                "Chessy"
              ],
              "nl": [
                "Chessy"
              ],
              "es": [
                "Chessy"
              ]
            },
            "insee": "77111",
            "isPartOfDepartment": {
              "@id": "kb:France1177",
              "@type": [
                "Department"
              ],
              "rdfs:label": {
                "de": [
                  "Seine-et-Marne"
                ],
                "pt": [
                  "Seine-et-Marne"
                ],
                "en": [
                  "Seine-et-Marne"
                ],
                "it": [
                  "Seine-et-Marne"
                ],
                "fr": [
                  "Seine-et-Marne"
                ],
                "nl": [
                  "Seine-et-Marne"
                ],
                "es": [
                  "Seine-et-Marne"
                ]
              },
              "insee": "77",
              "isPartOfRegion": {
                "@id": "kb:France11",
                "@type": [
                  "Region"
                ],
                "rdfs:label": {
                  "de": [
                    "Île-de-France"
                  ],
                  "pt": [
                    "Île-de-France"
                  ],
                  "en": [
                    "Île-de-France"
                  ],
                  "it": [
                    "Île-de-France"
                  ],
                  "fr": [
                    "Île-de-France"
                  ],
                  "nl": [
                    "Île-de-France"
                  ],
                  "es": [
                    "Île-de-France"
                  ]
                },
                "insee": "11",
                "isPartOfCountry": {
                  "@id": "kb:France",
                  "@type": [
                    "schema:Country"
                  ],
                  "rdfs:label": {
                    "de": [
                      "France",
                      "Frankreich"
                    ],
                    "pt": [
                      "França",
                      "France"
                    ],
                    "en": [
                      "France"
                    ],
                    "it": [
                      "France",
                      "Francia"
                    ],
                    "fr": [
                      "France"
                    ],
                    "nl": [
                      "France",
                      "Frankrijk"
                    ],
                    "es": [
                      "France",
                      "Francia"
                    ]
                  }
                }
              }
            }
          }
        }
      ],
      "schema:geo": {
        "@id": "https://data.datatourisme.fr/25340d53-efe2-35e2-a51b-879f260a7ef1",
        "schema:latitude": "48.869034",
        "schema:longitude": "2.786363",
        "@type": [
          "schema:GeoCoordinates"
        ]
      },
      "schema:openingHoursSpecification": [
        {
          "@id": "https://data.datatourisme.fr/c7e629bd-ed1c-3647-89c8-9fa82bc47768",
          "schema:closes": "23:00:00",
          "schema:opens": "09:00:00",
          "schema:validFrom": "2023-04-01T00:00:00",
          "schema:validThrough": "2023-10-31T23:59:59",
          "@type": [
            "schema:OpeningHoursSpecification"
          ]
        },
        {
          "@id": "https://data.datatourisme.fr/e9531cc5-ad16-306b-8568-15ea5a1167bd",
          "schema:closes": "20:00:00",
          "schema:opens": "10:00:00",
          "schema:validFrom": "2023-11-01T00:00:00",
          "schema:validThrough": "2023-03-31T23:59:59",
          "@type": [
            "schema:OpeningHoursSpecification"
          ]
        }
      ],
      "@type": [
        "schema:Place",
        "Place"
      ]
    }
  ],
  "isOwnedBy": [
    {
      "@id": "https://data.datatourisme.fr/a7bb87df-a9ed-3a59-b797-317824914af0",
      "schema:email": [
        "aurore.luneau@attractivite77.fr",
        "marie.dussouchaut@attractivite77.fr",
        "webmaster@attractivite77.fr"
      ],
      "schema:legalName": "Seine et Marne Attractivité",
      "@type": [
        "schema:Organization",
        "foaf:Agent",
        "Agent"
      ],
      "foaf:homepage": [
        "https://www.seineetmarnevivreengrand.fr/"
      ]
    }
  ],
  "lastUpdate": "2022-09-19",
  "lastUpdateDatatourisme": "2023-05-30T05:49:20.355Z",
  "offers": [
    {
      "@id": "https://data.datatourisme.fr/b6d7eee4-9946-31e8-b4dd-660fe32e04e8",
      "schema:priceSpecification": [
        {
          "@id": "https://data.datatourisme.fr/ae21ec70-cdfc-3dce-9a44-a4d34a8c24a6",
          "schema:maxPrice": [
            "15",
            "8"
          ],
          "schema:minPrice": [
            "15",
            "8"
          ],
          "schema:priceCurrency": "EUR",
          "@type": [
            "schema:PriceSpecification",
            "PriceSpecification"
          ],
          "appliesOnPeriod": [
            {
              "@id": "https://data.datatourisme.fr/7410be00-ef25-3af2-bd96-7819d148586f",
              "@type": [
                "Period"
              ],
              "endDate": "2021-12-31",
              "startDate": "2021-01-01"
            }
          ]
        }
      ],
      "@type": [
        "schema:Offer",
        "Offer"
      ]
    }
  ]
}