{
  "@id": "https://data.datatourisme.fr/13/04d985e7-7b7f-34ff-99f9-e9100ce6788d",
  "dc:identifier": "4766970",
  "@type": [
    "schema:LocalBusiness",
    "schema:Museum",
    "CulturalSite",
    "Museum",
    "PlaceOfInterest",
    "PointOfInterest"
  ],
  "rdfs:comment": {
    "de": [
      "Das Thornley-Museum, das unter dem prächtigen Gebälk des Château de Grouchy untergebracht ist, ist die einzige öffentliche Sammlung, die diesem Künstler gewidmet ist, der von 1895 bis 1935 in Osny lebte und arbeitete."
    ],
    "en": [
      "Thanks to the dedication of the volunteers of the Association of Friends de Grouchy, the museum is opened from now on to the public three afternoons a week. The museum presents from now on an exhibition(exposure) every two years."
    ],
    "it": [
      "Il Museo Thornley, ospitato nella splendida cornice del Castello di Grouchy, è l'unica collezione pubblica dedicata a questo artista che visse e lavorò a Osny dal 1895 al 1935."
    ],
    "fr": [
      "Le musée Thornley, installé sous la superbe charpente du château de Grouchy, est la seule collection publique consacrée à cet artiste qui vécut et travailla à Osny de 1895 à 1935."
    ],
    "nl": [
      "Het Thornley Museum, gehuisvest in het prachtige kader van het Château de Grouchy, is de enige openbare collectie gewijd aan deze kunstenaar die van 1895 tot 1935 in Osny woonde en werkte."
    ],
    "es": [
      "El Museo Thornley, ubicado en el soberbio marco del castillo de Grouchy, es la única colección pública dedicada a este artista que vivió y trabajó en Osny de 1895 a 1935."
    ]
  },
  "rdfs:label": {
    "fr": [
      "Musée William Thornley"
    ]
  },
  "hasBeenCreatedBy": {
    "@id": "https://data.datatourisme.fr/13/bc573864-331a-3e42-a451-1de6f678aa83",
    "dc:identifier": "1626",
    "schema:email": [
      "abernard@ot-cergypontoise.fr",
      "accueil@ot-cergypontoise.fr",
      "cherault@ot-cergypontoise.fr",
      "cpagnoux@ot-cergypontoise.fr",
      "cpratte@ot-cergypontoise.fr",
      "mcassort@ot-cergypontoise.fr",
      "mfrancois@ot-cergypontoise.fr",
      "mroux@ot-cergypontoise.fr",
      "vvergneaux@ot-cergypontoise.fr"
    ],
    "schema:legalName": "Office de Tourisme de Cergy-Pontoise - Porte du Vexin",
    "@type": [
      "schema:Organization",
      "foaf:Agent",
      "Agent"
    ],
    "foaf:homepage": [
      "http://www.ot-cergypontoise.fr/"
    ]
  },
  "hasBeenPublishedBy": [
    {
      "@id": "https://data.datatourisme.fr/8a9feb4b-2cbd-3d2c-b507-bd6c6776b23b",
      "schema:legalName": "Apidae Tourisme Scic SA - source : Apidae Tourisme",
      "@type": [
        "schema:Organization",
        "foaf:Agent",
        "Agent"
      ],
      "foaf:homepage": [
        "https://www.apidae-tourisme.com/"
      ]
    }
  ],
  "hasContact": [
    {
      "@id": "https://data.datatourisme.fr/0ede6179-bcf7-3aae-a022-821438c051d8",
      "schema:email": [
        "mairie@ville-osny.fr"
      ],
      "schema:telephone": [
        "+33 1 34 25 42 04"
      ],
      "@type": [
        "foaf:Agent",
        "Agent"
      ]
    }
  ],
  "hasDescription": [
    {
      "@id": "https://data.datatourisme.fr/c0d00c4e-ce29-352c-a098-3fdf560f8774",
      "@type": [
        "Description"
      ],
      "hasTranslatedProperty": [
        {
          "@id": "https://data.datatourisme.fr/1253497d-914d-3808-9ef3-f4ec0bb4b7b3",
          "dc:contributor": [
            "https://api.deepl.com/v2/translate"
          ],
          "rdf:language": [
            "es"
          ],
          "rdf:predicate": [
            "shortDescription"
          ]
        },
        {
          "@id": "https://data.datatourisme.fr/15654e94-84e0-3986-931e-713fcd86a2cb",
          "dc:contributor": [
            "https://api.deepl.com/v2/translate"
          ],
          "rdf:language": [
            "de"
          ],
          "rdf:predicate": [
            "shortDescription"
          ]
        },
        {
          "@id": "https://data.datatourisme.fr/26eed60a-3bd9-3226-adcc-cb10a967aaa1",
          "dc:contributor": [
            "https://api.deepl.com/v2/translate"
          ],
          "rdf:language": [
            "it"
          ],
          "rdf:predicate": [
            "shortDescription"
          ]
        },
        {
          "@id": "https://data.datatourisme.fr/aed81cd6-9881-3024-9d2b-a59cf58225f1",
          "dc:contributor": [
            "https://api.deepl.com/v2/translate"
          ],
          "rdf:language": [
            "nl"
          ],
          "rdf:predicate": [
            "shortDescription"
          ]
        }
      ],
      "shortDescription": {
        "de": [
          "Das Thornley-Museum, das unter dem prächtigen Gebälk des Château de Grouchy untergebracht ist, ist die einzige öffentliche Sammlung, die diesem Künstler gewidmet ist, der von 1895 bis 1935 in Osny lebte und arbeitete."
        ],
        "en": [
          "Thanks to the dedication of the volunteers of the Association of Friends de Grouchy, the museum is opened from now on to the public three afternoons a week. The museum presents from now on an exhibition(exposure) every two years."
        ],
        "it": [
          "Il Museo Thornley, ospitato nella splendida cornice del Castello di Grouchy, è l'unica collezione pubblica dedicata a questo artista che visse e lavorò a Osny dal 1895 al 1935."
        ],
        "fr": [
          "Le musée Thornley, installé sous la superbe charpente du château de Grouchy, est la seule collection publique consacrée à cet artiste qui vécut et travailla à Osny de 1895 à 1935."
        ],
        "nl": [
          "Het Thornley Museum, gehuisvest in het prachtige kader van het Château de Grouchy, is de enige openbare collectie gewijd aan deze kunstenaar die van 1895 tot 1935 in Osny woonde en werkte."
        ],
        "es": [
          "El Museo Thornley, ubicado en el soberbio marco del castillo de Grouchy, es la única colección pública dedicada a este artista que vivió y trabajó en Osny de 1895 a 1935."
        ]
      }
    }
  ],
  "hasTheme": [
    {
      "@id": "kb:Culture",
      "@type": [
        "CulturalTheme"
      ],
      "rdfs:label": {
        "de": [
          "Kultur"
        ],
        "pt": [
          "Cultura"
        ],
        "en": [
          "Culture"
        ],
        "it": [
          "Cultura"
        ],
        "fr": [
          "Culture"
        ],
        "nl": [
          "Cultuur"
        ],
        "es": [
          "Cultura"
        ]
      }
    }
  ],
  "hasTranslatedProperty": [
    {
      "@id": "https://data.datatourisme.fr/1e2222b9-8ba7-3d52-bb9e-9ce740ae420f",
      "dc:contributor": [
        "https://api.deepl.com/v2/translate"
      ],
      "rdf:language": [
        "de"
      ],
      "rdf:predicate": [
        {
          "@id": "rdfs:comment"
        }
      ]
    },
    {
      "@id": "https://data.datatourisme.fr/6952023a-49ea-3e9c-ba08-b79fbc54ace4",
      "dc:contributor": [
        "https://api.deepl.com/v2/translate"
      ],
      "rdf:language": [
        "it"
      ],
      "rdf:predicate": [
        {
          "@id": "rdfs:comment"
        }
      ]
    },
    {
      "@id": "https://data.datatourisme.fr/a692d8c6-f1ef-33f7-a7ad-5e54f990d578",
      "dc:contributor": [
        "https://api.deepl.com/v2/translate"
      ],
      "rdf:language": [
        "nl"
      ],
      "rdf:predicate": [
        {
          "@id": "rdfs:comment"
        }
      ]
    },
    {
      "@id": "https://data.datatourisme.fr/b9eef13b-0cb3-3b19-b3ee-b6dbcac59275",
      "dc:contributor": [
        "https://api.deepl.com/v2/translate"
      ],
      "rdf:language": [
        "es"
      ],
      "rdf:predicate": [
        {
          "@id": "rdfs:comment"
        }
      ]
    }
  ],
  "isLocatedAt": [
    {
      "@id": "https://data.datatourisme.fr/4325d50c-e0cc-3342-a439-d634c04b5b06",
      "schema:address": [
        {
          "@id": "https://data.datatourisme.fr/ab8a2fb0-6c14-3bc6-af26-36b3a18b62cd",
          "schema:addressLocality": "Osny",
          "schema:postalCode": "95520",
          "schema:streetAddress": [
            "Château de Grouchy - 14 rue William Thornley"
          ],
          "@type": [
            "schema:PostalAddress",
            "PostalAddress"
          ],
          "hasAddressCity": {
            "@id": "kb:95476",
            "@type": [
              "City"
            ],
            "rdfs:label": {
              "de": [
                "Osny"
              ],
              "pt": [
                "Osny"
              ],
              "en": [
                "Osny"
              ],
              "it": [
                "Osny"
              ],
              "fr": [
                "Osny"
              ],
              "nl": [
                "Osny"
              ],
              "es": [
                "Osny"
              ]
            },
            "insee": "95476",
            "isPartOfDepartment": {
              "@id": "kb:France1195",
              "@type": [
                "Department"
              ],
              "rdfs:label": {
                "de": [
                  "Val-d'Oise"
                ],
                "pt": [
                  "Val-d'Oise"
                ],
                "en": [
                  "Val-d'Oise"
                ],
                "it": [
                  "Val-d'Oise"
                ],
                "fr": [
                  "Val-d'Oise"
                ],
                "nl": [
                  "Val-d'Oise"
                ],
                "es": [
                  "Val-d'Oise"
                ]
              },
              "insee": "95",
              "isPartOfRegion": {
                "@id": "kb:France11",
                "@type": [
                  "Region"
                ],
                "rdfs:label": {
                  "de": [
                    "Île-de-France"
                  ],
                  "pt": [
                    "Île-de-France"
                  ],
                  "en": [
                    "Île-de-France"
                  ],
                  "it": [
                    "Île-de-France"
                  ],
                  "fr": [
                    "Île-de-France"
                  ],
                  "nl": [
                    "Île-de-France"
                  ],
                  "es": [
                    "Île-de-France"
                  ]
                },
                "insee": "11",
                "isPartOfCountry": {
                  "@id": "kb:France",
                  "@type": [
                    "schema:Country"
                  ],
                  "rdfs:label": {
                    "de": [
                      "France",
                      "Frankreich"
                    ],
                    "pt": [
                      "França",
                      "France"
                    ],
                    "en": [
                      "France"
                    ],
                    "it": [
                      "France",
                      "Francia"
                    ],
                    "fr": [
                      "France"
                    ],
                    "nl": [
                      "France",
                      "Frankrijk"
                    ],
                    "es": [
                      "France",
                      "Francia"
                    ]
                  }
                }
              }
            }
          }
        }
      ],
      "schema:geo": {
        "@id": "https://data.datatourisme.fr/ccf73cc7-3248-3d0e-8c14-8ec985ba445d",
        "schema:latitude": "49.066071",
        "schema:longitude": "2.061743",
        "@type": [
          "schema:GeoCoordinates"
        ]
      },
      "schema:openingHoursSpecification": [
        {
          "@id": "https://data.datatourisme.fr/eb6d9505-d937-3bfb-bf6e-25770015bd06",
          "schema:closes": "17:00:00",
          "schema:opens": "14:00:00",
          "schema:validFrom": "2023-01-01T00:00:00",
          "schema:validThrough": "2023-12-31T23:59:59",
          "@type": [
            "schema:OpeningHoursSpecification"
          ],
          "additionalInformation": {
            "de": [
              "Ein Sonntag im Monat."
            ],
            "en": [
              "One Sunday a month."
            ],
            "it": [
              "Una domenica al mese."
            ],
            "fr": [
              "Un dimanche par mois."
            ],
            "es": [
              "Un domingo al mes."
            ],
            "nl": [
              "Een zondag per maand."
            ]
          },
          "hasTranslatedProperty": [
            {
              "@id": "https://data.datatourisme.fr/6d850be2-db46-3aaf-ac37-bfe574c4ab3f",
              "dc:contributor": [
                "https://api.deepl.com/v2/translate"
              ],
              "rdf:language": [
                "nl"
              ],
              "rdf:predicate": [
                "additionalInformation"
              ]
            },
            {
              "@id": "https://data.datatourisme.fr/70c38e65-5723-3e8f-b6be-7339f9dae407",
              "dc:contributor": [
                "https://api.deepl.com/v2/translate"
              ],
              "rdf:language": [
                "it"
              ],
              "rdf:predicate": [
                "additionalInformation"
              ]
            },
            {
              "@id": "https://data.datatourisme.fr/a1441d9e-0cb1-360c-8bd5-f2f6dcad90b3",
              "dc:contributor": [
                "https://api.deepl.com/v2/translate"
              ],
              "rdf:language": [
                "de"
              ],
              "rdf:predicate": [
                "additionalInformation"
              ]
            },
            {
              "@id": "https://data.datatourisme.fr/b4be2f23-7277-3239-a8c8-ea4d5a4d5ba1",
              "dc:contributor": [
                "https://api.deepl.com/v2/translate"
              ],
              "rdf:language": [
                "es"
              ],
              "rdf:predicate": [
                "additionalInformation"
              ]
            },
            {
              "@id": "https://data.datatourisme.fr/f5863ca6-403c-31e7-b165-197c02c28afe",
              "dc:contributor": [
                "https://api.deepl.com/v2/translate"
              ],
              "rdf:language": [
                "en"
              ],
              "rdf:predicate": [
                "additionalInformation"
              ]
            }
          ]
        }
      ],
      "@type": [
        "schema:Place",
        "Place"
      ]
    }
  ],
  "isOwnedBy": [
    {
      "@id": "https://data.datatourisme.fr/38525452-e91f-39bb-947a-49cf6c966b75",
      "schema:email": [
        "abernard@ot-cergypontoise.fr",
        "accueil@ot-cergypontoise.fr",
        "cherault@ot-cergypontoise.fr",
        "cpagnoux@ot-cergypontoise.fr",
        "cpratte@ot-cergypontoise.fr",
        "mcassort@ot-cergypontoise.fr",
        "mfrancois@ot-cergypontoise.fr",
        "mroux@ot-cergypontoise.fr",
        "vvergneaux@ot-cergypontoise.fr"
      ],
      "schema:legalName": "Office de Tourisme de Cergy-Pontoise - Porte du Vexin",
      "@type": [
        "schema:Organization",
        "foaf:Agent",
        "Agent"
      ],
      "foaf:homepage": [
        "http://www.ot-cergypontoise.fr/"
      ]
    }
  ],
  "lastUpdate": "2023-01-30",
  "lastUpdateDatatourisme": "2023-02-22T06:42:37.701Z"
}