{
  "@id": "https://data.datatourisme.fr/13/04a43c30-cf17-3419-9a05-46a4f3837d4a",
  "dc:identifier": "6047729",
  "@type": [
    "PlaceOfInterest",
    "PointOfInterest",
    "SportsAndLeisurePlace"
  ],
  "rdfs:comment": {
    "de": [
      "Die ersten immersiven Quizräume\r\nSeit 2019 und schon in Herblay!\r\nQuiz Room ist das Quiz, bei dem derjenige, der schon immer der Klassenbeste war, sich Sorgen machen muss und bei dem alle, die gerne spielen, ein großes Vergnügen daran haben, ihm Fallen zu stellen."
    ],
    "en": [
      "The first immersive quiz rooms\r\nSince 2019 and already in Herblay!\r\nQuiz Room, it's the quiz where the one who has always been the first in the class has to worry and where all those who like to play will take a malicious pleasure to set traps for him."
    ],
    "it": [
      "Le prime sale quiz immersive\r\nDal 2019 e già a Herblay!\r\nQuiz Room è il quiz in cui chi è sempre stato il primo della classe ha di che preoccuparsi e in cui tutti coloro che amano giocare proveranno un malizioso piacere nel tendergli trappole."
    ],
    "fr": [
      "Les premières salles de quiz immersives\r\nDepuis 2019 et déjà à Herblay !\r\nQuiz Room, c'est le quiz où celui qui a toujours été le premier de la classe a du souci à se faire et où tous ceux qui aiment jouer prendront un malin plaisir à lui tendre des pièges."
    ],
    "es": [
      "Las primeras salas de concurso inmersivas\r\n¡Desde 2019 y ya en Herblay!\r\nQuiz Room es el concurso en el que los que siempre han sido los primeros de la clase tienen algo de lo que preocuparse y en el que todos aquellos a los que les gusta jugar disfrutarán maliciosamente tendiéndoles trampas."
    ],
    "nl": [
      "De eerste immersieve quizzalen\r\nSinds 2019 en nu al in Herblay!\r\nQuiz Room is de quiz waar degenen die altijd aan de top van de klas hebben gestaan iets te zoeken hebben en waar iedereen die graag speelt er een kwaadaardig genoegen in schept om valkuilen voor hen te zetten."
    ]
  },
  "rdfs:label": {
    "fr": [
      "Quiz Room"
    ]
  },
  "hasBeenCreatedBy": {
    "@id": "https://data.datatourisme.fr/13/2056d8c1-dec3-312c-bce6-46b348d189d1",
    "dc:identifier": "2183",
    "schema:email": [
      "tourisme@valparisis.fr"
    ],
    "schema:legalName": "Communauté d'agglomération Val Parisis",
    "@type": [
      "schema:Organization",
      "foaf:Agent",
      "Agent"
    ],
    "foaf:homepage": [
      "https://www.valparisis.fr/"
    ]
  },
  "hasBeenPublishedBy": [
    {
      "@id": "https://data.datatourisme.fr/8a9feb4b-2cbd-3d2c-b507-bd6c6776b23b",
      "schema:legalName": "Apidae Tourisme Scic SA - source : Apidae Tourisme",
      "@type": [
        "schema:Organization",
        "foaf:Agent",
        "Agent"
      ],
      "foaf:homepage": [
        "https://www.apidae-tourisme.com/"
      ]
    }
  ],
  "hasContact": [
    {
      "@id": "https://data.datatourisme.fr/4eef235a-58b9-399a-8f57-0f6e13df79a8",
      "schema:email": [
        "herblay@quiz-room.com"
      ],
      "schema:telephone": [
        "+33 1 39 31 21 27"
      ],
      "@type": [
        "foaf:Agent",
        "Agent"
      ],
      "foaf:homepage": [
        "https://www.instagram.com/quiz_room/",
        "https://www.quiz-room.com/villes/herblay"
      ]
    }
  ],
  "hasDescription": [
    {
      "@id": "https://data.datatourisme.fr/e3721f7a-2980-37dd-b0da-95f5f154f722",
      "@type": [
        "Description"
      ],
      "hasTranslatedProperty": [
        {
          "@id": "https://data.datatourisme.fr/21958197-dce3-3015-b8d7-2ba6e6a140ef",
          "dc:contributor": [
            "https://api.deepl.com/v2/translate"
          ],
          "rdf:language": [
            "nl"
          ],
          "rdf:predicate": [
            "shortDescription"
          ]
        },
        {
          "@id": "https://data.datatourisme.fr/38f6b216-0780-39e9-9045-25bcfd8fd540",
          "dc:contributor": [
            "https://api.deepl.com/v2/translate"
          ],
          "rdf:language": [
            "de"
          ],
          "rdf:predicate": [
            "shortDescription"
          ]
        },
        {
          "@id": "https://data.datatourisme.fr/39f4b73d-df9f-3d30-a662-db10c09208e9",
          "dc:contributor": [
            "https://api.deepl.com/v2/translate"
          ],
          "rdf:language": [
            "en"
          ],
          "rdf:predicate": [
            "shortDescription"
          ]
        },
        {
          "@id": "https://data.datatourisme.fr/d341bf24-e974-3cad-886e-41bd30bcd1c3",
          "dc:contributor": [
            "https://api.deepl.com/v2/translate"
          ],
          "rdf:language": [
            "it"
          ],
          "rdf:predicate": [
            "shortDescription"
          ]
        },
        {
          "@id": "https://data.datatourisme.fr/ee15ff34-34b0-3927-a978-799e52ceb1af",
          "dc:contributor": [
            "https://api.deepl.com/v2/translate"
          ],
          "rdf:language": [
            "es"
          ],
          "rdf:predicate": [
            "shortDescription"
          ]
        }
      ],
      "shortDescription": {
        "de": [
          "Die ersten immersiven Quizräume\r\nSeit 2019 und schon in Herblay!\r\nQuiz Room ist das Quiz, bei dem derjenige, der schon immer der Klassenbeste war, sich Sorgen machen muss und bei dem alle, die gerne spielen, ein großes Vergnügen daran haben, ihm Fallen zu stellen."
        ],
        "en": [
          "The first immersive quiz rooms\r\nSince 2019 and already in Herblay!\r\nQuiz Room, it's the quiz where the one who has always been the first in the class has to worry and where all those who like to play will take a malicious pleasure to set traps for him."
        ],
        "it": [
          "Le prime sale quiz immersive\r\nDal 2019 e già a Herblay!\r\nQuiz Room è il quiz in cui chi è sempre stato il primo della classe ha di che preoccuparsi e in cui tutti coloro che amano giocare proveranno un malizioso piacere nel tendergli trappole."
        ],
        "fr": [
          "Les premières salles de quiz immersives\r\nDepuis 2019 et déjà à Herblay !\r\nQuiz Room, c'est le quiz où celui qui a toujours été le premier de la classe a du souci à se faire et où tous ceux qui aiment jouer prendront un malin plaisir à lui tendre des pièges."
        ],
        "es": [
          "Las primeras salas de concurso inmersivas\r\n¡Desde 2019 y ya en Herblay!\r\nQuiz Room es el concurso en el que los que siempre han sido los primeros de la clase tienen algo de lo que preocuparse y en el que todos aquellos a los que les gusta jugar disfrutarán maliciosamente tendiéndoles trampas."
        ],
        "nl": [
          "De eerste immersieve quizzalen\r\nSinds 2019 en nu al in Herblay!\r\nQuiz Room is de quiz waar degenen die altijd aan de top van de klas hebben gestaan iets te zoeken hebben en waar iedereen die graag speelt er een kwaadaardig genoegen in schept om valkuilen voor hen te zetten."
        ]
      }
    }
  ],
  "hasTranslatedProperty": [
    {
      "@id": "https://data.datatourisme.fr/0684f5dd-76eb-35b2-ad26-0460776bcad8",
      "dc:contributor": [
        "https://api.deepl.com/v2/translate"
      ],
      "rdf:language": [
        "de"
      ],
      "rdf:predicate": [
        {
          "@id": "rdfs:comment"
        }
      ]
    },
    {
      "@id": "https://data.datatourisme.fr/416763fe-53d0-3346-9da4-088464213f8b",
      "dc:contributor": [
        "https://api.deepl.com/v2/translate"
      ],
      "rdf:language": [
        "en"
      ],
      "rdf:predicate": [
        {
          "@id": "rdfs:comment"
        }
      ]
    },
    {
      "@id": "https://data.datatourisme.fr/61734566-04e4-38c8-87b0-4b092e0c268c",
      "dc:contributor": [
        "https://api.deepl.com/v2/translate"
      ],
      "rdf:language": [
        "nl"
      ],
      "rdf:predicate": [
        {
          "@id": "rdfs:comment"
        }
      ]
    },
    {
      "@id": "https://data.datatourisme.fr/bb2e30a1-5346-37f7-a2b6-1ddd4658c73e",
      "dc:contributor": [
        "https://api.deepl.com/v2/translate"
      ],
      "rdf:language": [
        "it"
      ],
      "rdf:predicate": [
        {
          "@id": "rdfs:comment"
        }
      ]
    },
    {
      "@id": "https://data.datatourisme.fr/e3c2b5c5-f770-3ae6-a5b3-68988820cc25",
      "dc:contributor": [
        "https://api.deepl.com/v2/translate"
      ],
      "rdf:language": [
        "es"
      ],
      "rdf:predicate": [
        {
          "@id": "rdfs:comment"
        }
      ]
    }
  ],
  "isLocatedAt": [
    {
      "@id": "https://data.datatourisme.fr/46cb61ec-5edc-34eb-b3c1-38feddf468e8",
      "schema:address": [
        {
          "@id": "https://data.datatourisme.fr/5ac94408-4632-3645-9e14-660697f512b7",
          "schema:addressLocality": "Herblay-sur-Seine",
          "schema:postalCode": "95220",
          "schema:streetAddress": [
            "9 rue René Cassin"
          ],
          "@type": [
            "schema:PostalAddress",
            "PostalAddress"
          ],
          "hasAddressCity": {
            "@id": "kb:95306",
            "@type": [
              "City"
            ],
            "rdfs:label": {
              "de": [
                "Herblay-sur-Seine"
              ],
              "pt": [
                "Herblay-sur-Seine"
              ],
              "en": [
                "Herblay-sur-Seine"
              ],
              "it": [
                "Herblay-sur-Seine"
              ],
              "fr": [
                "Herblay-sur-Seine"
              ],
              "nl": [
                "Herblay-sur-Seine"
              ],
              "es": [
                "Herblay-sur-Seine"
              ]
            },
            "insee": "95306",
            "isPartOfDepartment": {
              "@id": "kb:France1195",
              "@type": [
                "Department"
              ],
              "rdfs:label": {
                "de": [
                  "Val-d'Oise"
                ],
                "pt": [
                  "Val-d'Oise"
                ],
                "en": [
                  "Val-d'Oise"
                ],
                "it": [
                  "Val-d'Oise"
                ],
                "fr": [
                  "Val-d'Oise"
                ],
                "nl": [
                  "Val-d'Oise"
                ],
                "es": [
                  "Val-d'Oise"
                ]
              },
              "insee": "95",
              "isPartOfRegion": {
                "@id": "kb:France11",
                "@type": [
                  "Region"
                ],
                "rdfs:label": {
                  "de": [
                    "Île-de-France"
                  ],
                  "pt": [
                    "Île-de-France"
                  ],
                  "en": [
                    "Île-de-France"
                  ],
                  "it": [
                    "Île-de-France"
                  ],
                  "fr": [
                    "Île-de-France"
                  ],
                  "nl": [
                    "Île-de-France"
                  ],
                  "es": [
                    "Île-de-France"
                  ]
                },
                "insee": "11",
                "isPartOfCountry": {
                  "@id": "kb:France",
                  "@type": [
                    "schema:Country"
                  ],
                  "rdfs:label": {
                    "de": [
                      "France",
                      "Frankreich"
                    ],
                    "pt": [
                      "França",
                      "France"
                    ],
                    "en": [
                      "France"
                    ],
                    "it": [
                      "France",
                      "Francia"
                    ],
                    "fr": [
                      "France"
                    ],
                    "nl": [
                      "France",
                      "Frankrijk"
                    ],
                    "es": [
                      "France",
                      "Francia"
                    ]
                  }
                }
              }
            }
          }
        }
      ],
      "schema:geo": {
        "@id": "https://data.datatourisme.fr/16455f45-49c1-3aa2-9096-55c3794f81c7",
        "schema:latitude": "48.997967",
        "schema:longitude": "2.182877",
        "@type": [
          "schema:GeoCoordinates"
        ]
      },
      "schema:openingHoursSpecification": [
        {
          "@id": "https://data.datatourisme.fr/047010ae-6ba2-3911-a0df-0f561a605143",
          "schema:closes": "22:00:00",
          "schema:opens": "10:00:00",
          "schema:validFrom": "2023-01-01T00:00:00",
          "schema:validThrough": "2023-12-31T23:59:59",
          "@type": [
            "schema:OpeningHoursSpecification"
          ],
          "additionalInformation": {
            "de": [
              "7 Tage die Woche auf Reservierung"
            ],
            "en": [
              "7 days a week on reservation"
            ],
            "it": [
              "7 giorni su 7 su prenotazione"
            ],
            "fr": [
              "7j./7 sur réservation"
            ],
            "nl": [
              "7 dagen per week op reservering"
            ],
            "es": [
              "7 días a la semana con reserva"
            ]
          },
          "hasTranslatedProperty": [
            {
              "@id": "https://data.datatourisme.fr/1bf47d4b-8a7f-35e2-839e-4095e3a55fd0",
              "dc:contributor": [
                "https://api.deepl.com/v2/translate"
              ],
              "rdf:language": [
                "it"
              ],
              "rdf:predicate": [
                "additionalInformation"
              ]
            },
            {
              "@id": "https://data.datatourisme.fr/6d061551-f8f7-3391-b278-550c4812266d",
              "dc:contributor": [
                "https://api.deepl.com/v2/translate"
              ],
              "rdf:language": [
                "nl"
              ],
              "rdf:predicate": [
                "additionalInformation"
              ]
            },
            {
              "@id": "https://data.datatourisme.fr/7a69b0b5-c226-3828-8a7e-a0ed84f82be2",
              "dc:contributor": [
                "https://api.deepl.com/v2/translate"
              ],
              "rdf:language": [
                "en"
              ],
              "rdf:predicate": [
                "additionalInformation"
              ]
            },
            {
              "@id": "https://data.datatourisme.fr/a7e9f77a-0251-3852-a923-2b4647a00d28",
              "dc:contributor": [
                "https://api.deepl.com/v2/translate"
              ],
              "rdf:language": [
                "es"
              ],
              "rdf:predicate": [
                "additionalInformation"
              ]
            },
            {
              "@id": "https://data.datatourisme.fr/faec175d-2883-372b-ae86-c3424e731a82",
              "dc:contributor": [
                "https://api.deepl.com/v2/translate"
              ],
              "rdf:language": [
                "de"
              ],
              "rdf:predicate": [
                "additionalInformation"
              ]
            }
          ]
        }
      ],
      "@type": [
        "schema:Place",
        "Place"
      ]
    }
  ],
  "isOwnedBy": [
    {
      "@id": "https://data.datatourisme.fr/faa1762e-8203-3523-81db-9fc45f171d33",
      "schema:email": [
        "tourisme@valparisis.fr"
      ],
      "schema:legalName": "Communauté d'agglomération Val Parisis",
      "@type": [
        "schema:Organization",
        "foaf:Agent",
        "Agent"
      ],
      "foaf:homepage": [
        "https://www.valparisis.fr/"
      ]
    }
  ],
  "lastUpdate": "2022-07-15",
  "lastUpdateDatatourisme": "2023-05-30T05:49:20.322Z",
  "offers": [
    {
      "@id": "https://data.datatourisme.fr/43b56fe7-1548-3cd9-96c6-5cde06a3eefb",
      "schema:priceSpecification": [
        {
          "@id": "https://data.datatourisme.fr/e6d52f23-db23-3932-99d3-96d565b68fab",
          "schema:maxPrice": [
            "20",
            "24"
          ],
          "schema:minPrice": [
            "20"
          ],
          "schema:priceCurrency": "EUR",
          "@type": [
            "schema:PriceSpecification",
            "PriceSpecification"
          ],
          "appliesOnPeriod": [
            {
              "@id": "https://data.datatourisme.fr/0663ca4b-3470-3171-9053-39aa704e8f56",
              "@type": [
                "Period"
              ],
              "endDate": "2022-12-31",
              "startDate": "2022-01-01"
            }
          ]
        }
      ],
      "@type": [
        "schema:Offer",
        "Offer"
      ]
    }
  ]
}