{
  "@id": "https://data.datatourisme.fr/13/0fb77e0f-b28d-391c-8244-d6c2d6702d09",
  "dc:identifier": "5603413",
  "@type": [
    "schema:FoodEstablishment",
    "FoodEstablishment",
    "PlaceOfInterest",
    "PointOfInterest"
  ],
  "rdfs:comment": {
    "de": [
      "Seit 1988 geöffnetes Restaurant mit gepflegtem Service und typisch marokkanischer Dekoration. Eine sehr fremdländische Atmosphäre ist garantiert!"
    ],
    "en": [
      "Restaurant opened since 1988, with a careful service and typical Moroccan decoration. A very exotic atmosphere guaranteed!"
    ],
    "it": [
      "Ristorante aperto dal 1988, con un servizio accurato e una decorazione tipicamente marocchina. Un'atmosfera esotica garantita!"
    ],
    "fr": [
      "Restaurant ouvert depuis 1988, au service soigné et à la décoration typique marocaine. Une ambiance très dépaysante garantie !"
    ],
    "es": [
      "Restaurante abierto desde 1988, con un esmerado servicio y una decoración típica marroquí. ¡Un ambiente muy exótico garantizado!"
    ],
    "nl": [
      "Restaurant geopend sinds 1988, met een zorgvuldige service en een typisch Marokkaanse inrichting. Een zeer exotische sfeer gegarandeerd!"
    ]
  },
  "rdfs:label": {
    "fr": [
      "Bab Salam"
    ]
  },
  "hasBeenCreatedBy": {
    "@id": "https://data.datatourisme.fr/13/d51b4167-88b6-3e70-ab0c-381c06efc9f1",
    "dc:identifier": "2182",
    "schema:email": [
      "abehar@enghien95.fr",
      "abehar@renghien95.fr",
      "accueil.tourisme@enghien95.fr",
      "hvdcasteele@enghien95.fr",
      "mheurion@enghien95.fr"
    ],
    "schema:legalName": "Office de Tourisme d'Enghien-les-Bains",
    "@type": [
      "schema:Organization",
      "foaf:Agent",
      "Agent"
    ],
    "foaf:homepage": [
      "http://www.ot-enghienlesbains.fr/"
    ]
  },
  "hasBeenPublishedBy": [
    {
      "@id": "https://data.datatourisme.fr/8a9feb4b-2cbd-3d2c-b507-bd6c6776b23b",
      "schema:legalName": "Apidae Tourisme Scic SA - source : Apidae Tourisme",
      "@type": [
        "schema:Organization",
        "foaf:Agent",
        "Agent"
      ],
      "foaf:homepage": [
        "https://www.apidae-tourisme.com/"
      ]
    }
  ],
  "hasContact": [
    {
      "@id": "https://data.datatourisme.fr/64e3f15e-c9b5-36c4-b3e2-c4d49d9927d0",
      "schema:telephone": [
        "+33 1 34 12 35 56"
      ],
      "@type": [
        "foaf:Agent",
        "Agent"
      ]
    }
  ],
  "hasDescription": [
    {
      "@id": "https://data.datatourisme.fr/af2b1590-5229-3e4f-9a8b-b7e0187bb35b",
      "@type": [
        "Description"
      ],
      "hasTranslatedProperty": [
        {
          "@id": "https://data.datatourisme.fr/0ffeddd1-e66f-3ecf-bf19-e7dd7ad14c97",
          "dc:contributor": [
            "https://api.deepl.com/v2/translate"
          ],
          "rdf:language": [
            "de"
          ],
          "rdf:predicate": [
            "shortDescription"
          ]
        },
        {
          "@id": "https://data.datatourisme.fr/2ba0a12f-3dc8-345d-86e9-7442764dd51c",
          "dc:contributor": [
            "https://api.deepl.com/v2/translate"
          ],
          "rdf:language": [
            "nl"
          ],
          "rdf:predicate": [
            "shortDescription"
          ]
        },
        {
          "@id": "https://data.datatourisme.fr/c141bcef-c1b1-347b-a2b0-be79647cf5f0",
          "dc:contributor": [
            "https://api.deepl.com/v2/translate"
          ],
          "rdf:language": [
            "it"
          ],
          "rdf:predicate": [
            "shortDescription"
          ]
        },
        {
          "@id": "https://data.datatourisme.fr/da07b8a9-3188-339f-8c50-275b6261eee5",
          "dc:contributor": [
            "https://api.deepl.com/v2/translate"
          ],
          "rdf:language": [
            "es"
          ],
          "rdf:predicate": [
            "shortDescription"
          ]
        },
        {
          "@id": "https://data.datatourisme.fr/f6db7051-92f5-364b-94f8-46b9686ea01a",
          "dc:contributor": [
            "https://api.deepl.com/v2/translate"
          ],
          "rdf:language": [
            "en"
          ],
          "rdf:predicate": [
            "shortDescription"
          ]
        }
      ],
      "shortDescription": {
        "de": [
          "Seit 1988 geöffnetes Restaurant mit gepflegtem Service und typisch marokkanischer Dekoration. Eine sehr fremdländische Atmosphäre ist garantiert!"
        ],
        "en": [
          "Restaurant opened since 1988, with a careful service and typical Moroccan decoration. A very exotic atmosphere guaranteed!"
        ],
        "it": [
          "Ristorante aperto dal 1988, con un servizio accurato e una decorazione tipicamente marocchina. Un'atmosfera esotica garantita!"
        ],
        "fr": [
          "Restaurant ouvert depuis 1988, au service soigné et à la décoration typique marocaine. Une ambiance très dépaysante garantie !"
        ],
        "es": [
          "Restaurante abierto desde 1988, con un esmerado servicio y una decoración típica marroquí. ¡Un ambiente muy exótico garantizado!"
        ],
        "nl": [
          "Restaurant geopend sinds 1988, met een zorgvuldige service en een typisch Marokkaanse inrichting. Een zeer exotische sfeer gegarandeerd!"
        ]
      }
    }
  ],
  "hasTranslatedProperty": [
    {
      "@id": "https://data.datatourisme.fr/1c7807f1-afaa-357d-bcdc-f32b9199b0d6",
      "dc:contributor": [
        "https://api.deepl.com/v2/translate"
      ],
      "rdf:language": [
        "es"
      ],
      "rdf:predicate": [
        {
          "@id": "rdfs:comment"
        }
      ]
    },
    {
      "@id": "https://data.datatourisme.fr/3c4d1ef8-8d40-3884-8c84-1b0cd218298f",
      "dc:contributor": [
        "https://api.deepl.com/v2/translate"
      ],
      "rdf:language": [
        "en"
      ],
      "rdf:predicate": [
        {
          "@id": "rdfs:comment"
        }
      ]
    },
    {
      "@id": "https://data.datatourisme.fr/4c66f73e-5289-33b7-9918-fdadb7f664c7",
      "dc:contributor": [
        "https://api.deepl.com/v2/translate"
      ],
      "rdf:language": [
        "it"
      ],
      "rdf:predicate": [
        {
          "@id": "rdfs:comment"
        }
      ]
    },
    {
      "@id": "https://data.datatourisme.fr/7bd2f9d0-949e-32cf-bc7d-947c629953e1",
      "dc:contributor": [
        "https://api.deepl.com/v2/translate"
      ],
      "rdf:language": [
        "de"
      ],
      "rdf:predicate": [
        {
          "@id": "rdfs:comment"
        }
      ]
    },
    {
      "@id": "https://data.datatourisme.fr/86a07629-4952-3d79-9156-2dae12afd676",
      "dc:contributor": [
        "https://api.deepl.com/v2/translate"
      ],
      "rdf:language": [
        "nl"
      ],
      "rdf:predicate": [
        {
          "@id": "rdfs:comment"
        }
      ]
    }
  ],
  "isLocatedAt": [
    {
      "@id": "https://data.datatourisme.fr/22963976-3dd5-3eee-9324-84edf26bc592",
      "schema:address": [
        {
          "@id": "https://data.datatourisme.fr/d364e9dd-2ec9-32cf-8f45-3ec689d22595",
          "schema:addressLocality": "Enghien-les-Bains",
          "schema:postalCode": "95880",
          "schema:streetAddress": [
            "5 rue Mora"
          ],
          "@type": [
            "schema:PostalAddress",
            "PostalAddress"
          ],
          "hasAddressCity": {
            "@id": "kb:95210",
            "@type": [
              "City"
            ],
            "rdfs:label": {
              "de": [
                "Enghien-les-Bains"
              ],
              "pt": [
                "Enghien-les-Bains"
              ],
              "en": [
                "Enghien-les-Bains"
              ],
              "it": [
                "Enghien-les-Bains"
              ],
              "fr": [
                "Enghien-les-Bains"
              ],
              "nl": [
                "Enghien-les-Bains"
              ],
              "es": [
                "Enghien-les-Bains"
              ]
            },
            "insee": "95210",
            "isPartOfDepartment": {
              "@id": "kb:France1195",
              "@type": [
                "Department"
              ],
              "rdfs:label": {
                "de": [
                  "Val-d'Oise"
                ],
                "pt": [
                  "Val-d'Oise"
                ],
                "en": [
                  "Val-d'Oise"
                ],
                "it": [
                  "Val-d'Oise"
                ],
                "fr": [
                  "Val-d'Oise"
                ],
                "nl": [
                  "Val-d'Oise"
                ],
                "es": [
                  "Val-d'Oise"
                ]
              },
              "insee": "95",
              "isPartOfRegion": {
                "@id": "kb:France11",
                "@type": [
                  "Region"
                ],
                "rdfs:label": {
                  "de": [
                    "Île-de-France"
                  ],
                  "pt": [
                    "Île-de-France"
                  ],
                  "en": [
                    "Île-de-France"
                  ],
                  "it": [
                    "Île-de-France"
                  ],
                  "fr": [
                    "Île-de-France"
                  ],
                  "nl": [
                    "Île-de-France"
                  ],
                  "es": [
                    "Île-de-France"
                  ]
                },
                "insee": "11",
                "isPartOfCountry": {
                  "@id": "kb:France",
                  "@type": [
                    "schema:Country"
                  ],
                  "rdfs:label": {
                    "de": [
                      "France",
                      "Frankreich"
                    ],
                    "pt": [
                      "França",
                      "France"
                    ],
                    "en": [
                      "France"
                    ],
                    "it": [
                      "France",
                      "Francia"
                    ],
                    "fr": [
                      "France"
                    ],
                    "nl": [
                      "France",
                      "Frankrijk"
                    ],
                    "es": [
                      "France",
                      "Francia"
                    ]
                  }
                }
              }
            }
          }
        }
      ],
      "schema:geo": {
        "@id": "https://data.datatourisme.fr/7e9e5703-6066-38e4-87fb-e9015f3ff718",
        "schema:latitude": "48.969885",
        "schema:longitude": "2.307807",
        "@type": [
          "schema:GeoCoordinates"
        ]
      },
      "schema:openingHoursSpecification": [
        {
          "@id": "https://data.datatourisme.fr/c1e352d8-b20c-35d1-9f97-46b01ac53cb9",
          "schema:validFrom": "2023-01-01T00:00:00",
          "schema:validThrough": "2023-12-31T23:59:59",
          "@type": [
            "schema:OpeningHoursSpecification"
          ],
          "additionalInformation": {
            "de": [
              "Dienstag bis Donnerstag von 12:00 bis 14:00 Uhr und von 19:00 bis 22:00 Uhr geöffnet\r\nFreitag bis Samstag von 12:00 bis 14:00 Uhr und von 19:00 bis 22:30 Uhr\r\nSonntag von 12:00 bis 14:30 Uhr und von 19:00 bis 22:00 Uhr"
            ],
            "en": [
              "Open Tuesday to Thursday from 12 to 2 and from 7 to 10 pm\r\nFriday to Saturday from 12pm to 2pm and from 7pm to 10:30pm\r\nSunday from 12pm to 2:30pm and from 7pm to 10pm"
            ],
            "it": [
              "Aperto da martedì a giovedì dalle 12 alle 14 e dalle 19 alle 22\r\nDa venerdì a sabato dalle 12.00 alle 14.00 e dalle 19.00 alle 22.30\r\nDomenica dalle 12.00 alle 14.30 e dalle 19.00 alle 22.00"
            ],
            "fr": [
              "Ouvert du mardi au jeudi de 12h à 14h et de 19h à 22h\r\nDu vendredi au samedi de 12h à 14h et de 19h à 22h30\r\nDimanche de 12h à 14h30 et de 19h à 22h"
            ],
            "nl": [
              "Geopend van dinsdag tot donderdag van 12 tot 14 uur en van 19 tot 22 uur\r\nVrijdag tot zaterdag van 12u tot 14u en van 19u tot 22u30\r\nZondag van 12 tot 14.30 uur en van 19 tot 22 uur"
            ],
            "es": [
              "Abierto de martes a jueves de 12 a 14 horas y de 19 a 22 horas\r\nDe viernes a sábado de 12 a 14 horas y de 19 a 22:30 horas\r\nDomingo de 12:00 a 14:30 y de 19:00 a 22:00"
            ]
          },
          "hasTranslatedProperty": [
            {
              "@id": "https://data.datatourisme.fr/07dfba19-36e1-30ee-b122-841a56b5c31b",
              "dc:contributor": [
                "https://api.deepl.com/v2/translate"
              ],
              "rdf:language": [
                "de"
              ],
              "rdf:predicate": [
                "additionalInformation"
              ]
            },
            {
              "@id": "https://data.datatourisme.fr/14f7a2cf-f7bd-3fb8-8836-a9fe51f7889e",
              "dc:contributor": [
                "https://api.deepl.com/v2/translate"
              ],
              "rdf:language": [
                "en"
              ],
              "rdf:predicate": [
                "additionalInformation"
              ]
            },
            {
              "@id": "https://data.datatourisme.fr/84f3b7b8-72c1-3ead-896c-7c213236af90",
              "dc:contributor": [
                "https://api.deepl.com/v2/translate"
              ],
              "rdf:language": [
                "es"
              ],
              "rdf:predicate": [
                "additionalInformation"
              ]
            },
            {
              "@id": "https://data.datatourisme.fr/e1667c69-d2dc-3349-9427-b1a5207e2bb1",
              "dc:contributor": [
                "https://api.deepl.com/v2/translate"
              ],
              "rdf:language": [
                "it"
              ],
              "rdf:predicate": [
                "additionalInformation"
              ]
            },
            {
              "@id": "https://data.datatourisme.fr/ee638454-f37d-3b07-a852-ed1b72b53c68",
              "dc:contributor": [
                "https://api.deepl.com/v2/translate"
              ],
              "rdf:language": [
                "nl"
              ],
              "rdf:predicate": [
                "additionalInformation"
              ]
            }
          ]
        }
      ],
      "@type": [
        "schema:Place",
        "Place"
      ]
    }
  ],
  "isOwnedBy": [
    {
      "@id": "https://data.datatourisme.fr/a7223d30-c39b-3bb1-9dff-6749937ceeb2",
      "schema:email": [
        "abehar@enghien95.fr",
        "accueil.tourisme@enghien95.fr",
        "hvdcasteele@enghien95.fr",
        "mheurion@enghien95.fr"
      ],
      "schema:legalName": "Office de Tourisme d'Enghien-les-Bains",
      "@type": [
        "schema:Organization",
        "foaf:Agent",
        "Agent"
      ],
      "foaf:homepage": [
        "http://www.ot-enghienlesbains.fr/"
      ]
    }
  ],
  "lastUpdate": "2023-03-31",
  "lastUpdateDatatourisme": "2023-04-01T05:50:20.082Z"
}