{
  "@id": "https://data.datatourisme.fr/13/0f353204-7a40-3b2b-8b88-d4aa7b65d55d",
  "dc:identifier": "4960343",
  "@type": [
    "schema:FoodEstablishment",
    "FoodEstablishment",
    "PlaceOfInterest",
    "PointOfInterest"
  ],
  "rdfs:comment": {
    "de": [
      "Bäckerei, Lebensmittelgeschäft, kleine Imbisse, Getränkestand."
    ],
    "en": [
      "Bakery, grocery store, snack bar."
    ],
    "it": [
      "Panificio, negozio di alimentari, snack bar, punto di ristoro."
    ],
    "fr": [
      "Boulangerie, épicerie, petite restauration, buvette."
    ],
    "es": [
      "Panadería, tienda de comestibles, snack bar, puesto de refrescos."
    ],
    "nl": [
      "Bakkerij, kruidenierswinkel, snackbar, snackbar."
    ]
  },
  "rdfs:label": {
    "fr": [
      "La Nantelienne"
    ]
  },
  "hasBeenCreatedBy": {
    "@id": "https://data.datatourisme.fr/13/84f0f204-82cd-37e5-aaca-f7364a643d33",
    "dc:identifier": "1640",
    "schema:email": [
      "fabrizia.brun@ccmsl.com",
      "marie.striebel@ccmsl.com",
      "tourisme@ccmsl.com"
    ],
    "schema:legalName": "Communauté de Communes Moret Seine et Loing",
    "@type": [
      "schema:Organization",
      "foaf:Agent",
      "Agent"
    ],
    "foaf:homepage": [
      "http://www.ccmsl.fr/"
    ]
  },
  "hasBeenPublishedBy": [
    {
      "@id": "https://data.datatourisme.fr/1db24fc4-b534-39bf-bdaf-152c6f98730e",
      "schema:legalName": "Seine et Marne Attractivité - source : Apidae Tourisme",
      "@type": [
        "schema:Organization",
        "foaf:Agent",
        "Agent"
      ],
      "foaf:homepage": [
        "https://www.apidae-tourisme.com/"
      ]
    }
  ],
  "hasContact": [
    {
      "@id": "https://data.datatourisme.fr/3587164c-34dc-3ee2-8faa-d23e55e7dcc5",
      "schema:email": [
        "elucmp@hotmail.fr"
      ],
      "schema:telephone": [
        "+33 9 83 23 93 28"
      ],
      "@type": [
        "foaf:Agent",
        "Agent"
      ]
    }
  ],
  "hasDescription": [
    {
      "@id": "https://data.datatourisme.fr/56446424-fb5c-3e7e-a49e-7231b87e067d",
      "@type": [
        "Description"
      ],
      "hasTranslatedProperty": [
        {
          "@id": "https://data.datatourisme.fr/482ae421-8e9b-3a64-9285-829c647d93bd",
          "dc:contributor": [
            "https://api.deepl.com/v2/translate"
          ],
          "rdf:language": [
            "it"
          ],
          "rdf:predicate": [
            "shortDescription"
          ]
        },
        {
          "@id": "https://data.datatourisme.fr/75ae9758-3644-301a-a8e9-49c0dc6e2b11",
          "dc:contributor": [
            "https://api.deepl.com/v2/translate"
          ],
          "rdf:language": [
            "nl"
          ],
          "rdf:predicate": [
            "shortDescription"
          ]
        },
        {
          "@id": "https://data.datatourisme.fr/ca28b38f-44ab-3672-b4e6-c69f353dcafd",
          "dc:contributor": [
            "https://api.deepl.com/v2/translate"
          ],
          "rdf:language": [
            "es"
          ],
          "rdf:predicate": [
            "shortDescription"
          ]
        },
        {
          "@id": "https://data.datatourisme.fr/ce4e2665-872f-3912-9015-b1142c853b70",
          "dc:contributor": [
            "https://api.deepl.com/v2/translate"
          ],
          "rdf:language": [
            "en"
          ],
          "rdf:predicate": [
            "shortDescription"
          ]
        },
        {
          "@id": "https://data.datatourisme.fr/ef0d9ab5-60f1-345e-a819-71add91e3b83",
          "dc:contributor": [
            "https://api.deepl.com/v2/translate"
          ],
          "rdf:language": [
            "de"
          ],
          "rdf:predicate": [
            "shortDescription"
          ]
        }
      ],
      "shortDescription": {
        "de": [
          "Bäckerei, Lebensmittelgeschäft, kleine Imbisse, Getränkestand."
        ],
        "en": [
          "Bakery, grocery store, snack bar."
        ],
        "it": [
          "Panificio, negozio di alimentari, snack bar, punto di ristoro."
        ],
        "fr": [
          "Boulangerie, épicerie, petite restauration, buvette."
        ],
        "es": [
          "Panadería, tienda de comestibles, snack bar, puesto de refrescos."
        ],
        "nl": [
          "Bakkerij, kruidenierswinkel, snackbar, snackbar."
        ]
      }
    }
  ],
  "hasTranslatedProperty": [
    {
      "@id": "https://data.datatourisme.fr/04c0dd9d-4cfe-385d-b6a8-2ef8d0b42bbc",
      "dc:contributor": [
        "https://api.deepl.com/v2/translate"
      ],
      "rdf:language": [
        "de"
      ],
      "rdf:predicate": [
        {
          "@id": "rdfs:comment"
        }
      ]
    },
    {
      "@id": "https://data.datatourisme.fr/16147336-e748-34e5-a7ad-569ea9805b85",
      "dc:contributor": [
        "https://api.deepl.com/v2/translate"
      ],
      "rdf:language": [
        "nl"
      ],
      "rdf:predicate": [
        {
          "@id": "rdfs:comment"
        }
      ]
    },
    {
      "@id": "https://data.datatourisme.fr/16e848bd-03f6-3e9c-bbc6-0bb1d5e14056",
      "dc:contributor": [
        "https://api.deepl.com/v2/translate"
      ],
      "rdf:language": [
        "en"
      ],
      "rdf:predicate": [
        {
          "@id": "rdfs:comment"
        }
      ]
    },
    {
      "@id": "https://data.datatourisme.fr/45a512d5-8388-3b97-a489-a8211366eabf",
      "dc:contributor": [
        "https://api.deepl.com/v2/translate"
      ],
      "rdf:language": [
        "es"
      ],
      "rdf:predicate": [
        {
          "@id": "rdfs:comment"
        }
      ]
    },
    {
      "@id": "https://data.datatourisme.fr/cdb1bce5-bcee-399c-8c46-a715860e80dd",
      "dc:contributor": [
        "https://api.deepl.com/v2/translate"
      ],
      "rdf:language": [
        "it"
      ],
      "rdf:predicate": [
        {
          "@id": "rdfs:comment"
        }
      ]
    }
  ],
  "isLocatedAt": [
    {
      "@id": "https://data.datatourisme.fr/ed93aa86-e700-37ff-b35d-af716a2c3cf2",
      "schema:address": [
        {
          "@id": "https://data.datatourisme.fr/ebc618c5-d448-32c3-8965-c2fded42c1c7",
          "schema:addressLocality": "Nanteau-sur-Lunain",
          "schema:postalCode": "77710",
          "schema:streetAddress": [
            "14 bis avenue des Tilleuls"
          ],
          "@type": [
            "schema:PostalAddress",
            "PostalAddress"
          ],
          "hasAddressCity": {
            "@id": "kb:77329",
            "@type": [
              "City"
            ],
            "rdfs:label": {
              "de": [
                "Nanteau-sur-Lunain"
              ],
              "pt": [
                "Nanteau-sur-Lunain"
              ],
              "en": [
                "Nanteau-sur-Lunain"
              ],
              "it": [
                "Nanteau-sur-Lunain"
              ],
              "fr": [
                "Nanteau-sur-Lunain"
              ],
              "nl": [
                "Nanteau-sur-Lunain"
              ],
              "es": [
                "Nanteau-sur-Lunain"
              ]
            },
            "insee": "77329",
            "isPartOfDepartment": {
              "@id": "kb:France1177",
              "@type": [
                "Department"
              ],
              "rdfs:label": {
                "de": [
                  "Seine-et-Marne"
                ],
                "pt": [
                  "Seine-et-Marne"
                ],
                "en": [
                  "Seine-et-Marne"
                ],
                "it": [
                  "Seine-et-Marne"
                ],
                "fr": [
                  "Seine-et-Marne"
                ],
                "nl": [
                  "Seine-et-Marne"
                ],
                "es": [
                  "Seine-et-Marne"
                ]
              },
              "insee": "77",
              "isPartOfRegion": {
                "@id": "kb:France11",
                "@type": [
                  "Region"
                ],
                "rdfs:label": {
                  "de": [
                    "Île-de-France"
                  ],
                  "pt": [
                    "Île-de-France"
                  ],
                  "en": [
                    "Île-de-France"
                  ],
                  "it": [
                    "Île-de-France"
                  ],
                  "fr": [
                    "Île-de-France"
                  ],
                  "nl": [
                    "Île-de-France"
                  ],
                  "es": [
                    "Île-de-France"
                  ]
                },
                "insee": "11",
                "isPartOfCountry": {
                  "@id": "kb:France",
                  "@type": [
                    "schema:Country"
                  ],
                  "rdfs:label": {
                    "de": [
                      "France",
                      "Frankreich"
                    ],
                    "pt": [
                      "França",
                      "France"
                    ],
                    "en": [
                      "France"
                    ],
                    "it": [
                      "France",
                      "Francia"
                    ],
                    "fr": [
                      "France"
                    ],
                    "nl": [
                      "France",
                      "Frankrijk"
                    ],
                    "es": [
                      "France",
                      "Francia"
                    ]
                  }
                }
              }
            }
          }
        }
      ],
      "schema:geo": {
        "@id": "https://data.datatourisme.fr/585d5abc-4b08-3d50-8e35-e9538804dd6f",
        "schema:latitude": "48.257234",
        "schema:longitude": "2.808958",
        "@type": [
          "schema:GeoCoordinates"
        ]
      },
      "schema:openingHoursSpecification": [
        {
          "@id": "https://data.datatourisme.fr/d2679cc4-ef41-3305-8f0f-823052e64f30",
          "schema:validFrom": "2023-01-01T00:00:00",
          "schema:validThrough": "2023-12-31T23:59:59",
          "@type": [
            "schema:OpeningHoursSpecification"
          ],
          "additionalInformation": {
            "de": [
              "Montag und Sonntagnachmittag geschlossen."
            ],
            "en": [
              "Closed Monday and Sunday afternoons."
            ],
            "it": [
              "Chiuso il lunedì e la domenica pomeriggio."
            ],
            "fr": [
              "Fermé le lundi et le dimanche après-midi."
            ],
            "nl": [
              "Gesloten op maandag en zondagmiddag."
            ],
            "es": [
              "Cerrado los lunes y los domingos por la tarde."
            ]
          },
          "hasTranslatedProperty": [
            {
              "@id": "https://data.datatourisme.fr/02db0f97-c2c1-3565-a31e-55b5c178c8c3",
              "dc:contributor": [
                "https://api.deepl.com/v2/translate"
              ],
              "rdf:language": [
                "es"
              ],
              "rdf:predicate": [
                "additionalInformation"
              ]
            },
            {
              "@id": "https://data.datatourisme.fr/587d0fac-ccb1-3963-839d-807bf5447aad",
              "dc:contributor": [
                "https://api.deepl.com/v2/translate"
              ],
              "rdf:language": [
                "nl"
              ],
              "rdf:predicate": [
                "additionalInformation"
              ]
            },
            {
              "@id": "https://data.datatourisme.fr/9379a048-b853-35c0-9007-f9fc58b94901",
              "dc:contributor": [
                "https://api.deepl.com/v2/translate"
              ],
              "rdf:language": [
                "it"
              ],
              "rdf:predicate": [
                "additionalInformation"
              ]
            },
            {
              "@id": "https://data.datatourisme.fr/b8c0c4f3-f646-3fe9-a261-b614ea50c484",
              "dc:contributor": [
                "https://api.deepl.com/v2/translate"
              ],
              "rdf:language": [
                "en"
              ],
              "rdf:predicate": [
                "additionalInformation"
              ]
            },
            {
              "@id": "https://data.datatourisme.fr/fc33f716-f16d-3459-b6cd-59e8abfc81aa",
              "dc:contributor": [
                "https://api.deepl.com/v2/translate"
              ],
              "rdf:language": [
                "de"
              ],
              "rdf:predicate": [
                "additionalInformation"
              ]
            }
          ]
        }
      ],
      "@type": [
        "schema:Place",
        "Place"
      ]
    }
  ],
  "isOwnedBy": [
    {
      "@id": "https://data.datatourisme.fr/6d26ae2c-7de7-397c-b135-928637ab3b5f",
      "schema:email": [
        "fabrizia.brun@ccmsl.com",
        "marie.striebel@ccmsl.com"
      ],
      "schema:legalName": "Communauté de Communes Moret Seine et Loing",
      "@type": [
        "schema:Organization",
        "foaf:Agent",
        "Agent"
      ],
      "foaf:homepage": [
        "http://www.ccmsl.fr/"
      ]
    }
  ],
  "lastUpdate": "2021-07-01",
  "lastUpdateDatatourisme": "2023-02-01T18:07:35.949Z"
}