{
  "@id": "https://data.datatourisme.fr/13/0f5481b3-d791-3032-93e7-1da1aed1f3a2",
  "dc:identifier": "5741485",
  "@type": [
    "schema:LocalBusiness",
    "ActivityProvider",
    "PlaceOfInterest",
    "PointOfInterest",
    "Store"
  ],
  "rdfs:comment": {
    "de": [
      "Kommen Sie zum Golfspielen!"
    ],
    "en": [
      "Come and play golf!"
    ],
    "it": [
      "Venite a giocare a golf!"
    ],
    "fr": [
      "Venez faire du Golf !"
    ],
    "es": [
      "¡Ven a jugar al golf!"
    ],
    "nl": [
      "Kom en speel golf!"
    ]
  },
  "rdfs:label": {
    "fr": [
      "UGOLF Béthemont"
    ]
  },
  "hasBeenCreatedBy": {
    "@id": "https://data.datatourisme.fr/13/3fb451ca-2e89-33a1-b095-b059d8705b15",
    "dc:identifier": "1522",
    "schema:email": [
      "anicoud@terres-de-seine.fr",
      "anne.perchec@gpseo.fr",
      "contact@terres-de-seine.fr",
      "estelle.rouille@gpseo.fr",
      "fbony@terres-de-seine.fr",
      "hillaryramanank@yahoo.fr",
      "vgateau@terres-de-seine.fr",
      "xcadilhac.oti.gpseo@gmail.com"
    ],
    "schema:legalName": "Communauté Urbaine Grand Paris Seine & Oise",
    "@type": [
      "schema:Organization",
      "foaf:Agent",
      "Agent"
    ],
    "foaf:homepage": [
      "https://www.insectes.org/",
      "https://www.terres-de-seine.fr/"
    ]
  },
  "hasBeenPublishedBy": [
    {
      "@id": "https://data.datatourisme.fr/8a9feb4b-2cbd-3d2c-b507-bd6c6776b23b",
      "schema:legalName": "Apidae Tourisme Scic SA - source : Apidae Tourisme",
      "@type": [
        "schema:Organization",
        "foaf:Agent",
        "Agent"
      ],
      "foaf:homepage": [
        "https://www.apidae-tourisme.com/"
      ]
    }
  ],
  "hasContact": [
    {
      "@id": "https://data.datatourisme.fr/76c2761f-42c8-366d-a009-9612d5bea9f6",
      "schema:email": [
        "contact@exclusivgolf-bethemont.fr"
      ],
      "schema:telephone": [
        "+33 1 39 08 13 70"
      ],
      "@type": [
        "foaf:Agent",
        "Agent"
      ],
      "foaf:homepage": [
        "https://jouer.golf/golf/ugolf-bethemont/"
      ]
    }
  ],
  "hasDescription": [
    {
      "@id": "https://data.datatourisme.fr/36bb911a-5284-3646-badb-d00d2e2b5e5b",
      "@type": [
        "Description"
      ],
      "hasTranslatedProperty": [
        {
          "@id": "https://data.datatourisme.fr/27868693-c070-3548-b3d5-05504a8e7bed",
          "dc:contributor": [
            "https://api.deepl.com/v2/translate"
          ],
          "rdf:language": [
            "en"
          ],
          "rdf:predicate": [
            "shortDescription"
          ]
        },
        {
          "@id": "https://data.datatourisme.fr/364199b3-baeb-3784-999d-8a251d7acdbc",
          "dc:contributor": [
            "https://api.deepl.com/v2/translate"
          ],
          "rdf:language": [
            "it"
          ],
          "rdf:predicate": [
            "shortDescription"
          ]
        },
        {
          "@id": "https://data.datatourisme.fr/e539961e-1145-3234-ac14-6078c99d9af5",
          "dc:contributor": [
            "https://api.deepl.com/v2/translate"
          ],
          "rdf:language": [
            "de"
          ],
          "rdf:predicate": [
            "shortDescription"
          ]
        },
        {
          "@id": "https://data.datatourisme.fr/f0bb8b6e-32ed-336a-a471-81808c7eb320",
          "dc:contributor": [
            "https://api.deepl.com/v2/translate"
          ],
          "rdf:language": [
            "es"
          ],
          "rdf:predicate": [
            "shortDescription"
          ]
        },
        {
          "@id": "https://data.datatourisme.fr/ffd15c61-fbc5-3c13-9b55-004c0599c618",
          "dc:contributor": [
            "https://api.deepl.com/v2/translate"
          ],
          "rdf:language": [
            "nl"
          ],
          "rdf:predicate": [
            "shortDescription"
          ]
        }
      ],
      "shortDescription": {
        "de": [
          "Kommen Sie zum Golfspielen!"
        ],
        "en": [
          "Come and play golf!"
        ],
        "it": [
          "Venite a giocare a golf!"
        ],
        "fr": [
          "Venez faire du Golf !"
        ],
        "es": [
          "¡Ven a jugar al golf!"
        ],
        "nl": [
          "Kom en speel golf!"
        ]
      }
    }
  ],
  "hasTheme": [
    {
      "@id": "kb:Golf",
      "@type": [
        "SportsTheme"
      ],
      "rdfs:label": {
        "de": [
          "Golf"
        ],
        "pt": [
          "Golfe"
        ],
        "en": [
          "Golf"
        ],
        "it": [
          "Golf"
        ],
        "fr": [
          "Golf"
        ],
        "nl": [
          "Golf"
        ],
        "es": [
          "Golf"
        ]
      }
    }
  ],
  "hasTranslatedProperty": [
    {
      "@id": "https://data.datatourisme.fr/0b19bdca-f1eb-3d04-a763-1ca9c0d8cee9",
      "dc:contributor": [
        "https://api.deepl.com/v2/translate"
      ],
      "rdf:language": [
        "it"
      ],
      "rdf:predicate": [
        {
          "@id": "rdfs:comment"
        }
      ]
    },
    {
      "@id": "https://data.datatourisme.fr/781bd292-4605-3c7e-aaaf-c855b06f5459",
      "dc:contributor": [
        "https://api.deepl.com/v2/translate"
      ],
      "rdf:language": [
        "es"
      ],
      "rdf:predicate": [
        {
          "@id": "rdfs:comment"
        }
      ]
    },
    {
      "@id": "https://data.datatourisme.fr/d43bc2a8-8fc7-323a-8c99-f8f5f1fb9a03",
      "dc:contributor": [
        "https://api.deepl.com/v2/translate"
      ],
      "rdf:language": [
        "en"
      ],
      "rdf:predicate": [
        {
          "@id": "rdfs:comment"
        }
      ]
    },
    {
      "@id": "https://data.datatourisme.fr/e6791be8-47b2-364d-a55f-d2ddfbd6e683",
      "dc:contributor": [
        "https://api.deepl.com/v2/translate"
      ],
      "rdf:language": [
        "de"
      ],
      "rdf:predicate": [
        {
          "@id": "rdfs:comment"
        }
      ]
    },
    {
      "@id": "https://data.datatourisme.fr/f5614b30-2490-30d6-a9b2-b802543b5c3c",
      "dc:contributor": [
        "https://api.deepl.com/v2/translate"
      ],
      "rdf:language": [
        "nl"
      ],
      "rdf:predicate": [
        {
          "@id": "rdfs:comment"
        }
      ]
    }
  ],
  "isLocatedAt": [
    {
      "@id": "https://data.datatourisme.fr/955f0451-db66-3e26-be03-e5002c66dc92",
      "schema:address": [
        {
          "@id": "https://data.datatourisme.fr/0639ac53-e9e0-37cb-9629-ebfec42b6912",
          "schema:addressLocality": "Poissy",
          "schema:postalCode": "78300",
          "@type": [
            "schema:PostalAddress",
            "PostalAddress"
          ],
          "hasAddressCity": {
            "@id": "kb:78498",
            "@type": [
              "City"
            ],
            "rdfs:label": {
              "de": [
                "Poissy"
              ],
              "pt": [
                "Poissy"
              ],
              "en": [
                "Poissy"
              ],
              "it": [
                "Poissy"
              ],
              "fr": [
                "Poissy"
              ],
              "nl": [
                "Poissy"
              ],
              "es": [
                "Poissy"
              ]
            },
            "insee": "78498",
            "isPartOfDepartment": {
              "@id": "kb:France1178",
              "@type": [
                "Department"
              ],
              "rdfs:label": {
                "de": [
                  "Yvelines"
                ],
                "pt": [
                  "Yvelines"
                ],
                "en": [
                  "Yvelines"
                ],
                "it": [
                  "Yvelines"
                ],
                "fr": [
                  "Yvelines"
                ],
                "nl": [
                  "Yvelines"
                ],
                "es": [
                  "Yvelines"
                ]
              },
              "insee": "78",
              "isPartOfRegion": {
                "@id": "kb:France11",
                "@type": [
                  "Region"
                ],
                "rdfs:label": {
                  "de": [
                    "Île-de-France"
                  ],
                  "pt": [
                    "Île-de-France"
                  ],
                  "en": [
                    "Île-de-France"
                  ],
                  "it": [
                    "Île-de-France"
                  ],
                  "fr": [
                    "Île-de-France"
                  ],
                  "nl": [
                    "Île-de-France"
                  ],
                  "es": [
                    "Île-de-France"
                  ]
                },
                "insee": "11",
                "isPartOfCountry": {
                  "@id": "kb:France",
                  "@type": [
                    "schema:Country"
                  ],
                  "rdfs:label": {
                    "de": [
                      "France",
                      "Frankreich"
                    ],
                    "pt": [
                      "França",
                      "France"
                    ],
                    "en": [
                      "France"
                    ],
                    "it": [
                      "France",
                      "Francia"
                    ],
                    "fr": [
                      "France"
                    ],
                    "nl": [
                      "France",
                      "Frankrijk"
                    ],
                    "es": [
                      "France",
                      "Francia"
                    ]
                  }
                }
              }
            }
          }
        }
      ],
      "schema:geo": {
        "@id": "https://data.datatourisme.fr/9fd075a8-b1e2-37aa-971e-d7c7364df541",
        "schema:latitude": "48.911931",
        "schema:longitude": "1.998391",
        "@type": [
          "schema:GeoCoordinates"
        ]
      },
      "schema:openingHoursSpecification": [
        {
          "@id": "https://data.datatourisme.fr/f87e535a-636d-3343-ad63-8a03392e7511",
          "schema:validFrom": "2023-01-01T00:00:00",
          "schema:validThrough": "2023-12-31T23:59:59",
          "@type": [
            "schema:OpeningHoursSpecification"
          ]
        }
      ],
      "@type": [
        "schema:Place",
        "Place"
      ]
    }
  ],
  "isOwnedBy": [
    {
      "@id": "https://data.datatourisme.fr/44eacd0d-f255-38e9-b0f2-4a31202fdb58",
      "schema:email": [
        "anicoud@terres-de-seine.fr",
        "anne.perchec@gpseo.fr",
        "contact@terres-de-seine.fr",
        "estelle.rouille@gpseo.fr",
        "fbony@terres-de-seine.fr",
        "hillaryramanank@yahoo.fr",
        "vgateau@terres-de-seine.fr",
        "xcadilhac.oti.gpseo@gmail.com"
      ],
      "schema:legalName": "Communauté Urbaine Grand Paris Seine & Oise",
      "@type": [
        "schema:Organization",
        "foaf:Agent",
        "Agent"
      ],
      "foaf:homepage": [
        "https://www.insectes.org/"
      ]
    }
  ],
  "lastUpdate": "2021-03-13",
  "lastUpdateDatatourisme": "2023-02-10T06:39:19.868Z"
}