{
  "@id": "https://data.datatourisme.fr/13/0fac17e4-156b-3ae8-bfc9-e524fbe83ea7",
  "dc:identifier": "4952089",
  "@type": [
    "schema:LocalBusiness",
    "PlaceOfInterest",
    "PointOfInterest",
    "SportsAndLeisurePlace",
    "TouristTrain"
  ],
  "rdfs:comment": {
    "de": [
      "Eine originelle Art, die mittelalterliche Stadt Provins zu entdecken!"
    ],
    "en": [
      "An original way to discover the medieval town of Provins!"
    ],
    "it": [
      "Un modo originale per scoprire la città medievale di Provins!"
    ],
    "fr": [
      "Une façon originale de découvrir la cité médiévale de Provins !"
    ],
    "es": [
      "Una forma original de descubrir la ciudad medieval de Provins"
    ],
    "nl": [
      "Een originele manier om de middeleeuwse stad Provins te ontdekken!"
    ]
  },
  "rdfs:label": {
    "en": [
      "The Tourist Train of Provins"
    ],
    "fr": [
      "Les Petits Trains de Provins"
    ]
  },
  "hasBeenCreatedBy": {
    "@id": "https://data.datatourisme.fr/13/6d70cb65-d152-3172-adcc-e4c0e971e21c",
    "dc:identifier": "1038",
    "schema:email": [
      "communication@provins.net"
    ],
    "schema:legalName": "Provins Tourisme entre Bassée, Montois et Morin",
    "@type": [
      "schema:Organization",
      "foaf:Agent",
      "Agent"
    ],
    "foaf:homepage": [
      "https://www.provins.net/"
    ]
  },
  "hasBeenPublishedBy": [
    {
      "@id": "https://data.datatourisme.fr/1db24fc4-b534-39bf-bdaf-152c6f98730e",
      "schema:legalName": "Seine et Marne Attractivité - source : Apidae Tourisme",
      "@type": [
        "schema:Organization",
        "foaf:Agent",
        "Agent"
      ],
      "foaf:homepage": [
        "https://www.apidae-tourisme.com/"
      ]
    }
  ],
  "hasContact": [
    {
      "@id": "https://data.datatourisme.fr/2a75bf04-4d8c-3846-aff4-bed04e79ba1e",
      "schema:email": [
        "info@provins.net"
      ],
      "schema:telephone": [
        "+33 1 64 60 26 26"
      ],
      "@type": [
        "foaf:Agent",
        "Agent"
      ],
      "foaf:homepage": [
        "http://www.provins.net/"
      ]
    }
  ],
  "hasDescription": [
    {
      "@id": "https://data.datatourisme.fr/f3c98ed8-f6e7-3608-90cf-4847349631c2",
      "@type": [
        "Description"
      ],
      "hasTranslatedProperty": [
        {
          "@id": "https://data.datatourisme.fr/37c3e571-567d-34b7-8897-08dddb4a617d",
          "dc:contributor": [
            "https://api.deepl.com/v2/translate"
          ],
          "rdf:language": [
            "it"
          ],
          "rdf:predicate": [
            "shortDescription"
          ]
        },
        {
          "@id": "https://data.datatourisme.fr/df66dc11-de6a-3f4b-97e4-980a4bbc881a",
          "dc:contributor": [
            "https://api.deepl.com/v2/translate"
          ],
          "rdf:language": [
            "es"
          ],
          "rdf:predicate": [
            "shortDescription"
          ]
        },
        {
          "@id": "https://data.datatourisme.fr/f98eca07-411a-39cc-9ef1-fb64e6d7afc3",
          "dc:contributor": [
            "https://api.deepl.com/v2/translate"
          ],
          "rdf:language": [
            "nl"
          ],
          "rdf:predicate": [
            "shortDescription"
          ]
        },
        {
          "@id": "https://data.datatourisme.fr/fc170aa4-7f7b-33d6-afbb-3932e6cd5d5c",
          "dc:contributor": [
            "https://api.deepl.com/v2/translate"
          ],
          "rdf:language": [
            "de"
          ],
          "rdf:predicate": [
            "shortDescription"
          ]
        }
      ],
      "shortDescription": {
        "de": [
          "Eine originelle Art, die mittelalterliche Stadt Provins zu entdecken!"
        ],
        "en": [
          "An original way to discover the medieval town of Provins!"
        ],
        "it": [
          "Un modo originale per scoprire la città medievale di Provins!"
        ],
        "fr": [
          "Une façon originale de découvrir la cité médiévale de Provins !"
        ],
        "es": [
          "Una forma original de descubrir la ciudad medieval de Provins"
        ],
        "nl": [
          "Een originele manier om de middeleeuwse stad Provins te ontdekken!"
        ]
      }
    }
  ],
  "hasTranslatedProperty": [
    {
      "@id": "https://data.datatourisme.fr/2eb6ada9-b45e-3b11-b8bd-3659e09c364c",
      "dc:contributor": [
        "https://api.deepl.com/v2/translate"
      ],
      "rdf:language": [
        "nl"
      ],
      "rdf:predicate": [
        {
          "@id": "rdfs:comment"
        }
      ]
    },
    {
      "@id": "https://data.datatourisme.fr/80bf5a57-46b4-3c0f-9c00-a2378c39a8a3",
      "dc:contributor": [
        "https://api.deepl.com/v2/translate"
      ],
      "rdf:language": [
        "de"
      ],
      "rdf:predicate": [
        {
          "@id": "rdfs:comment"
        }
      ]
    },
    {
      "@id": "https://data.datatourisme.fr/9c7930fc-130b-3b1e-b1b1-fd1d86cee498",
      "dc:contributor": [
        "https://api.deepl.com/v2/translate"
      ],
      "rdf:language": [
        "es"
      ],
      "rdf:predicate": [
        {
          "@id": "rdfs:comment"
        }
      ]
    },
    {
      "@id": "https://data.datatourisme.fr/d024a635-5d77-3008-bcac-bed0d74f09da",
      "dc:contributor": [
        "https://api.deepl.com/v2/translate"
      ],
      "rdf:language": [
        "it"
      ],
      "rdf:predicate": [
        {
          "@id": "rdfs:comment"
        }
      ]
    }
  ],
  "isLocatedAt": [
    {
      "@id": "https://data.datatourisme.fr/80feb8f0-2899-3ecd-af67-13e5bd2cae74",
      "schema:address": [
        {
          "@id": "https://data.datatourisme.fr/fae54e9a-c580-3497-a3bb-3c8675071922",
          "schema:addressLocality": "Provins",
          "schema:postalCode": "77160",
          "schema:streetAddress": [
            "Nombreux arrêts à l'Office de Tourisme et dans la ville haute de Provins"
          ],
          "@type": [
            "schema:PostalAddress",
            "PostalAddress"
          ],
          "hasAddressCity": {
            "@id": "kb:77379",
            "@type": [
              "City"
            ],
            "rdfs:label": {
              "de": [
                "Provins"
              ],
              "pt": [
                "Provins"
              ],
              "en": [
                "Provins"
              ],
              "it": [
                "Provins"
              ],
              "fr": [
                "Provins"
              ],
              "nl": [
                "Provins"
              ],
              "es": [
                "Provins"
              ]
            },
            "insee": "77379",
            "isPartOfDepartment": {
              "@id": "kb:France1177",
              "@type": [
                "Department"
              ],
              "rdfs:label": {
                "de": [
                  "Seine-et-Marne"
                ],
                "pt": [
                  "Seine-et-Marne"
                ],
                "en": [
                  "Seine-et-Marne"
                ],
                "it": [
                  "Seine-et-Marne"
                ],
                "fr": [
                  "Seine-et-Marne"
                ],
                "nl": [
                  "Seine-et-Marne"
                ],
                "es": [
                  "Seine-et-Marne"
                ]
              },
              "insee": "77",
              "isPartOfRegion": {
                "@id": "kb:France11",
                "@type": [
                  "Region"
                ],
                "rdfs:label": {
                  "de": [
                    "Île-de-France"
                  ],
                  "pt": [
                    "Île-de-France"
                  ],
                  "en": [
                    "Île-de-France"
                  ],
                  "it": [
                    "Île-de-France"
                  ],
                  "fr": [
                    "Île-de-France"
                  ],
                  "nl": [
                    "Île-de-France"
                  ],
                  "es": [
                    "Île-de-France"
                  ]
                },
                "insee": "11",
                "isPartOfCountry": {
                  "@id": "kb:France",
                  "@type": [
                    "schema:Country"
                  ],
                  "rdfs:label": {
                    "de": [
                      "France",
                      "Frankreich"
                    ],
                    "pt": [
                      "França",
                      "France"
                    ],
                    "en": [
                      "France"
                    ],
                    "it": [
                      "France",
                      "Francia"
                    ],
                    "fr": [
                      "France"
                    ],
                    "nl": [
                      "France",
                      "Frankrijk"
                    ],
                    "es": [
                      "France",
                      "Francia"
                    ]
                  }
                }
              }
            }
          }
        }
      ],
      "schema:geo": {
        "@id": "https://data.datatourisme.fr/63573262-2e8d-3b9d-9cf8-489c890932ce",
        "schema:latitude": "48.559782",
        "schema:longitude": "3.278148",
        "@type": [
          "schema:GeoCoordinates"
        ]
      },
      "schema:openingHoursSpecification": [
        {
          "@id": "https://data.datatourisme.fr/8dd9c9ed-98de-34bd-adba-9da7356306f0",
          "schema:validFrom": "2023-05-02T00:00:00",
          "schema:validThrough": "2023-08-25T23:59:59",
          "@type": [
            "schema:OpeningHoursSpecification"
          ],
          "additionalInformation": {
            "de": [
              "Keine kleinen Züge am 9., 10. und 11. Juni (Les Médiévales de Provins) und am 26. und 27. August (La Fête de la Moisson).\r\nBis 17 Uhr am 1. Juli und 5. August (Les Lueurs du Temps)."
            ],
            "en": [
              "No little train on June 9, 10 and 11 (Les Médiévales de Provins), and on August 26 and 27 (La Fête de la Moisson).\r\nUntil 5 pm on July 1st and August 5th (Les Lueurs du Temps)."
            ],
            "it": [
              "Niente trenino il 9, 10 e 11 giugno (Les Médiévales de Provins) e il 26 e 27 agosto (La Fête de la Moisson).\r\nFino alle 17.00 del 1° luglio e del 5 agosto (Les Lueurs du Temps)."
            ],
            "fr": [
              "Pas de petit train les 9, 10 et 11 juin (Les Médiévales de Provins), et les 26 et 27 août (La Fête de la Moisson).\r\nJusqu'à 17h les 1er juillet et 5 août (Les Lueurs du Temps)."
            ],
            "es": [
              "Ningún trenecito los días 9, 10 y 11 de junio (Les Médiévales de Provins), y los días 26 y 27 de agosto (La Fête de la Moisson).\r\nHasta las 17.00 h el 1 de julio y el 5 de agosto (Les Lueurs du Temps)."
            ],
            "nl": [
              "Geen treintje op 9, 10 en 11 juni (Les Médiévales de Provins), en op 26 en 27 augustus (La Fête de la Moisson).\r\nTot 17 uur op 1 juli en 5 augustus (Les Lueurs du Temps)."
            ]
          },
          "hasTranslatedProperty": [
            {
              "@id": "https://data.datatourisme.fr/181de645-738c-3fbe-8758-4650c7eed595",
              "dc:contributor": [
                "https://api.deepl.com/v2/translate"
              ],
              "rdf:language": [
                "en"
              ],
              "rdf:predicate": [
                "additionalInformation"
              ]
            },
            {
              "@id": "https://data.datatourisme.fr/21861f52-bf47-36d2-9846-7205863f1899",
              "dc:contributor": [
                "https://api.deepl.com/v2/translate"
              ],
              "rdf:language": [
                "it"
              ],
              "rdf:predicate": [
                "additionalInformation"
              ]
            },
            {
              "@id": "https://data.datatourisme.fr/50a91bb6-2f0b-3565-b84d-658e46f64f1c",
              "dc:contributor": [
                "https://api.deepl.com/v2/translate"
              ],
              "rdf:language": [
                "nl"
              ],
              "rdf:predicate": [
                "additionalInformation"
              ]
            },
            {
              "@id": "https://data.datatourisme.fr/a39d520c-f80c-35a5-83f7-3f9b80042bbd",
              "dc:contributor": [
                "https://api.deepl.com/v2/translate"
              ],
              "rdf:language": [
                "de"
              ],
              "rdf:predicate": [
                "additionalInformation"
              ]
            },
            {
              "@id": "https://data.datatourisme.fr/bef8ccad-002c-3f27-ac0a-174712d8629e",
              "dc:contributor": [
                "https://api.deepl.com/v2/translate"
              ],
              "rdf:language": [
                "es"
              ],
              "rdf:predicate": [
                "additionalInformation"
              ]
            }
          ]
        },
        {
          "@id": "https://data.datatourisme.fr/8f29ae07-e822-399e-b77a-b14a633c3ec7",
          "schema:validFrom": "2023-03-25T00:00:00",
          "schema:validThrough": "2023-05-01T23:59:59",
          "@type": [
            "schema:OpeningHoursSpecification"
          ]
        },
        {
          "@id": "https://data.datatourisme.fr/ec6a460b-ee9b-3421-9c0e-44026a157972",
          "schema:validFrom": "2023-08-26T00:00:00",
          "schema:validThrough": "2023-11-05T23:59:59",
          "@type": [
            "schema:OpeningHoursSpecification"
          ],
          "additionalInformation": {
            "de": [
              "Ab 14 Uhr am 1. Oktober (La Course des Remparts)."
            ],
            "en": [
              "Starting at 2pm on October 1st (La Course des Remparts)."
            ],
            "it": [
              "Dalle 14.00 del 1° ottobre (La Course des Remparts)."
            ],
            "fr": [
              "A partir de 14h le 1er octobre (La Course des Remparts)."
            ],
            "nl": [
              "Vanaf 14.00 uur op 1 oktober (La Course des Remparts)."
            ],
            "es": [
              "A partir de las 14.00 horas del 1 de octubre (La Course des Remparts)."
            ]
          },
          "hasTranslatedProperty": [
            {
              "@id": "https://data.datatourisme.fr/03c3ac7e-96c1-37a2-8e89-458e4ed2e5b0",
              "dc:contributor": [
                "https://api.deepl.com/v2/translate"
              ],
              "rdf:language": [
                "it"
              ],
              "rdf:predicate": [
                "additionalInformation"
              ]
            },
            {
              "@id": "https://data.datatourisme.fr/12e82767-92e8-39da-81a2-e0c3e7d4f49d",
              "dc:contributor": [
                "https://api.deepl.com/v2/translate"
              ],
              "rdf:language": [
                "nl"
              ],
              "rdf:predicate": [
                "additionalInformation"
              ]
            },
            {
              "@id": "https://data.datatourisme.fr/6ef8b91a-0a7c-30e2-9779-9e09781ecd3b",
              "dc:contributor": [
                "https://api.deepl.com/v2/translate"
              ],
              "rdf:language": [
                "en"
              ],
              "rdf:predicate": [
                "additionalInformation"
              ]
            },
            {
              "@id": "https://data.datatourisme.fr/9798946c-c0a2-32a2-b7c7-f178aa8efa19",
              "dc:contributor": [
                "https://api.deepl.com/v2/translate"
              ],
              "rdf:language": [
                "de"
              ],
              "rdf:predicate": [
                "additionalInformation"
              ]
            },
            {
              "@id": "https://data.datatourisme.fr/9fb64973-9448-31da-9b79-367c7f74a01e",
              "dc:contributor": [
                "https://api.deepl.com/v2/translate"
              ],
              "rdf:language": [
                "es"
              ],
              "rdf:predicate": [
                "additionalInformation"
              ]
            }
          ]
        }
      ],
      "@type": [
        "schema:Place",
        "Place"
      ]
    }
  ],
  "isOwnedBy": [
    {
      "@id": "https://data.datatourisme.fr/7346881a-c323-3b24-b0bd-8d227215d231",
      "schema:email": [
        "communication@provins.net"
      ],
      "schema:legalName": "Provins Tourisme entre Bassée, Montois et Morin",
      "@type": [
        "schema:Organization",
        "foaf:Agent",
        "Agent"
      ],
      "foaf:homepage": [
        "https://www.provins.net/"
      ]
    }
  ],
  "lastUpdate": "2023-02-15",
  "lastUpdateDatatourisme": "2023-05-30T05:49:20.353Z",
  "offers": [
    {
      "@id": "https://data.datatourisme.fr/5f696a77-9d13-32e7-9ec2-ca931be82a58",
      "schema:priceSpecification": [
        {
          "@id": "https://data.datatourisme.fr/e576abb4-c428-3a06-9a64-f8926b28217c",
          "schema:maxPrice": [
            "5",
            "7"
          ],
          "schema:minPrice": [
            "5",
            "7"
          ],
          "schema:priceCurrency": "EUR",
          "@type": [
            "schema:PriceSpecification",
            "PriceSpecification"
          ],
          "appliesOnPeriod": [
            {
              "@id": "https://data.datatourisme.fr/c30595ba-3661-37fe-af9f-7991fd7798bd",
              "@type": [
                "Period"
              ],
              "endDate": "2023-11-05",
              "startDate": "2022-03-26"
            }
          ]
        }
      ],
      "@type": [
        "schema:Offer",
        "Offer"
      ]
    }
  ]
}