{
  "@id": "https://data.datatourisme.fr/13/0fc5d444-0544-378c-860f-439d54d5565d",
  "dc:identifier": "851932",
  "@type": [
    "schema:LocalBusiness",
    "PlaceOfInterest",
    "PointOfInterest",
    "TastingProvider"
  ],
  "rdfs:comment": {
    "de": [
      "Die Ferme des Sablons liegt in Génicourt, einer Gemeinde im regionalen Naturpark Vexin français, einige Kilometer nördlich von Cergy-Pontoise. Sie bietet den Direktverkauf von Hofprodukten in Geschäften oder an Automaten sowie pädagogische Workshops an."
    ],
    "en": [
      "Direct selling in the farm (potatoes, eggs, flour). Vending machine of products. Sale of meat  and calf to order. Welcome of groups. The flour of cereal produced on the exploitation benefits from the Mark \" Produce of the Park \"."
    ],
    "it": [
      "Situata a Génicourt, un comune del Parco naturale regionale francese del Vexin a pochi chilometri a nord di Cergy-Pontoise, la Ferme des Sablons offre la vendita diretta dei prodotti dell'azienda in un negozio o in un distributore e laboratori didattici."
    ],
    "fr": [
      "Située à Génicourt, commune du Parc naturel régional du Vexin français à quelques kilomètres au nord de Cergy-Pontoise, la Ferme des Sablons propose la vente directe des produits de la ferme en boutique ou en distributeur et des ateliers pédagogiques."
    ],
    "es": [
      "Situada en Génicourt, municipio del Parque Natural Regional de Vexin, a pocos kilómetros al norte de Cergy-Pontoise, la Ferme des Sablons ofrece la venta directa de los productos de la granja en una tienda o en un distribuidor y talleres educativos."
    ],
    "nl": [
      "De Ferme des Sablons, gelegen in Génicourt, een gemeente in het regionale natuurpark Vexin op enkele kilometers ten noorden van Cergy-Pontoise, biedt rechtstreekse verkoop van de producten van de boerderij in een winkel of distributeur en educatieve workshops."
    ]
  },
  "rdfs:label": {
    "en": [
      "La Ferme des Sablons"
    ],
    "fr": [
      "La Ferme des Sablons"
    ]
  },
  "hasBeenCreatedBy": {
    "@id": "https://data.datatourisme.fr/13/3a1dd983-41fa-3c1d-be9b-cf36360e6b84",
    "dc:identifier": "2180",
    "schema:email": [
      "p.barriot@pnr-vexin-francais.fr"
    ],
    "schema:legalName": "Parc naturel régional du Vexin Français",
    "@type": [
      "schema:Organization",
      "foaf:Agent",
      "Agent"
    ],
    "foaf:homepage": [
      "http://www.pnr-vexin-francais.fr/"
    ]
  },
  "hasBeenPublishedBy": [
    {
      "@id": "https://data.datatourisme.fr/8a9feb4b-2cbd-3d2c-b507-bd6c6776b23b",
      "schema:legalName": "Apidae Tourisme Scic SA - source : Apidae Tourisme",
      "@type": [
        "schema:Organization",
        "foaf:Agent",
        "Agent"
      ],
      "foaf:homepage": [
        "https://www.apidae-tourisme.com/"
      ]
    }
  ],
  "hasContact": [
    {
      "@id": "https://data.datatourisme.fr/bf9c927f-b938-3ec1-87eb-60cc1b62dbe5",
      "schema:email": [
        "fermedessablons@gmail.com"
      ],
      "schema:telephone": [
        "+33 6 84 23 93 18"
      ],
      "@type": [
        "foaf:Agent",
        "Agent"
      ],
      "foaf:homepage": [
        "https://www.lafermedessablons.com/"
      ]
    }
  ],
  "hasDescription": [
    {
      "@id": "https://data.datatourisme.fr/d26645d6-80be-37ea-bfaa-0bd9655ae0b1",
      "@type": [
        "Description"
      ],
      "hasTranslatedProperty": [
        {
          "@id": "https://data.datatourisme.fr/051cc21c-c51c-33a9-8ddb-2b36841b9088",
          "dc:contributor": [
            "https://api.deepl.com/v2/translate"
          ],
          "rdf:language": [
            "nl"
          ],
          "rdf:predicate": [
            "shortDescription"
          ]
        },
        {
          "@id": "https://data.datatourisme.fr/533d8209-8a6b-3e30-9039-2852b1b7fad6",
          "dc:contributor": [
            "https://api.deepl.com/v2/translate"
          ],
          "rdf:language": [
            "it"
          ],
          "rdf:predicate": [
            "shortDescription"
          ]
        },
        {
          "@id": "https://data.datatourisme.fr/a05e1ef8-ad9b-35c4-ba92-18c25dd40109",
          "dc:contributor": [
            "https://api.deepl.com/v2/translate"
          ],
          "rdf:language": [
            "es"
          ],
          "rdf:predicate": [
            "shortDescription"
          ]
        },
        {
          "@id": "https://data.datatourisme.fr/b8b481d2-5ab0-3ae9-ae0e-620498d3cfd3",
          "dc:contributor": [
            "https://api.deepl.com/v2/translate"
          ],
          "rdf:language": [
            "de"
          ],
          "rdf:predicate": [
            "shortDescription"
          ]
        }
      ],
      "shortDescription": {
        "de": [
          "Die Ferme des Sablons liegt in Génicourt, einer Gemeinde im regionalen Naturpark Vexin français, einige Kilometer nördlich von Cergy-Pontoise. Sie bietet den Direktverkauf von Hofprodukten in Geschäften oder an Automaten sowie pädagogische Workshops an."
        ],
        "en": [
          "Direct selling in the farm (potatoes, eggs, flour). Vending machine of products. Sale of meat  and calf to order. Welcome of groups. The flour of cereal produced on the exploitation benefits from the Mark \" Produce of the Park \"."
        ],
        "it": [
          "Situata a Génicourt, un comune del Parco naturale regionale francese del Vexin a pochi chilometri a nord di Cergy-Pontoise, la Ferme des Sablons offre la vendita diretta dei prodotti dell'azienda in un negozio o in un distributore e laboratori didattici."
        ],
        "fr": [
          "Située à Génicourt, commune du Parc naturel régional du Vexin français à quelques kilomètres au nord de Cergy-Pontoise, la Ferme des Sablons propose la vente directe des produits de la ferme en boutique ou en distributeur et des ateliers pédagogiques."
        ],
        "es": [
          "Situada en Génicourt, municipio del Parque Natural Regional de Vexin, a pocos kilómetros al norte de Cergy-Pontoise, la Ferme des Sablons ofrece la venta directa de los productos de la granja en una tienda o en un distribuidor y talleres educativos."
        ],
        "nl": [
          "De Ferme des Sablons, gelegen in Génicourt, een gemeente in het regionale natuurpark Vexin op enkele kilometers ten noorden van Cergy-Pontoise, biedt rechtstreekse verkoop van de producten van de boerderij in een winkel of distributeur en educatieve workshops."
        ]
      }
    }
  ],
  "hasTranslatedProperty": [
    {
      "@id": "https://data.datatourisme.fr/2effc0b6-70ca-37bf-ac06-6bceddc49d64",
      "dc:contributor": [
        "https://api.deepl.com/v2/translate"
      ],
      "rdf:language": [
        "de"
      ],
      "rdf:predicate": [
        {
          "@id": "rdfs:comment"
        }
      ]
    },
    {
      "@id": "https://data.datatourisme.fr/34146520-ea53-370f-9ad4-17d907e065ff",
      "dc:contributor": [
        "https://api.deepl.com/v2/translate"
      ],
      "rdf:language": [
        "nl"
      ],
      "rdf:predicate": [
        {
          "@id": "rdfs:comment"
        }
      ]
    },
    {
      "@id": "https://data.datatourisme.fr/e58d421a-88c2-379a-ba9e-0b1d8621d06c",
      "dc:contributor": [
        "https://api.deepl.com/v2/translate"
      ],
      "rdf:language": [
        "it"
      ],
      "rdf:predicate": [
        {
          "@id": "rdfs:comment"
        }
      ]
    },
    {
      "@id": "https://data.datatourisme.fr/ffb03b78-f987-37c9-9479-2a08a4b652e0",
      "dc:contributor": [
        "https://api.deepl.com/v2/translate"
      ],
      "rdf:language": [
        "es"
      ],
      "rdf:predicate": [
        {
          "@id": "rdfs:comment"
        }
      ]
    }
  ],
  "isLocatedAt": [
    {
      "@id": "https://data.datatourisme.fr/d543bb25-d24f-30e4-b9ed-593d82c0c707",
      "schema:address": [
        {
          "@id": "https://data.datatourisme.fr/13c0ea2e-87f2-3c19-a2dc-964a3228f56a",
          "schema:addressLocality": "Génicourt",
          "schema:postalCode": "95650",
          "schema:streetAddress": [
            "6 rue des Fossettes"
          ],
          "@type": [
            "schema:PostalAddress",
            "PostalAddress"
          ],
          "hasAddressCity": {
            "@id": "kb:95271",
            "@type": [
              "City"
            ],
            "rdfs:label": {
              "de": [
                "Génicourt"
              ],
              "pt": [
                "Génicourt"
              ],
              "en": [
                "Génicourt"
              ],
              "it": [
                "Génicourt"
              ],
              "fr": [
                "Génicourt"
              ],
              "nl": [
                "Génicourt"
              ],
              "es": [
                "Génicourt"
              ]
            },
            "insee": "95271",
            "isPartOfDepartment": {
              "@id": "kb:France1195",
              "@type": [
                "Department"
              ],
              "rdfs:label": {
                "de": [
                  "Val-d'Oise"
                ],
                "pt": [
                  "Val-d'Oise"
                ],
                "en": [
                  "Val-d'Oise"
                ],
                "it": [
                  "Val-d'Oise"
                ],
                "fr": [
                  "Val-d'Oise"
                ],
                "nl": [
                  "Val-d'Oise"
                ],
                "es": [
                  "Val-d'Oise"
                ]
              },
              "insee": "95",
              "isPartOfRegion": {
                "@id": "kb:France11",
                "@type": [
                  "Region"
                ],
                "rdfs:label": {
                  "de": [
                    "Île-de-France"
                  ],
                  "pt": [
                    "Île-de-France"
                  ],
                  "en": [
                    "Île-de-France"
                  ],
                  "it": [
                    "Île-de-France"
                  ],
                  "fr": [
                    "Île-de-France"
                  ],
                  "nl": [
                    "Île-de-France"
                  ],
                  "es": [
                    "Île-de-France"
                  ]
                },
                "insee": "11",
                "isPartOfCountry": {
                  "@id": "kb:France",
                  "@type": [
                    "schema:Country"
                  ],
                  "rdfs:label": {
                    "de": [
                      "France",
                      "Frankreich"
                    ],
                    "pt": [
                      "França",
                      "France"
                    ],
                    "en": [
                      "France"
                    ],
                    "it": [
                      "France",
                      "Francia"
                    ],
                    "fr": [
                      "France"
                    ],
                    "nl": [
                      "France",
                      "Frankrijk"
                    ],
                    "es": [
                      "France",
                      "Francia"
                    ]
                  }
                }
              }
            }
          }
        }
      ],
      "schema:geo": {
        "@id": "https://data.datatourisme.fr/19a7e12b-bed3-3db6-8a33-7b3f0512b753",
        "schema:latitude": "49.086432",
        "schema:longitude": "2.065553",
        "@type": [
          "schema:GeoCoordinates"
        ]
      },
      "schema:openingHoursSpecification": [
        {
          "@id": "https://data.datatourisme.fr/64173445-2971-3939-b70f-e9e171abd928",
          "schema:validFrom": "2023-01-01T00:00:00",
          "schema:validThrough": "2023-12-31T23:59:59",
          "@type": [
            "schema:OpeningHoursSpecification"
          ],
          "additionalInformation": {
            "de": [
              "Öffnungszeiten der Boutique:\r\n- Montag: 17:00-19:00 Uhr\r\n- Mittwoch: 9:00-12:00 Uhr\r\n- Freitag: 16h-19h\r\n- Samstag: 9-13 Uhr\r\n\r\nAutomat rund um die Uhr zugänglich."
            ],
            "en": [
              "Opening of the shop:\r\n- Monday: 5pm-7pm\r\n- Wednesday: 9am-12pm\r\n- Friday: 4pm-7pm\r\n- Saturday: 9am-1pm\r\n\r\nVending machine available 24 hours a day."
            ],
            "it": [
              "Orari di apertura del negozio:\r\n- Lunedì: 17.00-19.00\r\n- Mercoledì: 9.00-12.00\r\n- Venerdì: 16:00-19:00\r\n- Sabato: 9.00-13.00\r\n\r\nDistributore automatico disponibile 24 ore su 24."
            ],
            "fr": [
              "Ouverture de la boutique:\r\n- Lundi : 17h-19h\r\n- Mercredi : 9h-12h\r\n- Vendredi : 16h-19h\r\n- Samedi : 9h-13h\r\n\r\nDistributeur accessible 24h/24h."
            ],
            "nl": [
              "Openingstijden van de winkel:\r\n- Maandag: 17.00-19.00 uur\r\n- Woensdag: 9u-12u\r\n- Vrijdag: 16.00-19.00 uur\r\n- Zaterdag: 9u-1u\r\n\r\nVerkoopautomaat 24 uur per dag beschikbaar."
            ],
            "es": [
              "Horario de apertura de la tienda:\r\n- Lunes: 5pm-7pm\r\n- Miércoles: 9h-12h\r\n- Viernes: de 16 a 19 horas\r\n- Sábado: de 9 a 13 horas\r\n\r\nMáquina expendedora disponible las 24 horas del día."
            ]
          },
          "hasTranslatedProperty": [
            {
              "@id": "https://data.datatourisme.fr/2f894a5a-37c6-380c-ba7c-3015a967999b",
              "dc:contributor": [
                "https://api.deepl.com/v2/translate"
              ],
              "rdf:language": [
                "it"
              ],
              "rdf:predicate": [
                "additionalInformation"
              ]
            },
            {
              "@id": "https://data.datatourisme.fr/54e14cf8-30b5-3095-9fc0-4c7c8edf5322",
              "dc:contributor": [
                "https://api.deepl.com/v2/translate"
              ],
              "rdf:language": [
                "en"
              ],
              "rdf:predicate": [
                "additionalInformation"
              ]
            },
            {
              "@id": "https://data.datatourisme.fr/74d9d734-b25c-3340-ae1c-1ee7b3a3db5f",
              "dc:contributor": [
                "https://api.deepl.com/v2/translate"
              ],
              "rdf:language": [
                "nl"
              ],
              "rdf:predicate": [
                "additionalInformation"
              ]
            },
            {
              "@id": "https://data.datatourisme.fr/887fa3c6-9705-38aa-9ec1-cef6e738e8cc",
              "dc:contributor": [
                "https://api.deepl.com/v2/translate"
              ],
              "rdf:language": [
                "es"
              ],
              "rdf:predicate": [
                "additionalInformation"
              ]
            },
            {
              "@id": "https://data.datatourisme.fr/c0faeee3-e74a-385d-81e7-5738b956fb4b",
              "dc:contributor": [
                "https://api.deepl.com/v2/translate"
              ],
              "rdf:language": [
                "de"
              ],
              "rdf:predicate": [
                "additionalInformation"
              ]
            }
          ]
        }
      ],
      "@type": [
        "schema:Place",
        "Place"
      ]
    }
  ],
  "isOwnedBy": [
    {
      "@id": "https://data.datatourisme.fr/4c608c50-81e5-397b-9f19-b610e202e801",
      "schema:email": [
        "p.barriot@pnr-vexin-francais.fr"
      ],
      "schema:legalName": "Parc naturel régional du Vexin Français",
      "@type": [
        "schema:Organization",
        "foaf:Agent",
        "Agent"
      ],
      "foaf:homepage": [
        "http://www.pnr-vexin-francais.fr/"
      ]
    }
  ],
  "lastUpdate": "2023-05-12",
  "lastUpdateDatatourisme": "2023-05-13T05:39:31.006Z"
}