{
  "@id": "https://data.datatourisme.fr/13/0f80e9da-948b-30c9-808a-623c85579b4a",
  "dc:identifier": "5881785",
  "@type": [
    "schema:FoodEstablishment",
    "FoodEstablishment",
    "PlaceOfInterest",
    "PointOfInterest"
  ],
  "rdfs:comment": {
    "de": [
      "Chez Mesquita ist ein Restaurant mit traditioneller portugiesischer Küche, das Ihnen seine farbenfrohen Gerichte vor Ort, zum Mitnehmen oder als Lieferservice anbietet."
    ],
    "en": [
      "Chez Mesquita is a restaurant of traditional Portuguese cuisine, which offers you its colourful dishes on the spot, to take away or for delivery."
    ],
    "it": [
      "Chez Mesquita è un ristorante di cucina tradizionale portoghese, che offre piatti colorati da mangiare, da portare via o da consegnare."
    ],
    "fr": [
      "Chez Mesquita est un restaurant de cuisine traditionnelle portugaise, qui vous proposes ses mets colorés sur place, à emporter ou en livraison."
    ],
    "nl": [
      "Chez Mesquita is een restaurant dat traditionele Portugese gerechten serveert en kleurrijke gerechten aanbiedt om te eten, mee te nemen of te bezorgen."
    ],
    "es": [
      "Chez Mesquita es un restaurante de cocina tradicional portuguesa, que ofrece platos coloridos para comer en casa, para llevar o para entregar."
    ]
  },
  "rdfs:label": {
    "fr": [
      "Chez Mesquita"
    ]
  },
  "hasBeenCreatedBy": {
    "@id": "https://data.datatourisme.fr/13/1baff70e-2669-3837-a347-efd3a874a341",
    "dc:identifier": "1489",
    "schema:email": [
      "emilie.prai@saintgermainenlaye.fr",
      "emilie.rochat@seine-saintgermain.fr",
      "melissa.moreau@saintgermainenlaye.fr"
    ],
    "schema:legalName": "Office de Tourisme Intercommunal de Saint Germain Boucles de Seine",
    "@type": [
      "schema:Organization",
      "foaf:Agent",
      "Agent"
    ],
    "foaf:homepage": [
      "http://www.reservation.seine-saintgermain.fr/"
    ]
  },
  "hasBeenPublishedBy": [
    {
      "@id": "https://data.datatourisme.fr/8a9feb4b-2cbd-3d2c-b507-bd6c6776b23b",
      "schema:legalName": "Apidae Tourisme Scic SA - source : Apidae Tourisme",
      "@type": [
        "schema:Organization",
        "foaf:Agent",
        "Agent"
      ],
      "foaf:homepage": [
        "https://www.apidae-tourisme.com/"
      ]
    }
  ],
  "hasContact": [
    {
      "@id": "https://data.datatourisme.fr/adfbb512-8e70-31dc-a280-554aad4d12d6",
      "schema:telephone": [
        "+33 6 03 94 40 36"
      ],
      "@type": [
        "foaf:Agent",
        "Agent"
      ]
    }
  ],
  "hasDescription": [
    {
      "@id": "https://data.datatourisme.fr/42a4c5bf-f412-3a54-9b5c-fb5eb51680e7",
      "@type": [
        "Description"
      ],
      "hasTranslatedProperty": [
        {
          "@id": "https://data.datatourisme.fr/210918fc-e711-3c08-8836-970b055218d3",
          "dc:contributor": [
            "https://api.deepl.com/v2/translate"
          ],
          "rdf:language": [
            "it"
          ],
          "rdf:predicate": [
            "shortDescription"
          ]
        },
        {
          "@id": "https://data.datatourisme.fr/5cbd38bb-fcc0-3e4d-ac69-9dbdbdafc539",
          "dc:contributor": [
            "https://api.deepl.com/v2/translate"
          ],
          "rdf:language": [
            "es"
          ],
          "rdf:predicate": [
            "shortDescription"
          ]
        },
        {
          "@id": "https://data.datatourisme.fr/65fe3af4-9338-3923-b239-41a82b6daaa0",
          "dc:contributor": [
            "https://api.deepl.com/v2/translate"
          ],
          "rdf:language": [
            "en"
          ],
          "rdf:predicate": [
            "shortDescription"
          ]
        },
        {
          "@id": "https://data.datatourisme.fr/dd0cc325-7086-3281-9e0a-8a2dfd3af83f",
          "dc:contributor": [
            "https://api.deepl.com/v2/translate"
          ],
          "rdf:language": [
            "de"
          ],
          "rdf:predicate": [
            "shortDescription"
          ]
        },
        {
          "@id": "https://data.datatourisme.fr/eab4b823-8f51-3ed9-ab73-bb114d247f49",
          "dc:contributor": [
            "https://api.deepl.com/v2/translate"
          ],
          "rdf:language": [
            "nl"
          ],
          "rdf:predicate": [
            "shortDescription"
          ]
        }
      ],
      "shortDescription": {
        "de": [
          "Chez Mesquita ist ein Restaurant mit traditioneller portugiesischer Küche, das Ihnen seine farbenfrohen Gerichte vor Ort, zum Mitnehmen oder als Lieferservice anbietet."
        ],
        "en": [
          "Chez Mesquita is a restaurant of traditional Portuguese cuisine, which offers you its colourful dishes on the spot, to take away or for delivery."
        ],
        "it": [
          "Chez Mesquita è un ristorante di cucina tradizionale portoghese, che offre piatti colorati da mangiare, da portare via o da consegnare."
        ],
        "fr": [
          "Chez Mesquita est un restaurant de cuisine traditionnelle portugaise, qui vous proposes ses mets colorés sur place, à emporter ou en livraison."
        ],
        "nl": [
          "Chez Mesquita is een restaurant dat traditionele Portugese gerechten serveert en kleurrijke gerechten aanbiedt om te eten, mee te nemen of te bezorgen."
        ],
        "es": [
          "Chez Mesquita es un restaurante de cocina tradicional portuguesa, que ofrece platos coloridos para comer en casa, para llevar o para entregar."
        ]
      }
    }
  ],
  "hasTheme": [
    {
      "@id": "kb:MediterraneanCuisine",
      "@type": [
        "CuisineCategory"
      ],
      "rdfs:label": {
        "de": [
          "Mediterrane Küche"
        ],
        "pt": [
          "Cozinha mediterrânica"
        ],
        "en": [
          "Mediterranean cuisine"
        ],
        "it": [
          "Cucina mediterranea"
        ],
        "fr": [
          "Cuisine méditerranéenne"
        ],
        "nl": [
          "Mediterrane keuken"
        ],
        "es": [
          "Cocina mediterránea"
        ]
      }
    }
  ],
  "hasTranslatedProperty": [
    {
      "@id": "https://data.datatourisme.fr/0fde0a84-85bd-3a0b-ae38-a9838d874a29",
      "dc:contributor": [
        "https://api.deepl.com/v2/translate"
      ],
      "rdf:language": [
        "en"
      ],
      "rdf:predicate": [
        {
          "@id": "rdfs:comment"
        }
      ]
    },
    {
      "@id": "https://data.datatourisme.fr/1906da21-edbd-3b44-8258-3da4ec015dfa",
      "dc:contributor": [
        "https://api.deepl.com/v2/translate"
      ],
      "rdf:language": [
        "it"
      ],
      "rdf:predicate": [
        {
          "@id": "rdfs:comment"
        }
      ]
    },
    {
      "@id": "https://data.datatourisme.fr/821f016d-32f5-30a9-ba31-8b9e2601fad6",
      "dc:contributor": [
        "https://api.deepl.com/v2/translate"
      ],
      "rdf:language": [
        "de"
      ],
      "rdf:predicate": [
        {
          "@id": "rdfs:comment"
        }
      ]
    },
    {
      "@id": "https://data.datatourisme.fr/88effe3e-2415-35bc-992a-6ea2d7bfda8a",
      "dc:contributor": [
        "https://api.deepl.com/v2/translate"
      ],
      "rdf:language": [
        "nl"
      ],
      "rdf:predicate": [
        {
          "@id": "rdfs:comment"
        }
      ]
    },
    {
      "@id": "https://data.datatourisme.fr/fd166893-a19c-3bcd-9e26-b629c9b58756",
      "dc:contributor": [
        "https://api.deepl.com/v2/translate"
      ],
      "rdf:language": [
        "es"
      ],
      "rdf:predicate": [
        {
          "@id": "rdfs:comment"
        }
      ]
    }
  ],
  "isLocatedAt": [
    {
      "@id": "https://data.datatourisme.fr/693796ee-76d8-3656-986a-a242ee2972bc",
      "schema:address": [
        {
          "@id": "https://data.datatourisme.fr/3e0fc1f9-ba15-3ef6-8ce4-6545a5aab97d",
          "schema:addressLocality": "Sartrouville",
          "schema:postalCode": "78500",
          "schema:streetAddress": [
            "1 rue Henri Pierson"
          ],
          "@type": [
            "schema:PostalAddress",
            "PostalAddress"
          ],
          "hasAddressCity": {
            "@id": "kb:78586",
            "@type": [
              "City"
            ],
            "rdfs:label": {
              "de": [
                "Sartrouville"
              ],
              "pt": [
                "Sartrouville"
              ],
              "en": [
                "Sartrouville"
              ],
              "it": [
                "Sartrouville"
              ],
              "fr": [
                "Sartrouville"
              ],
              "nl": [
                "Sartrouville"
              ],
              "es": [
                "Sartrouville"
              ]
            },
            "insee": "78586",
            "isPartOfDepartment": {
              "@id": "kb:France1178",
              "@type": [
                "Department"
              ],
              "rdfs:label": {
                "de": [
                  "Yvelines"
                ],
                "pt": [
                  "Yvelines"
                ],
                "en": [
                  "Yvelines"
                ],
                "it": [
                  "Yvelines"
                ],
                "fr": [
                  "Yvelines"
                ],
                "nl": [
                  "Yvelines"
                ],
                "es": [
                  "Yvelines"
                ]
              },
              "insee": "78",
              "isPartOfRegion": {
                "@id": "kb:France11",
                "@type": [
                  "Region"
                ],
                "rdfs:label": {
                  "de": [
                    "Île-de-France"
                  ],
                  "pt": [
                    "Île-de-France"
                  ],
                  "en": [
                    "Île-de-France"
                  ],
                  "it": [
                    "Île-de-France"
                  ],
                  "fr": [
                    "Île-de-France"
                  ],
                  "nl": [
                    "Île-de-France"
                  ],
                  "es": [
                    "Île-de-France"
                  ]
                },
                "insee": "11",
                "isPartOfCountry": {
                  "@id": "kb:France",
                  "@type": [
                    "schema:Country"
                  ],
                  "rdfs:label": {
                    "de": [
                      "France",
                      "Frankreich"
                    ],
                    "pt": [
                      "França",
                      "France"
                    ],
                    "en": [
                      "France"
                    ],
                    "it": [
                      "France",
                      "Francia"
                    ],
                    "fr": [
                      "France"
                    ],
                    "nl": [
                      "France",
                      "Frankrijk"
                    ],
                    "es": [
                      "France",
                      "Francia"
                    ]
                  }
                }
              }
            }
          }
        }
      ],
      "schema:geo": {
        "@id": "https://data.datatourisme.fr/180097c1-f4c3-3f43-879f-45b4e2fd67be",
        "schema:latitude": "48.937752",
        "schema:longitude": "2.187626",
        "@type": [
          "schema:GeoCoordinates"
        ]
      },
      "schema:openingHoursSpecification": [
        {
          "@id": "https://data.datatourisme.fr/5a140344-c1d6-382b-befc-a68a37800e8a",
          "schema:closes": "15:00:00",
          "schema:opens": "12:00:00",
          "schema:validFrom": "2023-01-01T00:00:00",
          "schema:validThrough": "2023-12-31T23:59:59",
          "@type": [
            "schema:OpeningHoursSpecification"
          ]
        }
      ],
      "@type": [
        "schema:Place",
        "Place"
      ]
    }
  ],
  "isOwnedBy": [
    {
      "@id": "https://data.datatourisme.fr/73484530-94e0-3b9c-86da-e2ddfa7df7ed",
      "schema:email": [
        "emilie.prai@saintgermainenlaye.fr",
        "emilie.rochat@seine-saintgermain.fr",
        "melissa.moreau@saintgermainenlaye.fr"
      ],
      "schema:legalName": "Office de Tourisme Intercommunal de Saint Germain Boucles de Seine",
      "@type": [
        "schema:Organization",
        "foaf:Agent",
        "Agent"
      ],
      "foaf:homepage": [
        "http://www.reservation.seine-saintgermain.fr/"
      ]
    }
  ],
  "lastUpdate": "2021-07-29",
  "lastUpdateDatatourisme": "2023-02-16T06:39:41.907Z",
  "providesCuisineOfType": [
    {
      "@id": "kb:MediterraneanCuisine",
      "@type": [
        "CuisineCategory"
      ],
      "rdfs:label": {
        "de": [
          "Mediterrane Küche"
        ],
        "pt": [
          "Cozinha mediterrânica"
        ],
        "en": [
          "Mediterranean cuisine"
        ],
        "it": [
          "Cucina mediterranea"
        ],
        "fr": [
          "Cuisine méditerranéenne"
        ],
        "nl": [
          "Mediterrane keuken"
        ],
        "es": [
          "Cocina mediterránea"
        ]
      }
    }
  ]
}