{
  "@id": "https://data.datatourisme.fr/13/0f041057-5315-355c-bd76-279a44a41318",
  "dc:identifier": "731826",
  "@type": [
    "CityHeritage",
    "CulturalSite",
    "PlaceOfInterest",
    "PointOfInterest"
  ],
  "rdfs:comment": {
    "de": [
      "Eine mittelalterliche Stadt, die zum UNESCO-Weltkulturerbe erklärt wurde!\r\n\r\nDie Stadt Provins liegt 1 Stunde von Paris entfernt im Departement Seine-et-Marne und wird durch Besichtigungen, historische Aufführungen und große Veranstaltungen belebt... für eine echte Reise ins Mittelalter!"
    ],
    "en": [
      "Provins, UNESCO’s World Heritage List!\r\n\r\nLocated 1 hour from Paris in Seine-et-Marne, discover this medieval town offering visits, historical shows & great events... to go back to the Middle Ages!"
    ],
    "it": [
      "Una città medievale classificata come patrimonio dell'umanità dall'UNESCO!\r\n\r\nA un'ora da Parigi, nella regione Seine-et-Marne, la città di Provins è animata da visite, spettacoli storici e grandi eventi... per un vero e proprio viaggio nel Medioevo!"
    ],
    "fr": [
      "Une cité médiévale classée Patrimoine Mondial de l'UNESCO !\r\n\r\nSituée à 1h de Paris en Seine-et-Marne, la ville de Provins est animée par des visites, des spectacles historiques et de grands événements… pour un véritable voyage au Moyen Âge !"
    ],
    "es": [
      "Una ciudad medieval clasificada como Patrimonio de la Humanidad por la UNESCO\r\n\r\nSituada a 1 hora de París, en la región de Seine-et-Marne, la ciudad de Provins está llena de visitas, espectáculos históricos y grandes eventos... ¡para un auténtico viaje a la Edad Media!"
    ],
    "nl": [
      "Een middeleeuwse stad die op de werelderfgoedlijst van de UNESCO staat!\r\n\r\nOp 1 uur van Parijs, in de Seine-et-Marne, wordt de stad Provins geanimeerd door bezoeken, historische voorstellingen en grote evenementen... voor een echte reis terug naar de Middeleeuwen!"
    ]
  },
  "rdfs:label": {
    "de": [
      "Provins - Cité médiévale"
    ],
    "ru": [
      "Provins - Cité médiévale"
    ],
    "en": [
      "Provins - A medieval city"
    ],
    "it": [
      "Provins - Cité médiévale"
    ],
    "fr": [
      "Provins - Cité médiévale"
    ],
    "zh": [
      "Provins - Cité médiévale"
    ],
    "nl": [
      "Provins - Cité médiévale"
    ],
    "es": [
      "Provins - Cité médiévale"
    ]
  },
  "hasBeenCreatedBy": {
    "@id": "https://data.datatourisme.fr/13/6d70cb65-d152-3172-adcc-e4c0e971e21c",
    "dc:identifier": "1038",
    "schema:email": [
      "communication@provins.net"
    ],
    "schema:legalName": "Provins Tourisme entre Bassée, Montois et Morin",
    "@type": [
      "schema:Organization",
      "foaf:Agent",
      "Agent"
    ],
    "foaf:homepage": [
      "https://www.provins.net/"
    ]
  },
  "hasBeenPublishedBy": [
    {
      "@id": "https://data.datatourisme.fr/1db24fc4-b534-39bf-bdaf-152c6f98730e",
      "schema:legalName": "Seine et Marne Attractivité - source : Apidae Tourisme",
      "@type": [
        "schema:Organization",
        "foaf:Agent",
        "Agent"
      ],
      "foaf:homepage": [
        "https://www.apidae-tourisme.com/"
      ]
    }
  ],
  "hasContact": [
    {
      "@id": "https://data.datatourisme.fr/ed54d40b-1bd0-33db-bb99-b60b4e067802",
      "schema:email": [
        "info@provins.net"
      ],
      "schema:telephone": [
        "+33 1 64 60 26 26"
      ],
      "@type": [
        "foaf:Agent",
        "Agent"
      ],
      "foaf:homepage": [
        "https://provins-tourisme.for-system.com/z13582_fr-.aspx",
        "https://www.provins.net/"
      ]
    }
  ],
  "hasDescription": [
    {
      "@id": "https://data.datatourisme.fr/ff151fe9-bb1e-3e86-955c-d53e1551aaf7",
      "@type": [
        "Description"
      ],
      "hasTranslatedProperty": [
        {
          "@id": "https://data.datatourisme.fr/161236e7-d9e8-3be1-b5d7-df4efedae4a2",
          "dc:contributor": [
            "https://api.deepl.com/v2/translate"
          ],
          "rdf:language": [
            "nl"
          ],
          "rdf:predicate": [
            "shortDescription"
          ]
        },
        {
          "@id": "https://data.datatourisme.fr/9fd50341-4948-319f-bb5d-7644d767df55",
          "dc:contributor": [
            "https://api.deepl.com/v2/translate"
          ],
          "rdf:language": [
            "de"
          ],
          "rdf:predicate": [
            "shortDescription"
          ]
        },
        {
          "@id": "https://data.datatourisme.fr/bc89e8fd-56c5-397b-9162-37637bfda31d",
          "dc:contributor": [
            "https://api.deepl.com/v2/translate"
          ],
          "rdf:language": [
            "it"
          ],
          "rdf:predicate": [
            "shortDescription"
          ]
        },
        {
          "@id": "https://data.datatourisme.fr/de1c5004-a2b7-3c54-b6a9-dd18c590a06a",
          "dc:contributor": [
            "https://api.deepl.com/v2/translate"
          ],
          "rdf:language": [
            "es"
          ],
          "rdf:predicate": [
            "shortDescription"
          ]
        }
      ],
      "shortDescription": {
        "de": [
          "Eine mittelalterliche Stadt, die zum UNESCO-Weltkulturerbe erklärt wurde!\r\n\r\nDie Stadt Provins liegt 1 Stunde von Paris entfernt im Departement Seine-et-Marne und wird durch Besichtigungen, historische Aufführungen und große Veranstaltungen belebt... für eine echte Reise ins Mittelalter!"
        ],
        "en": [
          "Provins, UNESCO’s World Heritage List!\r\n\r\nLocated 1 hour from Paris in Seine-et-Marne, discover this medieval town offering visits, historical shows & great events... to go back to the Middle Ages!"
        ],
        "it": [
          "Una città medievale classificata come patrimonio dell'umanità dall'UNESCO!\r\n\r\nA un'ora da Parigi, nella regione Seine-et-Marne, la città di Provins è animata da visite, spettacoli storici e grandi eventi... per un vero e proprio viaggio nel Medioevo!"
        ],
        "fr": [
          "Une cité médiévale classée Patrimoine Mondial de l'UNESCO !\r\n\r\nSituée à 1h de Paris en Seine-et-Marne, la ville de Provins est animée par des visites, des spectacles historiques et de grands événements… pour un véritable voyage au Moyen Âge !"
        ],
        "es": [
          "Una ciudad medieval clasificada como Patrimonio de la Humanidad por la UNESCO\r\n\r\nSituada a 1 hora de París, en la región de Seine-et-Marne, la ciudad de Provins está llena de visitas, espectáculos históricos y grandes eventos... ¡para un auténtico viaje a la Edad Media!"
        ],
        "nl": [
          "Een middeleeuwse stad die op de werelderfgoedlijst van de UNESCO staat!\r\n\r\nOp 1 uur van Parijs, in de Seine-et-Marne, wordt de stad Provins geanimeerd door bezoeken, historische voorstellingen en grote evenementen... voor een echte reis terug naar de Middeleeuwen!"
        ]
      }
    }
  ],
  "hasTheme": [
    {
      "@id": "kb:Culture",
      "@type": [
        "CulturalTheme"
      ],
      "rdfs:label": {
        "de": [
          "Kultur"
        ],
        "pt": [
          "Cultura"
        ],
        "en": [
          "Culture"
        ],
        "it": [
          "Cultura"
        ],
        "fr": [
          "Culture"
        ],
        "nl": [
          "Cultuur"
        ],
        "es": [
          "Cultura"
        ]
      }
    }
  ],
  "hasTranslatedProperty": [
    {
      "@id": "https://data.datatourisme.fr/24e7383d-2418-3b9d-9d53-a0a1ad8bc15f",
      "dc:contributor": [
        "https://api.deepl.com/v2/translate"
      ],
      "rdf:language": [
        "nl"
      ],
      "rdf:predicate": [
        {
          "@id": "rdfs:comment"
        }
      ]
    },
    {
      "@id": "https://data.datatourisme.fr/317771dd-8f9d-3e82-aa90-2e627a7c1b06",
      "dc:contributor": [
        "https://api.deepl.com/v2/translate"
      ],
      "rdf:language": [
        "it"
      ],
      "rdf:predicate": [
        {
          "@id": "rdfs:comment"
        }
      ]
    },
    {
      "@id": "https://data.datatourisme.fr/5c3484b2-0af6-3758-9458-3133ad678112",
      "dc:contributor": [
        "https://api.deepl.com/v2/translate"
      ],
      "rdf:language": [
        "de"
      ],
      "rdf:predicate": [
        {
          "@id": "rdfs:comment"
        }
      ]
    },
    {
      "@id": "https://data.datatourisme.fr/a60222dd-9d09-37d5-be44-ae43aefaf02f",
      "dc:contributor": [
        "https://api.deepl.com/v2/translate"
      ],
      "rdf:language": [
        "es"
      ],
      "rdf:predicate": [
        {
          "@id": "rdfs:comment"
        }
      ]
    }
  ],
  "isLocatedAt": [
    {
      "@id": "https://data.datatourisme.fr/cb47a834-e822-3508-ade6-9c86eff4d28d",
      "schema:address": [
        {
          "@id": "https://data.datatourisme.fr/0b212e1b-f956-3a1f-ab94-6ecee642dec4",
          "schema:addressLocality": "Provins",
          "schema:postalCode": "77160",
          "schema:streetAddress": [
            "4 Chemin de Villecran",
            "Office de tourisme Intercommunautaire"
          ],
          "@type": [
            "schema:PostalAddress",
            "PostalAddress"
          ],
          "hasAddressCity": {
            "@id": "kb:77379",
            "@type": [
              "City"
            ],
            "rdfs:label": {
              "de": [
                "Provins"
              ],
              "pt": [
                "Provins"
              ],
              "en": [
                "Provins"
              ],
              "it": [
                "Provins"
              ],
              "fr": [
                "Provins"
              ],
              "nl": [
                "Provins"
              ],
              "es": [
                "Provins"
              ]
            },
            "insee": "77379",
            "isPartOfDepartment": {
              "@id": "kb:France1177",
              "@type": [
                "Department"
              ],
              "rdfs:label": {
                "de": [
                  "Seine-et-Marne"
                ],
                "pt": [
                  "Seine-et-Marne"
                ],
                "en": [
                  "Seine-et-Marne"
                ],
                "it": [
                  "Seine-et-Marne"
                ],
                "fr": [
                  "Seine-et-Marne"
                ],
                "nl": [
                  "Seine-et-Marne"
                ],
                "es": [
                  "Seine-et-Marne"
                ]
              },
              "insee": "77",
              "isPartOfRegion": {
                "@id": "kb:France11",
                "@type": [
                  "Region"
                ],
                "rdfs:label": {
                  "de": [
                    "Île-de-France"
                  ],
                  "pt": [
                    "Île-de-France"
                  ],
                  "en": [
                    "Île-de-France"
                  ],
                  "it": [
                    "Île-de-France"
                  ],
                  "fr": [
                    "Île-de-France"
                  ],
                  "nl": [
                    "Île-de-France"
                  ],
                  "es": [
                    "Île-de-France"
                  ]
                },
                "insee": "11",
                "isPartOfCountry": {
                  "@id": "kb:France",
                  "@type": [
                    "schema:Country"
                  ],
                  "rdfs:label": {
                    "de": [
                      "France",
                      "Frankreich"
                    ],
                    "pt": [
                      "França",
                      "France"
                    ],
                    "en": [
                      "France"
                    ],
                    "it": [
                      "France",
                      "Francia"
                    ],
                    "fr": [
                      "France"
                    ],
                    "nl": [
                      "France",
                      "Frankrijk"
                    ],
                    "es": [
                      "France",
                      "Francia"
                    ]
                  }
                }
              }
            }
          }
        }
      ],
      "schema:geo": {
        "@id": "https://data.datatourisme.fr/63573262-2e8d-3b9d-9cf8-489c890932ce",
        "schema:latitude": "48.559782",
        "schema:longitude": "3.278148",
        "@type": [
          "schema:GeoCoordinates"
        ]
      },
      "schema:openingHoursSpecification": [
        {
          "@id": "https://data.datatourisme.fr/f87e535a-636d-3343-ad63-8a03392e7511",
          "schema:validFrom": "2023-01-01T00:00:00",
          "schema:validThrough": "2023-12-31T23:59:59",
          "@type": [
            "schema:OpeningHoursSpecification"
          ]
        }
      ],
      "@type": [
        "schema:Place",
        "Place"
      ]
    }
  ],
  "isOwnedBy": [
    {
      "@id": "https://data.datatourisme.fr/7346881a-c323-3b24-b0bd-8d227215d231",
      "schema:email": [
        "communication@provins.net"
      ],
      "schema:legalName": "Provins Tourisme entre Bassée, Montois et Morin",
      "@type": [
        "schema:Organization",
        "foaf:Agent",
        "Agent"
      ],
      "foaf:homepage": [
        "https://www.provins.net/"
      ]
    }
  ],
  "lastUpdate": "2021-07-13",
  "lastUpdateDatatourisme": "2023-02-22T06:42:37.784Z"
}