{
  "@id": "https://data.datatourisme.fr/13/0f9de6c4-6b8c-3b5d-b3a7-6f96d3a2fa4c",
  "dc:identifier": "676124",
  "@type": [
    "schema:Landform",
    "Beach",
    "NaturalHeritage",
    "PlaceOfInterest",
    "PointOfInterest",
    "SportsAndLeisurePlace"
  ],
  "rdfs:comment": {
    "de": [
      "LABEL: Kanu-Kajak-Slalom. Die Île de Loisirs ist reich an drei innovativen Einrichtungen: ein Wildwasserstadion zum Kanufahren, ein Wasserskilift zum Wakeboarden und eine künstliche Welle zum Surfen oder Bodyboarden."
    ],
    "en": [
      "LABEL: Canoeing slalom. The Île de Loisirs has three innovative facilities: a white water stadium for canoeing, a water ski lift for wakeboarding and an artificial wave for surfing or bodyboarding."
    ],
    "it": [
      "ETICHETTA : Canoa-Kayak slalom. L'isola del tempo libero dispone di tre strutture innovative: uno stadio di acqua bianca per la canoa, un impianto di risalita per lo sci nautico e un'onda artificiale per il surf o il bodyboard."
    ],
    "fr": [
      "LABEL : Canoë-Kayak slalom. L'Île de Loisirs est riche de trois équipements innovants : un stade d’eau vive pour la pratique du canoë-kayak, un téléski nautique pour le wakeboard et une vague artificielle pour la pratique du surf ou du bodyboard."
    ],
    "nl": [
      "LABEL : kano-kajak slalom. Het Vrijetijdseiland heeft drie innovatieve faciliteiten: een wildwaterstadion om te kanoën, een waterskilift om te wakeboarden en een kunstmatige golf om te surfen of te bodyboarden."
    ],
    "es": [
      "ETIQUETA : Canoa-Kayak slalom. La Isla del Ocio cuenta con tres innovadoras instalaciones: un estadio de aguas bravas para el piragüismo, un remonte para el wakeboard y una ola artificial para el surf o el bodyboard."
    ]
  },
  "rdfs:label": {
    "en": [
      "Île de Loisirs de Cergy-Pontoise"
    ],
    "fr": [
      "Île de Loisirs de Cergy-Pontoise"
    ]
  },
  "owl:sameAs": [
    "http://www.wikidata.org/entity/Q2886599"
  ],
  "hasBeenCreatedBy": {
    "@id": "https://data.datatourisme.fr/13/bc573864-331a-3e42-a451-1de6f678aa83",
    "dc:identifier": "1626",
    "schema:email": [
      "abernard@ot-cergypontoise.fr",
      "accueil@ot-cergypontoise.fr",
      "cherault@ot-cergypontoise.fr",
      "cpagnoux@ot-cergypontoise.fr",
      "cpratte@ot-cergypontoise.fr",
      "mcassort@ot-cergypontoise.fr",
      "mfrancois@ot-cergypontoise.fr",
      "mroux@ot-cergypontoise.fr",
      "vvergneaux@ot-cergypontoise.fr"
    ],
    "schema:legalName": "Office de Tourisme de Cergy-Pontoise - Porte du Vexin",
    "@type": [
      "schema:Organization",
      "foaf:Agent",
      "Agent"
    ],
    "foaf:homepage": [
      "http://www.ot-cergypontoise.fr/"
    ]
  },
  "hasBeenPublishedBy": [
    {
      "@id": "https://data.datatourisme.fr/8a9feb4b-2cbd-3d2c-b507-bd6c6776b23b",
      "schema:legalName": "Apidae Tourisme Scic SA - source : Apidae Tourisme",
      "@type": [
        "schema:Organization",
        "foaf:Agent",
        "Agent"
      ],
      "foaf:homepage": [
        "https://www.apidae-tourisme.com/"
      ]
    }
  ],
  "hasContact": [
    {
      "@id": "https://data.datatourisme.fr/b885bec6-c5a7-38ca-a159-62fa31a7e45e",
      "schema:email": [
        "contact@cergy-pontoise.iledeloisirs.fr"
      ],
      "schema:telephone": [
        "+33 1 30 30 21 55"
      ],
      "@type": [
        "foaf:Agent",
        "Agent"
      ],
      "foaf:homepage": [
        "http://www.cergy-pontoise.iledeloisirs.fr/"
      ]
    }
  ],
  "hasDescription": [
    {
      "@id": "https://data.datatourisme.fr/05ad7b49-9661-375e-8667-cf2a885307eb",
      "@type": [
        "Description"
      ],
      "hasTranslatedProperty": [
        {
          "@id": "https://data.datatourisme.fr/0265644b-5ca8-3e39-83dd-8391d7f672bc",
          "dc:contributor": [
            "https://api.deepl.com/v2/translate"
          ],
          "rdf:language": [
            "nl"
          ],
          "rdf:predicate": [
            "shortDescription"
          ]
        },
        {
          "@id": "https://data.datatourisme.fr/85fd724e-b3bf-357b-b2ea-dd028f830b4b",
          "dc:contributor": [
            "https://api.deepl.com/v2/translate"
          ],
          "rdf:language": [
            "it"
          ],
          "rdf:predicate": [
            "shortDescription"
          ]
        },
        {
          "@id": "https://data.datatourisme.fr/9dfb4e6c-b66c-381d-a238-a16e0a7ee832",
          "dc:contributor": [
            "https://api.deepl.com/v2/translate"
          ],
          "rdf:language": [
            "de"
          ],
          "rdf:predicate": [
            "shortDescription"
          ]
        },
        {
          "@id": "https://data.datatourisme.fr/e70df4c7-2cac-3a94-904a-ce25edd037d8",
          "dc:contributor": [
            "https://api.deepl.com/v2/translate"
          ],
          "rdf:language": [
            "es"
          ],
          "rdf:predicate": [
            "shortDescription"
          ]
        }
      ],
      "shortDescription": {
        "de": [
          "LABEL: Kanu-Kajak-Slalom. Die Île de Loisirs ist reich an drei innovativen Einrichtungen: ein Wildwasserstadion zum Kanufahren, ein Wasserskilift zum Wakeboarden und eine künstliche Welle zum Surfen oder Bodyboarden."
        ],
        "en": [
          "LABEL: Canoeing slalom. The Île de Loisirs has three innovative facilities: a white water stadium for canoeing, a water ski lift for wakeboarding and an artificial wave for surfing or bodyboarding."
        ],
        "it": [
          "ETICHETTA : Canoa-Kayak slalom. L'isola del tempo libero dispone di tre strutture innovative: uno stadio di acqua bianca per la canoa, un impianto di risalita per lo sci nautico e un'onda artificiale per il surf o il bodyboard."
        ],
        "fr": [
          "LABEL : Canoë-Kayak slalom. L'Île de Loisirs est riche de trois équipements innovants : un stade d’eau vive pour la pratique du canoë-kayak, un téléski nautique pour le wakeboard et une vague artificielle pour la pratique du surf ou du bodyboard."
        ],
        "nl": [
          "LABEL : kano-kajak slalom. Het Vrijetijdseiland heeft drie innovatieve faciliteiten: een wildwaterstadion om te kanoën, een waterskilift om te wakeboarden en een kunstmatige golf om te surfen of te bodyboarden."
        ],
        "es": [
          "ETIQUETA : Canoa-Kayak slalom. La Isla del Ocio cuenta con tres innovadoras instalaciones: un estadio de aguas bravas para el piragüismo, un remonte para el wakeboard y una ola artificial para el surf o el bodyboard."
        ]
      }
    }
  ],
  "hasRepresentation": [
    {
      "@id": "https://data.datatourisme.fr/b951f274-d340-38cc-a067-44a7d685dfa7",
      "ebucore:hasAnnotation": [
        {
          "@id": "https://data.datatourisme.fr/ed1110b6-7c1f-3553-be38-4b698bc150f6",
          "ebucore:isCoveredBy": "CC BY-SA 4.0",
          "ebucore:title": [
            "Étang Folie Cergy 5"
          ],
          "@type": [
            "ebucore:Annotation"
          ],
          "credits": [
            "Chabe01 (https://commons.wikimedia.org/wiki/User:Chabe01)"
          ]
        }
      ],
      "ebucore:hasRelatedResource": [
        {
          "@id": "https://data.datatourisme.fr/b5206c8e-fb16-3829-8b5b-f9bc919a719c",
          "ebucore:fileSize": [
            3284657
          ],
          "ebucore:hasMimeType": [
            {
              "@id": "kb:JPEG",
              "@type": [
                "ebucore:MimeType"
              ],
              "rdfs:comment": {
                "de": [
                  "JPEG-Bild"
                ],
                "pt": [
                  "Imagem JPEG"
                ],
                "en": [
                  "JPEG image file"
                ],
                "it": [
                  "Immagine JPEG"
                ],
                "fr": [
                  "Image JPEG"
                ],
                "nl": [
                  "JPEG-afbeelding"
                ],
                "es": [
                  "Imagen JPEG"
                ]
              },
              "rdfs:label": {
                "de": [
                  "image/jpeg"
                ],
                "pt": [
                  "image/jpeg"
                ],
                "en": [
                  "image/jpeg"
                ],
                "it": [
                  "image/jpeg"
                ],
                "fr": [
                  "image/jpeg"
                ],
                "nl": [
                  "image/jpeg"
                ],
                "es": [
                  "image/jpeg"
                ]
              }
            }
          ],
          "ebucore:height": 3024,
          "ebucore:locator": [
            "https://upload.wikimedia.org/wikipedia/commons/1/1a/%C3%89tang_Folie_Cergy_5.jpg"
          ],
          "ebucore:width": 4032,
          "@type": [
            "ebucore:Resource"
          ]
        }
      ],
      "@type": [
        "ebucore:EditorialObject"
      ]
    }
  ],
  "hasReview": [
    {
      "@id": "https://data.datatourisme.fr/6e866798-cae5-351c-9e8d-963661217e60",
      "@type": [
        "Review"
      ],
      "hasReviewValue": {
        "@id": "kb:LabelRating_AccueilVelo",
        "@type": [
          "LabelRating"
        ],
        "rdfs:label": {
          "de": [
            "Accueil Vélo"
          ],
          "pt": [
            "Accueil Vélo"
          ],
          "en": [
            "Accueil Vélo"
          ],
          "it": [
            "Accueil Vélo"
          ],
          "fr": [
            "Accueil Vélo"
          ],
          "nl": [
            "Accueil Vélo"
          ],
          "es": [
            "Accueil Vélo"
          ]
        },
        "isCompliantWith": [
          "PlaceOfInterest"
        ]
      }
    }
  ],
  "hasTheme": [
    {
      "@id": "kb:ATV",
      "@type": [
        "SportsTheme"
      ],
      "rdfs:label": {
        "de": [
          "MTB"
        ],
        "pt": [
          "Bicicleta-todo-o-terreno (BTT)"
        ],
        "en": [
          "Atv"
        ],
        "it": [
          "Mountain bike"
        ],
        "fr": [
          "Vtt"
        ],
        "nl": [
          "Mountainbike"
        ],
        "es": [
          "BTT"
        ]
      }
    },
    {
      "@id": "kb:AdventureCourse",
      "@type": [
        "SportsTheme"
      ],
      "rdfs:label": {
        "de": [
          "Abenteuerparcours"
        ],
        "pt": [
          "Percurso aventura"
        ],
        "en": [
          "Adventure course"
        ],
        "it": [
          "Percorso avventura"
        ],
        "fr": [
          "Parcours aventure"
        ],
        "es": [
          "Parque de aventuras"
        ],
        "nl": [
          "Avonturenparcours"
        ]
      }
    },
    {
      "@id": "kb:Archery",
      "@type": [
        "SportsTheme"
      ],
      "rdfs:label": {
        "de": [
          "Bogenschießen"
        ],
        "pt": [
          "Tiro ao arco"
        ],
        "en": [
          "Archery"
        ],
        "it": [
          "Tiro con l'arco"
        ],
        "fr": [
          "Tir à l'arc"
        ],
        "es": [
          "Tiro con arco"
        ],
        "nl": [
          "Boogschieten"
        ]
      }
    },
    {
      "@id": "kb:Bathing",
      "@type": [
        "AccommodationAmenity",
        "SportsTheme"
      ],
      "rdfs:label": {
        "de": [
          "Baden"
        ],
        "pt": [
          "Banho"
        ],
        "en": [
          "Bathing"
        ],
        "it": [
          "Bagno"
        ],
        "fr": [
          "Baignade"
        ],
        "nl": [
          "Zwemmen"
        ],
        "es": [
          "Baño"
        ]
      }
    },
    {
      "@id": "kb:Bike",
      "@type": [
        "SportsTheme"
      ],
      "rdfs:label": {
        "de": [
          "Fahrrad"
        ],
        "pt": [
          "Bicicleta"
        ],
        "en": [
          "Bike"
        ],
        "it": [
          "Bicicletta"
        ],
        "fr": [
          "Vélo"
        ],
        "nl": [
          "Fiets"
        ],
        "es": [
          "Bicicleta"
        ]
      }
    },
    {
      "@id": "kb:CanoeingKayaking",
      "@type": [
        "SportsTheme"
      ],
      "rdfs:label": {
        "de": [
          "Kanu-Kajakfahren"
        ],
        "pt": [
          "Canoa caiaque"
        ],
        "en": [
          "Canoeing-kayaking"
        ],
        "it": [
          "Canoismo"
        ],
        "fr": [
          "Canoé kayak"
        ],
        "es": [
          "Piraguas y kayak"
        ],
        "nl": [
          "Kano/kajak"
        ]
      }
    },
    {
      "@id": "kb:Hiking",
      "@type": [
        "SportsTheme"
      ],
      "rdfs:label": {
        "de": [
          "Wanderung"
        ],
        "pt": [
          "Caminhada"
        ],
        "en": [
          "Hiking"
        ],
        "it": [
          "Escursione"
        ],
        "fr": [
          "Randonnée"
        ],
        "nl": [
          "Wandelen"
        ],
        "es": [
          "Senderismo"
        ]
      }
    },
    {
      "@id": "kb:RopeCourse",
      "@type": [
        "SportsTheme"
      ],
      "rdfs:label": {
        "de": [
          "Klettergarten"
        ],
        "pt": [
          "Percurso nas árvores"
        ],
        "en": [
          "Rope course"
        ],
        "it": [
          "Parco avventura"
        ],
        "fr": [
          "Accro-branches"
        ],
        "nl": [
          "Boomklimmen"
        ],
        "es": [
          "Accro-branches"
        ]
      }
    },
    {
      "@id": "kb:Tennis",
      "@type": [
        "SportsTheme"
      ],
      "rdfs:label": {
        "de": [
          "Tennis"
        ],
        "pt": [
          "Ténis"
        ],
        "en": [
          "Tennis"
        ],
        "it": [
          "Tennis"
        ],
        "fr": [
          "Tennis"
        ],
        "nl": [
          "Tennis"
        ],
        "es": [
          "Tenis"
        ]
      }
    }
  ],
  "hasTranslatedProperty": [
    {
      "@id": "https://data.datatourisme.fr/02123744-242e-3068-8cd8-7a621aa9f7d4",
      "dc:contributor": [
        "https://api.deepl.com/v2/translate"
      ],
      "rdf:language": [
        "nl"
      ],
      "rdf:predicate": [
        {
          "@id": "rdfs:comment"
        }
      ]
    },
    {
      "@id": "https://data.datatourisme.fr/74de4951-9960-38ea-80ff-8ccabef3b069",
      "dc:contributor": [
        "https://api.deepl.com/v2/translate"
      ],
      "rdf:language": [
        "it"
      ],
      "rdf:predicate": [
        {
          "@id": "rdfs:comment"
        }
      ]
    },
    {
      "@id": "https://data.datatourisme.fr/9cb6336e-5f97-3152-b443-8244ebc99b5e",
      "dc:contributor": [
        "https://api.deepl.com/v2/translate"
      ],
      "rdf:language": [
        "de"
      ],
      "rdf:predicate": [
        {
          "@id": "rdfs:comment"
        }
      ]
    },
    {
      "@id": "https://data.datatourisme.fr/aa9d05fc-dc29-3f98-a0f3-0bfd0fc1d931",
      "dc:contributor": [
        "https://api.deepl.com/v2/translate"
      ],
      "rdf:language": [
        "es"
      ],
      "rdf:predicate": [
        {
          "@id": "rdfs:comment"
        }
      ]
    }
  ],
  "isLocatedAt": [
    {
      "@id": "https://data.datatourisme.fr/534f82f8-26aa-3e9a-b92a-cb31c10bc381",
      "schema:address": [
        {
          "@id": "https://data.datatourisme.fr/49fd2e95-caff-3b16-8067-e354b5c9cca2",
          "schema:addressLocality": "Neuville-sur-Oise",
          "schema:postalCode": "95000",
          "schema:streetAddress": [
            "1 rue des Etangs"
          ],
          "@type": [
            "schema:PostalAddress",
            "PostalAddress"
          ],
          "hasAddressCity": {
            "@id": "kb:95450",
            "@type": [
              "City"
            ],
            "rdfs:label": {
              "de": [
                "Neuville-sur-Oise"
              ],
              "pt": [
                "Neuville-sur-Oise"
              ],
              "en": [
                "Neuville-sur-Oise"
              ],
              "it": [
                "Neuville-sur-Oise"
              ],
              "fr": [
                "Neuville-sur-Oise"
              ],
              "nl": [
                "Neuville-sur-Oise"
              ],
              "es": [
                "Neuville-sur-Oise"
              ]
            },
            "insee": "95450",
            "isPartOfDepartment": {
              "@id": "kb:France1195",
              "@type": [
                "Department"
              ],
              "rdfs:label": {
                "de": [
                  "Val-d'Oise"
                ],
                "pt": [
                  "Val-d'Oise"
                ],
                "en": [
                  "Val-d'Oise"
                ],
                "it": [
                  "Val-d'Oise"
                ],
                "fr": [
                  "Val-d'Oise"
                ],
                "nl": [
                  "Val-d'Oise"
                ],
                "es": [
                  "Val-d'Oise"
                ]
              },
              "insee": "95",
              "isPartOfRegion": {
                "@id": "kb:France11",
                "@type": [
                  "Region"
                ],
                "rdfs:label": {
                  "de": [
                    "Île-de-France"
                  ],
                  "pt": [
                    "Île-de-France"
                  ],
                  "en": [
                    "Île-de-France"
                  ],
                  "it": [
                    "Île-de-France"
                  ],
                  "fr": [
                    "Île-de-France"
                  ],
                  "nl": [
                    "Île-de-France"
                  ],
                  "es": [
                    "Île-de-France"
                  ]
                },
                "insee": "11",
                "isPartOfCountry": {
                  "@id": "kb:France",
                  "@type": [
                    "schema:Country"
                  ],
                  "rdfs:label": {
                    "de": [
                      "France",
                      "Frankreich"
                    ],
                    "pt": [
                      "França",
                      "France"
                    ],
                    "en": [
                      "France"
                    ],
                    "it": [
                      "France",
                      "Francia"
                    ],
                    "fr": [
                      "France"
                    ],
                    "nl": [
                      "France",
                      "Frankrijk"
                    ],
                    "es": [
                      "France",
                      "Francia"
                    ]
                  }
                }
              }
            }
          }
        }
      ],
      "schema:geo": {
        "@id": "https://data.datatourisme.fr/afc20510-0d96-31f7-9b89-62cd0c3dd8ef",
        "schema:latitude": "49.030356",
        "schema:longitude": "2.048086",
        "@type": [
          "schema:GeoCoordinates"
        ]
      },
      "schema:openingHoursSpecification": [
        {
          "@id": "https://data.datatourisme.fr/582a6c3a-727e-3f1b-9b6a-00ca0a4569f1",
          "schema:validFrom": "2023-01-01T00:00:00",
          "schema:validThrough": "2023-12-31T23:59:59",
          "@type": [
            "schema:OpeningHoursSpecification"
          ],
          "additionalInformation": {
            "de": [
              "Von 9 Uhr bis 21 Uhr im Herbst\r\nVon 6 Uhr bis 23 Uhr im Sommer"
            ],
            "en": [
              "From 9am to 9pm in autumn\r\nFrom 6am to 11pm in summer"
            ],
            "it": [
              "Dalle 9.00 alle 21.00 in autunno\r\nDalle 6 alle 23 in estate"
            ],
            "fr": [
              "De 9h à 21h en automne \r\nDe 6h à 23h en été"
            ],
            "nl": [
              "Van 9 tot 21 uur in de herfst\r\nVan 6 tot 23 uur in de zomer"
            ],
            "es": [
              "De 9 a 21 horas en otoño\r\nDe 6 a 23 horas en verano"
            ]
          },
          "hasTranslatedProperty": [
            {
              "@id": "https://data.datatourisme.fr/0070384c-5dc1-3ac8-b89e-a019a0a8ff54",
              "dc:contributor": [
                "https://api.deepl.com/v2/translate"
              ],
              "rdf:language": [
                "it"
              ],
              "rdf:predicate": [
                "additionalInformation"
              ]
            },
            {
              "@id": "https://data.datatourisme.fr/7379450a-af9f-3e24-8cb3-d8a8c1cbe6cd",
              "dc:contributor": [
                "https://api.deepl.com/v2/translate"
              ],
              "rdf:language": [
                "de"
              ],
              "rdf:predicate": [
                "additionalInformation"
              ]
            },
            {
              "@id": "https://data.datatourisme.fr/be2d9400-97e3-3ca5-b5a8-26d342633c76",
              "dc:contributor": [
                "https://api.deepl.com/v2/translate"
              ],
              "rdf:language": [
                "nl"
              ],
              "rdf:predicate": [
                "additionalInformation"
              ]
            },
            {
              "@id": "https://data.datatourisme.fr/c02f7481-6037-3b32-8e90-f06646a84245",
              "dc:contributor": [
                "https://api.deepl.com/v2/translate"
              ],
              "rdf:language": [
                "es"
              ],
              "rdf:predicate": [
                "additionalInformation"
              ]
            },
            {
              "@id": "https://data.datatourisme.fr/dee48930-09b9-3bac-841e-51853602b40c",
              "dc:contributor": [
                "https://api.deepl.com/v2/translate"
              ],
              "rdf:language": [
                "en"
              ],
              "rdf:predicate": [
                "additionalInformation"
              ]
            }
          ]
        }
      ],
      "@type": [
        "schema:Place",
        "Place"
      ]
    }
  ],
  "isOwnedBy": [
    {
      "@id": "https://data.datatourisme.fr/38525452-e91f-39bb-947a-49cf6c966b75",
      "schema:email": [
        "abernard@ot-cergypontoise.fr",
        "accueil@ot-cergypontoise.fr",
        "cherault@ot-cergypontoise.fr",
        "cpagnoux@ot-cergypontoise.fr",
        "cpratte@ot-cergypontoise.fr",
        "mcassort@ot-cergypontoise.fr",
        "mfrancois@ot-cergypontoise.fr",
        "mroux@ot-cergypontoise.fr",
        "vvergneaux@ot-cergypontoise.fr"
      ],
      "schema:legalName": "Office de Tourisme de Cergy-Pontoise - Porte du Vexin",
      "@type": [
        "schema:Organization",
        "foaf:Agent",
        "Agent"
      ],
      "foaf:homepage": [
        "http://www.ot-cergypontoise.fr/"
      ]
    }
  ],
  "lastUpdate": "2023-03-27",
  "lastUpdateDatatourisme": "2023-03-28T07:19:57.725Z"
}