{
  "@id": "https://data.datatourisme.fr/13/0f0d6449-61bc-359e-93c5-c5c94dd41937",
  "dc:identifier": "5461956",
  "@type": [
    "CulturalSite",
    "PlaceOfInterest",
    "PointOfInterest"
  ],
  "rdfs:comment": {
    "de": [
      "Pierre Giffard (Fontaine-le-Dun 1853 - 1922 Maisons-Laffitte) Der Schriftsteller und Reporter war ein Vorläufer des modernen Journalismus und ein Pionier der Sportpresse. 1922 starb er in Maisons-Laffitte, wo er seit 1883 gewohnt hatte."
    ],
    "en": [
      "Pierre Giffard (Fontaine-le-Dun 1853 - 1922 Maisons-Laffitte) A man of letters and a great reporter, he was a forerunner of modern journalism and a pioneer of the sports press. He died in 1922 in Maisons-Laffitte, where he had lived since 1883."
    ],
    "it": [
      "Pierre Giffard (Fontaine-le-Dun 1853 ? 1922 Maisons-Laffitte) Letterato e grande cronista, precursore del giornalismo moderno e pioniere della stampa sportiva, morì nel 1922 a Maisons-Laffitte, dove viveva dal 1883."
    ],
    "fr": [
      "Pierre Giffard (Fontaine-le-Dun 1853 – 1922 Maisons-Laffitte) Homme de lettres et  grand reporter, il est un précurseur du journalisme moderne et un pionnier de la presse sportive.Il décède en 1922 à Maisons-Laffitte, lieu où il résidait depuis 1883."
    ],
    "es": [
      "Pierre Giffard (Fontaine-le-Dun 1853 ? 1922 Maisons-Laffitte) Hombre de letras y gran reportero, precursor del periodismo moderno y pionero de la prensa deportiva, murió en 1922 en Maisons-Laffitte, donde vivía desde 1883."
    ],
    "nl": [
      "Pierre Giffard (Fontaine-le-Dun 1853 - 1922 Maisons-Laffitte) Als letterkundige en groot verslaggever was hij een voorloper van de moderne journalistiek en een pionier van de sportpers. Hij stierf in 1922 in Maisons-Laffitte, waar hij sinds 1883 woonde."
    ]
  },
  "rdfs:label": {
    "fr": [
      "Plaque commémorative de Pierre Giffard"
    ]
  },
  "hasBeenCreatedBy": {
    "@id": "https://data.datatourisme.fr/13/d72fbbcc-d9fe-34c3-a14f-85d225a046f4",
    "dc:identifier": "1592",
    "schema:email": [
      "commercial@tourisme-maisonslaffitte.fr",
      "communication@tourisme-maisonslaffitte.fr",
      "contact@tourisme-maisonslaffitte.fr",
      "groupes@tourisme-maisonslaffitte.fr"
    ],
    "schema:legalName": "Office de Tourisme de Maisons-Laffitte",
    "@type": [
      "schema:Organization",
      "foaf:Agent",
      "Agent"
    ],
    "foaf:homepage": [
      "http://www.tourisme-maisonslaffitte.fr/"
    ]
  },
  "hasBeenPublishedBy": [
    {
      "@id": "https://data.datatourisme.fr/8a9feb4b-2cbd-3d2c-b507-bd6c6776b23b",
      "schema:legalName": "Apidae Tourisme Scic SA - source : Apidae Tourisme",
      "@type": [
        "schema:Organization",
        "foaf:Agent",
        "Agent"
      ],
      "foaf:homepage": [
        "https://www.apidae-tourisme.com/"
      ]
    }
  ],
  "hasDescription": [
    {
      "@id": "https://data.datatourisme.fr/e38e3375-4afa-3ef5-900e-429b29b520c9",
      "@type": [
        "Description"
      ],
      "hasTranslatedProperty": [
        {
          "@id": "https://data.datatourisme.fr/1a0a30e7-afd0-30d3-83a8-7a8282a3a426",
          "dc:contributor": [
            "https://api.deepl.com/v2/translate"
          ],
          "rdf:language": [
            "de"
          ],
          "rdf:predicate": [
            "shortDescription"
          ]
        },
        {
          "@id": "https://data.datatourisme.fr/431f9da5-a185-3017-9442-43994aedfcd9",
          "dc:contributor": [
            "https://api.deepl.com/v2/translate"
          ],
          "rdf:language": [
            "es"
          ],
          "rdf:predicate": [
            "shortDescription"
          ]
        },
        {
          "@id": "https://data.datatourisme.fr/9b0b1e5a-fd50-30e5-a235-359a630c24ec",
          "dc:contributor": [
            "https://api.deepl.com/v2/translate"
          ],
          "rdf:language": [
            "nl"
          ],
          "rdf:predicate": [
            "shortDescription"
          ]
        },
        {
          "@id": "https://data.datatourisme.fr/ccd6d880-0b23-386f-a1f8-f6ba08a8f838",
          "dc:contributor": [
            "https://api.deepl.com/v2/translate"
          ],
          "rdf:language": [
            "it"
          ],
          "rdf:predicate": [
            "shortDescription"
          ]
        },
        {
          "@id": "https://data.datatourisme.fr/f45d36ed-f6af-3414-991f-0213f5923ffc",
          "dc:contributor": [
            "https://api.deepl.com/v2/translate"
          ],
          "rdf:language": [
            "en"
          ],
          "rdf:predicate": [
            "shortDescription"
          ]
        }
      ],
      "shortDescription": {
        "de": [
          "Pierre Giffard (Fontaine-le-Dun 1853 - 1922 Maisons-Laffitte) Der Schriftsteller und Reporter war ein Vorläufer des modernen Journalismus und ein Pionier der Sportpresse. 1922 starb er in Maisons-Laffitte, wo er seit 1883 gewohnt hatte."
        ],
        "en": [
          "Pierre Giffard (Fontaine-le-Dun 1853 - 1922 Maisons-Laffitte) A man of letters and a great reporter, he was a forerunner of modern journalism and a pioneer of the sports press. He died in 1922 in Maisons-Laffitte, where he had lived since 1883."
        ],
        "it": [
          "Pierre Giffard (Fontaine-le-Dun 1853 ? 1922 Maisons-Laffitte) Letterato e grande cronista, precursore del giornalismo moderno e pioniere della stampa sportiva, morì nel 1922 a Maisons-Laffitte, dove viveva dal 1883."
        ],
        "fr": [
          "Pierre Giffard (Fontaine-le-Dun 1853 – 1922 Maisons-Laffitte) Homme de lettres et  grand reporter, il est un précurseur du journalisme moderne et un pionnier de la presse sportive.Il décède en 1922 à Maisons-Laffitte, lieu où il résidait depuis 1883."
        ],
        "es": [
          "Pierre Giffard (Fontaine-le-Dun 1853 ? 1922 Maisons-Laffitte) Hombre de letras y gran reportero, precursor del periodismo moderno y pionero de la prensa deportiva, murió en 1922 en Maisons-Laffitte, donde vivía desde 1883."
        ],
        "nl": [
          "Pierre Giffard (Fontaine-le-Dun 1853 - 1922 Maisons-Laffitte) Als letterkundige en groot verslaggever was hij een voorloper van de moderne journalistiek en een pionier van de sportpers. Hij stierf in 1922 in Maisons-Laffitte, waar hij sinds 1883 woonde."
        ]
      }
    }
  ],
  "hasTheme": [
    {
      "@id": "kb:Culture",
      "@type": [
        "CulturalTheme"
      ],
      "rdfs:label": {
        "de": [
          "Kultur"
        ],
        "pt": [
          "Cultura"
        ],
        "en": [
          "Culture"
        ],
        "it": [
          "Cultura"
        ],
        "fr": [
          "Culture"
        ],
        "nl": [
          "Cultuur"
        ],
        "es": [
          "Cultura"
        ]
      }
    }
  ],
  "hasTranslatedProperty": [
    {
      "@id": "https://data.datatourisme.fr/48d70ed7-4622-3d36-aa79-3c72cb2c1535",
      "dc:contributor": [
        "https://api.deepl.com/v2/translate"
      ],
      "rdf:language": [
        "it"
      ],
      "rdf:predicate": [
        {
          "@id": "rdfs:comment"
        }
      ]
    },
    {
      "@id": "https://data.datatourisme.fr/8c026c0e-1533-344a-9d6f-db8b42f0b50f",
      "dc:contributor": [
        "https://api.deepl.com/v2/translate"
      ],
      "rdf:language": [
        "es"
      ],
      "rdf:predicate": [
        {
          "@id": "rdfs:comment"
        }
      ]
    },
    {
      "@id": "https://data.datatourisme.fr/cc0aaea5-28c2-3e20-ac3c-575c1494edd5",
      "dc:contributor": [
        "https://api.deepl.com/v2/translate"
      ],
      "rdf:language": [
        "en"
      ],
      "rdf:predicate": [
        {
          "@id": "rdfs:comment"
        }
      ]
    },
    {
      "@id": "https://data.datatourisme.fr/e1adf1a4-96b7-3720-9f45-34bd2af5c28b",
      "dc:contributor": [
        "https://api.deepl.com/v2/translate"
      ],
      "rdf:language": [
        "nl"
      ],
      "rdf:predicate": [
        {
          "@id": "rdfs:comment"
        }
      ]
    },
    {
      "@id": "https://data.datatourisme.fr/ff53b189-f2c5-37af-96d1-a1bd138d7195",
      "dc:contributor": [
        "https://api.deepl.com/v2/translate"
      ],
      "rdf:language": [
        "de"
      ],
      "rdf:predicate": [
        {
          "@id": "rdfs:comment"
        }
      ]
    }
  ],
  "isLocatedAt": [
    {
      "@id": "https://data.datatourisme.fr/b80b24df-5b94-37ca-8a00-dca0068be107",
      "schema:address": [
        {
          "@id": "https://data.datatourisme.fr/1edb5d90-2b03-39ed-8739-ff3a429aa42b",
          "schema:addressLocality": "Maisons-Laffitte",
          "schema:postalCode": "78600",
          "schema:streetAddress": [
            "2 bis avenue du Général Leclerc"
          ],
          "@type": [
            "schema:PostalAddress",
            "PostalAddress"
          ],
          "hasAddressCity": {
            "@id": "kb:78358",
            "@type": [
              "City"
            ],
            "rdfs:label": {
              "de": [
                "Maisons-Laffitte"
              ],
              "pt": [
                "Maisons-Laffitte"
              ],
              "en": [
                "Maisons-Laffitte"
              ],
              "it": [
                "Maisons-Laffitte"
              ],
              "fr": [
                "Maisons-Laffitte"
              ],
              "nl": [
                "Maisons-Laffitte"
              ],
              "es": [
                "Maisons-Laffitte"
              ]
            },
            "insee": "78358",
            "isPartOfDepartment": {
              "@id": "kb:France1178",
              "@type": [
                "Department"
              ],
              "rdfs:label": {
                "de": [
                  "Yvelines"
                ],
                "pt": [
                  "Yvelines"
                ],
                "en": [
                  "Yvelines"
                ],
                "it": [
                  "Yvelines"
                ],
                "fr": [
                  "Yvelines"
                ],
                "nl": [
                  "Yvelines"
                ],
                "es": [
                  "Yvelines"
                ]
              },
              "insee": "78",
              "isPartOfRegion": {
                "@id": "kb:France11",
                "@type": [
                  "Region"
                ],
                "rdfs:label": {
                  "de": [
                    "Île-de-France"
                  ],
                  "pt": [
                    "Île-de-France"
                  ],
                  "en": [
                    "Île-de-France"
                  ],
                  "it": [
                    "Île-de-France"
                  ],
                  "fr": [
                    "Île-de-France"
                  ],
                  "nl": [
                    "Île-de-France"
                  ],
                  "es": [
                    "Île-de-France"
                  ]
                },
                "insee": "11",
                "isPartOfCountry": {
                  "@id": "kb:France",
                  "@type": [
                    "schema:Country"
                  ],
                  "rdfs:label": {
                    "de": [
                      "France",
                      "Frankreich"
                    ],
                    "pt": [
                      "França",
                      "France"
                    ],
                    "en": [
                      "France"
                    ],
                    "it": [
                      "France",
                      "Francia"
                    ],
                    "fr": [
                      "France"
                    ],
                    "nl": [
                      "France",
                      "Frankrijk"
                    ],
                    "es": [
                      "France",
                      "Francia"
                    ]
                  }
                }
              }
            }
          }
        }
      ],
      "schema:geo": {
        "@id": "https://data.datatourisme.fr/896f755c-6290-3375-89cb-9515ce9e9abe",
        "schema:latitude": "48.948153",
        "schema:longitude": "2.15265",
        "@type": [
          "schema:GeoCoordinates"
        ]
      },
      "schema:openingHoursSpecification": [
        {
          "@id": "https://data.datatourisme.fr/5c8e0465-1bda-3610-854c-8369a90ec8c3",
          "schema:validFrom": "2023-01-01T00:00:00",
          "schema:validThrough": "2023-12-31T23:59:59",
          "@type": [
            "schema:OpeningHoursSpecification"
          ],
          "additionalInformation": {
            "de": [
              "Die Gedenktafel ist von der Straße aus sichtbar. Das Haus kann nicht besichtigt werden"
            ],
            "en": [
              "The plaque is visible from the street. The house cannot be visited"
            ],
            "it": [
              "La targa è visibile dalla strada. La casa non può essere visitata"
            ],
            "fr": [
              "La plaque est visible depuis la rue. La maison n'est pas visitable"
            ],
            "es": [
              "La placa es visible desde la calle. La casa no se puede visitar"
            ],
            "nl": [
              "De plaquette is zichtbaar vanaf de straat. Het huis kan niet worden bezocht"
            ]
          },
          "hasTranslatedProperty": [
            {
              "@id": "https://data.datatourisme.fr/67c86f68-698a-36b4-be3d-0cf7ca93bda7",
              "dc:contributor": [
                "https://api.deepl.com/v2/translate"
              ],
              "rdf:language": [
                "es"
              ],
              "rdf:predicate": [
                "additionalInformation"
              ]
            },
            {
              "@id": "https://data.datatourisme.fr/b3c9e146-4966-32bb-a7e8-6597397e84d5",
              "dc:contributor": [
                "https://api.deepl.com/v2/translate"
              ],
              "rdf:language": [
                "it"
              ],
              "rdf:predicate": [
                "additionalInformation"
              ]
            },
            {
              "@id": "https://data.datatourisme.fr/d215d75c-ef95-32a9-a569-e9512a9105e5",
              "dc:contributor": [
                "https://api.deepl.com/v2/translate"
              ],
              "rdf:language": [
                "en"
              ],
              "rdf:predicate": [
                "additionalInformation"
              ]
            },
            {
              "@id": "https://data.datatourisme.fr/dc7b18d8-851c-36f4-8640-761bddbe983f",
              "dc:contributor": [
                "https://api.deepl.com/v2/translate"
              ],
              "rdf:language": [
                "nl"
              ],
              "rdf:predicate": [
                "additionalInformation"
              ]
            },
            {
              "@id": "https://data.datatourisme.fr/ea6595a7-8907-337f-9a26-f15883759046",
              "dc:contributor": [
                "https://api.deepl.com/v2/translate"
              ],
              "rdf:language": [
                "de"
              ],
              "rdf:predicate": [
                "additionalInformation"
              ]
            }
          ]
        }
      ],
      "@type": [
        "schema:Place",
        "Place"
      ]
    }
  ],
  "isOwnedBy": [
    {
      "@id": "https://data.datatourisme.fr/78d7093d-a9e3-379e-ac44-b41b246b1202",
      "schema:email": [
        "commercial@tourisme-maisonslaffitte.fr",
        "communication@tourisme-maisonslaffitte.fr",
        "contact@tourisme-maisonslaffitte.fr",
        "groupes@tourisme-maisonslaffitte.fr"
      ],
      "schema:legalName": "Office de Tourisme de Maisons-Laffitte",
      "@type": [
        "schema:Organization",
        "foaf:Agent",
        "Agent"
      ],
      "foaf:homepage": [
        "http://www.tourisme-maisonslaffitte.fr/"
      ]
    }
  ],
  "lastUpdate": "2020-06-30",
  "lastUpdateDatatourisme": "2023-02-22T06:42:37.67Z"
}