{
  "@id": "https://data.datatourisme.fr/13/0f2f64ff-ad37-3222-a032-5cd35e533850",
  "dc:identifier": "5879972",
  "@type": [
    "schema:FoodEstablishment",
    "FoodEstablishment",
    "PlaceOfInterest",
    "PointOfInterest"
  ],
  "rdfs:comment": {
    "de": [
      "Sind Sie auf der Suche nach einer charaktervollen italienischen Küche? Möchten Sie alle Geschmäcker des tiefen Italiens entdecken oder wiederfinden? Dann sind Sie hier genau richtig."
    ],
    "en": [
      "Are you looking for Italian cuisine with character? Would you like to discover or rediscover all the flavours of deepest Italy? You have come to the right place."
    ],
    "it": [
      "Siete alla ricerca di una cucina italiana di carattere? Volete scoprire o riscoprire tutti i sapori dell'Italia più profonda? Siete nel posto giusto."
    ],
    "fr": [
      "Vous êtes à la recherche d’une cuisine italienne de caractère ? Vous souhaitez découvrir ou retrouver toutes les saveurs de l’Italie profonde ? Vous avez frappé à la bonne porte."
    ],
    "es": [
      "¿Busca una cocina italiana con carácter? ¿Quiere descubrir o redescubrir todos los sabores de la Italia más profunda? Ha llegado al lugar adecuado."
    ],
    "nl": [
      "Bent u op zoek naar een Italiaanse keuken met karakter? Wilt u alle smaken van het diepste Italië ontdekken of herontdekken? Je bent op de juiste plaats."
    ]
  },
  "rdfs:label": {
    "fr": [
      "L'Italien"
    ]
  },
  "hasBeenCreatedBy": {
    "@id": "https://data.datatourisme.fr/13/1baff70e-2669-3837-a347-efd3a874a341",
    "dc:identifier": "1489",
    "schema:email": [
      "emilie.prai@saintgermainenlaye.fr",
      "emilie.rochat@seine-saintgermain.fr",
      "melissa.moreau@saintgermainenlaye.fr"
    ],
    "schema:legalName": "Office de Tourisme Intercommunal de Saint Germain Boucles de Seine",
    "@type": [
      "schema:Organization",
      "foaf:Agent",
      "Agent"
    ],
    "foaf:homepage": [
      "http://www.reservation.seine-saintgermain.fr/"
    ]
  },
  "hasBeenPublishedBy": [
    {
      "@id": "https://data.datatourisme.fr/8a9feb4b-2cbd-3d2c-b507-bd6c6776b23b",
      "schema:legalName": "Apidae Tourisme Scic SA - source : Apidae Tourisme",
      "@type": [
        "schema:Organization",
        "foaf:Agent",
        "Agent"
      ],
      "foaf:homepage": [
        "https://www.apidae-tourisme.com/"
      ]
    }
  ],
  "hasContact": [
    {
      "@id": "https://data.datatourisme.fr/32371e0a-7c1d-3514-a2f2-4d377bf8a37c",
      "schema:telephone": [
        "+33 1 39 14 92 50"
      ],
      "@type": [
        "foaf:Agent",
        "Agent"
      ],
      "foaf:homepage": [
        "https://www.litalien-montesson.fr/"
      ]
    }
  ],
  "hasDescription": [
    {
      "@id": "https://data.datatourisme.fr/ef2ea15e-60d6-3725-b36b-a2a69f2fc196",
      "@type": [
        "Description"
      ],
      "hasTranslatedProperty": [
        {
          "@id": "https://data.datatourisme.fr/341846ef-6377-3660-ae2a-859ea7bc00f5",
          "dc:contributor": [
            "https://api.deepl.com/v2/translate"
          ],
          "rdf:language": [
            "es"
          ],
          "rdf:predicate": [
            "shortDescription"
          ]
        },
        {
          "@id": "https://data.datatourisme.fr/609b6e67-f851-3fa6-a73f-b491331e866d",
          "dc:contributor": [
            "https://api.deepl.com/v2/translate"
          ],
          "rdf:language": [
            "nl"
          ],
          "rdf:predicate": [
            "shortDescription"
          ]
        },
        {
          "@id": "https://data.datatourisme.fr/85776b67-461b-3c31-9c92-76119cbcd2ec",
          "dc:contributor": [
            "https://api.deepl.com/v2/translate"
          ],
          "rdf:language": [
            "en"
          ],
          "rdf:predicate": [
            "shortDescription"
          ]
        },
        {
          "@id": "https://data.datatourisme.fr/c3a3cdab-00d1-3a6a-8b34-e6b92e1aa14b",
          "dc:contributor": [
            "https://api.deepl.com/v2/translate"
          ],
          "rdf:language": [
            "de"
          ],
          "rdf:predicate": [
            "shortDescription"
          ]
        },
        {
          "@id": "https://data.datatourisme.fr/cc2cd4de-f901-3bea-9153-40d8432fae2d",
          "dc:contributor": [
            "https://api.deepl.com/v2/translate"
          ],
          "rdf:language": [
            "it"
          ],
          "rdf:predicate": [
            "shortDescription"
          ]
        }
      ],
      "shortDescription": {
        "de": [
          "Sind Sie auf der Suche nach einer charaktervollen italienischen Küche? Möchten Sie alle Geschmäcker des tiefen Italiens entdecken oder wiederfinden? Dann sind Sie hier genau richtig."
        ],
        "en": [
          "Are you looking for Italian cuisine with character? Would you like to discover or rediscover all the flavours of deepest Italy? You have come to the right place."
        ],
        "it": [
          "Siete alla ricerca di una cucina italiana di carattere? Volete scoprire o riscoprire tutti i sapori dell'Italia più profonda? Siete nel posto giusto."
        ],
        "fr": [
          "Vous êtes à la recherche d’une cuisine italienne de caractère ? Vous souhaitez découvrir ou retrouver toutes les saveurs de l’Italie profonde ? Vous avez frappé à la bonne porte."
        ],
        "es": [
          "¿Busca una cocina italiana con carácter? ¿Quiere descubrir o redescubrir todos los sabores de la Italia más profunda? Ha llegado al lugar adecuado."
        ],
        "nl": [
          "Bent u op zoek naar een Italiaanse keuken met karakter? Wilt u alle smaken van het diepste Italië ontdekken of herontdekken? Je bent op de juiste plaats."
        ]
      }
    }
  ],
  "hasTranslatedProperty": [
    {
      "@id": "https://data.datatourisme.fr/17069247-5b9c-3ee5-afa5-8f56b91a427b",
      "dc:contributor": [
        "https://api.deepl.com/v2/translate"
      ],
      "rdf:language": [
        "es"
      ],
      "rdf:predicate": [
        {
          "@id": "rdfs:comment"
        }
      ]
    },
    {
      "@id": "https://data.datatourisme.fr/44f0cc0f-b640-31dd-beb1-1fd1562cbc99",
      "dc:contributor": [
        "https://api.deepl.com/v2/translate"
      ],
      "rdf:language": [
        "en"
      ],
      "rdf:predicate": [
        {
          "@id": "rdfs:comment"
        }
      ]
    },
    {
      "@id": "https://data.datatourisme.fr/72100d97-8d68-35a1-8c0e-e20d65691dd8",
      "dc:contributor": [
        "https://api.deepl.com/v2/translate"
      ],
      "rdf:language": [
        "it"
      ],
      "rdf:predicate": [
        {
          "@id": "rdfs:comment"
        }
      ]
    },
    {
      "@id": "https://data.datatourisme.fr/dcaf0f80-b4a2-3e5f-aae0-91af3eae7ad5",
      "dc:contributor": [
        "https://api.deepl.com/v2/translate"
      ],
      "rdf:language": [
        "de"
      ],
      "rdf:predicate": [
        {
          "@id": "rdfs:comment"
        }
      ]
    },
    {
      "@id": "https://data.datatourisme.fr/e78546f4-16de-3fb5-9687-aee67dfb8037",
      "dc:contributor": [
        "https://api.deepl.com/v2/translate"
      ],
      "rdf:language": [
        "nl"
      ],
      "rdf:predicate": [
        {
          "@id": "rdfs:comment"
        }
      ]
    }
  ],
  "isLocatedAt": [
    {
      "@id": "https://data.datatourisme.fr/c9b0072b-a7f5-3390-a250-6c3beae92c72",
      "schema:address": [
        {
          "@id": "https://data.datatourisme.fr/ba0a7716-d312-32cd-b4d3-501867e0c358",
          "schema:addressLocality": "Montesson",
          "schema:postalCode": "78360",
          "schema:streetAddress": [
            "7 avenue Roger Salengro"
          ],
          "@type": [
            "schema:PostalAddress",
            "PostalAddress"
          ],
          "hasAddressCity": {
            "@id": "kb:78418",
            "@type": [
              "City"
            ],
            "rdfs:label": {
              "de": [
                "Montesson"
              ],
              "pt": [
                "Montesson"
              ],
              "en": [
                "Montesson"
              ],
              "it": [
                "Montesson"
              ],
              "fr": [
                "Montesson"
              ],
              "nl": [
                "Montesson"
              ],
              "es": [
                "Montesson"
              ]
            },
            "insee": "78418",
            "isPartOfDepartment": {
              "@id": "kb:France1178",
              "@type": [
                "Department"
              ],
              "rdfs:label": {
                "de": [
                  "Yvelines"
                ],
                "pt": [
                  "Yvelines"
                ],
                "en": [
                  "Yvelines"
                ],
                "it": [
                  "Yvelines"
                ],
                "fr": [
                  "Yvelines"
                ],
                "nl": [
                  "Yvelines"
                ],
                "es": [
                  "Yvelines"
                ]
              },
              "insee": "78",
              "isPartOfRegion": {
                "@id": "kb:France11",
                "@type": [
                  "Region"
                ],
                "rdfs:label": {
                  "de": [
                    "Île-de-France"
                  ],
                  "pt": [
                    "Île-de-France"
                  ],
                  "en": [
                    "Île-de-France"
                  ],
                  "it": [
                    "Île-de-France"
                  ],
                  "fr": [
                    "Île-de-France"
                  ],
                  "nl": [
                    "Île-de-France"
                  ],
                  "es": [
                    "Île-de-France"
                  ]
                },
                "insee": "11",
                "isPartOfCountry": {
                  "@id": "kb:France",
                  "@type": [
                    "schema:Country"
                  ],
                  "rdfs:label": {
                    "de": [
                      "France",
                      "Frankreich"
                    ],
                    "pt": [
                      "França",
                      "France"
                    ],
                    "en": [
                      "France"
                    ],
                    "it": [
                      "France",
                      "Francia"
                    ],
                    "fr": [
                      "France"
                    ],
                    "nl": [
                      "France",
                      "Frankrijk"
                    ],
                    "es": [
                      "France",
                      "Francia"
                    ]
                  }
                }
              }
            }
          }
        }
      ],
      "schema:geo": {
        "@id": "https://data.datatourisme.fr/7687d983-516f-3ae3-9618-2a7e556a9271",
        "schema:latitude": "48.907794",
        "schema:longitude": "2.125106",
        "@type": [
          "schema:GeoCoordinates"
        ]
      },
      "schema:openingHoursSpecification": [
        {
          "@id": "https://data.datatourisme.fr/3657a6bc-82ee-3063-a799-da756a0bdc6c",
          "schema:validFrom": "2023-01-01T00:00:00",
          "schema:validThrough": "2023-12-31T23:59:59",
          "@type": [
            "schema:OpeningHoursSpecification"
          ],
          "additionalInformation": {
            "de": [
              "12h-14h30 / 17h30-21h"
            ],
            "en": [
              "12pm-2:30pm / 5:30pm-9pm"
            ],
            "it": [
              "12:00-14:30 / 17:30-21:00"
            ],
            "fr": [
              "12h-14h30 / 17h30-21h"
            ],
            "nl": [
              "12:00-14:30 / 17:30-21:00"
            ],
            "es": [
              "12:00-14:30 / 17:30-21:00"
            ]
          },
          "hasTranslatedProperty": [
            {
              "@id": "https://data.datatourisme.fr/05e88210-7007-3c5f-9c42-da2de8ef0dc1",
              "dc:contributor": [
                "https://api.deepl.com/v2/translate"
              ],
              "rdf:language": [
                "en"
              ],
              "rdf:predicate": [
                "additionalInformation"
              ]
            },
            {
              "@id": "https://data.datatourisme.fr/4e70f44a-d130-3db7-83a9-f427738e59f9",
              "dc:contributor": [
                "https://api.deepl.com/v2/translate"
              ],
              "rdf:language": [
                "nl"
              ],
              "rdf:predicate": [
                "additionalInformation"
              ]
            },
            {
              "@id": "https://data.datatourisme.fr/70be137f-6910-3228-80cf-346ce96d5dc8",
              "dc:contributor": [
                "https://api.deepl.com/v2/translate"
              ],
              "rdf:language": [
                "de"
              ],
              "rdf:predicate": [
                "additionalInformation"
              ]
            },
            {
              "@id": "https://data.datatourisme.fr/8740e33c-4aa5-3300-8a7d-9dfc818af373",
              "dc:contributor": [
                "https://api.deepl.com/v2/translate"
              ],
              "rdf:language": [
                "it"
              ],
              "rdf:predicate": [
                "additionalInformation"
              ]
            },
            {
              "@id": "https://data.datatourisme.fr/a65a1a83-f176-3238-93dd-4e1aa1bb23bc",
              "dc:contributor": [
                "https://api.deepl.com/v2/translate"
              ],
              "rdf:language": [
                "es"
              ],
              "rdf:predicate": [
                "additionalInformation"
              ]
            }
          ]
        }
      ],
      "@type": [
        "schema:Place",
        "Place"
      ]
    }
  ],
  "isOwnedBy": [
    {
      "@id": "https://data.datatourisme.fr/73484530-94e0-3b9c-86da-e2ddfa7df7ed",
      "schema:email": [
        "emilie.prai@saintgermainenlaye.fr",
        "emilie.rochat@seine-saintgermain.fr",
        "melissa.moreau@saintgermainenlaye.fr"
      ],
      "schema:legalName": "Office de Tourisme Intercommunal de Saint Germain Boucles de Seine",
      "@type": [
        "schema:Organization",
        "foaf:Agent",
        "Agent"
      ],
      "foaf:homepage": [
        "http://www.reservation.seine-saintgermain.fr/"
      ]
    }
  ],
  "lastUpdate": "2021-07-27",
  "lastUpdateDatatourisme": "2023-02-01T18:07:36.126Z"
}