{
  "@id": "https://data.datatourisme.fr/13/0f32eb6f-aae0-37c1-b44e-7572f6e9f4a8",
  "dc:identifier": "5341537",
  "@type": [
    "schema:FoodEstablishment",
    "FoodEstablishment",
    "PlaceOfInterest",
    "PointOfInterest"
  ],
  "rdfs:comment": {
    "de": [
      "So Bière ist vor allem ein Bierkeller, der in Saint-Germain-en-Laye und Rueil-Malmaison angesiedelt ist. Mit einem sehr vielfältigen und regelmäßig erneuerten Angebot an handwerklich gebrauten, biologischen, französischen und ausländischen, glutenfreien und sogar alkoholfreien Bieren!"
    ],
    "en": [
      "So Bière is above all a beer cellar located in Saint-Germain-en-Laye and Rueil-Malmaison. With a very varied and regularly renewed offer of artisanal, organic, French and foreign beers, gluten-free and even alcohol-free!"
    ],
    "it": [
      "So Bière è soprattutto una cantina di birra situata a Saint-Germain-en-Laye e Rueil-Malmaison. Con un'offerta molto varia e regolarmente rinnovata di birre artigianali, biologiche, francesi e straniere, senza glutine e persino senza alcol!"
    ],
    "fr": [
      "So Bière c'est avant tout une cave à bières implantées à Saint-Germain-en-Laye et à Rueil-Malmaison. Avec une offre très variée et régulièrement renouvelée de de bières artisanales, bio, françaises et étrangères, sans gluten et même sans alcool !"
    ],
    "nl": [
      "So Bière is vooral een bierkelder in Saint-Germain-en-Laye en Rueil-Malmaison. Met een zeer gevarieerd en regelmatig vernieuwd aanbod van ambachtelijke bieren, biologisch, Frans en buitenlands, glutenvrij en zelfs alcoholvrij!"
    ],
    "es": [
      "So Bière es ante todo una bodega de cerveza situada en Saint-Germain-en-Laye y Rueil-Malmaison. Con una oferta muy variada y regularmente renovada de cervezas artesanales, ecológicas, francesas y extranjeras, sin gluten e incluso sin alcohol"
    ]
  },
  "rdfs:label": {
    "fr": [
      "So Bière"
    ]
  },
  "hasBeenCreatedBy": {
    "@id": "https://data.datatourisme.fr/13/1baff70e-2669-3837-a347-efd3a874a341",
    "dc:identifier": "1489",
    "schema:email": [
      "emilie.prai@saintgermainenlaye.fr",
      "emilie.rochat@seine-saintgermain.fr",
      "melissa.moreau@saintgermainenlaye.fr"
    ],
    "schema:legalName": "Office de Tourisme Intercommunal de Saint Germain Boucles de Seine",
    "@type": [
      "schema:Organization",
      "foaf:Agent",
      "Agent"
    ],
    "foaf:homepage": [
      "http://www.reservation.seine-saintgermain.fr/"
    ]
  },
  "hasBeenPublishedBy": [
    {
      "@id": "https://data.datatourisme.fr/8a9feb4b-2cbd-3d2c-b507-bd6c6776b23b",
      "schema:legalName": "Apidae Tourisme Scic SA - source : Apidae Tourisme",
      "@type": [
        "schema:Organization",
        "foaf:Agent",
        "Agent"
      ],
      "foaf:homepage": [
        "https://www.apidae-tourisme.com/"
      ]
    }
  ],
  "hasContact": [
    {
      "@id": "https://data.datatourisme.fr/2100c3c9-4a67-3f8d-b226-bc7991f6f33e",
      "schema:email": [
        "sobiere78@gmail.com"
      ],
      "schema:telephone": [
        "+33 9 82 34 54 60"
      ],
      "@type": [
        "foaf:Agent",
        "Agent"
      ],
      "foaf:homepage": [
        "https://www.sobiere.fr/"
      ]
    }
  ],
  "hasDescription": [
    {
      "@id": "https://data.datatourisme.fr/3c477d8a-5057-3e46-8188-b3638a90c635",
      "@type": [
        "Description"
      ],
      "hasTranslatedProperty": [
        {
          "@id": "https://data.datatourisme.fr/366e992a-dbdd-3d38-af52-089c8795b8bc",
          "dc:contributor": [
            "https://api.deepl.com/v2/translate"
          ],
          "rdf:language": [
            "it"
          ],
          "rdf:predicate": [
            "shortDescription"
          ]
        },
        {
          "@id": "https://data.datatourisme.fr/61afbd15-919a-313e-95da-0f38b7f439c8",
          "dc:contributor": [
            "https://api.deepl.com/v2/translate"
          ],
          "rdf:language": [
            "en"
          ],
          "rdf:predicate": [
            "shortDescription"
          ]
        },
        {
          "@id": "https://data.datatourisme.fr/8b5e157e-c3a1-38bb-993d-455429d41560",
          "dc:contributor": [
            "https://api.deepl.com/v2/translate"
          ],
          "rdf:language": [
            "de"
          ],
          "rdf:predicate": [
            "shortDescription"
          ]
        },
        {
          "@id": "https://data.datatourisme.fr/ac2a4adc-5dd7-39e8-ab2e-6be67963e91f",
          "dc:contributor": [
            "https://api.deepl.com/v2/translate"
          ],
          "rdf:language": [
            "nl"
          ],
          "rdf:predicate": [
            "shortDescription"
          ]
        },
        {
          "@id": "https://data.datatourisme.fr/d15eaa71-c033-3d07-be59-cdafc12ac288",
          "dc:contributor": [
            "https://api.deepl.com/v2/translate"
          ],
          "rdf:language": [
            "es"
          ],
          "rdf:predicate": [
            "shortDescription"
          ]
        }
      ],
      "shortDescription": {
        "de": [
          "So Bière ist vor allem ein Bierkeller, der in Saint-Germain-en-Laye und Rueil-Malmaison angesiedelt ist. Mit einem sehr vielfältigen und regelmäßig erneuerten Angebot an handwerklich gebrauten, biologischen, französischen und ausländischen, glutenfreien und sogar alkoholfreien Bieren!"
        ],
        "en": [
          "So Bière is above all a beer cellar located in Saint-Germain-en-Laye and Rueil-Malmaison. With a very varied and regularly renewed offer of artisanal, organic, French and foreign beers, gluten-free and even alcohol-free!"
        ],
        "it": [
          "So Bière è soprattutto una cantina di birra situata a Saint-Germain-en-Laye e Rueil-Malmaison. Con un'offerta molto varia e regolarmente rinnovata di birre artigianali, biologiche, francesi e straniere, senza glutine e persino senza alcol!"
        ],
        "fr": [
          "So Bière c'est avant tout une cave à bières implantées à Saint-Germain-en-Laye et à Rueil-Malmaison. Avec une offre très variée et régulièrement renouvelée de de bières artisanales, bio, françaises et étrangères, sans gluten et même sans alcool !"
        ],
        "nl": [
          "So Bière is vooral een bierkelder in Saint-Germain-en-Laye en Rueil-Malmaison. Met een zeer gevarieerd en regelmatig vernieuwd aanbod van ambachtelijke bieren, biologisch, Frans en buitenlands, glutenvrij en zelfs alcoholvrij!"
        ],
        "es": [
          "So Bière es ante todo una bodega de cerveza situada en Saint-Germain-en-Laye y Rueil-Malmaison. Con una oferta muy variada y regularmente renovada de cervezas artesanales, ecológicas, francesas y extranjeras, sin gluten e incluso sin alcohol"
        ]
      }
    }
  ],
  "hasTranslatedProperty": [
    {
      "@id": "https://data.datatourisme.fr/5b971c30-9cc4-32bb-a099-03f10a3a401b",
      "dc:contributor": [
        "https://api.deepl.com/v2/translate"
      ],
      "rdf:language": [
        "en"
      ],
      "rdf:predicate": [
        {
          "@id": "rdfs:comment"
        }
      ]
    },
    {
      "@id": "https://data.datatourisme.fr/5d0fa4ee-f5fa-350a-9ab3-f147d1e71d52",
      "dc:contributor": [
        "https://api.deepl.com/v2/translate"
      ],
      "rdf:language": [
        "it"
      ],
      "rdf:predicate": [
        {
          "@id": "rdfs:comment"
        }
      ]
    },
    {
      "@id": "https://data.datatourisme.fr/855a1e72-8c67-3567-acd2-c76fce5e93aa",
      "dc:contributor": [
        "https://api.deepl.com/v2/translate"
      ],
      "rdf:language": [
        "de"
      ],
      "rdf:predicate": [
        {
          "@id": "rdfs:comment"
        }
      ]
    },
    {
      "@id": "https://data.datatourisme.fr/a8914559-3300-3c46-b96f-584e8901099b",
      "dc:contributor": [
        "https://api.deepl.com/v2/translate"
      ],
      "rdf:language": [
        "nl"
      ],
      "rdf:predicate": [
        {
          "@id": "rdfs:comment"
        }
      ]
    },
    {
      "@id": "https://data.datatourisme.fr/e0044526-f5a9-3458-9c26-24e1e55e0d9a",
      "dc:contributor": [
        "https://api.deepl.com/v2/translate"
      ],
      "rdf:language": [
        "es"
      ],
      "rdf:predicate": [
        {
          "@id": "rdfs:comment"
        }
      ]
    }
  ],
  "isLocatedAt": [
    {
      "@id": "https://data.datatourisme.fr/53a57253-10be-3a8d-af3e-5876fb831618",
      "schema:address": [
        {
          "@id": "https://data.datatourisme.fr/d1f87589-1112-323b-8eb7-86e366b1fdfa",
          "schema:addressLocality": "Saint-Germain-en-Laye",
          "schema:postalCode": "78100",
          "schema:streetAddress": [
            "1 place André Malraux"
          ],
          "@type": [
            "schema:PostalAddress",
            "PostalAddress"
          ],
          "hasAddressCity": {
            "@id": "kb:78551",
            "@type": [
              "City"
            ],
            "rdfs:label": {
              "de": [
                "Saint-Germain-en-Laye"
              ],
              "pt": [
                "Saint-Germain-en-Laye"
              ],
              "en": [
                "Saint-Germain-en-Laye"
              ],
              "it": [
                "Saint-Germain-en-Laye"
              ],
              "fr": [
                "Saint-Germain-en-Laye"
              ],
              "nl": [
                "Saint-Germain-en-Laye"
              ],
              "es": [
                "Saint-Germain-en-Laye"
              ]
            },
            "insee": "78551",
            "isPartOfDepartment": {
              "@id": "kb:France1178",
              "@type": [
                "Department"
              ],
              "rdfs:label": {
                "de": [
                  "Yvelines"
                ],
                "pt": [
                  "Yvelines"
                ],
                "en": [
                  "Yvelines"
                ],
                "it": [
                  "Yvelines"
                ],
                "fr": [
                  "Yvelines"
                ],
                "nl": [
                  "Yvelines"
                ],
                "es": [
                  "Yvelines"
                ]
              },
              "insee": "78",
              "isPartOfRegion": {
                "@id": "kb:France11",
                "@type": [
                  "Region"
                ],
                "rdfs:label": {
                  "de": [
                    "Île-de-France"
                  ],
                  "pt": [
                    "Île-de-France"
                  ],
                  "en": [
                    "Île-de-France"
                  ],
                  "it": [
                    "Île-de-France"
                  ],
                  "fr": [
                    "Île-de-France"
                  ],
                  "nl": [
                    "Île-de-France"
                  ],
                  "es": [
                    "Île-de-France"
                  ]
                },
                "insee": "11",
                "isPartOfCountry": {
                  "@id": "kb:France",
                  "@type": [
                    "schema:Country"
                  ],
                  "rdfs:label": {
                    "de": [
                      "France",
                      "Frankreich"
                    ],
                    "pt": [
                      "França",
                      "France"
                    ],
                    "en": [
                      "France"
                    ],
                    "it": [
                      "France",
                      "Francia"
                    ],
                    "fr": [
                      "France"
                    ],
                    "nl": [
                      "France",
                      "Frankrijk"
                    ],
                    "es": [
                      "France",
                      "Francia"
                    ]
                  }
                }
              }
            }
          }
        }
      ],
      "schema:geo": {
        "@id": "https://data.datatourisme.fr/36651530-2fb1-3bd7-b769-a6bfafc093aa",
        "schema:latitude": "48.897132",
        "schema:longitude": "2.095334",
        "@type": [
          "schema:GeoCoordinates"
        ]
      },
      "schema:openingHoursSpecification": [
        {
          "@id": "https://data.datatourisme.fr/88ef28d1-f4dd-3f08-9054-256f72369a26",
          "schema:validFrom": "2023-01-01T00:00:00",
          "schema:validThrough": "2023-12-31T23:59:59",
          "@type": [
            "schema:OpeningHoursSpecification"
          ],
          "additionalInformation": {
            "de": [
              "Dienstag bis Donnerstag: 11:00-20:00 Uhr\r\nFreitag und Samstag: 11-20.30 Uhr"
            ],
            "en": [
              "Tuesday to Thursday: 11am-8pm\r\nFriday and Saturday: 11am-8.30pm"
            ],
            "it": [
              "Da martedì a giovedì: dalle 11.00 alle 20.00\r\nVenerdì e sabato: dalle 11.00 alle 20.30"
            ],
            "fr": [
              "Mardi au jeudi : 11h-20h\r\nVendredi et samedi : 11h-20h30"
            ],
            "nl": [
              "Dinsdag t/m donderdag: 11.00 - 20.00 uur\r\nVrijdag en zaterdag: 11.00-8.30 uur"
            ],
            "es": [
              "De martes a jueves: de 11:00 a 20:00 horas\r\nViernes y sábado: de 11:00 a 20:30 horas"
            ]
          },
          "hasTranslatedProperty": [
            {
              "@id": "https://data.datatourisme.fr/2ec59477-c676-3134-ae9b-5a9aabed2f44",
              "dc:contributor": [
                "https://api.deepl.com/v2/translate"
              ],
              "rdf:language": [
                "es"
              ],
              "rdf:predicate": [
                "additionalInformation"
              ]
            },
            {
              "@id": "https://data.datatourisme.fr/406f3d44-e913-315c-a8fd-96f3ba001eed",
              "dc:contributor": [
                "https://api.deepl.com/v2/translate"
              ],
              "rdf:language": [
                "en"
              ],
              "rdf:predicate": [
                "additionalInformation"
              ]
            },
            {
              "@id": "https://data.datatourisme.fr/82388f6f-53c9-3bf9-ac87-8d4fa6636a73",
              "dc:contributor": [
                "https://api.deepl.com/v2/translate"
              ],
              "rdf:language": [
                "nl"
              ],
              "rdf:predicate": [
                "additionalInformation"
              ]
            },
            {
              "@id": "https://data.datatourisme.fr/83517ea9-de39-3fd8-b68f-f05dede89e90",
              "dc:contributor": [
                "https://api.deepl.com/v2/translate"
              ],
              "rdf:language": [
                "de"
              ],
              "rdf:predicate": [
                "additionalInformation"
              ]
            },
            {
              "@id": "https://data.datatourisme.fr/98f2169f-e96a-3917-b5d4-402d7b0e7443",
              "dc:contributor": [
                "https://api.deepl.com/v2/translate"
              ],
              "rdf:language": [
                "it"
              ],
              "rdf:predicate": [
                "additionalInformation"
              ]
            }
          ]
        }
      ],
      "@type": [
        "schema:Place",
        "Place"
      ]
    }
  ],
  "isOwnedBy": [
    {
      "@id": "https://data.datatourisme.fr/73484530-94e0-3b9c-86da-e2ddfa7df7ed",
      "schema:email": [
        "emilie.prai@saintgermainenlaye.fr",
        "emilie.rochat@seine-saintgermain.fr",
        "melissa.moreau@saintgermainenlaye.fr"
      ],
      "schema:legalName": "Office de Tourisme Intercommunal de Saint Germain Boucles de Seine",
      "@type": [
        "schema:Organization",
        "foaf:Agent",
        "Agent"
      ],
      "foaf:homepage": [
        "http://www.reservation.seine-saintgermain.fr/"
      ]
    }
  ],
  "lastUpdate": "2020-10-08",
  "lastUpdateDatatourisme": "2023-02-01T18:07:36.214Z"
}