{
  "@id": "https://data.datatourisme.fr/13/0f5ad8e8-26df-38db-83e2-b616a5b83787",
  "dc:identifier": "731991",
  "@type": [
    "schema:FoodEstablishment",
    "FoodEstablishment",
    "PlaceOfInterest",
    "PointOfInterest"
  ],
  "rdfs:comment": {
    "de": [
      "Brasserie - Restaurant"
    ],
    "en": [
      "Brasserie - Restaurant"
    ],
    "it": [
      "Brasserie - Ristorante"
    ],
    "fr": [
      "Brasserie - Restaurant"
    ],
    "es": [
      "Brasserie - Restaurante"
    ],
    "nl": [
      "Brasserie - Restaurant"
    ]
  },
  "rdfs:label": {
    "en": [
      "Brasserie des O'Pignons"
    ],
    "fr": [
      "Brasserie des O'Pignons"
    ]
  },
  "hasBeenCreatedBy": {
    "@id": "https://data.datatourisme.fr/13/4f16c818-875d-3fcb-a867-c7bdc89be7eb",
    "dc:identifier": "1085",
    "schema:email": [
      "d.gougetdelandres@millylaforet-tourisme.com"
    ],
    "schema:legalName": "Office de Tourisme de Milly-la-Forêt",
    "@type": [
      "schema:Organization",
      "foaf:Agent",
      "Agent"
    ]
  },
  "hasBeenPublishedBy": [
    {
      "@id": "https://data.datatourisme.fr/8a9feb4b-2cbd-3d2c-b507-bd6c6776b23b",
      "schema:legalName": "Apidae Tourisme Scic SA - source : Apidae Tourisme",
      "@type": [
        "schema:Organization",
        "foaf:Agent",
        "Agent"
      ],
      "foaf:homepage": [
        "https://www.apidae-tourisme.com/"
      ]
    }
  ],
  "hasContact": [
    {
      "@id": "https://data.datatourisme.fr/c8f173cf-a20e-3854-a769-9dec2a95dc22",
      "schema:telephone": [
        "+33 1 69 23 53 95"
      ],
      "@type": [
        "foaf:Agent",
        "Agent"
      ]
    }
  ],
  "hasDescription": [
    {
      "@id": "https://data.datatourisme.fr/f22995e5-0dc2-3611-be57-37afda8040c2",
      "@type": [
        "Description"
      ],
      "hasTranslatedProperty": [
        {
          "@id": "https://data.datatourisme.fr/5d925d54-cb43-3c7a-85eb-13bd7ab4a010",
          "dc:contributor": [
            "https://api.deepl.com/v2/translate"
          ],
          "rdf:language": [
            "de"
          ],
          "rdf:predicate": [
            "shortDescription"
          ]
        },
        {
          "@id": "https://data.datatourisme.fr/79510fc0-76f5-3a95-8dfc-8b3a9f88a75e",
          "dc:contributor": [
            "https://api.deepl.com/v2/translate"
          ],
          "rdf:language": [
            "nl"
          ],
          "rdf:predicate": [
            "shortDescription"
          ]
        },
        {
          "@id": "https://data.datatourisme.fr/7e6bb111-ba1a-34ec-877b-d5f974d988f6",
          "dc:contributor": [
            "https://api.deepl.com/v2/translate"
          ],
          "rdf:language": [
            "it"
          ],
          "rdf:predicate": [
            "shortDescription"
          ]
        },
        {
          "@id": "https://data.datatourisme.fr/948b3cf7-6377-3528-b492-9396df3be450",
          "dc:contributor": [
            "https://api.deepl.com/v2/translate"
          ],
          "rdf:language": [
            "es"
          ],
          "rdf:predicate": [
            "shortDescription"
          ]
        }
      ],
      "shortDescription": {
        "de": [
          "Brasserie - Restaurant"
        ],
        "en": [
          "Brasserie - Restaurant"
        ],
        "it": [
          "Brasserie - Ristorante"
        ],
        "fr": [
          "Brasserie - Restaurant"
        ],
        "es": [
          "Brasserie - Restaurante"
        ],
        "nl": [
          "Brasserie - Restaurant"
        ]
      }
    }
  ],
  "hasTranslatedProperty": [
    {
      "@id": "https://data.datatourisme.fr/2c701610-002d-3dc8-b6c6-8dcac9a32dd9",
      "dc:contributor": [
        "https://api.deepl.com/v2/translate"
      ],
      "rdf:language": [
        "it"
      ],
      "rdf:predicate": [
        {
          "@id": "rdfs:comment"
        }
      ]
    },
    {
      "@id": "https://data.datatourisme.fr/5af78876-6875-3f71-a7b1-30d1224cc182",
      "dc:contributor": [
        "https://api.deepl.com/v2/translate"
      ],
      "rdf:language": [
        "nl"
      ],
      "rdf:predicate": [
        {
          "@id": "rdfs:comment"
        }
      ]
    },
    {
      "@id": "https://data.datatourisme.fr/aeb17a30-faee-331a-ace8-2f7a5402e391",
      "dc:contributor": [
        "https://api.deepl.com/v2/translate"
      ],
      "rdf:language": [
        "es"
      ],
      "rdf:predicate": [
        {
          "@id": "rdfs:comment"
        }
      ]
    },
    {
      "@id": "https://data.datatourisme.fr/dd64ecfe-a84e-326a-8b0e-7f237ceec59e",
      "dc:contributor": [
        "https://api.deepl.com/v2/translate"
      ],
      "rdf:language": [
        "de"
      ],
      "rdf:predicate": [
        {
          "@id": "rdfs:comment"
        }
      ]
    }
  ],
  "isLocatedAt": [
    {
      "@id": "https://data.datatourisme.fr/78c72a2e-256b-3828-bbfa-b41c1ddc74d1",
      "schema:address": [
        {
          "@id": "https://data.datatourisme.fr/e0e3cec1-854b-3309-8889-7c09057f4120",
          "schema:addressLocality": "Milly-la-Forêt",
          "schema:postalCode": "91490",
          "schema:streetAddress": [
            "55 Place du Marché"
          ],
          "@type": [
            "schema:PostalAddress",
            "PostalAddress"
          ],
          "hasAddressCity": {
            "@id": "kb:91405",
            "@type": [
              "City"
            ],
            "rdfs:label": {
              "de": [
                "Milly-la-Forêt"
              ],
              "pt": [
                "Milly-la-Forêt"
              ],
              "en": [
                "Milly-la-Forêt"
              ],
              "it": [
                "Milly-la-Forêt"
              ],
              "fr": [
                "Milly-la-Forêt"
              ],
              "nl": [
                "Milly-la-Forêt"
              ],
              "es": [
                "Milly-la-Forêt"
              ]
            },
            "insee": "91405",
            "isPartOfDepartment": {
              "@id": "kb:France1191",
              "@type": [
                "Department"
              ],
              "rdfs:label": {
                "de": [
                  "Essonne"
                ],
                "pt": [
                  "Essonne"
                ],
                "en": [
                  "Essonne"
                ],
                "it": [
                  "Essonne"
                ],
                "fr": [
                  "Essonne"
                ],
                "nl": [
                  "Essonne"
                ],
                "es": [
                  "Essonne"
                ]
              },
              "insee": "91",
              "isPartOfRegion": {
                "@id": "kb:France11",
                "@type": [
                  "Region"
                ],
                "rdfs:label": {
                  "de": [
                    "Île-de-France"
                  ],
                  "pt": [
                    "Île-de-France"
                  ],
                  "en": [
                    "Île-de-France"
                  ],
                  "it": [
                    "Île-de-France"
                  ],
                  "fr": [
                    "Île-de-France"
                  ],
                  "nl": [
                    "Île-de-France"
                  ],
                  "es": [
                    "Île-de-France"
                  ]
                },
                "insee": "11",
                "isPartOfCountry": {
                  "@id": "kb:France",
                  "@type": [
                    "schema:Country"
                  ],
                  "rdfs:label": {
                    "de": [
                      "France",
                      "Frankreich"
                    ],
                    "pt": [
                      "França",
                      "France"
                    ],
                    "en": [
                      "France"
                    ],
                    "it": [
                      "France",
                      "Francia"
                    ],
                    "fr": [
                      "France"
                    ],
                    "nl": [
                      "France",
                      "Frankrijk"
                    ],
                    "es": [
                      "France",
                      "Francia"
                    ]
                  }
                }
              }
            }
          }
        }
      ],
      "schema:geo": {
        "@id": "https://data.datatourisme.fr/30999fb0-aae1-335c-a7d9-57f61033a60a",
        "schema:latitude": "48.401609",
        "schema:longitude": "2.470528",
        "@type": [
          "schema:GeoCoordinates"
        ]
      },
      "schema:openingHoursSpecification": [
        {
          "@id": "https://data.datatourisme.fr/f87e535a-636d-3343-ad63-8a03392e7511",
          "schema:validFrom": "2023-01-01T00:00:00",
          "schema:validThrough": "2023-12-31T23:59:59",
          "@type": [
            "schema:OpeningHoursSpecification"
          ]
        }
      ],
      "@type": [
        "schema:Place",
        "Place"
      ]
    }
  ],
  "isOwnedBy": [
    {
      "@id": "https://data.datatourisme.fr/ba14239d-77c2-3f22-8840-5bca53349549",
      "schema:email": [
        "d.gougetdelandres@millylaforet-tourisme.com"
      ],
      "schema:legalName": "Office de Tourisme de Milly-la-Forêt",
      "@type": [
        "schema:Organization",
        "foaf:Agent",
        "Agent"
      ]
    }
  ],
  "lastUpdate": "2022-09-20",
  "lastUpdateDatatourisme": "2023-02-01T18:07:36.016Z"
}