{
  "@id": "https://data.datatourisme.fr/13/0f153554-9cb9-346f-9305-7f3e662f1764",
  "dc:identifier": "4804261",
  "@type": [
    "schema:MovieTheater",
    "Cinema",
    "PlaceOfInterest",
    "PointOfInterest",
    "SportsAndLeisurePlace"
  ],
  "rdfs:comment": {
    "de": [
      "Kino im Zentrum von Saint-Germain-en-Laye, 5 Säle.\r\nEs sind Abonnements verfügbar und der UGC-Pass ist gültig.\r\nMittwochs und montags reduzierte Preise für jeden Film und jedes Alter."
    ],
    "en": [
      "This is a five-cinema complex in the centre of Saint-Germain-en-Laye. Subscriptions are available and the UGC pass is also valid here. Reduced admission for everyone on Wednesdays and Mondays, all day."
    ],
    "it": [
      "Cinema nel centro di Saint-Germain-en-Laye, con cinque schermi\r\nÈ possibile sottoscrivere un abbonamento e il pass UGC è valido anche in questo cinema. Tariffe ridotte il mercoledì e il lunedì tutto il giorno per tutti."
    ],
    "fr": [
      "Cinéma au centre de Saint-Germain-en-Laye, il est équipé de cinq salles. \r\nVous pouvez souscrire à un abonnement et le pass UGC est également valable dans ce cinéma. Tarif réduit le mercredi et le lundi toute la journée pour tous."
    ],
    "zh": [
      "坐落在圣日耳曼昂莱市中心的这家电影院拥有五个放映厅。您可以购买本电影院常客卡，也可使用UGC电影包月卡。周二和周一全天对所有人提供优惠价。"
    ],
    "es": [
      "Cine situado en el centro de Saint-Germain-en-Laye equipado con cinco salas.\r\nPodéis haceros miembros o utilizar la tarjeta UGC, también válida en este cine. Tarifa reducida los miércoles y lunes durante todo el día y para todo el público."
    ],
    "nl": [
      "Bioscoop in het centrum van Saint-Germain-en-Laye, met vijf zalen. \r\nU kunt een abonnement nemen en de UGS-pass is ook geldig in deze bioscoop. Maandags en woensdags is er de hele dag korting voor iedereen."
    ]
  },
  "rdfs:label": {
    "de": [
      "Kino \"C2L St Germain\""
    ],
    "en": [
      "C2L St Germain"
    ],
    "fr": [
      "C2L St Germain"
    ],
    "zh": [
      "圣日耳曼C2L电影院"
    ],
    "nl": [
      "C2L St Germain"
    ],
    "es": [
      "C2L St Germain"
    ]
  },
  "hasBeenCreatedBy": {
    "@id": "https://data.datatourisme.fr/13/1baff70e-2669-3837-a347-efd3a874a341",
    "dc:identifier": "1489",
    "schema:email": [
      "emilie.prai@saintgermainenlaye.fr",
      "emilie.rochat@seine-saintgermain.fr",
      "melissa.moreau@saintgermainenlaye.fr"
    ],
    "schema:legalName": "Office de Tourisme Intercommunal de Saint Germain Boucles de Seine",
    "@type": [
      "schema:Organization",
      "foaf:Agent",
      "Agent"
    ],
    "foaf:homepage": [
      "http://www.reservation.seine-saintgermain.fr/"
    ]
  },
  "hasBeenPublishedBy": [
    {
      "@id": "https://data.datatourisme.fr/8a9feb4b-2cbd-3d2c-b507-bd6c6776b23b",
      "schema:legalName": "Apidae Tourisme Scic SA - source : Apidae Tourisme",
      "@type": [
        "schema:Organization",
        "foaf:Agent",
        "Agent"
      ],
      "foaf:homepage": [
        "https://www.apidae-tourisme.com/"
      ]
    }
  ],
  "hasContact": [
    {
      "@id": "https://data.datatourisme.fr/e4b5aa9a-1052-30f7-8a0c-c6ccb031ecb9",
      "schema:email": [
        "cinemastgermain@wanadoo.fr"
      ],
      "schema:telephone": [
        "+33 1 34 51 35 85",
        "+33 892 68 81 03"
      ],
      "@type": [
        "foaf:Agent",
        "Agent"
      ],
      "foaf:homepage": [
        "http://www.cinema-saintgermain.com/"
      ]
    }
  ],
  "hasDescription": [
    {
      "@id": "https://data.datatourisme.fr/27561789-0338-3d5c-8703-6043c78074b0",
      "@type": [
        "Description"
      ],
      "hasTranslatedProperty": [
        {
          "@id": "https://data.datatourisme.fr/0fb9eb08-0920-3e50-b5a8-5f648f7f8279",
          "dc:contributor": [
            "https://api.deepl.com/v2/translate"
          ],
          "rdf:language": [
            "it"
          ],
          "rdf:predicate": [
            "shortDescription"
          ]
        }
      ],
      "shortDescription": {
        "de": [
          "Kino im Zentrum von Saint-Germain-en-Laye, 5 Säle.\r\nEs sind Abonnements verfügbar und der UGC-Pass ist gültig.\r\nMittwochs und montags reduzierte Preise für jeden Film und jedes Alter."
        ],
        "en": [
          "This is a five-cinema complex in the centre of Saint-Germain-en-Laye. Subscriptions are available and the UGC pass is also valid here. Reduced admission for everyone on Wednesdays and Mondays, all day."
        ],
        "it": [
          "Cinema nel centro di Saint-Germain-en-Laye, con cinque schermi\r\nÈ possibile sottoscrivere un abbonamento e il pass UGC è valido anche in questo cinema. Tariffe ridotte il mercoledì e il lunedì tutto il giorno per tutti."
        ],
        "fr": [
          "Cinéma au centre de Saint-Germain-en-Laye, il est équipé de cinq salles. \r\nVous pouvez souscrire à un abonnement et le pass UGC est également valable dans ce cinéma. Tarif réduit le mercredi et le lundi toute la journée pour tous."
        ],
        "zh": [
          "坐落在圣日耳曼昂莱市中心的这家电影院拥有五个放映厅。您可以购买本电影院常客卡，也可使用UGC电影包月卡。周二和周一全天对所有人提供优惠价。"
        ],
        "es": [
          "Cine situado en el centro de Saint-Germain-en-Laye equipado con cinco salas.\r\nPodéis haceros miembros o utilizar la tarjeta UGC, también válida en este cine. Tarifa reducida los miércoles y lunes durante todo el día y para todo el público."
        ],
        "nl": [
          "Bioscoop in het centrum van Saint-Germain-en-Laye, met vijf zalen. \r\nU kunt een abonnement nemen en de UGS-pass is ook geldig in deze bioscoop. Maandags en woensdags is er de hele dag korting voor iedereen."
        ]
      }
    }
  ],
  "hasTranslatedProperty": [
    {
      "@id": "https://data.datatourisme.fr/409b1b8b-94dd-31e6-9cf3-31ae2af8a9cd",
      "dc:contributor": [
        "https://api.deepl.com/v2/translate"
      ],
      "rdf:language": [
        "it"
      ],
      "rdf:predicate": [
        {
          "@id": "rdfs:comment"
        }
      ]
    }
  ],
  "isLocatedAt": [
    {
      "@id": "https://data.datatourisme.fr/d6929bb3-1033-3b93-ba57-d368aa054093",
      "schema:address": [
        {
          "@id": "https://data.datatourisme.fr/3ad4192e-3c46-3081-9f7b-65695ab2d522",
          "schema:addressLocality": "Saint-Germain-en-Laye",
          "schema:postalCode": "78100",
          "schema:streetAddress": [
            "25 Rue du Vieux Marché"
          ],
          "@type": [
            "schema:PostalAddress",
            "PostalAddress"
          ],
          "hasAddressCity": {
            "@id": "kb:78551",
            "@type": [
              "City"
            ],
            "rdfs:label": {
              "de": [
                "Saint-Germain-en-Laye"
              ],
              "pt": [
                "Saint-Germain-en-Laye"
              ],
              "en": [
                "Saint-Germain-en-Laye"
              ],
              "it": [
                "Saint-Germain-en-Laye"
              ],
              "fr": [
                "Saint-Germain-en-Laye"
              ],
              "nl": [
                "Saint-Germain-en-Laye"
              ],
              "es": [
                "Saint-Germain-en-Laye"
              ]
            },
            "insee": "78551",
            "isPartOfDepartment": {
              "@id": "kb:France1178",
              "@type": [
                "Department"
              ],
              "rdfs:label": {
                "de": [
                  "Yvelines"
                ],
                "pt": [
                  "Yvelines"
                ],
                "en": [
                  "Yvelines"
                ],
                "it": [
                  "Yvelines"
                ],
                "fr": [
                  "Yvelines"
                ],
                "nl": [
                  "Yvelines"
                ],
                "es": [
                  "Yvelines"
                ]
              },
              "insee": "78",
              "isPartOfRegion": {
                "@id": "kb:France11",
                "@type": [
                  "Region"
                ],
                "rdfs:label": {
                  "de": [
                    "Île-de-France"
                  ],
                  "pt": [
                    "Île-de-France"
                  ],
                  "en": [
                    "Île-de-France"
                  ],
                  "it": [
                    "Île-de-France"
                  ],
                  "fr": [
                    "Île-de-France"
                  ],
                  "nl": [
                    "Île-de-France"
                  ],
                  "es": [
                    "Île-de-France"
                  ]
                },
                "insee": "11",
                "isPartOfCountry": {
                  "@id": "kb:France",
                  "@type": [
                    "schema:Country"
                  ],
                  "rdfs:label": {
                    "de": [
                      "France",
                      "Frankreich"
                    ],
                    "pt": [
                      "França",
                      "France"
                    ],
                    "en": [
                      "France"
                    ],
                    "it": [
                      "France",
                      "Francia"
                    ],
                    "fr": [
                      "France"
                    ],
                    "nl": [
                      "France",
                      "Frankrijk"
                    ],
                    "es": [
                      "France",
                      "Francia"
                    ]
                  }
                }
              }
            }
          }
        }
      ],
      "schema:geo": {
        "@id": "https://data.datatourisme.fr/5b620ae7-f7b5-35ec-982e-da063f41ceb0",
        "schema:latitude": "48.89641",
        "schema:longitude": "2.090808",
        "@type": [
          "schema:GeoCoordinates"
        ]
      },
      "schema:openingHoursSpecification": [
        {
          "@id": "https://data.datatourisme.fr/7e9691a5-9cba-391f-b639-edbf9a4f8c51",
          "schema:closes": "21:30:00",
          "schema:opens": "11:00:00",
          "schema:validFrom": "2023-01-01T00:00:00",
          "schema:validThrough": "2023-12-31T23:59:59",
          "@type": [
            "schema:OpeningHoursSpecification"
          ],
          "additionalInformation": {
            "de": [
              "Die Öffnungszeiten können von den Sitzungszeiten abhängen."
            ],
            "en": [
              "Opening hours may depend on the time of the sessions."
            ],
            "it": [
              "Gli orari di apertura possono dipendere dall'orario delle sessioni."
            ],
            "fr": [
              "Les horaires d'ouverture peuvent dépendre des horaires des séances."
            ],
            "es": [
              "El horario de apertura puede depender de la hora de las sesiones."
            ],
            "nl": [
              "De openingstijden kunnen afhangen van het tijdstip van de sessies."
            ]
          },
          "hasTranslatedProperty": [
            {
              "@id": "https://data.datatourisme.fr/0beda7cd-ad09-3fa9-a8fe-6c586144b9f0",
              "dc:contributor": [
                "https://api.deepl.com/v2/translate"
              ],
              "rdf:language": [
                "es"
              ],
              "rdf:predicate": [
                "additionalInformation"
              ]
            },
            {
              "@id": "https://data.datatourisme.fr/491f32c8-2736-375d-a6f3-94ea7d20df4e",
              "dc:contributor": [
                "https://api.deepl.com/v2/translate"
              ],
              "rdf:language": [
                "de"
              ],
              "rdf:predicate": [
                "additionalInformation"
              ]
            },
            {
              "@id": "https://data.datatourisme.fr/71359240-8a21-327c-b89e-039507027db2",
              "dc:contributor": [
                "https://api.deepl.com/v2/translate"
              ],
              "rdf:language": [
                "nl"
              ],
              "rdf:predicate": [
                "additionalInformation"
              ]
            },
            {
              "@id": "https://data.datatourisme.fr/f868982d-0262-3ad1-b4cd-4fa3febd8748",
              "dc:contributor": [
                "https://api.deepl.com/v2/translate"
              ],
              "rdf:language": [
                "en"
              ],
              "rdf:predicate": [
                "additionalInformation"
              ]
            },
            {
              "@id": "https://data.datatourisme.fr/fd9d3bf2-69c5-3901-b534-c0874a14b559",
              "dc:contributor": [
                "https://api.deepl.com/v2/translate"
              ],
              "rdf:language": [
                "it"
              ],
              "rdf:predicate": [
                "additionalInformation"
              ]
            }
          ]
        }
      ],
      "@type": [
        "schema:Place",
        "Place"
      ]
    }
  ],
  "isOwnedBy": [
    {
      "@id": "https://data.datatourisme.fr/73484530-94e0-3b9c-86da-e2ddfa7df7ed",
      "schema:email": [
        "emilie.prai@saintgermainenlaye.fr",
        "emilie.rochat@seine-saintgermain.fr",
        "melissa.moreau@saintgermainenlaye.fr"
      ],
      "schema:legalName": "Office de Tourisme Intercommunal de Saint Germain Boucles de Seine",
      "@type": [
        "schema:Organization",
        "foaf:Agent",
        "Agent"
      ],
      "foaf:homepage": [
        "http://www.reservation.seine-saintgermain.fr/"
      ]
    }
  ],
  "lastUpdate": "2020-01-07",
  "lastUpdateDatatourisme": "2023-02-01T18:07:36.117Z"
}