{
  "@id": "https://data.datatourisme.fr/13/0f60dea5-56c9-3a4a-a9bd-bb8723147a26",
  "dc:identifier": "4890653",
  "@type": [
    "schema:LocalBusiness",
    "PlaceOfInterest",
    "PointOfInterest",
    "SportsAndLeisurePlace",
    "SwimmingPool"
  ],
  "rdfs:comment": {
    "de": [
      "Das Schwimmbad verfügt über ein kleines Becken von 12,50m x 12,50m (156,25m²) und ein großes Becken von 12,50m x 25,m (312,50m²)"
    ],
    "en": [
      "The pool complex includes a children's pool of 12.5 x 12.5 metres (156.25 m²) and a main pool of 12.5 x 25 metres (312.50 m²)"
    ],
    "it": [
      "La piscina ha una vasca piccola di 12,5 m per 12,5 m (156,25 m²) e una grande di 12,5 m per 25 m (312,50 m²)."
    ],
    "fr": [
      "La piscine met à votre disposition un petit bassin de 12.5 m par 12.5 m (156.25 m²) et un grand bassin de 12.5 m par 25 m (312.50 m²)."
    ],
    "es": [
      "Las instalaciones de la piscina municipal Jean-François Henry ponen a vuestra disposición una piscina pequeña de 12,5x12,5 m (156,25 m²) y una piscina grande de 12,5x25 m (312,50 m²)."
    ],
    "nl": [
      "Het zwembad heeft een klein bad van 12,5 m bij 12,5 m (156,25 m²) en een groot bad van 12,5 m bij 25 m (312,50 m²)."
    ]
  },
  "rdfs:label": {
    "de": [
      "Städtisches Schwimmbad \"Jean-François Henry\""
    ],
    "en": [
      "Jean-François Henry Municipal Swimming Pool"
    ],
    "fr": [
      "Piscine municipale Jean-François Henry"
    ],
    "es": [
      "Piscina municipal Jean-François Henry"
    ],
    "nl": [
      "Gemeentezwembad Jean-François Henry"
    ]
  },
  "hasBeenCreatedBy": {
    "@id": "https://data.datatourisme.fr/13/1baff70e-2669-3837-a347-efd3a874a341",
    "dc:identifier": "1489",
    "schema:email": [
      "emilie.prai@saintgermainenlaye.fr",
      "emilie.rochat@seine-saintgermain.fr",
      "melissa.moreau@saintgermainenlaye.fr"
    ],
    "schema:legalName": "Office de Tourisme Intercommunal de Saint Germain Boucles de Seine",
    "@type": [
      "schema:Organization",
      "foaf:Agent",
      "Agent"
    ],
    "foaf:homepage": [
      "http://www.reservation.seine-saintgermain.fr/"
    ]
  },
  "hasBeenPublishedBy": [
    {
      "@id": "https://data.datatourisme.fr/8a9feb4b-2cbd-3d2c-b507-bd6c6776b23b",
      "schema:legalName": "Apidae Tourisme Scic SA - source : Apidae Tourisme",
      "@type": [
        "schema:Organization",
        "foaf:Agent",
        "Agent"
      ],
      "foaf:homepage": [
        "https://www.apidae-tourisme.com/"
      ]
    }
  ],
  "hasContact": [
    {
      "@id": "https://data.datatourisme.fr/f623f530-31c6-3ccf-a91d-2002c9964b2c",
      "schema:telephone": [
        "+33 1 30 53 47 32"
      ],
      "@type": [
        "foaf:Agent",
        "Agent"
      ],
      "foaf:homepage": [
        "http://www.chatou.fr/Mes-loisirs/Sports/La-piscine-Jean-Francois-Henry"
      ]
    }
  ],
  "hasDescription": [
    {
      "@id": "https://data.datatourisme.fr/82af0443-e79b-313d-a871-44fa15be2b07",
      "@type": [
        "Description"
      ],
      "hasTranslatedProperty": [
        {
          "@id": "https://data.datatourisme.fr/a41df55e-5332-3609-828b-cda762521a2a",
          "dc:contributor": [
            "https://api.deepl.com/v2/translate"
          ],
          "rdf:language": [
            "it"
          ],
          "rdf:predicate": [
            "shortDescription"
          ]
        }
      ],
      "shortDescription": {
        "de": [
          "Das Schwimmbad verfügt über ein kleines Becken von 12,50m x 12,50m (156,25m²) und ein großes Becken von 12,50m x 25,m (312,50m²)"
        ],
        "en": [
          "The pool complex includes a children's pool of 12.5 x 12.5 metres (156.25 m²) and a main pool of 12.5 x 25 metres (312.50 m²)"
        ],
        "it": [
          "La piscina ha una vasca piccola di 12,5 m per 12,5 m (156,25 m²) e una grande di 12,5 m per 25 m (312,50 m²)."
        ],
        "fr": [
          "La piscine met à votre disposition un petit bassin de 12.5 m par 12.5 m (156.25 m²) et un grand bassin de 12.5 m par 25 m (312.50 m²)."
        ],
        "es": [
          "Las instalaciones de la piscina municipal Jean-François Henry ponen a vuestra disposición una piscina pequeña de 12,5x12,5 m (156,25 m²) y una piscina grande de 12,5x25 m (312,50 m²)."
        ],
        "nl": [
          "Het zwembad heeft een klein bad van 12,5 m bij 12,5 m (156,25 m²) en een groot bad van 12,5 m bij 25 m (312,50 m²)."
        ]
      }
    }
  ],
  "hasTheme": [
    {
      "@id": "kb:Bathing",
      "@type": [
        "AccommodationAmenity",
        "SportsTheme"
      ],
      "rdfs:label": {
        "de": [
          "Baden"
        ],
        "pt": [
          "Banho"
        ],
        "en": [
          "Bathing"
        ],
        "it": [
          "Bagno"
        ],
        "fr": [
          "Baignade"
        ],
        "nl": [
          "Zwemmen"
        ],
        "es": [
          "Baño"
        ]
      }
    }
  ],
  "hasTranslatedProperty": [
    {
      "@id": "https://data.datatourisme.fr/996e0871-597a-36af-b826-97851ad38774",
      "dc:contributor": [
        "https://api.deepl.com/v2/translate"
      ],
      "rdf:language": [
        "it"
      ],
      "rdf:predicate": [
        {
          "@id": "rdfs:comment"
        }
      ]
    }
  ],
  "isLocatedAt": [
    {
      "@id": "https://data.datatourisme.fr/229a6133-a09f-3082-9253-2ae31e6acd8b",
      "schema:address": [
        {
          "@id": "https://data.datatourisme.fr/ea4e23aa-30ae-33cc-8564-9e18e4d8e752",
          "schema:addressLocality": "Chatou",
          "schema:postalCode": "78400",
          "schema:streetAddress": [
            "17 avenue d'Epremesnil"
          ],
          "@type": [
            "schema:PostalAddress",
            "PostalAddress"
          ],
          "hasAddressCity": {
            "@id": "kb:78146",
            "@type": [
              "City"
            ],
            "rdfs:label": {
              "de": [
                "Chatou"
              ],
              "pt": [
                "Chatou"
              ],
              "en": [
                "Chatou"
              ],
              "it": [
                "Chatou"
              ],
              "fr": [
                "Chatou"
              ],
              "nl": [
                "Chatou"
              ],
              "es": [
                "Chatou"
              ]
            },
            "insee": "78146",
            "isPartOfDepartment": {
              "@id": "kb:France1178",
              "@type": [
                "Department"
              ],
              "rdfs:label": {
                "de": [
                  "Yvelines"
                ],
                "pt": [
                  "Yvelines"
                ],
                "en": [
                  "Yvelines"
                ],
                "it": [
                  "Yvelines"
                ],
                "fr": [
                  "Yvelines"
                ],
                "nl": [
                  "Yvelines"
                ],
                "es": [
                  "Yvelines"
                ]
              },
              "insee": "78",
              "isPartOfRegion": {
                "@id": "kb:France11",
                "@type": [
                  "Region"
                ],
                "rdfs:label": {
                  "de": [
                    "Île-de-France"
                  ],
                  "pt": [
                    "Île-de-France"
                  ],
                  "en": [
                    "Île-de-France"
                  ],
                  "it": [
                    "Île-de-France"
                  ],
                  "fr": [
                    "Île-de-France"
                  ],
                  "nl": [
                    "Île-de-France"
                  ],
                  "es": [
                    "Île-de-France"
                  ]
                },
                "insee": "11",
                "isPartOfCountry": {
                  "@id": "kb:France",
                  "@type": [
                    "schema:Country"
                  ],
                  "rdfs:label": {
                    "de": [
                      "France",
                      "Frankreich"
                    ],
                    "pt": [
                      "França",
                      "France"
                    ],
                    "en": [
                      "France"
                    ],
                    "it": [
                      "France",
                      "Francia"
                    ],
                    "fr": [
                      "France"
                    ],
                    "nl": [
                      "France",
                      "Frankrijk"
                    ],
                    "es": [
                      "France",
                      "Francia"
                    ]
                  }
                }
              }
            }
          }
        }
      ],
      "schema:geo": {
        "@id": "https://data.datatourisme.fr/4bc9c395-30f2-3536-a1e2-d8e4b0022ec8",
        "schema:latitude": "48.885782",
        "schema:longitude": "2.157856",
        "@type": [
          "schema:GeoCoordinates"
        ]
      },
      "schema:openingHoursSpecification": [
        {
          "@id": "https://data.datatourisme.fr/c3c344ea-3145-3b06-a40d-17e90dab1607",
          "schema:validFrom": "2023-01-01T00:00:00",
          "schema:validThrough": "2023-12-31T23:59:59",
          "@type": [
            "schema:OpeningHoursSpecification"
          ],
          "additionalInformation": {
            "de": [
              "Schuljahr\r\nMontag & Dienstag von 12:00 bis 13:30 Uhr\r\nMittwoch von 9:00 bis 12:30 Uhr\r\nDonnerstag & Freitag von 12:00 bis 13:30 Uhr und von 16:30 bis 19:30 Uhr\r\nSamstag von 10:45 bis 13:30 Uhr und von 14:30 bis 19:30 Uhr\r\nSonntag von 9:00 bis 12:30 Uhr\r\n\r\nKleine Ferien\r\nGeschlossen am Montag\r\nDienstag bis Samstag von 10:00 bis 13:30 Uhr und von 14:30 bis 19:30 Uhr\r\nSonntag von 9:00 bis 12:30 Uhr\r\n\r\nSommerferien (vom 29. Juni bis 30. August 2017)\r\nMontag von 12:00 bis 19:30 Uhr\r\nDienstag bis Sonntag von 10:00 bis 13:30 Uhr und von 14:30 bis 19:30 Uhr"
            ],
            "en": [
              "School year\r\nMonday & Tuesday from 12h to 13h30\r\nWednesday from 9am to 12.30pm\r\nThursday & Friday from 12h to 13h30 and from 16h30 to 19h30\r\nSaturday from 10:45 to 13:30 and from 14:30 to 19:30\r\nSunday from 9am to 12.30pm\r\n\r\nSmall holidays\r\nClosed on Mondays\r\nTuesday to Saturday from 10am to 1.30pm and 2.30pm to 7.30pm\r\nSunday from 9am to 12.30pm\r\n\r\nSummer vacation (June 29 to August 30, 2017)\r\nMonday from 12h to 19h30\r\nTuesday to Sunday from 10am to 1.30pm and from 2.30pm to 7.30pm"
            ],
            "it": [
              "Anno scolastico\r\nLunedì e martedì dalle 12 alle 13.30\r\nMercoledì dalle 9.00 alle 12.30\r\nGiovedì e venerdì dalle 12 alle 13.30 e dalle 16.30 alle 19.30\r\nSabato dalle 10.45 alle 13.30 e dalle 14.30 alle 19.30\r\nDomenica dalle 9.00 alle 12.30\r\n\r\nVacanze brevi\r\nChiuso il lunedì\r\nDa martedì a sabato dalle 10.00 alle 13.30 e dalle 14.30 alle 19.30\r\nDomenica dalle 9.00 alle 12.30\r\n\r\nVacanze estive (dal 29 giugno al 30 agosto 2017)\r\nLunedì dalle 12.00 alle 19.30\r\nDa martedì a domenica dalle 10.00 alle 13.30 e dalle 14.30 alle 19.30"
            ],
            "fr": [
              "Année scolaire\r\nLundi & mardi de 12h à 13h30 \r\nMercredi de 9h à 12h30\r\nJeudi & Vendredi de 12h à 13h30 et de 16h30 à 19h30 \r\nSamedi de 10h45 à 13h30 et de 14h30 à 19h30 \r\nDimanche de 9h à 12h30 \r\n\r\nPetites vacances\r\nFermée le lundi\r\nDu mardi au samedi de 10h à 13h30 et de 14h30 à 19h30 \r\nDimanche de 9h à 12h30 \r\n\r\nVacances d'été (du 29 juin au 30 août 2017)\r\nLundi de 12h à 19h30 \r\nDu mardi au dimanche de 10h à 13h30 et de 14h30 à 19h30"
            ],
            "nl": [
              "Schooljaar\r\nMaandag en dinsdag van 12 tot 13.30 uur\r\nWoensdag van 9.00 tot 12.30 uur\r\nDonderdag en vrijdag van 12 tot 13.30 uur en van 16.30 tot 19.30 uur\r\nZaterdag 10.45 tot 13.30 uur en 14.30 tot 19.30 uur\r\nZondag van 9.00 tot 12.30 uur\r\n\r\nKorte vakanties\r\nGesloten op maandag\r\nDinsdag t/m zaterdag van 10.00 tot 13.30 uur en van 14.30 tot 19.30 uur\r\nZondag van 9.00 tot 12.30 uur\r\n\r\nZomervakantie (van 29 juni tot 30 augustus 2017)\r\nMaandag van 12u tot 19u30\r\nDinsdag t/m zondag van 10.00 tot 13.30 uur en van 14.30 tot 19.30 uur"
            ],
            "es": [
              "Año escolar\r\nLunes y martes de 12 a 13.30 horas\r\nMiércoles de 9:00 a 12:30\r\nJueves y viernes de 12 a 13:30 y de 16:30 a 19:30\r\nSábado de 10:45 a 13:30 y de 14:30 a 19:30\r\nDomingo de 9:00 a 12:30\r\n\r\nVacaciones cortas\r\nCerrado el lunes\r\nDe martes a sábado, de 10:00 a 13:30 y de 14:30 a 19:30\r\nDomingo de 9:00 a 12:30\r\n\r\nVacaciones de verano (del 29 de junio al 30 de agosto de 2017)\r\nLunes de 12 a 19.30 horas\r\nDe martes a domingo, de 10:00 a 13:30 y de 14:30 a 19:30"
            ]
          },
          "hasTranslatedProperty": [
            {
              "@id": "https://data.datatourisme.fr/30290862-c392-35ed-8ee6-363d6e509834",
              "dc:contributor": [
                "https://api.deepl.com/v2/translate"
              ],
              "rdf:language": [
                "it"
              ],
              "rdf:predicate": [
                "additionalInformation"
              ]
            },
            {
              "@id": "https://data.datatourisme.fr/32df887d-39e5-318f-8f6b-50e34dda49d2",
              "dc:contributor": [
                "https://api.deepl.com/v2/translate"
              ],
              "rdf:language": [
                "nl"
              ],
              "rdf:predicate": [
                "additionalInformation"
              ]
            },
            {
              "@id": "https://data.datatourisme.fr/45dc957c-0699-3484-a742-ba764d61eff8",
              "dc:contributor": [
                "https://api.deepl.com/v2/translate"
              ],
              "rdf:language": [
                "es"
              ],
              "rdf:predicate": [
                "additionalInformation"
              ]
            },
            {
              "@id": "https://data.datatourisme.fr/9ef365d2-29d1-37ce-9199-2e41f6c9052d",
              "dc:contributor": [
                "https://api.deepl.com/v2/translate"
              ],
              "rdf:language": [
                "de"
              ],
              "rdf:predicate": [
                "additionalInformation"
              ]
            },
            {
              "@id": "https://data.datatourisme.fr/e530f9d4-052a-348c-8364-ec858db0e333",
              "dc:contributor": [
                "https://api.deepl.com/v2/translate"
              ],
              "rdf:language": [
                "en"
              ],
              "rdf:predicate": [
                "additionalInformation"
              ]
            }
          ]
        }
      ],
      "@type": [
        "schema:Place",
        "Place"
      ]
    }
  ],
  "isOwnedBy": [
    {
      "@id": "https://data.datatourisme.fr/73484530-94e0-3b9c-86da-e2ddfa7df7ed",
      "schema:email": [
        "emilie.prai@saintgermainenlaye.fr",
        "emilie.rochat@seine-saintgermain.fr",
        "melissa.moreau@saintgermainenlaye.fr"
      ],
      "schema:legalName": "Office de Tourisme Intercommunal de Saint Germain Boucles de Seine",
      "@type": [
        "schema:Organization",
        "foaf:Agent",
        "Agent"
      ],
      "foaf:homepage": [
        "http://www.reservation.seine-saintgermain.fr/"
      ]
    }
  ],
  "lastUpdate": "2020-09-29",
  "lastUpdateDatatourisme": "2023-02-11T06:38:49.069Z"
}