{
  "@id": "https://data.datatourisme.fr/13/0fc02f8d-3f91-3579-926c-e0197ac5d601",
  "dc:identifier": "5318770",
  "@type": [
    "schema:LocalBusiness",
    "PlaceOfInterest",
    "PointOfInterest",
    "TastingProvider"
  ],
  "rdfs:comment": {
    "de": [
      "In La Noue findet man heute:\r\netwa 60 Ziegen und ihre Ziegenböcke\r\nüber 100 Schafe und Schweine, die alle im Freien gehalten werden.\r\nIn einem Obstgarten mit 50 Apfelbäumen alter Sorten wird Apfelsaft hergestellt."
    ],
    "en": [
      "In La Noue, we find today:\r\nabout sixty goats and their goats..\r\nmore than a hundred sheep and pigs, all raised in the open air.\r\nAn orchard of fifty apple trees of old varieties allows the production of apple juice."
    ],
    "it": [
      "A La Noue, oggi ci sono\r\nuna sessantina di capre e i loro maschi\r\npiù di cento pecore e maiali, tutti allevati all'aperto.\r\nUn frutteto di cinquanta meli di vecchie varietà consente la produzione di succo di mela."
    ],
    "fr": [
      "A la Noue, on trouve aujourd’hui:\r\nune soixantaine de Chèvres et leurs boucs\r\nplus d'une centaine de brebis et des cochons, tous élevés en plein air.\r\nUn verger de cinquante pommiers de variétés anciennes permet la production de jus de pommes."
    ],
    "nl": [
      "In La Noue zijn er nu\r\nongeveer zestig geiten en hun bokken\r\nmeer dan honderd ooien en varkens, allemaal grootgebracht in de open lucht.\r\nEen boomgaard met vijftig appelbomen van oude variëteiten maakt de productie van appelsap mogelijk."
    ],
    "es": [
      "En La Noue, hay hoy en día\r\nunas sesenta cabras y sus machos\r\nmás de cien ovejas y cerdos, todos criados al aire libre.\r\nUn huerto de cincuenta manzanos de variedades antiguas permite la producción de zumo de manzana."
    ]
  },
  "rdfs:label": {
    "fr": [
      "Ferme de la Noue"
    ]
  },
  "hasBeenCreatedBy": {
    "@id": "https://data.datatourisme.fr/13/4e9cec1f-5830-3645-9111-d63e24f3b8ef",
    "dc:identifier": "1556",
    "schema:email": [
      "c.imbert@rt78.fr",
      "c.vallet@rt78.fr",
      "m.suray@rt78.fr",
      "s.bertoncini@rt78.fr"
    ],
    "schema:legalName": "Rambouillet Territoires",
    "@type": [
      "schema:Organization",
      "foaf:Agent",
      "Agent"
    ],
    "foaf:homepage": [
      "http://www.rambouillet-tourisme.fr/"
    ]
  },
  "hasBeenPublishedBy": [
    {
      "@id": "https://data.datatourisme.fr/8a9feb4b-2cbd-3d2c-b507-bd6c6776b23b",
      "schema:legalName": "Apidae Tourisme Scic SA - source : Apidae Tourisme",
      "@type": [
        "schema:Organization",
        "foaf:Agent",
        "Agent"
      ],
      "foaf:homepage": [
        "https://www.apidae-tourisme.com/"
      ]
    }
  ],
  "hasContact": [
    {
      "@id": "https://data.datatourisme.fr/10a18420-2311-37e0-af8b-1fce48e46b9b",
      "schema:email": [
        "fermedelanoue@gmail.com"
      ],
      "schema:telephone": [
        "+33 1 34 85 16 17",
        "+33 6 80 38 38 99"
      ],
      "@type": [
        "foaf:Agent",
        "Agent"
      ],
      "foaf:homepage": [
        "http://www.fermedelanoue.net/"
      ]
    }
  ],
  "hasDescription": [
    {
      "@id": "https://data.datatourisme.fr/73882bf9-6fd5-34e7-b953-3ba7dfe5442a",
      "@type": [
        "Description"
      ],
      "hasTranslatedProperty": [
        {
          "@id": "https://data.datatourisme.fr/4d6a730e-c1a2-3596-8f39-58e782a75d7e",
          "dc:contributor": [
            "https://api.deepl.com/v2/translate"
          ],
          "rdf:language": [
            "de"
          ],
          "rdf:predicate": [
            "shortDescription"
          ]
        },
        {
          "@id": "https://data.datatourisme.fr/6da8ed91-000c-3460-a359-a9012e0cf880",
          "dc:contributor": [
            "https://api.deepl.com/v2/translate"
          ],
          "rdf:language": [
            "en"
          ],
          "rdf:predicate": [
            "shortDescription"
          ]
        },
        {
          "@id": "https://data.datatourisme.fr/82728dbc-85d5-311e-965e-97191be97bb8",
          "dc:contributor": [
            "https://api.deepl.com/v2/translate"
          ],
          "rdf:language": [
            "nl"
          ],
          "rdf:predicate": [
            "shortDescription"
          ]
        },
        {
          "@id": "https://data.datatourisme.fr/89659121-aff7-3862-afce-cd0617f39a05",
          "dc:contributor": [
            "https://api.deepl.com/v2/translate"
          ],
          "rdf:language": [
            "it"
          ],
          "rdf:predicate": [
            "shortDescription"
          ]
        },
        {
          "@id": "https://data.datatourisme.fr/bcf5a96b-85cf-3bc4-8fab-708815ea0c19",
          "dc:contributor": [
            "https://api.deepl.com/v2/translate"
          ],
          "rdf:language": [
            "es"
          ],
          "rdf:predicate": [
            "shortDescription"
          ]
        }
      ],
      "shortDescription": {
        "de": [
          "In La Noue findet man heute:\r\netwa 60 Ziegen und ihre Ziegenböcke\r\nüber 100 Schafe und Schweine, die alle im Freien gehalten werden.\r\nIn einem Obstgarten mit 50 Apfelbäumen alter Sorten wird Apfelsaft hergestellt."
        ],
        "en": [
          "In La Noue, we find today:\r\nabout sixty goats and their goats..\r\nmore than a hundred sheep and pigs, all raised in the open air.\r\nAn orchard of fifty apple trees of old varieties allows the production of apple juice."
        ],
        "it": [
          "A La Noue, oggi ci sono\r\nuna sessantina di capre e i loro maschi\r\npiù di cento pecore e maiali, tutti allevati all'aperto.\r\nUn frutteto di cinquanta meli di vecchie varietà consente la produzione di succo di mela."
        ],
        "fr": [
          "A la Noue, on trouve aujourd’hui:\r\nune soixantaine de Chèvres et leurs boucs\r\nplus d'une centaine de brebis et des cochons, tous élevés en plein air.\r\nUn verger de cinquante pommiers de variétés anciennes permet la production de jus de pommes."
        ],
        "nl": [
          "In La Noue zijn er nu\r\nongeveer zestig geiten en hun bokken\r\nmeer dan honderd ooien en varkens, allemaal grootgebracht in de open lucht.\r\nEen boomgaard met vijftig appelbomen van oude variëteiten maakt de productie van appelsap mogelijk."
        ],
        "es": [
          "En La Noue, hay hoy en día\r\nunas sesenta cabras y sus machos\r\nmás de cien ovejas y cerdos, todos criados al aire libre.\r\nUn huerto de cincuenta manzanos de variedades antiguas permite la producción de zumo de manzana."
        ]
      }
    }
  ],
  "hasTranslatedProperty": [
    {
      "@id": "https://data.datatourisme.fr/3738156d-ae64-3bca-b506-45bffa7f2312",
      "dc:contributor": [
        "https://api.deepl.com/v2/translate"
      ],
      "rdf:language": [
        "en"
      ],
      "rdf:predicate": [
        {
          "@id": "rdfs:comment"
        }
      ]
    },
    {
      "@id": "https://data.datatourisme.fr/5011f66d-ff8d-3ea6-81b8-e870ace6fee2",
      "dc:contributor": [
        "https://api.deepl.com/v2/translate"
      ],
      "rdf:language": [
        "nl"
      ],
      "rdf:predicate": [
        {
          "@id": "rdfs:comment"
        }
      ]
    },
    {
      "@id": "https://data.datatourisme.fr/78cb5544-82eb-39e8-a069-a0a0f5ca438d",
      "dc:contributor": [
        "https://api.deepl.com/v2/translate"
      ],
      "rdf:language": [
        "es"
      ],
      "rdf:predicate": [
        {
          "@id": "rdfs:comment"
        }
      ]
    },
    {
      "@id": "https://data.datatourisme.fr/d53ee66b-21da-34b0-b833-9e1e332686ed",
      "dc:contributor": [
        "https://api.deepl.com/v2/translate"
      ],
      "rdf:language": [
        "de"
      ],
      "rdf:predicate": [
        {
          "@id": "rdfs:comment"
        }
      ]
    },
    {
      "@id": "https://data.datatourisme.fr/e65a7926-3db7-30a1-9bb4-392067a27a78",
      "dc:contributor": [
        "https://api.deepl.com/v2/translate"
      ],
      "rdf:language": [
        "it"
      ],
      "rdf:predicate": [
        {
          "@id": "rdfs:comment"
        }
      ]
    }
  ],
  "isLocatedAt": [
    {
      "@id": "https://data.datatourisme.fr/786ddb7f-82d8-3d50-bedf-9c8915af1784",
      "schema:address": [
        {
          "@id": "https://data.datatourisme.fr/0faa0fbd-3699-3a3a-8c90-a84ceea3109f",
          "schema:addressLocality": "La Celle-les-Bordes",
          "schema:postalCode": "78720",
          "schema:streetAddress": [
            "D61",
            "Ferme de la Noue"
          ],
          "@type": [
            "schema:PostalAddress",
            "PostalAddress"
          ],
          "hasAddressCity": {
            "@id": "kb:78125",
            "@type": [
              "City"
            ],
            "rdfs:label": {
              "de": [
                "La Celle-les-Bordes"
              ],
              "pt": [
                "La Celle-les-Bordes"
              ],
              "en": [
                "La Celle-les-Bordes"
              ],
              "it": [
                "La Celle-les-Bordes"
              ],
              "fr": [
                "La Celle-les-Bordes"
              ],
              "nl": [
                "La Celle-les-Bordes"
              ],
              "es": [
                "La Celle-les-Bordes"
              ]
            },
            "insee": "78125",
            "isPartOfDepartment": {
              "@id": "kb:France1178",
              "@type": [
                "Department"
              ],
              "rdfs:label": {
                "de": [
                  "Yvelines"
                ],
                "pt": [
                  "Yvelines"
                ],
                "en": [
                  "Yvelines"
                ],
                "it": [
                  "Yvelines"
                ],
                "fr": [
                  "Yvelines"
                ],
                "nl": [
                  "Yvelines"
                ],
                "es": [
                  "Yvelines"
                ]
              },
              "insee": "78",
              "isPartOfRegion": {
                "@id": "kb:France11",
                "@type": [
                  "Region"
                ],
                "rdfs:label": {
                  "de": [
                    "Île-de-France"
                  ],
                  "pt": [
                    "Île-de-France"
                  ],
                  "en": [
                    "Île-de-France"
                  ],
                  "it": [
                    "Île-de-France"
                  ],
                  "fr": [
                    "Île-de-France"
                  ],
                  "nl": [
                    "Île-de-France"
                  ],
                  "es": [
                    "Île-de-France"
                  ]
                },
                "insee": "11",
                "isPartOfCountry": {
                  "@id": "kb:France",
                  "@type": [
                    "schema:Country"
                  ],
                  "rdfs:label": {
                    "de": [
                      "France",
                      "Frankreich"
                    ],
                    "pt": [
                      "França",
                      "France"
                    ],
                    "en": [
                      "France"
                    ],
                    "it": [
                      "France",
                      "Francia"
                    ],
                    "fr": [
                      "France"
                    ],
                    "nl": [
                      "France",
                      "Frankrijk"
                    ],
                    "es": [
                      "France",
                      "Francia"
                    ]
                  }
                }
              }
            }
          }
        }
      ],
      "schema:geo": {
        "@id": "https://data.datatourisme.fr/32a64334-cbb8-3e98-a84f-5298497773b3",
        "schema:latitude": "48.643974",
        "schema:longitude": "1.951568",
        "@type": [
          "schema:GeoCoordinates"
        ]
      },
      "schema:openingHoursSpecification": [
        {
          "@id": "https://data.datatourisme.fr/9fed7615-854b-3f2a-81ad-c57c51e79027",
          "schema:closes": "18:00:00",
          "schema:opens": "15:00:00",
          "schema:validFrom": "2023-03-01T00:00:00",
          "schema:validThrough": "2023-11-30T23:59:59",
          "@type": [
            "schema:OpeningHoursSpecification"
          ]
        }
      ],
      "@type": [
        "schema:Place",
        "Place"
      ]
    }
  ],
  "isOwnedBy": [
    {
      "@id": "https://data.datatourisme.fr/51ac81d8-8055-3c36-96d8-416e4b1cab4b",
      "schema:email": [
        "c.imbert@rt78.fr",
        "c.vallet@rt78.fr",
        "m.suray@rt78.fr",
        "s.bertoncini@rt78.fr"
      ],
      "schema:legalName": "Rambouillet Territoires",
      "@type": [
        "schema:Organization",
        "foaf:Agent",
        "Agent"
      ],
      "foaf:homepage": [
        "http://www.rambouillet-tourisme.fr/"
      ]
    }
  ],
  "lastUpdate": "2020-11-09",
  "lastUpdateDatatourisme": "2023-02-01T18:07:35.802Z",
  "offers": [
    {
      "@id": "https://data.datatourisme.fr/3b4d1d1d-9a82-34a1-a075-6ad1e1b4bc1a",
      "schema:priceSpecification": [
        {
          "@id": "https://data.datatourisme.fr/9d4d73b4-7d89-3d03-8ee4-4c9afe2fc9bd",
          "schema:minPrice": [
            "130"
          ],
          "schema:priceCurrency": "EUR",
          "@type": [
            "schema:PriceSpecification",
            "PriceSpecification"
          ],
          "appliesOnPeriod": [
            {
              "@id": "https://data.datatourisme.fr/7040d9ba-c633-3139-ab66-856f2e7bc0f9",
              "@type": [
                "Period"
              ],
              "endDate": "2019-11-30",
              "startDate": "2019-03-01"
            }
          ]
        }
      ],
      "@type": [
        "schema:Offer",
        "Offer"
      ]
    }
  ]
}