{
  "@id": "https://data.datatourisme.fr/13/032fd511-cb2f-3cec-a788-b89fe0484140",
  "dc:identifier": "4825511",
  "@type": [
    "schema:FoodEstablishment",
    "FoodEstablishment",
    "PlaceOfInterest",
    "PointOfInterest"
  ],
  "rdfs:comment": {
    "de": [
      "Das L'Orient rouge ist ein asiatisches Spezialitätenrestaurant in Le Perray-en-Yvelines."
    ],
    "en": [
      "L'Orient rouge is a restaurant of Asian specialties located in Perray-en-Yvelines."
    ],
    "it": [
      "L'Orient rouge è un ristorante di specialità asiatiche situato a Perray-en-Yvelines."
    ],
    "fr": [
      "L'Orient rouge est un restaurant de spécialités asiatiques situé au Perray-en-Yvelines."
    ],
    "nl": [
      "L'Orient rouge is een Aziatisch specialiteitenrestaurant in Perray-en-Yvelines."
    ],
    "es": [
      "L'Orient rouge es un restaurante de especialidades asiáticas situado en Perray-en-Yvelines."
    ]
  },
  "rdfs:label": {
    "fr": [
      "Le Mandarin Rouge (l'Orient Rouge)"
    ]
  },
  "hasBeenCreatedBy": {
    "@id": "https://data.datatourisme.fr/13/4e9cec1f-5830-3645-9111-d63e24f3b8ef",
    "dc:identifier": "1556",
    "schema:email": [
      "c.imbert@rt78.fr",
      "c.vallet@rt78.fr",
      "m.suray@rt78.fr",
      "s.bertoncini@rt78.fr"
    ],
    "schema:legalName": "Rambouillet Territoires",
    "@type": [
      "schema:Organization",
      "foaf:Agent",
      "Agent"
    ],
    "foaf:homepage": [
      "http://www.rambouillet-tourisme.fr/"
    ]
  },
  "hasBeenPublishedBy": [
    {
      "@id": "https://data.datatourisme.fr/8a9feb4b-2cbd-3d2c-b507-bd6c6776b23b",
      "schema:legalName": "Apidae Tourisme Scic SA - source : Apidae Tourisme",
      "@type": [
        "schema:Organization",
        "foaf:Agent",
        "Agent"
      ],
      "foaf:homepage": [
        "https://www.apidae-tourisme.com/"
      ]
    }
  ],
  "hasContact": [
    {
      "@id": "https://data.datatourisme.fr/3b414c93-0e85-3251-8e2e-554fc4efcc39",
      "schema:telephone": [
        "+33 1 34 84 17 39"
      ],
      "@type": [
        "foaf:Agent",
        "Agent"
      ],
      "foaf:homepage": [
        "http://l-orient-rouge.edan.io/"
      ]
    }
  ],
  "hasDescription": [
    {
      "@id": "https://data.datatourisme.fr/9d5127e7-7035-3e51-a0bd-f4587442d6c8",
      "@type": [
        "Description"
      ],
      "hasTranslatedProperty": [
        {
          "@id": "https://data.datatourisme.fr/2e83f932-07dc-3b60-9274-df27393fa297",
          "dc:contributor": [
            "https://api.deepl.com/v2/translate"
          ],
          "rdf:language": [
            "nl"
          ],
          "rdf:predicate": [
            "shortDescription"
          ]
        },
        {
          "@id": "https://data.datatourisme.fr/414e3fba-9bcf-38b9-951b-e2870daca1da",
          "dc:contributor": [
            "https://api.deepl.com/v2/translate"
          ],
          "rdf:language": [
            "de"
          ],
          "rdf:predicate": [
            "shortDescription"
          ]
        },
        {
          "@id": "https://data.datatourisme.fr/7f950fc2-fd24-3a96-8550-147f5e984328",
          "dc:contributor": [
            "https://api.deepl.com/v2/translate"
          ],
          "rdf:language": [
            "es"
          ],
          "rdf:predicate": [
            "shortDescription"
          ]
        },
        {
          "@id": "https://data.datatourisme.fr/82bce2e5-3823-395a-8f83-3ef749985d49",
          "dc:contributor": [
            "https://api.deepl.com/v2/translate"
          ],
          "rdf:language": [
            "en"
          ],
          "rdf:predicate": [
            "shortDescription"
          ]
        },
        {
          "@id": "https://data.datatourisme.fr/df393f90-af7b-3cdb-bde0-a06382375b1f",
          "dc:contributor": [
            "https://api.deepl.com/v2/translate"
          ],
          "rdf:language": [
            "it"
          ],
          "rdf:predicate": [
            "shortDescription"
          ]
        }
      ],
      "shortDescription": {
        "de": [
          "Das L'Orient rouge ist ein asiatisches Spezialitätenrestaurant in Le Perray-en-Yvelines."
        ],
        "en": [
          "L'Orient rouge is a restaurant of Asian specialties located in Perray-en-Yvelines."
        ],
        "it": [
          "L'Orient rouge è un ristorante di specialità asiatiche situato a Perray-en-Yvelines."
        ],
        "fr": [
          "L'Orient rouge est un restaurant de spécialités asiatiques situé au Perray-en-Yvelines."
        ],
        "nl": [
          "L'Orient rouge is een Aziatisch specialiteitenrestaurant in Perray-en-Yvelines."
        ],
        "es": [
          "L'Orient rouge es un restaurante de especialidades asiáticas situado en Perray-en-Yvelines."
        ]
      }
    }
  ],
  "hasTranslatedProperty": [
    {
      "@id": "https://data.datatourisme.fr/34c89520-917b-3c39-9e11-25cb41ff0550",
      "dc:contributor": [
        "https://api.deepl.com/v2/translate"
      ],
      "rdf:language": [
        "nl"
      ],
      "rdf:predicate": [
        {
          "@id": "rdfs:comment"
        }
      ]
    },
    {
      "@id": "https://data.datatourisme.fr/7366e85f-1950-3cb4-9948-740a4a0243d4",
      "dc:contributor": [
        "https://api.deepl.com/v2/translate"
      ],
      "rdf:language": [
        "de"
      ],
      "rdf:predicate": [
        {
          "@id": "rdfs:comment"
        }
      ]
    },
    {
      "@id": "https://data.datatourisme.fr/99e22501-f8f0-3d20-85cc-79eecaaaa803",
      "dc:contributor": [
        "https://api.deepl.com/v2/translate"
      ],
      "rdf:language": [
        "es"
      ],
      "rdf:predicate": [
        {
          "@id": "rdfs:comment"
        }
      ]
    },
    {
      "@id": "https://data.datatourisme.fr/bf7864bb-c4e5-3cdd-a411-e160b2ab11c4",
      "dc:contributor": [
        "https://api.deepl.com/v2/translate"
      ],
      "rdf:language": [
        "en"
      ],
      "rdf:predicate": [
        {
          "@id": "rdfs:comment"
        }
      ]
    },
    {
      "@id": "https://data.datatourisme.fr/c2458a7e-c61c-33ca-952f-57513bb92a8a",
      "dc:contributor": [
        "https://api.deepl.com/v2/translate"
      ],
      "rdf:language": [
        "it"
      ],
      "rdf:predicate": [
        {
          "@id": "rdfs:comment"
        }
      ]
    }
  ],
  "isLocatedAt": [
    {
      "@id": "https://data.datatourisme.fr/88d15eeb-4478-3e7b-bea5-4bebeae18f5b",
      "schema:address": [
        {
          "@id": "https://data.datatourisme.fr/256b0dd4-ac95-31bc-8e54-0a9348163ba0",
          "schema:addressLocality": "Le Perray-en-Yvelines",
          "schema:postalCode": "78610",
          "schema:streetAddress": [
            "6, rue de Chartres"
          ],
          "@type": [
            "schema:PostalAddress",
            "PostalAddress"
          ],
          "hasAddressCity": {
            "@id": "kb:78486",
            "@type": [
              "City"
            ],
            "rdfs:label": {
              "de": [
                "Le Perray-en-Yvelines"
              ],
              "pt": [
                "Le Perray-en-Yvelines"
              ],
              "en": [
                "Le Perray-en-Yvelines"
              ],
              "it": [
                "Le Perray-en-Yvelines"
              ],
              "fr": [
                "Le Perray-en-Yvelines"
              ],
              "nl": [
                "Le Perray-en-Yvelines"
              ],
              "es": [
                "Le Perray-en-Yvelines"
              ]
            },
            "insee": "78486",
            "isPartOfDepartment": {
              "@id": "kb:France1178",
              "@type": [
                "Department"
              ],
              "rdfs:label": {
                "de": [
                  "Yvelines"
                ],
                "pt": [
                  "Yvelines"
                ],
                "en": [
                  "Yvelines"
                ],
                "it": [
                  "Yvelines"
                ],
                "fr": [
                  "Yvelines"
                ],
                "nl": [
                  "Yvelines"
                ],
                "es": [
                  "Yvelines"
                ]
              },
              "insee": "78",
              "isPartOfRegion": {
                "@id": "kb:France11",
                "@type": [
                  "Region"
                ],
                "rdfs:label": {
                  "de": [
                    "Île-de-France"
                  ],
                  "pt": [
                    "Île-de-France"
                  ],
                  "en": [
                    "Île-de-France"
                  ],
                  "it": [
                    "Île-de-France"
                  ],
                  "fr": [
                    "Île-de-France"
                  ],
                  "nl": [
                    "Île-de-France"
                  ],
                  "es": [
                    "Île-de-France"
                  ]
                },
                "insee": "11",
                "isPartOfCountry": {
                  "@id": "kb:France",
                  "@type": [
                    "schema:Country"
                  ],
                  "rdfs:label": {
                    "de": [
                      "France",
                      "Frankreich"
                    ],
                    "pt": [
                      "França",
                      "France"
                    ],
                    "en": [
                      "France"
                    ],
                    "it": [
                      "France",
                      "Francia"
                    ],
                    "fr": [
                      "France"
                    ],
                    "nl": [
                      "France",
                      "Frankrijk"
                    ],
                    "es": [
                      "France",
                      "Francia"
                    ]
                  }
                }
              }
            }
          }
        }
      ],
      "schema:geo": {
        "@id": "https://data.datatourisme.fr/bb2426b0-8695-3a41-9208-b487bb2f330f",
        "schema:latitude": "48.694065",
        "schema:longitude": "1.853712",
        "@type": [
          "schema:GeoCoordinates"
        ]
      },
      "schema:openingHoursSpecification": [
        {
          "@id": "https://data.datatourisme.fr/42b3290b-936f-3ea8-9218-f0b8dbfb123b",
          "schema:validFrom": "2023-01-01T00:00:00",
          "schema:validThrough": "2023-12-31T23:59:59",
          "@type": [
            "schema:OpeningHoursSpecification"
          ],
          "additionalInformation": {
            "de": [
              "Täglich außer Montagabend geöffnet."
            ],
            "en": [
              "Open every day except Monday night."
            ],
            "it": [
              "Aperto tutti i giorni tranne il lunedì sera."
            ],
            "fr": [
              "Ouvert tous les jours sauf le lundi soir."
            ],
            "nl": [
              "Elke dag geopend behalve maandagavond."
            ],
            "es": [
              "Abierto todos los días excepto el lunes por la noche."
            ]
          },
          "hasTranslatedProperty": [
            {
              "@id": "https://data.datatourisme.fr/114f467d-dd42-3d4e-9fc9-b1ff9c94a9c4",
              "dc:contributor": [
                "https://api.deepl.com/v2/translate"
              ],
              "rdf:language": [
                "en"
              ],
              "rdf:predicate": [
                "additionalInformation"
              ]
            },
            {
              "@id": "https://data.datatourisme.fr/92a5f43c-ba34-3d49-bf0e-d561035b5898",
              "dc:contributor": [
                "https://api.deepl.com/v2/translate"
              ],
              "rdf:language": [
                "es"
              ],
              "rdf:predicate": [
                "additionalInformation"
              ]
            },
            {
              "@id": "https://data.datatourisme.fr/b913ea4e-3248-39f1-bd37-d6963c96029e",
              "dc:contributor": [
                "https://api.deepl.com/v2/translate"
              ],
              "rdf:language": [
                "nl"
              ],
              "rdf:predicate": [
                "additionalInformation"
              ]
            },
            {
              "@id": "https://data.datatourisme.fr/d5585b85-92a0-3297-bc4c-381cb0563704",
              "dc:contributor": [
                "https://api.deepl.com/v2/translate"
              ],
              "rdf:language": [
                "it"
              ],
              "rdf:predicate": [
                "additionalInformation"
              ]
            },
            {
              "@id": "https://data.datatourisme.fr/dc1014f4-a5f8-38a0-b975-e56d617a1897",
              "dc:contributor": [
                "https://api.deepl.com/v2/translate"
              ],
              "rdf:language": [
                "de"
              ],
              "rdf:predicate": [
                "additionalInformation"
              ]
            }
          ]
        }
      ],
      "@type": [
        "schema:Place",
        "Place"
      ]
    }
  ],
  "isOwnedBy": [
    {
      "@id": "https://data.datatourisme.fr/51ac81d8-8055-3c36-96d8-416e4b1cab4b",
      "schema:email": [
        "c.imbert@rt78.fr",
        "c.vallet@rt78.fr",
        "m.suray@rt78.fr",
        "s.bertoncini@rt78.fr"
      ],
      "schema:legalName": "Rambouillet Territoires",
      "@type": [
        "schema:Organization",
        "foaf:Agent",
        "Agent"
      ],
      "foaf:homepage": [
        "http://www.rambouillet-tourisme.fr/"
      ]
    }
  ],
  "lastUpdate": "2022-05-07",
  "lastUpdateDatatourisme": "2023-02-01T18:07:35.997Z"
}