{
  "@id": "https://data.datatourisme.fr/13/03a74efa-3f2a-353b-a15a-b92bd9409704",
  "dc:identifier": "859820",
  "@type": [
    "schema:FoodEstablishment",
    "FoodEstablishment",
    "PlaceOfInterest",
    "PointOfInterest"
  ],
  "rdfs:comment": {
    "de": [
      "Pizza King, bietet Ihnen leckere Pizzen zum Mitnehmen. Und als kleines Extra profitieren Sie von der kostenlosen Lieferung nach Hause!"
    ],
    "en": [
      "Pizza King offers delicious pizzas to takeaway. Little extra, enjoy a free delivery at home or at work."
    ],
    "it": [
      "Pizza King vi offre gustose pizze da asporto. E come bonus aggiuntivo, godetevi la consegna a domicilio gratuita!"
    ],
    "fr": [
      "Pizza King, vous propose des pizzas savoureuses à emporter. Et petit plus, profitez de la livraison gratuite à domicile !"
    ],
    "es": [
      "Pizza King, te ofrece sabrosas pizzas para llevar. Y como ventaja adicional, ¡disfruta de la entrega gratuita a domicilio!"
    ],
    "nl": [
      "Pizza King, biedt u lekkere pizza's om mee te nemen. En als extra bonus, gratis thuisbezorgd!"
    ]
  },
  "rdfs:label": {
    "de": [
      "Pizza King"
    ],
    "ru": [
      "Pizza King"
    ],
    "en": [
      "Pizza King"
    ],
    "it": [
      "Pizza King"
    ],
    "fr": [
      "Pizza King"
    ],
    "zh": [
      "Pizza King"
    ],
    "nl": [
      "Pizza King"
    ],
    "es": [
      "Pizza King"
    ]
  },
  "hasBeenCreatedBy": {
    "@id": "https://data.datatourisme.fr/13/7810ccd4-1bf2-3faa-a2c4-e1f20db70a71",
    "dc:identifier": "1272",
    "schema:email": [
      "afertah@ville-roissy95.fr",
      "csebban@ville-roissy95.fr",
      "mlegris@ville-roissy95.fr"
    ],
    "schema:legalName": "Office de Tourisme Grand Roissy",
    "@type": [
      "schema:Organization",
      "foaf:Agent",
      "Agent"
    ],
    "foaf:homepage": [
      "https://www.grand-roissy-tourisme.com/"
    ]
  },
  "hasBeenPublishedBy": [
    {
      "@id": "https://data.datatourisme.fr/8a9feb4b-2cbd-3d2c-b507-bd6c6776b23b",
      "schema:legalName": "Apidae Tourisme Scic SA - source : Apidae Tourisme",
      "@type": [
        "schema:Organization",
        "foaf:Agent",
        "Agent"
      ],
      "foaf:homepage": [
        "https://www.apidae-tourisme.com/"
      ]
    }
  ],
  "hasContact": [
    {
      "@id": "https://data.datatourisme.fr/68d65521-f4a0-3681-b83d-4ea9996c2635",
      "schema:email": [
        "farah.asmaoui@hotmail.fr"
      ],
      "schema:telephone": [
        "+33 1 34 29 07 27"
      ],
      "@type": [
        "foaf:Agent",
        "Agent"
      ],
      "foaf:homepage": [
        "http://www.pizzakingcdg.fr/"
      ]
    }
  ],
  "hasDescription": [
    {
      "@id": "https://data.datatourisme.fr/17c2d00f-58c9-3fde-91ff-bada41057fdc",
      "@type": [
        "Description"
      ],
      "hasTranslatedProperty": [
        {
          "@id": "https://data.datatourisme.fr/6090df87-f3d8-38a8-b87c-ccfc2a8190cb",
          "dc:contributor": [
            "https://api.deepl.com/v2/translate"
          ],
          "rdf:language": [
            "de"
          ],
          "rdf:predicate": [
            "shortDescription"
          ]
        },
        {
          "@id": "https://data.datatourisme.fr/d0db3c58-4397-34d0-a4f7-02ae4282bcb7",
          "dc:contributor": [
            "https://api.deepl.com/v2/translate"
          ],
          "rdf:language": [
            "es"
          ],
          "rdf:predicate": [
            "shortDescription"
          ]
        },
        {
          "@id": "https://data.datatourisme.fr/fa5dc115-0e6d-3bf3-a0b0-e28f9ef0a422",
          "dc:contributor": [
            "https://api.deepl.com/v2/translate"
          ],
          "rdf:language": [
            "it"
          ],
          "rdf:predicate": [
            "shortDescription"
          ]
        },
        {
          "@id": "https://data.datatourisme.fr/fca21188-32ba-3714-9328-f1a095f64db5",
          "dc:contributor": [
            "https://api.deepl.com/v2/translate"
          ],
          "rdf:language": [
            "nl"
          ],
          "rdf:predicate": [
            "shortDescription"
          ]
        }
      ],
      "shortDescription": {
        "de": [
          "Pizza King, bietet Ihnen leckere Pizzen zum Mitnehmen. Und als kleines Extra profitieren Sie von der kostenlosen Lieferung nach Hause!"
        ],
        "en": [
          "Pizza King offers delicious pizzas to takeaway. Little extra, enjoy a free delivery at home or at work."
        ],
        "it": [
          "Pizza King vi offre gustose pizze da asporto. E come bonus aggiuntivo, godetevi la consegna a domicilio gratuita!"
        ],
        "fr": [
          "Pizza King, vous propose des pizzas savoureuses à emporter. Et petit plus, profitez de la livraison gratuite à domicile !"
        ],
        "es": [
          "Pizza King, te ofrece sabrosas pizzas para llevar. Y como ventaja adicional, ¡disfruta de la entrega gratuita a domicilio!"
        ],
        "nl": [
          "Pizza King, biedt u lekkere pizza's om mee te nemen. En als extra bonus, gratis thuisbezorgd!"
        ]
      }
    }
  ],
  "hasTheme": [
    {
      "@id": "kb:MediterraneanCuisine",
      "@type": [
        "CuisineCategory"
      ],
      "rdfs:label": {
        "de": [
          "Mediterrane Küche"
        ],
        "pt": [
          "Cozinha mediterrânica"
        ],
        "en": [
          "Mediterranean cuisine"
        ],
        "it": [
          "Cucina mediterranea"
        ],
        "fr": [
          "Cuisine méditerranéenne"
        ],
        "nl": [
          "Mediterrane keuken"
        ],
        "es": [
          "Cocina mediterránea"
        ]
      }
    }
  ],
  "hasTranslatedProperty": [
    {
      "@id": "https://data.datatourisme.fr/7a652aec-0e2b-3bb8-b487-0aa83d9256e6",
      "dc:contributor": [
        "https://api.deepl.com/v2/translate"
      ],
      "rdf:language": [
        "es"
      ],
      "rdf:predicate": [
        {
          "@id": "rdfs:comment"
        }
      ]
    },
    {
      "@id": "https://data.datatourisme.fr/8305b7a8-014c-3d4b-b74c-13f165707a84",
      "dc:contributor": [
        "https://api.deepl.com/v2/translate"
      ],
      "rdf:language": [
        "de"
      ],
      "rdf:predicate": [
        {
          "@id": "rdfs:comment"
        }
      ]
    },
    {
      "@id": "https://data.datatourisme.fr/a3eb82c2-2433-3a5a-8853-9fd0df5a3537",
      "dc:contributor": [
        "https://api.deepl.com/v2/translate"
      ],
      "rdf:language": [
        "it"
      ],
      "rdf:predicate": [
        {
          "@id": "rdfs:comment"
        }
      ]
    },
    {
      "@id": "https://data.datatourisme.fr/db48cc60-7e2d-3a5c-9bfe-0104072ddab2",
      "dc:contributor": [
        "https://api.deepl.com/v2/translate"
      ],
      "rdf:language": [
        "nl"
      ],
      "rdf:predicate": [
        {
          "@id": "rdfs:comment"
        }
      ]
    }
  ],
  "isLocatedAt": [
    {
      "@id": "https://data.datatourisme.fr/33623510-3777-35bf-9f65-5ba963257eb2",
      "schema:address": [
        {
          "@id": "https://data.datatourisme.fr/e1a798b2-749f-3e59-9e4f-dd41d82f69a1",
          "schema:addressLocality": "Roissy-en-France",
          "schema:postalCode": "95700",
          "schema:streetAddress": [
            "12 rue Dorval"
          ],
          "@type": [
            "schema:PostalAddress",
            "PostalAddress"
          ],
          "hasAddressCity": {
            "@id": "kb:95527",
            "@type": [
              "City"
            ],
            "rdfs:label": {
              "de": [
                "Roissy-en-France"
              ],
              "pt": [
                "Roissy-en-France"
              ],
              "en": [
                "Roissy-en-France"
              ],
              "it": [
                "Roissy-en-France"
              ],
              "fr": [
                "Roissy-en-France"
              ],
              "nl": [
                "Roissy-en-France"
              ],
              "es": [
                "Roissy-en-France"
              ]
            },
            "insee": "95527",
            "isPartOfDepartment": {
              "@id": "kb:France1195",
              "@type": [
                "Department"
              ],
              "rdfs:label": {
                "de": [
                  "Val-d'Oise"
                ],
                "pt": [
                  "Val-d'Oise"
                ],
                "en": [
                  "Val-d'Oise"
                ],
                "it": [
                  "Val-d'Oise"
                ],
                "fr": [
                  "Val-d'Oise"
                ],
                "nl": [
                  "Val-d'Oise"
                ],
                "es": [
                  "Val-d'Oise"
                ]
              },
              "insee": "95",
              "isPartOfRegion": {
                "@id": "kb:France11",
                "@type": [
                  "Region"
                ],
                "rdfs:label": {
                  "de": [
                    "Île-de-France"
                  ],
                  "pt": [
                    "Île-de-France"
                  ],
                  "en": [
                    "Île-de-France"
                  ],
                  "it": [
                    "Île-de-France"
                  ],
                  "fr": [
                    "Île-de-France"
                  ],
                  "nl": [
                    "Île-de-France"
                  ],
                  "es": [
                    "Île-de-France"
                  ]
                },
                "insee": "11",
                "isPartOfCountry": {
                  "@id": "kb:France",
                  "@type": [
                    "schema:Country"
                  ],
                  "rdfs:label": {
                    "de": [
                      "France",
                      "Frankreich"
                    ],
                    "pt": [
                      "França",
                      "France"
                    ],
                    "en": [
                      "France"
                    ],
                    "it": [
                      "France",
                      "Francia"
                    ],
                    "fr": [
                      "France"
                    ],
                    "nl": [
                      "France",
                      "Frankrijk"
                    ],
                    "es": [
                      "France",
                      "Francia"
                    ]
                  }
                }
              }
            }
          }
        }
      ],
      "schema:geo": {
        "@id": "https://data.datatourisme.fr/8ae5a7c8-fc5b-3cab-be61-02191f20f444",
        "schema:latitude": "49.00398",
        "schema:longitude": "2.516499",
        "@type": [
          "schema:GeoCoordinates"
        ]
      },
      "schema:openingHoursSpecification": [
        {
          "@id": "https://data.datatourisme.fr/f87e535a-636d-3343-ad63-8a03392e7511",
          "schema:validFrom": "2023-01-01T00:00:00",
          "schema:validThrough": "2023-12-31T23:59:59",
          "@type": [
            "schema:OpeningHoursSpecification"
          ]
        }
      ],
      "@type": [
        "schema:Place",
        "Place"
      ]
    }
  ],
  "isOwnedBy": [
    {
      "@id": "https://data.datatourisme.fr/818ba162-886f-3d2a-a3d0-b535923ee594",
      "schema:email": [
        "afertah@ville-roissy95.fr",
        "csebban@ville-roissy95.fr",
        "mlegris@ville-roissy95.fr"
      ],
      "schema:legalName": "Office de Tourisme Grand Roissy",
      "@type": [
        "schema:Organization",
        "foaf:Agent",
        "Agent"
      ],
      "foaf:homepage": [
        "https://www.grand-roissy-tourisme.com/"
      ]
    }
  ],
  "lastUpdate": "2023-02-01",
  "lastUpdateDatatourisme": "2023-02-01T18:07:35.981Z",
  "providesCuisineOfType": [
    {
      "@id": "kb:MediterraneanCuisine",
      "@type": [
        "CuisineCategory"
      ],
      "rdfs:label": {
        "de": [
          "Mediterrane Küche"
        ],
        "pt": [
          "Cozinha mediterrânica"
        ],
        "en": [
          "Mediterranean cuisine"
        ],
        "it": [
          "Cucina mediterranea"
        ],
        "fr": [
          "Cuisine méditerranéenne"
        ],
        "nl": [
          "Mediterrane keuken"
        ],
        "es": [
          "Cocina mediterránea"
        ]
      }
    }
  ]
}