{
  "@id": "https://data.datatourisme.fr/13/03aa1b69-9e6b-31ab-909a-072419063a0f",
  "dc:identifier": "800273",
  "schema:endDate": [
    "2023-12-31"
  ],
  "schema:startDate": [
    "2023-01-01"
  ],
  "@type": [
    "schema:Event",
    "schema:SaleEvent",
    "EntertainmentAndEvent",
    "Market",
    "PointOfInterest",
    "SaleEvent"
  ],
  "rdfs:comment": {
    "de": [
      "Frische Produkte, Gemüse, Fleisch, Fisch ...\r\nEntdecken Sie die Geselligkeit der Schausteller und das Vergnügen, an den Ständen der Märkte in der Ile-de-France gute Geschäfte zu machen."
    ],
    "en": [
      "Fresh products, vegetables, meat, fish ...\r\nFind all the friendliness of the fairground merchants and the pleasure of making good deals on the stalls of the Ile-de-France markets."
    ],
    "it": [
      "Prodotti freschi, verdure, carne, pesce...\r\nRitrovate tutta la convivialità dei mercanti da fiera e il piacere di fare buoni affari sulle bancarelle dei mercati dell'Ile-de-France."
    ],
    "fr": [
      "Produits frais, légumes, viandes, poissons ...\r\nRetrouvez toute la convivialité des marchands forains et le plaisir de faire de bonnes affaires sur les étals des marchés franciliens."
    ],
    "nl": [
      "Verse producten, groenten, vlees, vis...\r\nOp de kramen van de markten van Ile-de-France vindt u de gezelligheid van de kermisexploitanten en het plezier om goede deals te sluiten."
    ],
    "es": [
      "Productos frescos, verduras, carne, pescado...\r\nEncuentre toda la cordialidad de los feriantes y el placer de hacer buenos negocios en los puestos de los mercados de Île-de-France."
    ]
  },
  "rdfs:label": {
    "fr": [
      "Marché Outrebon"
    ]
  },
  "hasBeenCreatedBy": {
    "@id": "https://data.datatourisme.fr/13/03e0704b-5690-32de-a186-1dc3ad3316c9",
    "dc:identifier": "1019",
    "schema:email": [
      "bgeigle@visitparisregion.com",
      "hcaldo@visitparisregion.com",
      "mtanaskovic@visitparisregion.com"
    ],
    "schema:legalName": "Comité Régional du Tourisme Paris Ile de France",
    "@type": [
      "schema:Organization",
      "foaf:Agent",
      "Agent"
    ],
    "foaf:homepage": [
      "http://www.visitparisregion.com/"
    ]
  },
  "hasBeenPublishedBy": [
    {
      "@id": "https://data.datatourisme.fr/8a9feb4b-2cbd-3d2c-b507-bd6c6776b23b",
      "schema:legalName": "Apidae Tourisme Scic SA - source : Apidae Tourisme",
      "@type": [
        "schema:Organization",
        "foaf:Agent",
        "Agent"
      ],
      "foaf:homepage": [
        "https://www.apidae-tourisme.com/"
      ]
    }
  ],
  "hasContact": [
    {
      "@id": "https://data.datatourisme.fr/959fb644-73e6-3b6b-889b-81148a136deb",
      "@type": [
        "foaf:Agent",
        "Agent"
      ],
      "foaf:homepage": [
        "http://www.villemomble.fr/"
      ]
    }
  ],
  "hasDescription": [
    {
      "@id": "https://data.datatourisme.fr/d6aace5a-1d20-337a-96dd-9c1ca93e0004",
      "@type": [
        "Description"
      ],
      "hasTranslatedProperty": [
        {
          "@id": "https://data.datatourisme.fr/02aae560-31af-341d-9d58-1ecf6c5e5e94",
          "dc:contributor": [
            "https://api.deepl.com/v2/translate"
          ],
          "rdf:language": [
            "it"
          ],
          "rdf:predicate": [
            "shortDescription"
          ]
        },
        {
          "@id": "https://data.datatourisme.fr/18ba0016-a1ce-379e-b1a5-eaa9b1fbf074",
          "dc:contributor": [
            "https://api.deepl.com/v2/translate"
          ],
          "rdf:language": [
            "en"
          ],
          "rdf:predicate": [
            "shortDescription"
          ]
        },
        {
          "@id": "https://data.datatourisme.fr/228031a9-2b1c-398d-932b-25b86691841e",
          "dc:contributor": [
            "https://api.deepl.com/v2/translate"
          ],
          "rdf:language": [
            "nl"
          ],
          "rdf:predicate": [
            "shortDescription"
          ]
        },
        {
          "@id": "https://data.datatourisme.fr/49025d64-4660-370c-ae4d-321e6a650798",
          "dc:contributor": [
            "https://api.deepl.com/v2/translate"
          ],
          "rdf:language": [
            "de"
          ],
          "rdf:predicate": [
            "shortDescription"
          ]
        },
        {
          "@id": "https://data.datatourisme.fr/6781b399-934f-3397-a623-385c7b647d88",
          "dc:contributor": [
            "https://api.deepl.com/v2/translate"
          ],
          "rdf:language": [
            "es"
          ],
          "rdf:predicate": [
            "shortDescription"
          ]
        }
      ],
      "shortDescription": {
        "de": [
          "Frische Produkte, Gemüse, Fleisch, Fisch ...\r\nEntdecken Sie die Geselligkeit der Schausteller und das Vergnügen, an den Ständen der Märkte in der Ile-de-France gute Geschäfte zu machen."
        ],
        "en": [
          "Fresh products, vegetables, meat, fish ...\r\nFind all the friendliness of the fairground merchants and the pleasure of making good deals on the stalls of the Ile-de-France markets."
        ],
        "it": [
          "Prodotti freschi, verdure, carne, pesce...\r\nRitrovate tutta la convivialità dei mercanti da fiera e il piacere di fare buoni affari sulle bancarelle dei mercati dell'Ile-de-France."
        ],
        "fr": [
          "Produits frais, légumes, viandes, poissons ...\r\nRetrouvez toute la convivialité des marchands forains et le plaisir de faire de bonnes affaires sur les étals des marchés franciliens."
        ],
        "nl": [
          "Verse producten, groenten, vlees, vis...\r\nOp de kramen van de markten van Ile-de-France vindt u de gezelligheid van de kermisexploitanten en het plezier om goede deals te sluiten."
        ],
        "es": [
          "Productos frescos, verduras, carne, pescado...\r\nEncuentre toda la cordialidad de los feriantes y el placer de hacer buenos negocios en los puestos de los mercados de Île-de-France."
        ]
      }
    }
  ],
  "hasTranslatedProperty": [
    {
      "@id": "https://data.datatourisme.fr/aa6d2220-3c98-3712-a44c-5f39d99e1ef7",
      "dc:contributor": [
        "https://api.deepl.com/v2/translate"
      ],
      "rdf:language": [
        "nl"
      ],
      "rdf:predicate": [
        {
          "@id": "rdfs:comment"
        }
      ]
    },
    {
      "@id": "https://data.datatourisme.fr/c7ac7a35-c2fc-3cd2-9086-c418788c01ad",
      "dc:contributor": [
        "https://api.deepl.com/v2/translate"
      ],
      "rdf:language": [
        "it"
      ],
      "rdf:predicate": [
        {
          "@id": "rdfs:comment"
        }
      ]
    },
    {
      "@id": "https://data.datatourisme.fr/ce18cbbe-93b5-3dbb-b0f1-b4732bb479c1",
      "dc:contributor": [
        "https://api.deepl.com/v2/translate"
      ],
      "rdf:language": [
        "es"
      ],
      "rdf:predicate": [
        {
          "@id": "rdfs:comment"
        }
      ]
    },
    {
      "@id": "https://data.datatourisme.fr/dd3b093a-4470-3875-b9ee-d084055290bf",
      "dc:contributor": [
        "https://api.deepl.com/v2/translate"
      ],
      "rdf:language": [
        "en"
      ],
      "rdf:predicate": [
        {
          "@id": "rdfs:comment"
        }
      ]
    },
    {
      "@id": "https://data.datatourisme.fr/ff9d3033-3fdd-3a14-85d3-083a3098c40e",
      "dc:contributor": [
        "https://api.deepl.com/v2/translate"
      ],
      "rdf:language": [
        "de"
      ],
      "rdf:predicate": [
        {
          "@id": "rdfs:comment"
        }
      ]
    }
  ],
  "isLocatedAt": [
    {
      "@id": "https://data.datatourisme.fr/0ea7d3dd-e908-3f28-ba07-9ec61cd6289b",
      "schema:address": [
        {
          "@id": "https://data.datatourisme.fr/5982e0e6-5fe7-3b21-aa2f-fed35e5c0a8e",
          "schema:addressLocality": "Villemomble",
          "schema:postalCode": "93250",
          "schema:streetAddress": [
            "Marché",
            "Place de la Résistance"
          ],
          "@type": [
            "schema:PostalAddress",
            "PostalAddress"
          ],
          "hasAddressCity": {
            "@id": "kb:93077",
            "@type": [
              "City"
            ],
            "rdfs:label": {
              "de": [
                "Villemomble"
              ],
              "pt": [
                "Villemomble"
              ],
              "en": [
                "Villemomble"
              ],
              "it": [
                "Villemomble"
              ],
              "fr": [
                "Villemomble"
              ],
              "nl": [
                "Villemomble"
              ],
              "es": [
                "Villemomble"
              ]
            },
            "insee": "93077",
            "isPartOfDepartment": {
              "@id": "kb:France1193",
              "@type": [
                "Department"
              ],
              "rdfs:label": {
                "de": [
                  "Seine-Saint-Denis"
                ],
                "pt": [
                  "Seine-Saint-Denis"
                ],
                "en": [
                  "Seine-Saint-Denis"
                ],
                "it": [
                  "Seine-Saint-Denis"
                ],
                "fr": [
                  "Seine-Saint-Denis"
                ],
                "nl": [
                  "Seine-Saint-Denis"
                ],
                "es": [
                  "Seine-Saint-Denis"
                ]
              },
              "insee": "93",
              "isPartOfRegion": {
                "@id": "kb:France11",
                "@type": [
                  "Region"
                ],
                "rdfs:label": {
                  "de": [
                    "Île-de-France"
                  ],
                  "pt": [
                    "Île-de-France"
                  ],
                  "en": [
                    "Île-de-France"
                  ],
                  "it": [
                    "Île-de-France"
                  ],
                  "fr": [
                    "Île-de-France"
                  ],
                  "nl": [
                    "Île-de-France"
                  ],
                  "es": [
                    "Île-de-France"
                  ]
                },
                "insee": "11",
                "isPartOfCountry": {
                  "@id": "kb:France",
                  "@type": [
                    "schema:Country"
                  ],
                  "rdfs:label": {
                    "de": [
                      "France",
                      "Frankreich"
                    ],
                    "pt": [
                      "França",
                      "France"
                    ],
                    "en": [
                      "France"
                    ],
                    "it": [
                      "France",
                      "Francia"
                    ],
                    "fr": [
                      "France"
                    ],
                    "nl": [
                      "France",
                      "Frankrijk"
                    ],
                    "es": [
                      "France",
                      "Francia"
                    ]
                  }
                }
              }
            }
          }
        }
      ],
      "schema:geo": {
        "@id": "https://data.datatourisme.fr/7b9fea14-bc33-36b0-b59b-953370605296",
        "schema:latitude": "48.889603",
        "schema:longitude": "2.5115",
        "@type": [
          "schema:GeoCoordinates"
        ]
      },
      "schema:openingHoursSpecification": [
        {
          "@id": "https://data.datatourisme.fr/dc781c7c-43c0-3458-b80f-e0708868fa68",
          "schema:closes": "13:00:00",
          "schema:opens": "09:00:00",
          "schema:validFrom": "2023-01-01T00:00:00",
          "schema:validThrough": "2023-12-31T23:59:59",
          "@type": [
            "schema:OpeningHoursSpecification"
          ]
        }
      ],
      "@type": [
        "schema:Place",
        "Place"
      ]
    }
  ],
  "isOwnedBy": [
    {
      "@id": "https://data.datatourisme.fr/26ecd6f0-563c-356a-b0f9-ad3ec17effc4",
      "schema:email": [
        "bgeigle@visitparisregion.com",
        "hcaldo@visitparisregion.com",
        "mtanaskovic@visitparisregion.com"
      ],
      "schema:legalName": "Comité Régional du Tourisme Paris Ile de France",
      "@type": [
        "schema:Organization",
        "foaf:Agent",
        "Agent"
      ],
      "foaf:homepage": [
        "http://www.visitparisregion.com/"
      ]
    }
  ],
  "lastUpdate": "2016-04-21",
  "lastUpdateDatatourisme": "2023-02-01T18:07:35.596Z",
  "takesPlaceAt": [
    {
      "@id": "https://data.datatourisme.fr/e4661b6d-143d-3263-850a-2bc276244fe8",
      "@type": [
        "Period",
        "RecurrentPeriod"
      ],
      "appliesOnDay": [
        {
          "@id": "schema:Sunday",
          "@type": [
            "schema:DayOfWeek"
          ],
          "rdfs:label": {
            "de": [
              "Sonntag"
            ],
            "pt": [
              "Domingo"
            ],
            "en": [
              "Sunday"
            ],
            "it": [
              "Domenica"
            ],
            "fr": [
              "Dimanche"
            ],
            "nl": [
              "Zondag"
            ],
            "es": [
              "Domingo"
            ]
          }
        },
        {
          "@id": "schema:Thursday",
          "@type": [
            "schema:DayOfWeek"
          ],
          "rdfs:label": {
            "de": [
              "Donnerstag"
            ],
            "pt": [
              "Quinta-feira"
            ],
            "en": [
              "Thursday"
            ],
            "it": [
              "Giovedì"
            ],
            "fr": [
              "Jeudi"
            ],
            "es": [
              "Jueves"
            ],
            "nl": [
              "Donderdag"
            ]
          }
        },
        {
          "@id": "schema:Tuesday",
          "@type": [
            "schema:DayOfWeek"
          ],
          "rdfs:label": {
            "de": [
              "Dienstag"
            ],
            "pt": [
              "Terça-feira"
            ],
            "en": [
              "Tuesday"
            ],
            "it": [
              "Martedì"
            ],
            "fr": [
              "Mardi"
            ],
            "es": [
              "Martes"
            ],
            "nl": [
              "Dinsdag"
            ]
          }
        }
      ],
      "endDate": "2023-12-31",
      "endTime": "13:00:00",
      "startDate": "2023-01-01",
      "startTime": "09:00:00"
    }
  ]
}