{
  "@id": "https://data.datatourisme.fr/13/0311ab3d-95c7-3eb7-a142-5ba3a23e7f41",
  "dc:identifier": "5774789",
  "@type": [
    "schema:FoodEstablishment",
    "FoodEstablishment",
    "PlaceOfInterest",
    "PointOfInterest"
  ],
  "rdfs:comment": {
    "de": [
      "Das Le Convivial in Meulan, ganz in der Nähe des Regionalparks Vexin, empfängt Sie in einem warmen und gemütlichen Rahmen. Der Chefkoch bietet Ihnen eine traditionelle französische Küche mit frischen Zutaten an"
    ],
    "en": [
      "Le Convivial located in Meulan, very close to the Vexin Regional Park, welcomes you in a warm and welcoming setting. The chef will make you discover a traditional French cuisine full of inventiveness based on fresh products; a great address!"
    ],
    "it": [
      "Le Convivial, situato a Meulan, vicino al Parco Regionale del Vexin, vi accoglie in un ambiente caldo e accogliente. Lo chef vi introdurrà alla cucina tradizionale francese, ricca di inventiva e con prodotti freschi; un ottimo indirizzo!"
    ],
    "fr": [
      "Le Convivial situé à Meulan, tout proche du Parc Régional du Vexin vous accueille dans un cadre chaleureux et accueillant. Le chef vous fait découvrir une cuisine traditionnelle française pleine d'inventivité à base de produits frais; une belle adresse !"
    ],
    "es": [
      "Le Convivial, situado en Meulan, cerca del Parque Regional de Vexin, le da la bienvenida en un entorno cálido y acogedor. El chef le hará descubrir la cocina tradicional francesa, llena de inventiva, utilizando productos frescos; ¡una gran dirección!"
    ],
    "nl": [
      "Le Convivial gelegen in Meulan, vlakbij het Regionaal Park van Vexin, verwelkomt u in een warm en gastvrij kader. De chef laat u kennismaken met de traditionele Franse keuken vol inventiviteit met verse producten; een geweldig adres!"
    ]
  },
  "rdfs:label": {
    "fr": [
      "Le Convivial"
    ]
  },
  "hasBeenCreatedBy": {
    "@id": "https://data.datatourisme.fr/13/3fb451ca-2e89-33a1-b095-b059d8705b15",
    "dc:identifier": "1522",
    "schema:email": [
      "anicoud@terres-de-seine.fr",
      "anne.perchec@gpseo.fr",
      "contact@terres-de-seine.fr",
      "estelle.rouille@gpseo.fr",
      "fbony@terres-de-seine.fr",
      "hillaryramanank@yahoo.fr",
      "vgateau@terres-de-seine.fr",
      "xcadilhac.oti.gpseo@gmail.com"
    ],
    "schema:legalName": "Communauté Urbaine Grand Paris Seine & Oise",
    "@type": [
      "schema:Organization",
      "foaf:Agent",
      "Agent"
    ],
    "foaf:homepage": [
      "https://www.insectes.org/",
      "https://www.terres-de-seine.fr/"
    ]
  },
  "hasBeenPublishedBy": [
    {
      "@id": "https://data.datatourisme.fr/8a9feb4b-2cbd-3d2c-b507-bd6c6776b23b",
      "schema:legalName": "Apidae Tourisme Scic SA - source : Apidae Tourisme",
      "@type": [
        "schema:Organization",
        "foaf:Agent",
        "Agent"
      ],
      "foaf:homepage": [
        "https://www.apidae-tourisme.com/"
      ]
    }
  ],
  "hasContact": [
    {
      "@id": "https://data.datatourisme.fr/7122d780-315d-3388-aa23-141792670363",
      "schema:email": [
        "restaurant@leconvivial.fr"
      ],
      "schema:telephone": [
        "+33 1 34 74 26 28"
      ],
      "@type": [
        "foaf:Agent",
        "Agent"
      ],
      "foaf:homepage": [
        "http://www.leconvivial.fr/"
      ]
    }
  ],
  "hasDescription": [
    {
      "@id": "https://data.datatourisme.fr/c8925f07-7b3c-349d-b1ee-a277ca2926b8",
      "@type": [
        "Description"
      ],
      "hasTranslatedProperty": [
        {
          "@id": "https://data.datatourisme.fr/56977f7d-f14f-32a0-9933-325f9cac1cc6",
          "dc:contributor": [
            "https://api.deepl.com/v2/translate"
          ],
          "rdf:language": [
            "it"
          ],
          "rdf:predicate": [
            "shortDescription"
          ]
        },
        {
          "@id": "https://data.datatourisme.fr/56c13d37-fc3c-3a1d-82ab-52455f91a3c8",
          "dc:contributor": [
            "https://api.deepl.com/v2/translate"
          ],
          "rdf:language": [
            "de"
          ],
          "rdf:predicate": [
            "shortDescription"
          ]
        },
        {
          "@id": "https://data.datatourisme.fr/60135d88-3af1-3dbe-8f87-e6073360d3e5",
          "dc:contributor": [
            "https://api.deepl.com/v2/translate"
          ],
          "rdf:language": [
            "nl"
          ],
          "rdf:predicate": [
            "shortDescription"
          ]
        },
        {
          "@id": "https://data.datatourisme.fr/9c4ab352-ba3a-360d-b79c-633cb203f8c5",
          "dc:contributor": [
            "https://api.deepl.com/v2/translate"
          ],
          "rdf:language": [
            "es"
          ],
          "rdf:predicate": [
            "shortDescription"
          ]
        },
        {
          "@id": "https://data.datatourisme.fr/c613c190-418b-3423-9991-9e9eff184922",
          "dc:contributor": [
            "https://api.deepl.com/v2/translate"
          ],
          "rdf:language": [
            "en"
          ],
          "rdf:predicate": [
            "shortDescription"
          ]
        }
      ],
      "shortDescription": {
        "de": [
          "Das Le Convivial in Meulan, ganz in der Nähe des Regionalparks Vexin, empfängt Sie in einem warmen und gemütlichen Rahmen. Der Chefkoch bietet Ihnen eine traditionelle französische Küche mit frischen Zutaten an"
        ],
        "en": [
          "Le Convivial located in Meulan, very close to the Vexin Regional Park, welcomes you in a warm and welcoming setting. The chef will make you discover a traditional French cuisine full of inventiveness based on fresh products; a great address!"
        ],
        "it": [
          "Le Convivial, situato a Meulan, vicino al Parco Regionale del Vexin, vi accoglie in un ambiente caldo e accogliente. Lo chef vi introdurrà alla cucina tradizionale francese, ricca di inventiva e con prodotti freschi; un ottimo indirizzo!"
        ],
        "fr": [
          "Le Convivial situé à Meulan, tout proche du Parc Régional du Vexin vous accueille dans un cadre chaleureux et accueillant. Le chef vous fait découvrir une cuisine traditionnelle française pleine d'inventivité à base de produits frais; une belle adresse !"
        ],
        "es": [
          "Le Convivial, situado en Meulan, cerca del Parque Regional de Vexin, le da la bienvenida en un entorno cálido y acogedor. El chef le hará descubrir la cocina tradicional francesa, llena de inventiva, utilizando productos frescos; ¡una gran dirección!"
        ],
        "nl": [
          "Le Convivial gelegen in Meulan, vlakbij het Regionaal Park van Vexin, verwelkomt u in een warm en gastvrij kader. De chef laat u kennismaken met de traditionele Franse keuken vol inventiviteit met verse producten; een geweldig adres!"
        ]
      }
    }
  ],
  "hasTranslatedProperty": [
    {
      "@id": "https://data.datatourisme.fr/1cf2dbf4-6952-3be7-9f9b-4c4cf6726b35",
      "dc:contributor": [
        "https://api.deepl.com/v2/translate"
      ],
      "rdf:language": [
        "en"
      ],
      "rdf:predicate": [
        {
          "@id": "rdfs:comment"
        }
      ]
    },
    {
      "@id": "https://data.datatourisme.fr/58d56899-6379-31fe-83e5-1a8f5ff72189",
      "dc:contributor": [
        "https://api.deepl.com/v2/translate"
      ],
      "rdf:language": [
        "nl"
      ],
      "rdf:predicate": [
        {
          "@id": "rdfs:comment"
        }
      ]
    },
    {
      "@id": "https://data.datatourisme.fr/6c2ebbed-9c95-3058-b0f1-5c408f472b48",
      "dc:contributor": [
        "https://api.deepl.com/v2/translate"
      ],
      "rdf:language": [
        "es"
      ],
      "rdf:predicate": [
        {
          "@id": "rdfs:comment"
        }
      ]
    },
    {
      "@id": "https://data.datatourisme.fr/ae8a7fec-3c4b-396b-b477-5d78f3f369c2",
      "dc:contributor": [
        "https://api.deepl.com/v2/translate"
      ],
      "rdf:language": [
        "de"
      ],
      "rdf:predicate": [
        {
          "@id": "rdfs:comment"
        }
      ]
    },
    {
      "@id": "https://data.datatourisme.fr/e0aa80a0-425b-309a-86bf-a0ac1ea8a2ca",
      "dc:contributor": [
        "https://api.deepl.com/v2/translate"
      ],
      "rdf:language": [
        "it"
      ],
      "rdf:predicate": [
        {
          "@id": "rdfs:comment"
        }
      ]
    }
  ],
  "isLocatedAt": [
    {
      "@id": "https://data.datatourisme.fr/4e7f6f34-f300-3944-b7c1-8483bc5dd0eb",
      "schema:address": [
        {
          "@id": "https://data.datatourisme.fr/379151d7-8acb-3d10-9333-67c597701969",
          "schema:addressLocality": "Meulan-en-Yvelines",
          "schema:postalCode": "78250",
          "schema:streetAddress": [
            "2 avenue des Aulnes"
          ],
          "@type": [
            "schema:PostalAddress",
            "PostalAddress"
          ],
          "hasAddressCity": {
            "@id": "kb:78401",
            "@type": [
              "City"
            ],
            "rdfs:label": {
              "de": [
                "Meulan-en-Yvelines"
              ],
              "pt": [
                "Meulan-en-Yvelines"
              ],
              "en": [
                "Meulan-en-Yvelines"
              ],
              "it": [
                "Meulan-en-Yvelines"
              ],
              "fr": [
                "Meulan-en-Yvelines"
              ],
              "nl": [
                "Meulan-en-Yvelines"
              ],
              "es": [
                "Meulan-en-Yvelines"
              ]
            },
            "insee": "78401",
            "isPartOfDepartment": {
              "@id": "kb:France1178",
              "@type": [
                "Department"
              ],
              "rdfs:label": {
                "de": [
                  "Yvelines"
                ],
                "pt": [
                  "Yvelines"
                ],
                "en": [
                  "Yvelines"
                ],
                "it": [
                  "Yvelines"
                ],
                "fr": [
                  "Yvelines"
                ],
                "nl": [
                  "Yvelines"
                ],
                "es": [
                  "Yvelines"
                ]
              },
              "insee": "78",
              "isPartOfRegion": {
                "@id": "kb:France11",
                "@type": [
                  "Region"
                ],
                "rdfs:label": {
                  "de": [
                    "Île-de-France"
                  ],
                  "pt": [
                    "Île-de-France"
                  ],
                  "en": [
                    "Île-de-France"
                  ],
                  "it": [
                    "Île-de-France"
                  ],
                  "fr": [
                    "Île-de-France"
                  ],
                  "nl": [
                    "Île-de-France"
                  ],
                  "es": [
                    "Île-de-France"
                  ]
                },
                "insee": "11",
                "isPartOfCountry": {
                  "@id": "kb:France",
                  "@type": [
                    "schema:Country"
                  ],
                  "rdfs:label": {
                    "de": [
                      "France",
                      "Frankreich"
                    ],
                    "pt": [
                      "França",
                      "France"
                    ],
                    "en": [
                      "France"
                    ],
                    "it": [
                      "France",
                      "Francia"
                    ],
                    "fr": [
                      "France"
                    ],
                    "nl": [
                      "France",
                      "Frankrijk"
                    ],
                    "es": [
                      "France",
                      "Francia"
                    ]
                  }
                }
              }
            }
          }
        }
      ],
      "schema:geo": {
        "@id": "https://data.datatourisme.fr/e16456b8-31e2-3268-9ba5-1657cc336345",
        "schema:latitude": "49.009286",
        "schema:longitude": "1.904912",
        "@type": [
          "schema:GeoCoordinates"
        ]
      },
      "schema:openingHoursSpecification": [
        {
          "@id": "https://data.datatourisme.fr/f87e535a-636d-3343-ad63-8a03392e7511",
          "schema:validFrom": "2023-01-01T00:00:00",
          "schema:validThrough": "2023-12-31T23:59:59",
          "@type": [
            "schema:OpeningHoursSpecification"
          ]
        }
      ],
      "@type": [
        "schema:Place",
        "Place"
      ]
    }
  ],
  "isOwnedBy": [
    {
      "@id": "https://data.datatourisme.fr/44eacd0d-f255-38e9-b0f2-4a31202fdb58",
      "schema:email": [
        "anicoud@terres-de-seine.fr",
        "anne.perchec@gpseo.fr",
        "contact@terres-de-seine.fr",
        "estelle.rouille@gpseo.fr",
        "fbony@terres-de-seine.fr",
        "hillaryramanank@yahoo.fr",
        "vgateau@terres-de-seine.fr",
        "xcadilhac.oti.gpseo@gmail.com"
      ],
      "schema:legalName": "Communauté Urbaine Grand Paris Seine & Oise",
      "@type": [
        "schema:Organization",
        "foaf:Agent",
        "Agent"
      ],
      "foaf:homepage": [
        "https://www.insectes.org/"
      ]
    }
  ],
  "lastUpdate": "2021-04-02",
  "lastUpdateDatatourisme": "2023-02-01T18:07:36.03Z"
}