{
  "@id": "https://data.datatourisme.fr/13/038ff1d6-1652-387a-9a53-190a7258e222",
  "dc:identifier": "860896",
  "@type": [
    "schema:FoodEstablishment",
    "FoodEstablishment",
    "PlaceOfInterest",
    "PointOfInterest"
  ],
  "rdfs:comment": {
    "de": [
      "Hier erwartet Sie eine raffinierte, schmackhafte und duftende Küche aus frischesten Zutaten. Die Spezialität des Hauses ist die Ente à la pékinoise in drei Gängen, die in feinem Limoges-Porzellan serviert wird."
    ],
    "en": [
      "A refined, tasty and fragrant cuisine based on a product of first freshness awaits you there. The specialty of the house is the duck with the Pekinese in 3 services, all served in a fine porcelain limoges."
    ],
    "it": [
      "Vi aspetta una cucina raffinata, gustosa e profumata, basata su prodotti freschissimi. La specialità della casa è l'anatra alla pékinoise in 3 portate, tutte servite in fine porcellana di Limoges."
    ],
    "fr": [
      "Une cuisine raffinée, savoureuse et parfumée à base de produit de toute première fraicheur vous y attend. La spécialité de la maison est le canard à la pékinoise en 3 services, le tout servi dans une porcelaine fine de limoges."
    ],
    "es": [
      "Le espera una cocina refinada, sabrosa y aromática basada en los productos más frescos. La especialidad de la casa es el pato a la pékinoise en 3 platos, todo ello servido en fina porcelana de Limoges."
    ],
    "nl": [
      "Er wacht u een verfijnde, smaakvolle en geurige keuken op basis van de meest verse producten. De specialiteit van het huis is de eend à la pékinoise in 3 gangen, alles geserveerd in fijn Limoges porselein."
    ]
  },
  "rdfs:label": {
    "de": [
      "Le bonheur de Chine"
    ],
    "ru": [
      "Le bonheur de Chine"
    ],
    "en": [
      "Le bonheur de Chine"
    ],
    "it": [
      "Le bonheur de Chine"
    ],
    "fr": [
      "Le bonheur de Chine"
    ],
    "zh": [
      "Le bonheur de Chine"
    ],
    "nl": [
      "Le bonheur de Chine"
    ],
    "es": [
      "Le bonheur de Chine"
    ]
  },
  "hasBeenCreatedBy": {
    "@id": "https://data.datatourisme.fr/13/c6036a69-be21-3b66-8499-b75718a3ef24",
    "dc:identifier": "1120",
    "schema:email": [
      "groupes@rueil-tourisme.com",
      "ot@rueil-tourisme.com",
      "servicegroupes@rueil-tourisme.com"
    ],
    "schema:legalName": "Office de Tourisme de Rueil-Malmaison",
    "@type": [
      "schema:Organization",
      "foaf:Agent",
      "Agent"
    ],
    "foaf:homepage": [
      "https://www.rueil-tourisme.com/fr"
    ]
  },
  "hasBeenPublishedBy": [
    {
      "@id": "https://data.datatourisme.fr/8a9feb4b-2cbd-3d2c-b507-bd6c6776b23b",
      "schema:legalName": "Apidae Tourisme Scic SA - source : Apidae Tourisme",
      "@type": [
        "schema:Organization",
        "foaf:Agent",
        "Agent"
      ],
      "foaf:homepage": [
        "https://www.apidae-tourisme.com/"
      ]
    }
  ],
  "hasContact": [
    {
      "@id": "https://data.datatourisme.fr/59b4db5e-b182-302b-a908-ab2346d35b69",
      "schema:email": [
        "bonheurdechine@wanadoo.fr"
      ],
      "schema:telephone": [
        "+33 1 47 49 88 88"
      ],
      "@type": [
        "foaf:Agent",
        "Agent"
      ],
      "foaf:homepage": [
        "http://www.bonheurdechine.com/"
      ]
    }
  ],
  "hasDescription": [
    {
      "@id": "https://data.datatourisme.fr/1b1993e2-2389-3da3-a3b5-2eaff78c3728",
      "@type": [
        "Description"
      ],
      "hasTranslatedProperty": [
        {
          "@id": "https://data.datatourisme.fr/6b31e694-d200-3cca-b1e6-882d901fe32b",
          "dc:contributor": [
            "https://api.deepl.com/v2/translate"
          ],
          "rdf:language": [
            "es"
          ],
          "rdf:predicate": [
            "shortDescription"
          ]
        },
        {
          "@id": "https://data.datatourisme.fr/848f710f-a488-3c85-9134-cc5b4bc6361e",
          "dc:contributor": [
            "https://api.deepl.com/v2/translate"
          ],
          "rdf:language": [
            "nl"
          ],
          "rdf:predicate": [
            "shortDescription"
          ]
        },
        {
          "@id": "https://data.datatourisme.fr/d8845a67-f042-348f-9e9c-d207c4f360b0",
          "dc:contributor": [
            "https://api.deepl.com/v2/translate"
          ],
          "rdf:language": [
            "de"
          ],
          "rdf:predicate": [
            "shortDescription"
          ]
        },
        {
          "@id": "https://data.datatourisme.fr/d94d9a10-142f-3920-b369-060b806c88cb",
          "dc:contributor": [
            "https://api.deepl.com/v2/translate"
          ],
          "rdf:language": [
            "it"
          ],
          "rdf:predicate": [
            "shortDescription"
          ]
        }
      ],
      "shortDescription": {
        "de": [
          "Hier erwartet Sie eine raffinierte, schmackhafte und duftende Küche aus frischesten Zutaten. Die Spezialität des Hauses ist die Ente à la pékinoise in drei Gängen, die in feinem Limoges-Porzellan serviert wird."
        ],
        "en": [
          "A refined, tasty and fragrant cuisine based on a product of first freshness awaits you there. The specialty of the house is the duck with the Pekinese in 3 services, all served in a fine porcelain limoges."
        ],
        "it": [
          "Vi aspetta una cucina raffinata, gustosa e profumata, basata su prodotti freschissimi. La specialità della casa è l'anatra alla pékinoise in 3 portate, tutte servite in fine porcellana di Limoges."
        ],
        "fr": [
          "Une cuisine raffinée, savoureuse et parfumée à base de produit de toute première fraicheur vous y attend. La spécialité de la maison est le canard à la pékinoise en 3 services, le tout servi dans une porcelaine fine de limoges."
        ],
        "es": [
          "Le espera una cocina refinada, sabrosa y aromática basada en los productos más frescos. La especialidad de la casa es el pato a la pékinoise en 3 platos, todo ello servido en fina porcelana de Limoges."
        ],
        "nl": [
          "Er wacht u een verfijnde, smaakvolle en geurige keuken op basis van de meest verse producten. De specialiteit van het huis is de eend à la pékinoise in 3 gangen, alles geserveerd in fijn Limoges porselein."
        ]
      }
    }
  ],
  "hasTranslatedProperty": [
    {
      "@id": "https://data.datatourisme.fr/552c550e-23f6-326f-890e-3f35a4686d14",
      "dc:contributor": [
        "https://api.deepl.com/v2/translate"
      ],
      "rdf:language": [
        "es"
      ],
      "rdf:predicate": [
        {
          "@id": "rdfs:comment"
        }
      ]
    },
    {
      "@id": "https://data.datatourisme.fr/76d914d0-457d-3eb9-9c2c-386c5efa2668",
      "dc:contributor": [
        "https://api.deepl.com/v2/translate"
      ],
      "rdf:language": [
        "nl"
      ],
      "rdf:predicate": [
        {
          "@id": "rdfs:comment"
        }
      ]
    },
    {
      "@id": "https://data.datatourisme.fr/a7c9ebad-754d-365c-88e7-754913de2b0f",
      "dc:contributor": [
        "https://api.deepl.com/v2/translate"
      ],
      "rdf:language": [
        "it"
      ],
      "rdf:predicate": [
        {
          "@id": "rdfs:comment"
        }
      ]
    },
    {
      "@id": "https://data.datatourisme.fr/be844dd7-b963-363f-ac4c-ad9787bc521e",
      "dc:contributor": [
        "https://api.deepl.com/v2/translate"
      ],
      "rdf:language": [
        "de"
      ],
      "rdf:predicate": [
        {
          "@id": "rdfs:comment"
        }
      ]
    }
  ],
  "isLocatedAt": [
    {
      "@id": "https://data.datatourisme.fr/14c2fa33-9d7d-3ac5-b277-a69f5e676f06",
      "schema:address": [
        {
          "@id": "https://data.datatourisme.fr/acd6e78d-552b-37c5-b345-41fbd521634b",
          "schema:addressLocality": "Rueil-Malmaison",
          "schema:postalCode": "92500",
          "schema:streetAddress": [
            "2 allée Aristide Maillot"
          ],
          "@type": [
            "schema:PostalAddress",
            "PostalAddress"
          ],
          "hasAddressCity": {
            "@id": "kb:92063",
            "@type": [
              "City"
            ],
            "rdfs:label": {
              "de": [
                "Rueil-Malmaison"
              ],
              "pt": [
                "Rueil-Malmaison"
              ],
              "en": [
                "Rueil-Malmaison"
              ],
              "it": [
                "Rueil-Malmaison"
              ],
              "fr": [
                "Rueil-Malmaison"
              ],
              "nl": [
                "Rueil-Malmaison"
              ],
              "es": [
                "Rueil-Malmaison"
              ]
            },
            "insee": "92063",
            "isPartOfDepartment": {
              "@id": "kb:France1192",
              "@type": [
                "Department"
              ],
              "rdfs:label": {
                "de": [
                  "Hauts-de-Seine"
                ],
                "pt": [
                  "Hauts-de-Seine"
                ],
                "en": [
                  "Hauts-de-Seine"
                ],
                "it": [
                  "Hauts-de-Seine"
                ],
                "fr": [
                  "Hauts-de-Seine"
                ],
                "nl": [
                  "Hauts-de-Seine"
                ],
                "es": [
                  "Hauts-de-Seine"
                ]
              },
              "insee": "92",
              "isPartOfRegion": {
                "@id": "kb:France11",
                "@type": [
                  "Region"
                ],
                "rdfs:label": {
                  "de": [
                    "Île-de-France"
                  ],
                  "pt": [
                    "Île-de-France"
                  ],
                  "en": [
                    "Île-de-France"
                  ],
                  "it": [
                    "Île-de-France"
                  ],
                  "fr": [
                    "Île-de-France"
                  ],
                  "nl": [
                    "Île-de-France"
                  ],
                  "es": [
                    "Île-de-France"
                  ]
                },
                "insee": "11",
                "isPartOfCountry": {
                  "@id": "kb:France",
                  "@type": [
                    "schema:Country"
                  ],
                  "rdfs:label": {
                    "de": [
                      "France",
                      "Frankreich"
                    ],
                    "pt": [
                      "França",
                      "France"
                    ],
                    "en": [
                      "France"
                    ],
                    "it": [
                      "France",
                      "Francia"
                    ],
                    "fr": [
                      "France"
                    ],
                    "nl": [
                      "France",
                      "Frankrijk"
                    ],
                    "es": [
                      "France",
                      "Francia"
                    ]
                  }
                }
              }
            }
          }
        }
      ],
      "schema:geo": {
        "@id": "https://data.datatourisme.fr/fe310bf0-1da3-35dd-a4f0-b89098c3a1b2",
        "schema:latitude": "48.864811",
        "schema:longitude": "2.206377",
        "@type": [
          "schema:GeoCoordinates"
        ]
      },
      "schema:openingHoursSpecification": [
        {
          "@id": "https://data.datatourisme.fr/c349e091-e597-3b65-9e9e-d9ac597c8da7",
          "schema:validFrom": "2023-01-01T00:00:00",
          "schema:validThrough": "2023-12-31T23:59:59",
          "@type": [
            "schema:OpeningHoursSpecification"
          ],
          "additionalInformation": {
            "de": [
              "Nur am Montag geschlossen"
            ],
            "en": [
              "Closed only on Mondays"
            ],
            "it": [
              "Chiuso solo il lunedì"
            ],
            "fr": [
              "Fermé uniquement le lundi"
            ],
            "es": [
              "Cerrado sólo los lunes"
            ],
            "nl": [
              "Alleen op maandag gesloten"
            ]
          },
          "hasTranslatedProperty": [
            {
              "@id": "https://data.datatourisme.fr/1ac7e951-bb58-3100-a1d1-5ff6188119f3",
              "dc:contributor": [
                "https://api.deepl.com/v2/translate"
              ],
              "rdf:language": [
                "de"
              ],
              "rdf:predicate": [
                "additionalInformation"
              ]
            },
            {
              "@id": "https://data.datatourisme.fr/1c03603e-7320-3c59-8017-075cf8f676a1",
              "dc:contributor": [
                "https://api.deepl.com/v2/translate"
              ],
              "rdf:language": [
                "nl"
              ],
              "rdf:predicate": [
                "additionalInformation"
              ]
            },
            {
              "@id": "https://data.datatourisme.fr/37321e1d-5703-3660-b187-4fd5ab8592f5",
              "dc:contributor": [
                "https://api.deepl.com/v2/translate"
              ],
              "rdf:language": [
                "it"
              ],
              "rdf:predicate": [
                "additionalInformation"
              ]
            },
            {
              "@id": "https://data.datatourisme.fr/6468e2f5-662a-31b2-997c-f947de85c3f8",
              "dc:contributor": [
                "https://api.deepl.com/v2/translate"
              ],
              "rdf:language": [
                "en"
              ],
              "rdf:predicate": [
                "additionalInformation"
              ]
            },
            {
              "@id": "https://data.datatourisme.fr/6674bd5e-8546-34b6-b7e6-2ef21166a9d4",
              "dc:contributor": [
                "https://api.deepl.com/v2/translate"
              ],
              "rdf:language": [
                "es"
              ],
              "rdf:predicate": [
                "additionalInformation"
              ]
            }
          ]
        }
      ],
      "@type": [
        "schema:Place",
        "Place"
      ]
    }
  ],
  "isOwnedBy": [
    {
      "@id": "https://data.datatourisme.fr/967c5318-dfa4-34c5-9a80-4bb71fd26e69",
      "schema:email": [
        "groupes@rueil-tourisme.com",
        "ot@rueil-tourisme.com"
      ],
      "schema:legalName": "Office de Tourisme de Rueil-Malmaison",
      "@type": [
        "schema:Organization",
        "foaf:Agent",
        "Agent"
      ],
      "foaf:homepage": [
        "https://www.rueil-tourisme.com/fr"
      ]
    }
  ],
  "lastUpdate": "2022-03-24",
  "lastUpdateDatatourisme": "2023-02-01T18:07:35.97Z"
}