{
  "@id": "https://data.datatourisme.fr/13/0355f438-ac1d-3fed-86a0-71619d8a4636",
  "dc:identifier": "4853128",
  "@type": [
    "schema:FoodEstablishment",
    "FoodEstablishment",
    "PlaceOfInterest",
    "PointOfInterest"
  ],
  "rdfs:comment": {
    "de": [
      "Nur einen Steinwurf von Paris entfernt und am Ufer der Seine gelegen, bereitet das Restaurant Le Van Gogh eine traditionelle Küche zu."
    ],
    "en": [
      "A stone's throw from Paris and on the banks of the Seine, the restaurant Le Van Gogh prepares traditional cuisine."
    ],
    "it": [
      "A pochi passi da Parigi e sulle rive della Senna, il ristorante Le Van Gogh propone una cucina tradizionale."
    ],
    "fr": [
      "A deux pas de Paris et en bord de Seine, le restaurant Le Van Gogh prépare une cuisine traditionnelle."
    ],
    "nl": [
      "Op een steenworp afstand van Parijs en aan de oevers van de Seine serveert restaurant Le Van Gogh traditionele gerechten."
    ],
    "es": [
      "A un paso de París y a orillas del Sena, el restaurante Le Van Gogh sirve cocina tradicional."
    ]
  },
  "rdfs:label": {
    "fr": [
      "Le Van Gogh"
    ]
  },
  "hasBeenCreatedBy": {
    "@id": "https://data.datatourisme.fr/13/5a142a55-461d-3fef-816a-cfb927fee0bd",
    "dc:identifier": "1710",
    "schema:email": [
      "ebasset@yvelines.fr",
      "tourisme@yvelines.fr"
    ],
    "schema:legalName": "Conseil Départemental des Yvelines",
    "@type": [
      "schema:Organization",
      "foaf:Agent",
      "Agent"
    ]
  },
  "hasBeenPublishedBy": [
    {
      "@id": "https://data.datatourisme.fr/8a9feb4b-2cbd-3d2c-b507-bd6c6776b23b",
      "schema:legalName": "Apidae Tourisme Scic SA - source : Apidae Tourisme",
      "@type": [
        "schema:Organization",
        "foaf:Agent",
        "Agent"
      ],
      "foaf:homepage": [
        "https://www.apidae-tourisme.com/"
      ]
    }
  ],
  "hasContact": [
    {
      "@id": "https://data.datatourisme.fr/9f2d51ff-2bba-3f80-b07d-6d226797b74a",
      "schema:email": [
        "levangogh@wanadoo.fr"
      ],
      "schema:telephone": [
        "+33 1 47 91 05 10"
      ],
      "@type": [
        "foaf:Agent",
        "Agent"
      ],
      "foaf:homepage": [
        "http://www.levangogh.com/"
      ]
    }
  ],
  "hasDescription": [
    {
      "@id": "https://data.datatourisme.fr/63009d98-649d-3fec-a7b4-9886a06102b8",
      "@type": [
        "Description"
      ],
      "hasTranslatedProperty": [
        {
          "@id": "https://data.datatourisme.fr/64caf89a-84d0-36bf-8db8-293dd1c804fa",
          "dc:contributor": [
            "https://api.deepl.com/v2/translate"
          ],
          "rdf:language": [
            "de"
          ],
          "rdf:predicate": [
            "shortDescription"
          ]
        },
        {
          "@id": "https://data.datatourisme.fr/8b7ea994-a61d-3903-b27b-bb7564f56487",
          "dc:contributor": [
            "https://api.deepl.com/v2/translate"
          ],
          "rdf:language": [
            "es"
          ],
          "rdf:predicate": [
            "shortDescription"
          ]
        },
        {
          "@id": "https://data.datatourisme.fr/9d8e5692-9237-31a7-86e5-bb3160280cf1",
          "dc:contributor": [
            "https://api.deepl.com/v2/translate"
          ],
          "rdf:language": [
            "it"
          ],
          "rdf:predicate": [
            "shortDescription"
          ]
        },
        {
          "@id": "https://data.datatourisme.fr/c051d9e4-a789-3aa9-83d1-ca20db587535",
          "dc:contributor": [
            "https://api.deepl.com/v2/translate"
          ],
          "rdf:language": [
            "nl"
          ],
          "rdf:predicate": [
            "shortDescription"
          ]
        },
        {
          "@id": "https://data.datatourisme.fr/e28e37af-884e-350d-b363-9bc76217a5f3",
          "dc:contributor": [
            "https://api.deepl.com/v2/translate"
          ],
          "rdf:language": [
            "en"
          ],
          "rdf:predicate": [
            "shortDescription"
          ]
        }
      ],
      "shortDescription": {
        "de": [
          "Nur einen Steinwurf von Paris entfernt und am Ufer der Seine gelegen, bereitet das Restaurant Le Van Gogh eine traditionelle Küche zu."
        ],
        "en": [
          "A stone's throw from Paris and on the banks of the Seine, the restaurant Le Van Gogh prepares traditional cuisine."
        ],
        "it": [
          "A pochi passi da Parigi e sulle rive della Senna, il ristorante Le Van Gogh propone una cucina tradizionale."
        ],
        "fr": [
          "A deux pas de Paris et en bord de Seine, le restaurant Le Van Gogh prépare une cuisine traditionnelle."
        ],
        "nl": [
          "Op een steenworp afstand van Parijs en aan de oevers van de Seine serveert restaurant Le Van Gogh traditionele gerechten."
        ],
        "es": [
          "A un paso de París y a orillas del Sena, el restaurante Le Van Gogh sirve cocina tradicional."
        ]
      }
    }
  ],
  "hasTranslatedProperty": [
    {
      "@id": "https://data.datatourisme.fr/22647357-ea44-3f43-9039-5cf281735c9b",
      "dc:contributor": [
        "https://api.deepl.com/v2/translate"
      ],
      "rdf:language": [
        "en"
      ],
      "rdf:predicate": [
        {
          "@id": "rdfs:comment"
        }
      ]
    },
    {
      "@id": "https://data.datatourisme.fr/407a98c4-ad4b-3c1c-9dbf-dd7043ced3ee",
      "dc:contributor": [
        "https://api.deepl.com/v2/translate"
      ],
      "rdf:language": [
        "de"
      ],
      "rdf:predicate": [
        {
          "@id": "rdfs:comment"
        }
      ]
    },
    {
      "@id": "https://data.datatourisme.fr/bf2a1101-db42-3c69-9ab4-fcf89c026093",
      "dc:contributor": [
        "https://api.deepl.com/v2/translate"
      ],
      "rdf:language": [
        "it"
      ],
      "rdf:predicate": [
        {
          "@id": "rdfs:comment"
        }
      ]
    },
    {
      "@id": "https://data.datatourisme.fr/c00acf54-d094-33dc-b1fe-5efe4ed71331",
      "dc:contributor": [
        "https://api.deepl.com/v2/translate"
      ],
      "rdf:language": [
        "nl"
      ],
      "rdf:predicate": [
        {
          "@id": "rdfs:comment"
        }
      ]
    },
    {
      "@id": "https://data.datatourisme.fr/f31529eb-abac-3fb8-b882-3c5405aef01d",
      "dc:contributor": [
        "https://api.deepl.com/v2/translate"
      ],
      "rdf:language": [
        "es"
      ],
      "rdf:predicate": [
        {
          "@id": "rdfs:comment"
        }
      ]
    }
  ],
  "isLocatedAt": [
    {
      "@id": "https://data.datatourisme.fr/c3f07a15-b815-3a4f-bdab-4059ce0528bc",
      "schema:address": [
        {
          "@id": "https://data.datatourisme.fr/41a9bfe6-bf63-3f59-b2dd-5f7746201886",
          "schema:addressLocality": "Asnières-sur-Seine",
          "schema:postalCode": "92600",
          "schema:streetAddress": [
            "1 Port Van Gogh"
          ],
          "@type": [
            "schema:PostalAddress",
            "PostalAddress"
          ],
          "hasAddressCity": {
            "@id": "kb:92004",
            "@type": [
              "City"
            ],
            "rdfs:label": {
              "de": [
                "Asnières-sur-Seine"
              ],
              "pt": [
                "Asnières-sur-Seine"
              ],
              "en": [
                "Asnières-sur-Seine"
              ],
              "it": [
                "Asnières-sur-Seine"
              ],
              "fr": [
                "Asnières-sur-Seine"
              ],
              "nl": [
                "Asnières-sur-Seine"
              ],
              "es": [
                "Asnières-sur-Seine"
              ]
            },
            "insee": "92004",
            "isPartOfDepartment": {
              "@id": "kb:France1192",
              "@type": [
                "Department"
              ],
              "rdfs:label": {
                "de": [
                  "Hauts-de-Seine"
                ],
                "pt": [
                  "Hauts-de-Seine"
                ],
                "en": [
                  "Hauts-de-Seine"
                ],
                "it": [
                  "Hauts-de-Seine"
                ],
                "fr": [
                  "Hauts-de-Seine"
                ],
                "nl": [
                  "Hauts-de-Seine"
                ],
                "es": [
                  "Hauts-de-Seine"
                ]
              },
              "insee": "92",
              "isPartOfRegion": {
                "@id": "kb:France11",
                "@type": [
                  "Region"
                ],
                "rdfs:label": {
                  "de": [
                    "Île-de-France"
                  ],
                  "pt": [
                    "Île-de-France"
                  ],
                  "en": [
                    "Île-de-France"
                  ],
                  "it": [
                    "Île-de-France"
                  ],
                  "fr": [
                    "Île-de-France"
                  ],
                  "nl": [
                    "Île-de-France"
                  ],
                  "es": [
                    "Île-de-France"
                  ]
                },
                "insee": "11",
                "isPartOfCountry": {
                  "@id": "kb:France",
                  "@type": [
                    "schema:Country"
                  ],
                  "rdfs:label": {
                    "de": [
                      "France",
                      "Frankreich"
                    ],
                    "pt": [
                      "França",
                      "France"
                    ],
                    "en": [
                      "France"
                    ],
                    "it": [
                      "France",
                      "Francia"
                    ],
                    "fr": [
                      "France"
                    ],
                    "nl": [
                      "France",
                      "Frankrijk"
                    ],
                    "es": [
                      "France",
                      "Francia"
                    ]
                  }
                }
              }
            }
          }
        }
      ],
      "schema:geo": {
        "@id": "https://data.datatourisme.fr/483c5c88-efb7-3e2a-82a2-477145b5c39f",
        "schema:latitude": "48.911316",
        "schema:longitude": "2.300449",
        "@type": [
          "schema:GeoCoordinates"
        ]
      },
      "schema:openingHoursSpecification": [
        {
          "@id": "https://data.datatourisme.fr/f87e535a-636d-3343-ad63-8a03392e7511",
          "schema:validFrom": "2023-01-01T00:00:00",
          "schema:validThrough": "2023-12-31T23:59:59",
          "@type": [
            "schema:OpeningHoursSpecification"
          ]
        }
      ],
      "@type": [
        "schema:Place",
        "Place"
      ]
    }
  ],
  "isOwnedBy": [
    {
      "@id": "https://data.datatourisme.fr/51418642-d8c7-3896-8f4e-6e25435e4c26",
      "schema:email": [
        "ebasset@yvelines.fr",
        "tourisme@yvelines.fr"
      ],
      "schema:legalName": "Conseil Départemental des Yvelines",
      "@type": [
        "schema:Organization",
        "foaf:Agent",
        "Agent"
      ]
    }
  ],
  "lastUpdate": "2021-01-15",
  "lastUpdateDatatourisme": "2023-05-30T05:49:20.357Z",
  "offers": [
    {
      "@id": "https://data.datatourisme.fr/98db5cb2-4aa6-3f45-8db7-9186a9bf56d0",
      "schema:priceSpecification": [
        {
          "@id": "https://data.datatourisme.fr/e50c97eb-43a2-3ebe-876f-b69f9160288b",
          "schema:maxPrice": [
            "36",
            "59"
          ],
          "schema:priceCurrency": "EUR",
          "@type": [
            "schema:PriceSpecification",
            "PriceSpecification"
          ],
          "appliesOnPeriod": [
            {
              "@id": "https://data.datatourisme.fr/134b755c-4075-31b4-827d-ae1bf4fed0de",
              "@type": [
                "Period"
              ],
              "endDate": "2017-12-31",
              "startDate": "2017-01-01"
            }
          ]
        }
      ],
      "@type": [
        "schema:Offer",
        "Offer"
      ]
    }
  ]
}