{
  "@id": "https://data.datatourisme.fr/13/031c4a88-5b24-3c74-85b9-6aa335ab5fc0",
  "dc:identifier": "4672334",
  "@type": [
    "Castle",
    "CulturalSite",
    "DefenceSite",
    "FortifiedCastle",
    "PlaceOfInterest",
    "PointOfInterest",
    "RemarkableBuilding"
  ],
  "rdfs:comment": {
    "de": [
      "Das mittelalterliche Schloss La Madeleine bietet einen atemberaubenden Blick auf das Chevreuse-Tal und ist ein noch gut erhaltenes Zeugnis der Verteidigungsarchitektur zur Zeit der Ritter. Im Herzen des Regionalen Naturparks vereint es Geschichte und Natur."
    ],
    "en": [
      "Offering a breathtaking view of the Chevreuse valley, the medieval castle of the Madeleine is a still well-preserved testimony of the defensive architecture in the time of the knights. In the heart of the Regional Natural Park, it combines history and nature."
    ],
    "it": [
      "Con una vista mozzafiato sulla Valle di Chevreuse, il castello medievale di La Madeleine è un esempio ben conservato dell'architettura difensiva dell'epoca dei cavalieri. Nel cuore del Parco Naturale Regionale, unisce storia e natura."
    ],
    "fr": [
      "Offrant une vue imprenable sur la vallée de Chevreuse, le château médiéval de la Madeleine est un témoignage encore bien conservé de l'architecture défensive au temps des chevaliers. Au cœur du Parc Naturel Régional, il allie histoire et nature."
    ],
    "nl": [
      "Het middeleeuwse kasteel van La Madeleine biedt een adembenemend uitzicht op de vallei van de Chevreuse en is een goed bewaard voorbeeld van de defensieve architectuur uit de tijd van de ridders. In het hart van het Regionale Natuurpark combineert het geschiedenis en natuur."
    ],
    "es": [
      "El castillo medieval de la Madeleine es un ejemplo bien conservado de la arquitectura defensiva de la época de los caballeros y ofrece una vista impresionante del valle de Chevreuse. En el corazón del Parque Natural Regional, combina historia y naturaleza."
    ]
  },
  "rdfs:label": {
    "fr": [
      "Chateau de la Madeleine"
    ]
  },
  "owl:sameAs": [
    "http://www.wikidata.org/entity/Q2971292"
  ],
  "hasBeenCreatedBy": {
    "@id": "https://data.datatourisme.fr/13/5a142a55-461d-3fef-816a-cfb927fee0bd",
    "dc:identifier": "1710",
    "schema:email": [
      "ebasset@yvelines.fr",
      "tourisme@yvelines.fr"
    ],
    "schema:legalName": "Conseil Départemental des Yvelines",
    "@type": [
      "schema:Organization",
      "foaf:Agent",
      "Agent"
    ]
  },
  "hasBeenPublishedBy": [
    {
      "@id": "https://data.datatourisme.fr/8a9feb4b-2cbd-3d2c-b507-bd6c6776b23b",
      "schema:legalName": "Apidae Tourisme Scic SA - source : Apidae Tourisme",
      "@type": [
        "schema:Organization",
        "foaf:Agent",
        "Agent"
      ],
      "foaf:homepage": [
        "https://www.apidae-tourisme.com/"
      ]
    }
  ],
  "hasContact": [
    {
      "@id": "https://data.datatourisme.fr/c4cfc1d4-9b22-33dd-bd0d-22bc205a56f9",
      "schema:telephone": [
        "+33 1 30 52 09 09"
      ],
      "@type": [
        "foaf:Agent",
        "Agent"
      ],
      "foaf:homepage": [
        "http://www.parc-naturel-chevreuse.fr/"
      ]
    }
  ],
  "hasDescription": [
    {
      "@id": "https://data.datatourisme.fr/a0eb8b77-7b7b-3956-8713-dc9156b14871",
      "@type": [
        "Description"
      ],
      "hasTranslatedProperty": [
        {
          "@id": "https://data.datatourisme.fr/1248d4c5-3185-3ad7-b752-d3aef5b9f646",
          "dc:contributor": [
            "https://api.deepl.com/v2/translate"
          ],
          "rdf:language": [
            "de"
          ],
          "rdf:predicate": [
            "shortDescription"
          ]
        },
        {
          "@id": "https://data.datatourisme.fr/3c29ed76-9123-3cd7-977b-778e4ada5c82",
          "dc:contributor": [
            "https://api.deepl.com/v2/translate"
          ],
          "rdf:language": [
            "nl"
          ],
          "rdf:predicate": [
            "shortDescription"
          ]
        },
        {
          "@id": "https://data.datatourisme.fr/496a7adb-c52e-3d8c-9a88-952310ef931f",
          "dc:contributor": [
            "https://api.deepl.com/v2/translate"
          ],
          "rdf:language": [
            "es"
          ],
          "rdf:predicate": [
            "shortDescription"
          ]
        },
        {
          "@id": "https://data.datatourisme.fr/4bc1930d-2c62-30a6-9ae8-542f2b6b9782",
          "dc:contributor": [
            "https://api.deepl.com/v2/translate"
          ],
          "rdf:language": [
            "it"
          ],
          "rdf:predicate": [
            "shortDescription"
          ]
        },
        {
          "@id": "https://data.datatourisme.fr/97564381-c1be-3cd9-bec9-82c854020214",
          "dc:contributor": [
            "https://api.deepl.com/v2/translate"
          ],
          "rdf:language": [
            "en"
          ],
          "rdf:predicate": [
            "shortDescription"
          ]
        }
      ],
      "shortDescription": {
        "de": [
          "Das mittelalterliche Schloss La Madeleine bietet einen atemberaubenden Blick auf das Chevreuse-Tal und ist ein noch gut erhaltenes Zeugnis der Verteidigungsarchitektur zur Zeit der Ritter. Im Herzen des Regionalen Naturparks vereint es Geschichte und Natur."
        ],
        "en": [
          "Offering a breathtaking view of the Chevreuse valley, the medieval castle of the Madeleine is a still well-preserved testimony of the defensive architecture in the time of the knights. In the heart of the Regional Natural Park, it combines history and nature."
        ],
        "it": [
          "Con una vista mozzafiato sulla Valle di Chevreuse, il castello medievale di La Madeleine è un esempio ben conservato dell'architettura difensiva dell'epoca dei cavalieri. Nel cuore del Parco Naturale Regionale, unisce storia e natura."
        ],
        "fr": [
          "Offrant une vue imprenable sur la vallée de Chevreuse, le château médiéval de la Madeleine est un témoignage encore bien conservé de l'architecture défensive au temps des chevaliers. Au cœur du Parc Naturel Régional, il allie histoire et nature."
        ],
        "nl": [
          "Het middeleeuwse kasteel van La Madeleine biedt een adembenemend uitzicht op de vallei van de Chevreuse en is een goed bewaard voorbeeld van de defensieve architectuur uit de tijd van de ridders. In het hart van het Regionale Natuurpark combineert het geschiedenis en natuur."
        ],
        "es": [
          "El castillo medieval de la Madeleine es un ejemplo bien conservado de la arquitectura defensiva de la época de los caballeros y ofrece una vista impresionante del valle de Chevreuse. En el corazón del Parque Natural Regional, combina historia y naturaleza."
        ]
      }
    }
  ],
  "hasRepresentation": [
    {
      "@id": "https://data.datatourisme.fr/b9a53c50-4e5a-3eb2-8205-465a865af207",
      "ebucore:hasAnnotation": [
        {
          "@id": "https://data.datatourisme.fr/1fd8c963-515b-3a83-a38f-a079b45f2f58",
          "ebucore:isCoveredBy": "CC BY-SA 3.0",
          "ebucore:title": [
            "Château de la Madeleine vu depuis Chevreuse"
          ],
          "@type": [
            "ebucore:Annotation"
          ],
          "credits": [
            "Photo prise par <a href=\"https://fr.wikipedia.org/wiki/Utilisateur:ChrisJ\" class=\"extiw\" title=\"fr:Utilisateur:ChrisJ\">Christophe Jacquet</a>, uploader was <a href=\"https://fr.wikipedia.org/wiki/User:ChrisJ\" class=\"extiw\" title=\"fr:User:ChrisJ\">ChrisJ</a> at <a class=\"external text\" href=\"https://fr.wikipedia.org\">fr.wikipedia</a>"
          ]
        }
      ],
      "ebucore:hasRelatedResource": [
        {
          "@id": "https://data.datatourisme.fr/7b9ebdd3-d674-38c9-a92f-ccfd6f8bc6c6",
          "ebucore:fileSize": [
            62822
          ],
          "ebucore:hasMimeType": [
            {
              "@id": "kb:JPEG",
              "@type": [
                "ebucore:MimeType"
              ],
              "rdfs:comment": {
                "de": [
                  "JPEG-Bild"
                ],
                "pt": [
                  "Imagem JPEG"
                ],
                "en": [
                  "JPEG image file"
                ],
                "it": [
                  "Immagine JPEG"
                ],
                "fr": [
                  "Image JPEG"
                ],
                "nl": [
                  "JPEG-afbeelding"
                ],
                "es": [
                  "Imagen JPEG"
                ]
              },
              "rdfs:label": {
                "de": [
                  "image/jpeg"
                ],
                "pt": [
                  "image/jpeg"
                ],
                "en": [
                  "image/jpeg"
                ],
                "it": [
                  "image/jpeg"
                ],
                "fr": [
                  "image/jpeg"
                ],
                "nl": [
                  "image/jpeg"
                ],
                "es": [
                  "image/jpeg"
                ]
              }
            }
          ],
          "ebucore:height": 418,
          "ebucore:locator": [
            "https://upload.wikimedia.org/wikipedia/commons/a/ae/Ch%C3%A2teau_de_la_Madeleine_vu_depuis_Chevreuse.jpg"
          ],
          "ebucore:width": 641,
          "@type": [
            "ebucore:Resource"
          ]
        }
      ],
      "@type": [
        "ebucore:EditorialObject"
      ]
    }
  ],
  "hasReview": [
    {
      "@id": "https://data.datatourisme.fr/6e866798-cae5-351c-9e8d-963661217e60",
      "@type": [
        "Review"
      ],
      "hasReviewValue": {
        "@id": "kb:LabelRating_AccueilVelo",
        "@type": [
          "LabelRating"
        ],
        "rdfs:label": {
          "de": [
            "Accueil Vélo"
          ],
          "pt": [
            "Accueil Vélo"
          ],
          "en": [
            "Accueil Vélo"
          ],
          "it": [
            "Accueil Vélo"
          ],
          "fr": [
            "Accueil Vélo"
          ],
          "nl": [
            "Accueil Vélo"
          ],
          "es": [
            "Accueil Vélo"
          ]
        },
        "isCompliantWith": [
          "PlaceOfInterest"
        ]
      }
    }
  ],
  "hasTheme": [
    {
      "@id": "kb:Culture",
      "@type": [
        "CulturalTheme"
      ],
      "rdfs:label": {
        "de": [
          "Kultur"
        ],
        "pt": [
          "Cultura"
        ],
        "en": [
          "Culture"
        ],
        "it": [
          "Cultura"
        ],
        "fr": [
          "Culture"
        ],
        "nl": [
          "Cultuur"
        ],
        "es": [
          "Cultura"
        ]
      }
    }
  ],
  "hasTranslatedProperty": [
    {
      "@id": "https://data.datatourisme.fr/4e458238-be53-3a14-99ee-30449397da6a",
      "dc:contributor": [
        "https://api.deepl.com/v2/translate"
      ],
      "rdf:language": [
        "it"
      ],
      "rdf:predicate": [
        {
          "@id": "rdfs:comment"
        }
      ]
    },
    {
      "@id": "https://data.datatourisme.fr/99ed6a3a-dcca-3e54-a983-043baf1ce50b",
      "dc:contributor": [
        "https://api.deepl.com/v2/translate"
      ],
      "rdf:language": [
        "de"
      ],
      "rdf:predicate": [
        {
          "@id": "rdfs:comment"
        }
      ]
    },
    {
      "@id": "https://data.datatourisme.fr/b3f87c1d-0900-3302-90df-43e356b8846b",
      "dc:contributor": [
        "https://api.deepl.com/v2/translate"
      ],
      "rdf:language": [
        "nl"
      ],
      "rdf:predicate": [
        {
          "@id": "rdfs:comment"
        }
      ]
    },
    {
      "@id": "https://data.datatourisme.fr/b4081757-ff98-345c-8906-c5f35f58efa1",
      "dc:contributor": [
        "https://api.deepl.com/v2/translate"
      ],
      "rdf:language": [
        "es"
      ],
      "rdf:predicate": [
        {
          "@id": "rdfs:comment"
        }
      ]
    },
    {
      "@id": "https://data.datatourisme.fr/d7374119-c926-3f52-88d2-96eb7c73839a",
      "dc:contributor": [
        "https://api.deepl.com/v2/translate"
      ],
      "rdf:language": [
        "en"
      ],
      "rdf:predicate": [
        {
          "@id": "rdfs:comment"
        }
      ]
    }
  ],
  "isLocatedAt": [
    {
      "@id": "https://data.datatourisme.fr/d94c121b-e731-3e50-9861-c8bf2669638c",
      "schema:address": [
        {
          "@id": "https://data.datatourisme.fr/87c3fb23-e2c6-3514-911f-4491e6ff7b23",
          "schema:addressLocality": "Chevreuse",
          "schema:postalCode": "78460",
          "schema:streetAddress": [
            "Chemin Jean Racine",
            "Maison du parc"
          ],
          "@type": [
            "schema:PostalAddress",
            "PostalAddress"
          ],
          "hasAddressCity": {
            "@id": "kb:78160",
            "@type": [
              "City"
            ],
            "rdfs:label": {
              "de": [
                "Chevreuse"
              ],
              "pt": [
                "Chevreuse"
              ],
              "en": [
                "Chevreuse"
              ],
              "it": [
                "Chevreuse"
              ],
              "fr": [
                "Chevreuse"
              ],
              "nl": [
                "Chevreuse"
              ],
              "es": [
                "Chevreuse"
              ]
            },
            "insee": "78160",
            "isPartOfDepartment": {
              "@id": "kb:France1178",
              "@type": [
                "Department"
              ],
              "rdfs:label": {
                "de": [
                  "Yvelines"
                ],
                "pt": [
                  "Yvelines"
                ],
                "en": [
                  "Yvelines"
                ],
                "it": [
                  "Yvelines"
                ],
                "fr": [
                  "Yvelines"
                ],
                "nl": [
                  "Yvelines"
                ],
                "es": [
                  "Yvelines"
                ]
              },
              "insee": "78",
              "isPartOfRegion": {
                "@id": "kb:France11",
                "@type": [
                  "Region"
                ],
                "rdfs:label": {
                  "de": [
                    "Île-de-France"
                  ],
                  "pt": [
                    "Île-de-France"
                  ],
                  "en": [
                    "Île-de-France"
                  ],
                  "it": [
                    "Île-de-France"
                  ],
                  "fr": [
                    "Île-de-France"
                  ],
                  "nl": [
                    "Île-de-France"
                  ],
                  "es": [
                    "Île-de-France"
                  ]
                },
                "insee": "11",
                "isPartOfCountry": {
                  "@id": "kb:France",
                  "@type": [
                    "schema:Country"
                  ],
                  "rdfs:label": {
                    "de": [
                      "France",
                      "Frankreich"
                    ],
                    "pt": [
                      "França",
                      "France"
                    ],
                    "en": [
                      "France"
                    ],
                    "it": [
                      "France",
                      "Francia"
                    ],
                    "fr": [
                      "France"
                    ],
                    "nl": [
                      "France",
                      "Frankrijk"
                    ],
                    "es": [
                      "France",
                      "Francia"
                    ]
                  }
                }
              }
            }
          }
        }
      ],
      "schema:geo": {
        "@id": "https://data.datatourisme.fr/827326b0-d842-3e90-b095-9b7149bef06d",
        "schema:latitude": "48.709995",
        "schema:longitude": "2.041883",
        "@type": [
          "schema:GeoCoordinates"
        ]
      },
      "schema:openingHoursSpecification": [
        {
          "@id": "https://data.datatourisme.fr/1bfc80e5-784a-301e-9b62-7cf6a40d1e1f",
          "schema:closes": "17:30:00",
          "schema:opens": "14:00:00",
          "schema:validFrom": "2023-03-01T00:00:00",
          "schema:validThrough": "2023-10-31T23:59:59",
          "@type": [
            "schema:OpeningHoursSpecification"
          ],
          "additionalInformation": {
            "de": [
              "mittwochs auch vormittags von 10:00 bis 12:30 Uhr geöffnet; sonntags und an Feiertagen von 10:00 bis 18:00 Uhr."
            ],
            "en": [
              "also open in the morning on Wednesdays from 10 am to 12.30 pm; Sundays and holidays from 10 am to 6 pm."
            ],
            "it": [
              "aperto anche il mercoledì al mattino dalle 10.00 alle 12.30; la domenica e i giorni festivi dalle 10.00 alle 18.00."
            ],
            "fr": [
              "ouverture également en matinée le mercredi de 10h-12h30; Dimanche et jours fériés de 10h à 18h."
            ],
            "es": [
              "también abre por la mañana los miércoles de 10:00 a 12:30; los domingos y festivos de 10:00 a 18:00."
            ],
            "nl": [
              "ook 's ochtends geopend op woensdag van 10.00 tot 12.30 uur; op zon- en feestdagen van 10.00 tot 18.00 uur."
            ]
          },
          "hasTranslatedProperty": [
            {
              "@id": "https://data.datatourisme.fr/0d8cd19e-f5ae-3ea8-ba77-6197b9ecda38",
              "dc:contributor": [
                "https://api.deepl.com/v2/translate"
              ],
              "rdf:language": [
                "de"
              ],
              "rdf:predicate": [
                "additionalInformation"
              ]
            },
            {
              "@id": "https://data.datatourisme.fr/319a36aa-1028-3ae4-95d4-93c309855b5b",
              "dc:contributor": [
                "https://api.deepl.com/v2/translate"
              ],
              "rdf:language": [
                "nl"
              ],
              "rdf:predicate": [
                "additionalInformation"
              ]
            },
            {
              "@id": "https://data.datatourisme.fr/5396d72e-1212-3e87-bc43-e69ad4cdace2",
              "dc:contributor": [
                "https://api.deepl.com/v2/translate"
              ],
              "rdf:language": [
                "it"
              ],
              "rdf:predicate": [
                "additionalInformation"
              ]
            },
            {
              "@id": "https://data.datatourisme.fr/757e0e00-ba6a-3f7f-8cab-7acaa189ee61",
              "dc:contributor": [
                "https://api.deepl.com/v2/translate"
              ],
              "rdf:language": [
                "es"
              ],
              "rdf:predicate": [
                "additionalInformation"
              ]
            },
            {
              "@id": "https://data.datatourisme.fr/bcc3ae87-3319-3716-a182-1aafbb614376",
              "dc:contributor": [
                "https://api.deepl.com/v2/translate"
              ],
              "rdf:language": [
                "en"
              ],
              "rdf:predicate": [
                "additionalInformation"
              ]
            }
          ]
        },
        {
          "@id": "https://data.datatourisme.fr/8dea4a62-06e0-3a89-8ef2-6ffcc5685d98",
          "schema:closes": "17:30:00",
          "schema:opens": "14:00:00",
          "schema:validFrom": "2023-11-01T00:00:00",
          "schema:validThrough": "2023-02-28T23:59:59",
          "@type": [
            "schema:OpeningHoursSpecification"
          ],
          "additionalInformation": {
            "de": [
              "sonntag und Feiertage zu denselben Zeiten"
            ],
            "en": [
              "sundays and public holidays at the same time"
            ],
            "it": [
              "domenica e giorni festivi agli stessi orari"
            ],
            "fr": [
              "dimanche et jours fériés aux mêmes horaires"
            ],
            "nl": [
              "zon- en feestdagen op dezelfde tijden"
            ],
            "es": [
              "domingos y festivos en el mismo horario"
            ]
          },
          "hasTranslatedProperty": [
            {
              "@id": "https://data.datatourisme.fr/162e2503-e129-3248-baa3-00b4b220e9cb",
              "dc:contributor": [
                "https://api.deepl.com/v2/translate"
              ],
              "rdf:language": [
                "it"
              ],
              "rdf:predicate": [
                "additionalInformation"
              ]
            },
            {
              "@id": "https://data.datatourisme.fr/2b9bfb08-f217-3b61-a4f0-486009f39025",
              "dc:contributor": [
                "https://api.deepl.com/v2/translate"
              ],
              "rdf:language": [
                "nl"
              ],
              "rdf:predicate": [
                "additionalInformation"
              ]
            },
            {
              "@id": "https://data.datatourisme.fr/f360740e-a66b-391b-94bc-fcc69a92ad98",
              "dc:contributor": [
                "https://api.deepl.com/v2/translate"
              ],
              "rdf:language": [
                "en"
              ],
              "rdf:predicate": [
                "additionalInformation"
              ]
            },
            {
              "@id": "https://data.datatourisme.fr/f6e87a65-09c7-3230-a86b-1e19a136e5c9",
              "dc:contributor": [
                "https://api.deepl.com/v2/translate"
              ],
              "rdf:language": [
                "es"
              ],
              "rdf:predicate": [
                "additionalInformation"
              ]
            },
            {
              "@id": "https://data.datatourisme.fr/fec3d1f8-0cab-34f7-9308-70745e0c9ac7",
              "dc:contributor": [
                "https://api.deepl.com/v2/translate"
              ],
              "rdf:language": [
                "de"
              ],
              "rdf:predicate": [
                "additionalInformation"
              ]
            }
          ]
        }
      ],
      "@type": [
        "schema:Place",
        "Place"
      ]
    }
  ],
  "isOwnedBy": [
    {
      "@id": "https://data.datatourisme.fr/51418642-d8c7-3896-8f4e-6e25435e4c26",
      "schema:email": [
        "ebasset@yvelines.fr",
        "tourisme@yvelines.fr"
      ],
      "schema:legalName": "Conseil Départemental des Yvelines",
      "@type": [
        "schema:Organization",
        "foaf:Agent",
        "Agent"
      ]
    }
  ],
  "lastUpdate": "2023-01-03",
  "lastUpdateDatatourisme": "2023-02-22T06:42:37.858Z"
}