{
  "@id": "https://data.datatourisme.fr/13/032b1041-967c-3625-ba60-4a68f2cd99ee",
  "dc:identifier": "5134737",
  "@type": [
    "schema:Accommodation",
    "schema:Hotel",
    "schema:LodgingBusiness",
    "Accommodation",
    "Hotel",
    "HotelTrade",
    "PlaceOfInterest",
    "PointOfInterest"
  ],
  "rdfs:comment": {
    "de": [
      "Ihr rund um die Uhr geöffnetes Hotel Campanile in Argenteuil liegt im Westen von Paris, in einer ruhigen und grünen Umgebung mit schnellem Zugang zu allen wichtigen Sehenswürdigkeiten der Pariser Region."
    ],
    "en": [
      "The Campanile Argenteuil Welcome!"
    ],
    "it": [
      "Il vostro hotel Campanile di Argenteuil, aperto 24 ore su 24, è situato nella zona ovest di Parigi, in un ambiente tranquillo e verde con un rapido accesso a tutti i principali siti turistici della regione parigina."
    ],
    "fr": [
      "Votre Hôtel Campanile à Argenteuil, ouvert 24h/24, est situé dans l’ouest parisien, dans un environnement calme et verdoyant avec un accès rapide à l'ensemble des grands sites touristiques de la région parisienne."
    ],
    "nl": [
      "Uw Campanile Hotel in Argenteuil, 24 uur per dag geopend, ligt in het westen van Parijs, in een rustige en groene omgeving met snelle toegang tot alle belangrijke toeristische bezienswaardigheden in de regio Parijs."
    ],
    "es": [
      "Su hotel Campanile de Argenteuil, abierto las 24 horas del día, está situado en el oeste de París, en un entorno tranquilo y verde con rápido acceso a los principales lugares turísticos de la región parisina."
    ]
  },
  "rdfs:label": {
    "fr": [
      "Hôtel Campanile Argenteuil"
    ]
  },
  "hasBeenCreatedBy": {
    "@id": "https://data.datatourisme.fr/13/766d856e-f1a6-302f-93d8-94415e6bfa0e",
    "dc:identifier": "1014",
    "schema:email": [
      "andrea.duperon@ville-argenteuil.fr",
      "c.carreras@valdoise-tourisme.com",
      "j.blain@valdoise-tourisme.com",
      "m.bachelery@valdoise-tourisme.com",
      "s.benchikh@valdoise-tourisme.com"
    ],
    "schema:legalName": "Val d'Oise Tourisme",
    "@type": [
      "schema:Organization",
      "foaf:Agent",
      "Agent"
    ],
    "foaf:homepage": [
      "https://www.valdoise-tourisme.com/"
    ]
  },
  "hasBeenPublishedBy": [
    {
      "@id": "https://data.datatourisme.fr/8a9feb4b-2cbd-3d2c-b507-bd6c6776b23b",
      "schema:legalName": "Apidae Tourisme Scic SA - source : Apidae Tourisme",
      "@type": [
        "schema:Organization",
        "foaf:Agent",
        "Agent"
      ],
      "foaf:homepage": [
        "https://www.apidae-tourisme.com/"
      ]
    }
  ],
  "hasContact": [
    {
      "@id": "https://data.datatourisme.fr/d87d03b4-5450-349e-843b-86418cc205ab",
      "schema:email": [
        "argenteuil@campanile.fr",
        "manager.argenteuil@campanile.fr"
      ],
      "schema:telephone": [
        "+33 1 39 61 34 34"
      ],
      "@type": [
        "foaf:Agent",
        "Agent"
      ],
      "foaf:homepage": [
        "https://www.campanile.com/fr/hotels/campanile-argenteuil"
      ]
    }
  ],
  "hasDescription": [
    {
      "@id": "https://data.datatourisme.fr/3bca2506-4b4f-318c-b182-5c9928cb9931",
      "@type": [
        "Description"
      ],
      "hasTranslatedProperty": [
        {
          "@id": "https://data.datatourisme.fr/164213f4-bf27-3630-8633-19ecc5be4182",
          "dc:contributor": [
            "https://api.deepl.com/v2/translate"
          ],
          "rdf:language": [
            "it"
          ],
          "rdf:predicate": [
            "shortDescription"
          ]
        },
        {
          "@id": "https://data.datatourisme.fr/2384f535-c068-309d-a99b-11b75df4e432",
          "dc:contributor": [
            "https://api.deepl.com/v2/translate"
          ],
          "rdf:language": [
            "de"
          ],
          "rdf:predicate": [
            "shortDescription"
          ]
        },
        {
          "@id": "https://data.datatourisme.fr/9674d91e-8970-3442-8e80-36dcf37713d4",
          "dc:contributor": [
            "https://api.deepl.com/v2/translate"
          ],
          "rdf:language": [
            "es"
          ],
          "rdf:predicate": [
            "shortDescription"
          ]
        },
        {
          "@id": "https://data.datatourisme.fr/de02a2d8-ce83-3128-8412-6488883edf23",
          "dc:contributor": [
            "https://api.deepl.com/v2/translate"
          ],
          "rdf:language": [
            "nl"
          ],
          "rdf:predicate": [
            "shortDescription"
          ]
        }
      ],
      "shortDescription": {
        "de": [
          "Ihr rund um die Uhr geöffnetes Hotel Campanile in Argenteuil liegt im Westen von Paris, in einer ruhigen und grünen Umgebung mit schnellem Zugang zu allen wichtigen Sehenswürdigkeiten der Pariser Region."
        ],
        "en": [
          "The Campanile Argenteuil Welcome!"
        ],
        "it": [
          "Il vostro hotel Campanile di Argenteuil, aperto 24 ore su 24, è situato nella zona ovest di Parigi, in un ambiente tranquillo e verde con un rapido accesso a tutti i principali siti turistici della regione parigina."
        ],
        "fr": [
          "Votre Hôtel Campanile à Argenteuil, ouvert 24h/24, est situé dans l’ouest parisien, dans un environnement calme et verdoyant avec un accès rapide à l'ensemble des grands sites touristiques de la région parisienne."
        ],
        "nl": [
          "Uw Campanile Hotel in Argenteuil, 24 uur per dag geopend, ligt in het westen van Parijs, in een rustige en groene omgeving met snelle toegang tot alle belangrijke toeristische bezienswaardigheden in de regio Parijs."
        ],
        "es": [
          "Su hotel Campanile de Argenteuil, abierto las 24 horas del día, está situado en el oeste de París, en un entorno tranquilo y verde con rápido acceso a los principales lugares turísticos de la región parisina."
        ]
      }
    }
  ],
  "hasTranslatedProperty": [
    {
      "@id": "https://data.datatourisme.fr/0a761389-49df-326f-995a-a6a9d6047c09",
      "dc:contributor": [
        "https://api.deepl.com/v2/translate"
      ],
      "rdf:language": [
        "es"
      ],
      "rdf:predicate": [
        {
          "@id": "rdfs:comment"
        }
      ]
    },
    {
      "@id": "https://data.datatourisme.fr/386216cd-a7cc-39ac-8a83-b5e169fb54a5",
      "dc:contributor": [
        "https://api.deepl.com/v2/translate"
      ],
      "rdf:language": [
        "it"
      ],
      "rdf:predicate": [
        {
          "@id": "rdfs:comment"
        }
      ]
    },
    {
      "@id": "https://data.datatourisme.fr/99f4e503-4160-3738-a8f1-f2bf84b3190a",
      "dc:contributor": [
        "https://api.deepl.com/v2/translate"
      ],
      "rdf:language": [
        "de"
      ],
      "rdf:predicate": [
        {
          "@id": "rdfs:comment"
        }
      ]
    },
    {
      "@id": "https://data.datatourisme.fr/f37f6f65-c9e8-38e4-954a-8c145081be1d",
      "dc:contributor": [
        "https://api.deepl.com/v2/translate"
      ],
      "rdf:language": [
        "nl"
      ],
      "rdf:predicate": [
        {
          "@id": "rdfs:comment"
        }
      ]
    }
  ],
  "isLocatedAt": [
    {
      "@id": "https://data.datatourisme.fr/fcce6ef5-9b6c-3e0e-9fed-ba03d5342c0b",
      "schema:address": [
        {
          "@id": "https://data.datatourisme.fr/b43e815f-b01a-3e1d-b9ac-d3769aa78739",
          "schema:addressLocality": "Argenteuil",
          "schema:postalCode": "95100",
          "schema:streetAddress": [
            "1 rue Ary Scheffer"
          ],
          "@type": [
            "schema:PostalAddress",
            "PostalAddress"
          ],
          "hasAddressCity": {
            "@id": "kb:95018",
            "@type": [
              "City"
            ],
            "rdfs:label": {
              "de": [
                "Argenteuil"
              ],
              "pt": [
                "Argenteuil"
              ],
              "en": [
                "Argenteuil"
              ],
              "it": [
                "Argenteuil"
              ],
              "fr": [
                "Argenteuil"
              ],
              "nl": [
                "Argenteuil"
              ],
              "es": [
                "Argenteuil"
              ]
            },
            "insee": "95018",
            "isPartOfDepartment": {
              "@id": "kb:France1195",
              "@type": [
                "Department"
              ],
              "rdfs:label": {
                "de": [
                  "Val-d'Oise"
                ],
                "pt": [
                  "Val-d'Oise"
                ],
                "en": [
                  "Val-d'Oise"
                ],
                "it": [
                  "Val-d'Oise"
                ],
                "fr": [
                  "Val-d'Oise"
                ],
                "nl": [
                  "Val-d'Oise"
                ],
                "es": [
                  "Val-d'Oise"
                ]
              },
              "insee": "95",
              "isPartOfRegion": {
                "@id": "kb:France11",
                "@type": [
                  "Region"
                ],
                "rdfs:label": {
                  "de": [
                    "Île-de-France"
                  ],
                  "pt": [
                    "Île-de-France"
                  ],
                  "en": [
                    "Île-de-France"
                  ],
                  "it": [
                    "Île-de-France"
                  ],
                  "fr": [
                    "Île-de-France"
                  ],
                  "nl": [
                    "Île-de-France"
                  ],
                  "es": [
                    "Île-de-France"
                  ]
                },
                "insee": "11",
                "isPartOfCountry": {
                  "@id": "kb:France",
                  "@type": [
                    "schema:Country"
                  ],
                  "rdfs:label": {
                    "de": [
                      "France",
                      "Frankreich"
                    ],
                    "pt": [
                      "França",
                      "France"
                    ],
                    "en": [
                      "France"
                    ],
                    "it": [
                      "France",
                      "Francia"
                    ],
                    "fr": [
                      "France"
                    ],
                    "nl": [
                      "France",
                      "Frankrijk"
                    ],
                    "es": [
                      "France",
                      "Francia"
                    ]
                  }
                }
              }
            }
          }
        }
      ],
      "schema:geo": {
        "@id": "https://data.datatourisme.fr/4bcef03e-f1a1-3c38-af2d-7d908991469e",
        "schema:latitude": "48.935061",
        "schema:longitude": "2.241951",
        "@type": [
          "schema:GeoCoordinates"
        ]
      },
      "schema:openingHoursSpecification": [
        {
          "@id": "https://data.datatourisme.fr/5dffa4a3-df49-3483-a120-e434377fa014",
          "schema:validFrom": "2023-01-01T00:00:00",
          "schema:validThrough": "2023-12-31T23:59:59",
          "@type": [
            "schema:OpeningHoursSpecification"
          ],
          "additionalInformation": {
            "de": [
              "Hotel: von 8.00 Uhr bis 22.00 Uhr.\r\nRestaurant: von 12:00 bis 14:00 Uhr und von 19:00 bis 22:00 Uhr."
            ],
            "en": [
              "Hotel: from 8:00 am to 10:00 pm.\r\nRestaurant: from 12h00 to 14h00 and from 19h00 to 22h00."
            ],
            "it": [
              "Hotel: dalle 8:00 alle 22:00.\r\nRistorante: dalle 12:00 alle 14:00 e dalle 19:00 alle 22:00."
            ],
            "fr": [
              "Hôtel : de 8h00 à 22h00.\r\nRestaurant : de 12h00 à 14h00 et de 19h00 à 22h00."
            ],
            "nl": [
              "Hotel: van 8:00 tot 22:00 uur.\r\nRestaurant: van 12.00 tot 14.00 uur en van 19.00 tot 22.00 uur."
            ],
            "es": [
              "Hotel: de 8:00 a 22:00.\r\nRestaurante: de 12:00 a 14:00 y de 19:00 a 22:00."
            ]
          },
          "hasTranslatedProperty": [
            {
              "@id": "https://data.datatourisme.fr/0b0b1702-5787-3205-b94d-8080eab1e7c4",
              "dc:contributor": [
                "https://api.deepl.com/v2/translate"
              ],
              "rdf:language": [
                "it"
              ],
              "rdf:predicate": [
                "additionalInformation"
              ]
            },
            {
              "@id": "https://data.datatourisme.fr/1e17a68d-8c33-391b-84a4-bbfd4ecbc864",
              "dc:contributor": [
                "https://api.deepl.com/v2/translate"
              ],
              "rdf:language": [
                "es"
              ],
              "rdf:predicate": [
                "additionalInformation"
              ]
            },
            {
              "@id": "https://data.datatourisme.fr/666cfd10-8f30-3735-825c-bdf25f9636f4",
              "dc:contributor": [
                "https://api.deepl.com/v2/translate"
              ],
              "rdf:language": [
                "nl"
              ],
              "rdf:predicate": [
                "additionalInformation"
              ]
            },
            {
              "@id": "https://data.datatourisme.fr/759ddea6-7c5e-3483-a6c3-6c697406dccc",
              "dc:contributor": [
                "https://api.deepl.com/v2/translate"
              ],
              "rdf:language": [
                "en"
              ],
              "rdf:predicate": [
                "additionalInformation"
              ]
            },
            {
              "@id": "https://data.datatourisme.fr/9e287cc0-0236-3bf8-be65-7b5ffb730a10",
              "dc:contributor": [
                "https://api.deepl.com/v2/translate"
              ],
              "rdf:language": [
                "de"
              ],
              "rdf:predicate": [
                "additionalInformation"
              ]
            }
          ]
        }
      ],
      "@type": [
        "schema:Place",
        "Place"
      ]
    }
  ],
  "isOwnedBy": [
    {
      "@id": "https://data.datatourisme.fr/23940bd2-9731-38c7-a10e-636c62e84fbb",
      "schema:email": [
        "m.bachelery@valdoise-tourisme.com",
        "s.benchikh@valdoise-tourisme.com"
      ],
      "schema:legalName": "Val d'Oise Tourisme",
      "@type": [
        "schema:Organization",
        "foaf:Agent",
        "Agent"
      ],
      "foaf:homepage": [
        "https://www.valdoise-tourisme.com/"
      ]
    }
  ],
  "lastUpdate": "2022-10-31",
  "lastUpdateDatatourisme": "2023-02-16T06:39:41.936Z"
}