{
  "@id": "https://data.datatourisme.fr/13/03850256-7f0b-3d7f-b16d-e720e9120c78",
  "dc:identifier": "727815",
  "@type": [
    "schema:FoodEstablishment",
    "FoodEstablishment",
    "PlaceOfInterest",
    "PointOfInterest"
  ],
  "rdfs:comment": {
    "de": [
      "Dieses in der Fußgängerzone gelegene bistronomische Restaurant mit seiner schönen Südterrasse, die im Winter beheizt und mit Decken ausgestattet ist, bietet eine einfallsreiche Speisekarte, die traditionelle Gerichte mit tagesfrischen Produkten je nach Jahreszeit neu interpretiert."
    ],
    "en": [
      "Located in the pedestrian area, this bistronomic restaurant with its beautiful south-facing terrace (heated and equipped with plaids in winter) offers a cfreative menu revisiting traditional dishes with fresh produce of the day, according to the seasons."
    ],
    "it": [
      "Situato nella zona pedonale, questo ristorante bistronomico con una bella terrazza esposta a sud, riscaldata e attrezzata con plaid in inverno, offre un menu inventivo che rivisita i piatti tradizionali a base di prodotti freschi di giornata, a seconda della stagione."
    ],
    "fr": [
      "Installé dans le quartier piéton, ce restaurant bistronomique à la belle terrasse exposée au sud, chauffée et équipée de plaids l'hiver, propose une carte inventive qui revisite les plats traditionnels à base de produits frais du jour, selon les saisons."
    ],
    "es": [
      "Situado en la zona peatonal, este restaurante bistronómico con una bonita terraza orientada al sur, calefactada y equipada con mantas en invierno, ofrece una carta inventiva que revisa los platos tradicionales a base de productos frescos del día, según la temporada."
    ],
    "nl": [
      "Dit bistronomische restaurant, gelegen in de voetgangerszone, met een prachtig terras op het zuiden, verwarmd en voorzien van plaids in de winter, biedt een inventief menu dat traditionele gerechten herneemt op basis van dagverse producten, afhankelijk van het seizoen."
    ]
  },
  "rdfs:label": {
    "de": [
      "L'Air du temps"
    ],
    "ru": [
      "L'Air du temps"
    ],
    "en": [
      "L'Air du temps"
    ],
    "it": [
      "L'Air du temps"
    ],
    "fr": [
      "L'Air du temps"
    ],
    "zh": [
      "L'Air du temps"
    ],
    "nl": [
      "L'Air du temps"
    ],
    "es": [
      "L'Air du temps"
    ]
  },
  "hasBeenCreatedBy": {
    "@id": "https://data.datatourisme.fr/13/a2137a2a-e8e3-3b50-82a3-f8909ecb88fe",
    "dc:identifier": "1065",
    "schema:email": [
      "celine@fontainebleau-tourisme.com",
      "christelle@fontainebleau-tourisme.com",
      "edwige.fontainebleau@gmail.com",
      "emilie@fontainebleau-tourisme.com",
      "lorie@fontainebleau-tourisme.com",
      "magali@fontainebleau-tourisme.com",
      "mathilde@fontainebleau-tourisme.com",
      "stessier.fontainebleautourisme@gmail.com"
    ],
    "schema:legalName": "Fontainebleau Tourisme",
    "@type": [
      "schema:Organization",
      "foaf:Agent",
      "Agent"
    ],
    "foaf:homepage": [
      "http://www.fontainebleau-tourisme.com/"
    ]
  },
  "hasBeenPublishedBy": [
    {
      "@id": "https://data.datatourisme.fr/1db24fc4-b534-39bf-bdaf-152c6f98730e",
      "schema:legalName": "Seine et Marne Attractivité - source : Apidae Tourisme",
      "@type": [
        "schema:Organization",
        "foaf:Agent",
        "Agent"
      ],
      "foaf:homepage": [
        "https://www.apidae-tourisme.com/"
      ]
    }
  ],
  "hasContact": [
    {
      "@id": "https://data.datatourisme.fr/7df33594-e102-35d3-b090-658a44ded229",
      "schema:telephone": [
        "+33 1 60 74 07 48"
      ],
      "@type": [
        "foaf:Agent",
        "Agent"
      ]
    }
  ],
  "hasDescription": [
    {
      "@id": "https://data.datatourisme.fr/81a8aca6-3853-3bac-9743-f919b03fd443",
      "@type": [
        "Description"
      ],
      "hasTranslatedProperty": [
        {
          "@id": "https://data.datatourisme.fr/2e4b63c6-ed23-3b63-932d-6e5856865db7",
          "dc:contributor": [
            "https://api.deepl.com/v2/translate"
          ],
          "rdf:language": [
            "de"
          ],
          "rdf:predicate": [
            "shortDescription"
          ]
        },
        {
          "@id": "https://data.datatourisme.fr/8bcf8787-7942-3fa1-bc30-2a40dbf18c24",
          "dc:contributor": [
            "https://api.deepl.com/v2/translate"
          ],
          "rdf:language": [
            "it"
          ],
          "rdf:predicate": [
            "shortDescription"
          ]
        },
        {
          "@id": "https://data.datatourisme.fr/97701f9f-2953-38e3-98d1-556564bb5937",
          "dc:contributor": [
            "https://api.deepl.com/v2/translate"
          ],
          "rdf:language": [
            "nl"
          ],
          "rdf:predicate": [
            "shortDescription"
          ]
        },
        {
          "@id": "https://data.datatourisme.fr/f70ad6a1-5402-3ae1-a823-9a61c6aca299",
          "dc:contributor": [
            "https://api.deepl.com/v2/translate"
          ],
          "rdf:language": [
            "es"
          ],
          "rdf:predicate": [
            "shortDescription"
          ]
        }
      ],
      "shortDescription": {
        "de": [
          "Dieses in der Fußgängerzone gelegene bistronomische Restaurant mit seiner schönen Südterrasse, die im Winter beheizt und mit Decken ausgestattet ist, bietet eine einfallsreiche Speisekarte, die traditionelle Gerichte mit tagesfrischen Produkten je nach Jahreszeit neu interpretiert."
        ],
        "en": [
          "Located in the pedestrian area, this bistronomic restaurant with its beautiful south-facing terrace (heated and equipped with plaids in winter) offers a cfreative menu revisiting traditional dishes with fresh produce of the day, according to the seasons."
        ],
        "it": [
          "Situato nella zona pedonale, questo ristorante bistronomico con una bella terrazza esposta a sud, riscaldata e attrezzata con plaid in inverno, offre un menu inventivo che rivisita i piatti tradizionali a base di prodotti freschi di giornata, a seconda della stagione."
        ],
        "fr": [
          "Installé dans le quartier piéton, ce restaurant bistronomique à la belle terrasse exposée au sud, chauffée et équipée de plaids l'hiver, propose une carte inventive qui revisite les plats traditionnels à base de produits frais du jour, selon les saisons."
        ],
        "es": [
          "Situado en la zona peatonal, este restaurante bistronómico con una bonita terraza orientada al sur, calefactada y equipada con mantas en invierno, ofrece una carta inventiva que revisa los platos tradicionales a base de productos frescos del día, según la temporada."
        ],
        "nl": [
          "Dit bistronomische restaurant, gelegen in de voetgangerszone, met een prachtig terras op het zuiden, verwarmd en voorzien van plaids in de winter, biedt een inventief menu dat traditionele gerechten herneemt op basis van dagverse producten, afhankelijk van het seizoen."
        ]
      }
    }
  ],
  "hasTranslatedProperty": [
    {
      "@id": "https://data.datatourisme.fr/14538782-2f6b-326b-b801-f780aef64551",
      "dc:contributor": [
        "https://api.deepl.com/v2/translate"
      ],
      "rdf:language": [
        "nl"
      ],
      "rdf:predicate": [
        {
          "@id": "rdfs:comment"
        }
      ]
    },
    {
      "@id": "https://data.datatourisme.fr/2ab7e6b5-afc9-3b98-a9b2-dc1f6973b649",
      "dc:contributor": [
        "https://api.deepl.com/v2/translate"
      ],
      "rdf:language": [
        "it"
      ],
      "rdf:predicate": [
        {
          "@id": "rdfs:comment"
        }
      ]
    },
    {
      "@id": "https://data.datatourisme.fr/3c791476-9e0f-31f5-bfd9-d59f4a9838ff",
      "dc:contributor": [
        "https://api.deepl.com/v2/translate"
      ],
      "rdf:language": [
        "es"
      ],
      "rdf:predicate": [
        {
          "@id": "rdfs:comment"
        }
      ]
    },
    {
      "@id": "https://data.datatourisme.fr/5e3bcd42-bd1d-3d76-b13f-bd5d7e81c637",
      "dc:contributor": [
        "https://api.deepl.com/v2/translate"
      ],
      "rdf:language": [
        "de"
      ],
      "rdf:predicate": [
        {
          "@id": "rdfs:comment"
        }
      ]
    }
  ],
  "isLocatedAt": [
    {
      "@id": "https://data.datatourisme.fr/ec2d219b-1448-3a6c-9d5c-7d6c34ed38f4",
      "schema:address": [
        {
          "@id": "https://data.datatourisme.fr/c5d6d87b-aefc-3e26-9eb4-f71f2bc90a38",
          "schema:addressLocality": "Fontainebleau",
          "schema:postalCode": "77300",
          "schema:streetAddress": [
            "32 rue de France"
          ],
          "@type": [
            "schema:PostalAddress",
            "PostalAddress"
          ],
          "hasAddressCity": {
            "@id": "kb:77186",
            "@type": [
              "City"
            ],
            "rdfs:label": {
              "de": [
                "Fontainebleau"
              ],
              "pt": [
                "Fontainebleau"
              ],
              "en": [
                "Fontainebleau"
              ],
              "it": [
                "Fontainebleau"
              ],
              "fr": [
                "Fontainebleau"
              ],
              "nl": [
                "Fontainebleau"
              ],
              "es": [
                "Fontainebleau"
              ]
            },
            "insee": "77186",
            "isPartOfDepartment": {
              "@id": "kb:France1177",
              "@type": [
                "Department"
              ],
              "rdfs:label": {
                "de": [
                  "Seine-et-Marne"
                ],
                "pt": [
                  "Seine-et-Marne"
                ],
                "en": [
                  "Seine-et-Marne"
                ],
                "it": [
                  "Seine-et-Marne"
                ],
                "fr": [
                  "Seine-et-Marne"
                ],
                "nl": [
                  "Seine-et-Marne"
                ],
                "es": [
                  "Seine-et-Marne"
                ]
              },
              "insee": "77",
              "isPartOfRegion": {
                "@id": "kb:France11",
                "@type": [
                  "Region"
                ],
                "rdfs:label": {
                  "de": [
                    "Île-de-France"
                  ],
                  "pt": [
                    "Île-de-France"
                  ],
                  "en": [
                    "Île-de-France"
                  ],
                  "it": [
                    "Île-de-France"
                  ],
                  "fr": [
                    "Île-de-France"
                  ],
                  "nl": [
                    "Île-de-France"
                  ],
                  "es": [
                    "Île-de-France"
                  ]
                },
                "insee": "11",
                "isPartOfCountry": {
                  "@id": "kb:France",
                  "@type": [
                    "schema:Country"
                  ],
                  "rdfs:label": {
                    "de": [
                      "France",
                      "Frankreich"
                    ],
                    "pt": [
                      "França",
                      "France"
                    ],
                    "en": [
                      "France"
                    ],
                    "it": [
                      "France",
                      "Francia"
                    ],
                    "fr": [
                      "France"
                    ],
                    "nl": [
                      "France",
                      "Frankrijk"
                    ],
                    "es": [
                      "France",
                      "Francia"
                    ]
                  }
                }
              }
            }
          }
        }
      ],
      "schema:geo": {
        "@id": "https://data.datatourisme.fr/48e7bef4-67a4-3ec5-8dab-231b1c7dea19",
        "schema:latitude": "48.404754",
        "schema:longitude": "2.698276",
        "@type": [
          "schema:GeoCoordinates"
        ]
      },
      "schema:openingHoursSpecification": [
        {
          "@id": "https://data.datatourisme.fr/2e45dd31-c339-30d1-a15e-9459b721e967",
          "schema:closes": "23:00:00",
          "schema:opens": "09:00:00",
          "schema:validFrom": "2023-01-01T00:00:00",
          "schema:validThrough": "2023-12-31T23:59:59",
          "@type": [
            "schema:OpeningHoursSpecification"
          ],
          "additionalInformation": {
            "de": [
              "Mittwoch bis Donnerstag: 10:30 - 15:00/17:30-00:00 Uhr\r\nFreitag: 10.30 - 15.00/17.30-01.00 Uhr\r\nSamstag und Sonntag: 10:30 - 01:00 Uhr"
            ],
            "en": [
              "Wednesday to Thursday: 10:30am - 3pm/5:30pm-00am\r\nFriday: 10:30am - 3pm/5:30pm-01am\r\nSaturday and Sunday: 10:30am - 1am"
            ],
            "it": [
              "Da mercoledì a giovedì: 10:30-15:00/5:30-00:00\r\nVenerdì: 10:30-15:00/5:30-01:00\r\nSabato e domenica: 10:30 - 1:00"
            ],
            "fr": [
              "Mercredi au jeudi : 10h30 - 15h/17h30-00h\r\nVendredi: 10h30 - 15h/17h30-01h\r\nSamedi et dimanche : 10h30 - 01h"
            ],
            "nl": [
              "Woensdag tot donderdag: 10:30 - 15u/5:30-00u\r\nVrijdag: 10:30 - 15u/5:30-01u\r\nZaterdag en zondag: 10u30 - 1u00"
            ],
            "es": [
              "De miércoles a jueves: 10:30 - 15:00/5:30-00:00\r\nViernes: 10:30 - 15:00/5:30-01:00\r\nSábado y domingo: 10:30 - 1:00"
            ]
          },
          "hasTranslatedProperty": [
            {
              "@id": "https://data.datatourisme.fr/063e4771-ba89-3b3e-8cc0-2b76c2787b02",
              "dc:contributor": [
                "https://api.deepl.com/v2/translate"
              ],
              "rdf:language": [
                "es"
              ],
              "rdf:predicate": [
                "additionalInformation"
              ]
            },
            {
              "@id": "https://data.datatourisme.fr/2f5702d2-4f12-3f09-b5f3-e7b10a3aa421",
              "dc:contributor": [
                "https://api.deepl.com/v2/translate"
              ],
              "rdf:language": [
                "nl"
              ],
              "rdf:predicate": [
                "additionalInformation"
              ]
            },
            {
              "@id": "https://data.datatourisme.fr/3c34ed0b-0f0d-395a-a790-5c72a09bd8e1",
              "dc:contributor": [
                "https://api.deepl.com/v2/translate"
              ],
              "rdf:language": [
                "en"
              ],
              "rdf:predicate": [
                "additionalInformation"
              ]
            },
            {
              "@id": "https://data.datatourisme.fr/9e4cda44-3ed2-3b87-9fdc-5fac360c5e92",
              "dc:contributor": [
                "https://api.deepl.com/v2/translate"
              ],
              "rdf:language": [
                "de"
              ],
              "rdf:predicate": [
                "additionalInformation"
              ]
            },
            {
              "@id": "https://data.datatourisme.fr/eebb703b-f492-36d8-92e4-363c524ef528",
              "dc:contributor": [
                "https://api.deepl.com/v2/translate"
              ],
              "rdf:language": [
                "it"
              ],
              "rdf:predicate": [
                "additionalInformation"
              ]
            }
          ]
        }
      ],
      "@type": [
        "schema:Place",
        "Place"
      ]
    }
  ],
  "isOwnedBy": [
    {
      "@id": "https://data.datatourisme.fr/916f1cb3-e1a7-3f46-bb52-81cbe36922b0",
      "schema:email": [
        "celine@fontainebleau-tourisme.com",
        "emilie@fontainebleau-tourisme.com",
        "lorie@fontainebleau-tourisme.com",
        "mathilde@fontainebleau-tourisme.com"
      ],
      "schema:legalName": "Office de tourisme du Pays de Fontainebleau",
      "@type": [
        "schema:Organization",
        "foaf:Agent",
        "Agent"
      ],
      "foaf:homepage": [
        "http://www.fontainebleau-tourisme.com/"
      ]
    }
  ],
  "lastUpdate": "2023-02-24",
  "lastUpdateDatatourisme": "2023-02-25T06:40:29.971Z"
}