{
  "@id": "https://data.datatourisme.fr/13/036751f6-7afe-3542-94a0-2b16847f684d",
  "dc:identifier": "5777914",
  "@type": [
    "schema:FoodEstablishment",
    "FoodEstablishment",
    "PlaceOfInterest",
    "PointOfInterest"
  ],
  "rdfs:comment": {
    "de": [
      "französische Küche"
    ],
    "en": [
      "french cuisine"
    ],
    "it": [
      "cucina francese"
    ],
    "fr": [
      "cuisine française"
    ],
    "nl": [
      "franse keuken"
    ],
    "es": [
      "cocina francesa"
    ]
  },
  "rdfs:label": {
    "fr": [
      "Le Salengro"
    ]
  },
  "hasBeenCreatedBy": {
    "@id": "https://data.datatourisme.fr/13/3fb451ca-2e89-33a1-b095-b059d8705b15",
    "dc:identifier": "1522",
    "schema:email": [
      "anicoud@terres-de-seine.fr",
      "anne.perchec@gpseo.fr",
      "contact@terres-de-seine.fr",
      "estelle.rouille@gpseo.fr",
      "fbony@terres-de-seine.fr",
      "hillaryramanank@yahoo.fr",
      "vgateau@terres-de-seine.fr",
      "xcadilhac.oti.gpseo@gmail.com"
    ],
    "schema:legalName": "Communauté Urbaine Grand Paris Seine & Oise",
    "@type": [
      "schema:Organization",
      "foaf:Agent",
      "Agent"
    ],
    "foaf:homepage": [
      "https://www.insectes.org/",
      "https://www.terres-de-seine.fr/"
    ]
  },
  "hasBeenPublishedBy": [
    {
      "@id": "https://data.datatourisme.fr/8a9feb4b-2cbd-3d2c-b507-bd6c6776b23b",
      "schema:legalName": "Apidae Tourisme Scic SA - source : Apidae Tourisme",
      "@type": [
        "schema:Organization",
        "foaf:Agent",
        "Agent"
      ],
      "foaf:homepage": [
        "https://www.apidae-tourisme.com/"
      ]
    }
  ],
  "hasContact": [
    {
      "@id": "https://data.datatourisme.fr/baed02f3-453f-3435-b1fc-a8ca80849d79",
      "schema:email": [
        "fabrice.cnudde@gmail.com"
      ],
      "schema:telephone": [
        "+33 1 30 92 86 30"
      ],
      "@type": [
        "foaf:Agent",
        "Agent"
      ],
      "foaf:homepage": [
        "https://le-salengro.eatbu.com/?lang=fr#map"
      ]
    }
  ],
  "hasDescription": [
    {
      "@id": "https://data.datatourisme.fr/b48b7f7c-11ab-337c-b53b-a5054d1b5a4b",
      "@type": [
        "Description"
      ],
      "hasTranslatedProperty": [
        {
          "@id": "https://data.datatourisme.fr/185d3d8c-b51d-32ff-a177-aa9e06f262ff",
          "dc:contributor": [
            "https://api.deepl.com/v2/translate"
          ],
          "rdf:language": [
            "es"
          ],
          "rdf:predicate": [
            "shortDescription"
          ]
        },
        {
          "@id": "https://data.datatourisme.fr/49bd20c7-eba6-34a8-8702-63502ce9542c",
          "dc:contributor": [
            "https://api.deepl.com/v2/translate"
          ],
          "rdf:language": [
            "it"
          ],
          "rdf:predicate": [
            "shortDescription"
          ]
        },
        {
          "@id": "https://data.datatourisme.fr/6b78e3c9-394c-3bf6-b236-06a54f3f46d6",
          "dc:contributor": [
            "https://api.deepl.com/v2/translate"
          ],
          "rdf:language": [
            "en"
          ],
          "rdf:predicate": [
            "shortDescription"
          ]
        },
        {
          "@id": "https://data.datatourisme.fr/86afc4b8-66ff-3e89-9483-27d7f2c793d9",
          "dc:contributor": [
            "https://api.deepl.com/v2/translate"
          ],
          "rdf:language": [
            "de"
          ],
          "rdf:predicate": [
            "shortDescription"
          ]
        },
        {
          "@id": "https://data.datatourisme.fr/cc9c4c81-1255-3b48-9307-207d5fd87a2b",
          "dc:contributor": [
            "https://api.deepl.com/v2/translate"
          ],
          "rdf:language": [
            "nl"
          ],
          "rdf:predicate": [
            "shortDescription"
          ]
        }
      ],
      "shortDescription": {
        "de": [
          "französische Küche"
        ],
        "en": [
          "french cuisine"
        ],
        "it": [
          "cucina francese"
        ],
        "fr": [
          "cuisine française"
        ],
        "nl": [
          "franse keuken"
        ],
        "es": [
          "cocina francesa"
        ]
      }
    }
  ],
  "hasTranslatedProperty": [
    {
      "@id": "https://data.datatourisme.fr/0abe39e9-329b-3281-910e-555039b539f3",
      "dc:contributor": [
        "https://api.deepl.com/v2/translate"
      ],
      "rdf:language": [
        "nl"
      ],
      "rdf:predicate": [
        {
          "@id": "rdfs:comment"
        }
      ]
    },
    {
      "@id": "https://data.datatourisme.fr/0f8d9abc-ae42-3250-ac82-3b80be2d2c32",
      "dc:contributor": [
        "https://api.deepl.com/v2/translate"
      ],
      "rdf:language": [
        "de"
      ],
      "rdf:predicate": [
        {
          "@id": "rdfs:comment"
        }
      ]
    },
    {
      "@id": "https://data.datatourisme.fr/1fd3b7d5-20ac-361c-8540-0505ca8bf9c0",
      "dc:contributor": [
        "https://api.deepl.com/v2/translate"
      ],
      "rdf:language": [
        "it"
      ],
      "rdf:predicate": [
        {
          "@id": "rdfs:comment"
        }
      ]
    },
    {
      "@id": "https://data.datatourisme.fr/7b180161-c8f7-34e1-b3a1-49023d68502b",
      "dc:contributor": [
        "https://api.deepl.com/v2/translate"
      ],
      "rdf:language": [
        "en"
      ],
      "rdf:predicate": [
        {
          "@id": "rdfs:comment"
        }
      ]
    },
    {
      "@id": "https://data.datatourisme.fr/b89fe9e7-2b72-39a7-9269-0e2480ab79e8",
      "dc:contributor": [
        "https://api.deepl.com/v2/translate"
      ],
      "rdf:language": [
        "es"
      ],
      "rdf:predicate": [
        {
          "@id": "rdfs:comment"
        }
      ]
    }
  ],
  "isLocatedAt": [
    {
      "@id": "https://data.datatourisme.fr/5a5b2987-6430-34ef-9fbb-d2e82f0e5077",
      "schema:address": [
        {
          "@id": "https://data.datatourisme.fr/9028bb5b-d7c8-31fb-8999-8efd086a1819",
          "schema:addressLocality": "Mantes-la-Ville",
          "schema:postalCode": "78200",
          "schema:streetAddress": [
            "59 boulevard roger salengro"
          ],
          "@type": [
            "schema:PostalAddress",
            "PostalAddress"
          ],
          "hasAddressCity": {
            "@id": "kb:78362",
            "@type": [
              "City"
            ],
            "rdfs:label": {
              "de": [
                "Mantes-la-Ville"
              ],
              "pt": [
                "Mantes-la-Ville"
              ],
              "en": [
                "Mantes-la-Ville"
              ],
              "it": [
                "Mantes-la-Ville"
              ],
              "fr": [
                "Mantes-la-Ville"
              ],
              "nl": [
                "Mantes-la-Ville"
              ],
              "es": [
                "Mantes-la-Ville"
              ]
            },
            "insee": "78362",
            "isPartOfDepartment": {
              "@id": "kb:France1178",
              "@type": [
                "Department"
              ],
              "rdfs:label": {
                "de": [
                  "Yvelines"
                ],
                "pt": [
                  "Yvelines"
                ],
                "en": [
                  "Yvelines"
                ],
                "it": [
                  "Yvelines"
                ],
                "fr": [
                  "Yvelines"
                ],
                "nl": [
                  "Yvelines"
                ],
                "es": [
                  "Yvelines"
                ]
              },
              "insee": "78",
              "isPartOfRegion": {
                "@id": "kb:France11",
                "@type": [
                  "Region"
                ],
                "rdfs:label": {
                  "de": [
                    "Île-de-France"
                  ],
                  "pt": [
                    "Île-de-France"
                  ],
                  "en": [
                    "Île-de-France"
                  ],
                  "it": [
                    "Île-de-France"
                  ],
                  "fr": [
                    "Île-de-France"
                  ],
                  "nl": [
                    "Île-de-France"
                  ],
                  "es": [
                    "Île-de-France"
                  ]
                },
                "insee": "11",
                "isPartOfCountry": {
                  "@id": "kb:France",
                  "@type": [
                    "schema:Country"
                  ],
                  "rdfs:label": {
                    "de": [
                      "France",
                      "Frankreich"
                    ],
                    "pt": [
                      "França",
                      "France"
                    ],
                    "en": [
                      "France"
                    ],
                    "it": [
                      "France",
                      "Francia"
                    ],
                    "fr": [
                      "France"
                    ],
                    "nl": [
                      "France",
                      "Frankrijk"
                    ],
                    "es": [
                      "France",
                      "Francia"
                    ]
                  }
                }
              }
            }
          }
        }
      ],
      "schema:geo": {
        "@id": "https://data.datatourisme.fr/b0ec091c-19df-34ef-85a6-22bc013d487c",
        "schema:latitude": "48.984873",
        "schema:longitude": "1.703413",
        "@type": [
          "schema:GeoCoordinates"
        ]
      },
      "schema:openingHoursSpecification": [
        {
          "@id": "https://data.datatourisme.fr/f87e535a-636d-3343-ad63-8a03392e7511",
          "schema:validFrom": "2023-01-01T00:00:00",
          "schema:validThrough": "2023-12-31T23:59:59",
          "@type": [
            "schema:OpeningHoursSpecification"
          ]
        }
      ],
      "@type": [
        "schema:Place",
        "Place"
      ]
    }
  ],
  "isOwnedBy": [
    {
      "@id": "https://data.datatourisme.fr/44eacd0d-f255-38e9-b0f2-4a31202fdb58",
      "schema:email": [
        "anicoud@terres-de-seine.fr",
        "anne.perchec@gpseo.fr",
        "contact@terres-de-seine.fr",
        "estelle.rouille@gpseo.fr",
        "fbony@terres-de-seine.fr",
        "hillaryramanank@yahoo.fr",
        "vgateau@terres-de-seine.fr",
        "xcadilhac.oti.gpseo@gmail.com"
      ],
      "schema:legalName": "Communauté Urbaine Grand Paris Seine & Oise",
      "@type": [
        "schema:Organization",
        "foaf:Agent",
        "Agent"
      ],
      "foaf:homepage": [
        "https://www.insectes.org/"
      ]
    }
  ],
  "lastUpdate": "2022-05-07",
  "lastUpdateDatatourisme": "2023-02-01T18:07:36.249Z"
}