{
  "@id": "https://data.datatourisme.fr/13/031b443e-a46f-3e9c-888a-41628c011482",
  "dc:identifier": "4808411",
  "@type": [
    "schema:FoodEstablishment",
    "FoodEstablishment",
    "PlaceOfInterest",
    "PointOfInterest"
  ],
  "rdfs:comment": {
    "de": [
      "Mit Leidenschaft und Motivation werden wir Sie durch unser Restaurant führen."
    ],
    "en": [
      "It is with passion and motivation that we shall make you discover our restaurant."
    ],
    "it": [
      "È con passione e motivazione che vi faremo scoprire il nostro ristorante."
    ],
    "fr": [
      "C'est avec passion et motivation que nous vous ferons découvrir notre restaurant."
    ],
    "nl": [
      "Met passie en motivatie laten wij u ons restaurant ontdekken."
    ],
    "es": [
      "Es con pasión y motivación que le haremos descubrir nuestro restaurante."
    ]
  },
  "rdfs:label": {
    "fr": [
      "L'atelier"
    ]
  },
  "hasBeenCreatedBy": {
    "@id": "https://data.datatourisme.fr/13/bc573864-331a-3e42-a451-1de6f678aa83",
    "dc:identifier": "1626",
    "schema:email": [
      "abernard@ot-cergypontoise.fr",
      "accueil@ot-cergypontoise.fr",
      "cherault@ot-cergypontoise.fr",
      "cpagnoux@ot-cergypontoise.fr",
      "cpratte@ot-cergypontoise.fr",
      "mcassort@ot-cergypontoise.fr",
      "mfrancois@ot-cergypontoise.fr",
      "mroux@ot-cergypontoise.fr",
      "vvergneaux@ot-cergypontoise.fr"
    ],
    "schema:legalName": "Office de Tourisme de Cergy-Pontoise - Porte du Vexin",
    "@type": [
      "schema:Organization",
      "foaf:Agent",
      "Agent"
    ],
    "foaf:homepage": [
      "http://www.ot-cergypontoise.fr/"
    ]
  },
  "hasBeenPublishedBy": [
    {
      "@id": "https://data.datatourisme.fr/8a9feb4b-2cbd-3d2c-b507-bd6c6776b23b",
      "schema:legalName": "Apidae Tourisme Scic SA - source : Apidae Tourisme",
      "@type": [
        "schema:Organization",
        "foaf:Agent",
        "Agent"
      ],
      "foaf:homepage": [
        "https://www.apidae-tourisme.com/"
      ]
    }
  ],
  "hasContact": [
    {
      "@id": "https://data.datatourisme.fr/cacc47e9-b16b-35f3-a63d-f1601a18c808",
      "schema:email": [
        "latelier.cergy@gmail.com"
      ],
      "schema:telephone": [
        "+33 1 34 24 23 31"
      ],
      "@type": [
        "foaf:Agent",
        "Agent"
      ],
      "foaf:homepage": [
        "http://www.latelier-cergy.com/"
      ]
    }
  ],
  "hasDescription": [
    {
      "@id": "https://data.datatourisme.fr/95f28e0e-93e9-3404-b558-efcbaba56714",
      "@type": [
        "Description"
      ],
      "hasTranslatedProperty": [
        {
          "@id": "https://data.datatourisme.fr/06aeb37c-b82b-3c13-ab46-4dce62288965",
          "dc:contributor": [
            "https://api.deepl.com/v2/translate"
          ],
          "rdf:language": [
            "de"
          ],
          "rdf:predicate": [
            "shortDescription"
          ]
        },
        {
          "@id": "https://data.datatourisme.fr/1f9bb64f-494e-3827-91ad-0cfa8cc6a424",
          "dc:contributor": [
            "https://api.deepl.com/v2/translate"
          ],
          "rdf:language": [
            "it"
          ],
          "rdf:predicate": [
            "shortDescription"
          ]
        },
        {
          "@id": "https://data.datatourisme.fr/3d96c541-d646-39cb-af58-3136dcb79d2c",
          "dc:contributor": [
            "https://api.deepl.com/v2/translate"
          ],
          "rdf:language": [
            "es"
          ],
          "rdf:predicate": [
            "shortDescription"
          ]
        },
        {
          "@id": "https://data.datatourisme.fr/e147d9f1-7c52-3320-84f3-b3018c0cabf7",
          "dc:contributor": [
            "https://api.deepl.com/v2/translate"
          ],
          "rdf:language": [
            "nl"
          ],
          "rdf:predicate": [
            "shortDescription"
          ]
        }
      ],
      "shortDescription": {
        "de": [
          "Mit Leidenschaft und Motivation werden wir Sie durch unser Restaurant führen."
        ],
        "en": [
          "It is with passion and motivation that we shall make you discover our restaurant."
        ],
        "it": [
          "È con passione e motivazione che vi faremo scoprire il nostro ristorante."
        ],
        "fr": [
          "C'est avec passion et motivation que nous vous ferons découvrir notre restaurant."
        ],
        "nl": [
          "Met passie en motivatie laten wij u ons restaurant ontdekken."
        ],
        "es": [
          "Es con pasión y motivación que le haremos descubrir nuestro restaurante."
        ]
      }
    }
  ],
  "hasTranslatedProperty": [
    {
      "@id": "https://data.datatourisme.fr/28c1667b-2c99-3de4-a2ba-1396e73d166c",
      "dc:contributor": [
        "https://api.deepl.com/v2/translate"
      ],
      "rdf:language": [
        "es"
      ],
      "rdf:predicate": [
        {
          "@id": "rdfs:comment"
        }
      ]
    },
    {
      "@id": "https://data.datatourisme.fr/890af2d7-0d91-3da5-961c-9997de1f5295",
      "dc:contributor": [
        "https://api.deepl.com/v2/translate"
      ],
      "rdf:language": [
        "de"
      ],
      "rdf:predicate": [
        {
          "@id": "rdfs:comment"
        }
      ]
    },
    {
      "@id": "https://data.datatourisme.fr/928b9365-c9b2-3f06-9450-86afe998db6a",
      "dc:contributor": [
        "https://api.deepl.com/v2/translate"
      ],
      "rdf:language": [
        "nl"
      ],
      "rdf:predicate": [
        {
          "@id": "rdfs:comment"
        }
      ]
    },
    {
      "@id": "https://data.datatourisme.fr/f4eee246-cfbd-3b06-a89d-57795b8153a8",
      "dc:contributor": [
        "https://api.deepl.com/v2/translate"
      ],
      "rdf:language": [
        "it"
      ],
      "rdf:predicate": [
        {
          "@id": "rdfs:comment"
        }
      ]
    }
  ],
  "isLocatedAt": [
    {
      "@id": "https://data.datatourisme.fr/afdb0f9e-cc99-3d82-b495-075b378f5a3e",
      "schema:address": [
        {
          "@id": "https://data.datatourisme.fr/02501c0d-3808-3037-8e88-56141a768ba8",
          "schema:addressLocality": "Cergy",
          "schema:postalCode": "95000",
          "schema:streetAddress": [
            "8/10 avenue Bernard Hirsch"
          ],
          "@type": [
            "schema:PostalAddress",
            "PostalAddress"
          ],
          "hasAddressCity": {
            "@id": "kb:95127",
            "@type": [
              "City"
            ],
            "rdfs:label": {
              "de": [
                "Cergy"
              ],
              "pt": [
                "Cergy"
              ],
              "en": [
                "Cergy"
              ],
              "it": [
                "Cergy"
              ],
              "fr": [
                "Cergy"
              ],
              "nl": [
                "Cergy"
              ],
              "es": [
                "Cergy"
              ]
            },
            "insee": "95127",
            "isPartOfDepartment": {
              "@id": "kb:France1195",
              "@type": [
                "Department"
              ],
              "rdfs:label": {
                "de": [
                  "Val-d'Oise"
                ],
                "pt": [
                  "Val-d'Oise"
                ],
                "en": [
                  "Val-d'Oise"
                ],
                "it": [
                  "Val-d'Oise"
                ],
                "fr": [
                  "Val-d'Oise"
                ],
                "nl": [
                  "Val-d'Oise"
                ],
                "es": [
                  "Val-d'Oise"
                ]
              },
              "insee": "95",
              "isPartOfRegion": {
                "@id": "kb:France11",
                "@type": [
                  "Region"
                ],
                "rdfs:label": {
                  "de": [
                    "Île-de-France"
                  ],
                  "pt": [
                    "Île-de-France"
                  ],
                  "en": [
                    "Île-de-France"
                  ],
                  "it": [
                    "Île-de-France"
                  ],
                  "fr": [
                    "Île-de-France"
                  ],
                  "nl": [
                    "Île-de-France"
                  ],
                  "es": [
                    "Île-de-France"
                  ]
                },
                "insee": "11",
                "isPartOfCountry": {
                  "@id": "kb:France",
                  "@type": [
                    "schema:Country"
                  ],
                  "rdfs:label": {
                    "de": [
                      "France",
                      "Frankreich"
                    ],
                    "pt": [
                      "França",
                      "France"
                    ],
                    "en": [
                      "France"
                    ],
                    "it": [
                      "France",
                      "Francia"
                    ],
                    "fr": [
                      "France"
                    ],
                    "nl": [
                      "France",
                      "Frankrijk"
                    ],
                    "es": [
                      "France",
                      "Francia"
                    ]
                  }
                }
              }
            }
          }
        }
      ],
      "schema:geo": {
        "@id": "https://data.datatourisme.fr/3586291e-c77a-33cf-9459-e9bdd947cc76",
        "schema:latitude": "49.034415",
        "schema:longitude": "2.078582",
        "@type": [
          "schema:GeoCoordinates"
        ]
      },
      "schema:openingHoursSpecification": [
        {
          "@id": "https://data.datatourisme.fr/f87e535a-636d-3343-ad63-8a03392e7511",
          "schema:validFrom": "2023-01-01T00:00:00",
          "schema:validThrough": "2023-12-31T23:59:59",
          "@type": [
            "schema:OpeningHoursSpecification"
          ]
        }
      ],
      "@type": [
        "schema:Place",
        "Place"
      ]
    }
  ],
  "isOwnedBy": [
    {
      "@id": "https://data.datatourisme.fr/38525452-e91f-39bb-947a-49cf6c966b75",
      "schema:email": [
        "abernard@ot-cergypontoise.fr",
        "accueil@ot-cergypontoise.fr",
        "cherault@ot-cergypontoise.fr",
        "cpagnoux@ot-cergypontoise.fr",
        "cpratte@ot-cergypontoise.fr",
        "mcassort@ot-cergypontoise.fr",
        "mfrancois@ot-cergypontoise.fr",
        "mroux@ot-cergypontoise.fr",
        "vvergneaux@ot-cergypontoise.fr"
      ],
      "schema:legalName": "Office de Tourisme de Cergy-Pontoise - Porte du Vexin",
      "@type": [
        "schema:Organization",
        "foaf:Agent",
        "Agent"
      ],
      "foaf:homepage": [
        "http://www.ot-cergypontoise.fr/"
      ]
    }
  ],
  "lastUpdate": "2022-06-16",
  "lastUpdateDatatourisme": "2023-02-01T18:07:35.78Z"
}