{
  "@id": "https://data.datatourisme.fr/13/144f88e0-7523-3567-8e1f-7b0b4291b54c",
  "dc:identifier": "4729856",
  "@type": [
    "schema:LocalBusiness",
    "PlaceOfInterest",
    "PointOfInterest",
    "TastingProvider"
  ],
  "rdfs:comment": {
    "de": [
      "Als Landwirte stellen sich Isabelle Dugray und Alain Feijan jeden Tag der Herausforderung eines überschaubaren, biologischen Gemüseanbaus, der Mensch und Umwelt respektiert."
    ],
    "en": [
      "As farmers, Isabelle Dugray and Alain Feijan take up every day the challenge of an organic market gardening of human size, respectful of man and environment."
    ],
    "it": [
      "Come agricoltori, Isabelle Dugray e Alain Feijan affrontano ogni giorno la sfida dell'orticoltura biologica a misura d'uomo, nel rispetto delle persone e dell'ambiente."
    ],
    "fr": [
      "En qualité d'exploitants agricoles, Isabelle Dugray et Alain Feijan relèvent chaque jour le défi d'une culture maraîchère biologique de taille humaine, respectueuse de l'homme et de l'environnement."
    ],
    "es": [
      "Como agricultores, Isabelle Dugray y Alain Feijan asumen cada día el reto de la horticultura ecológica a escala humana, respetuosa con las personas y el medio ambiente."
    ],
    "nl": [
      "Als landbouwers gaan Isabelle Dugray en Alain Feijan elke dag de uitdaging aan van biologisch tuinieren op menselijke schaal, met respect voor mens en milieu."
    ]
  },
  "rdfs:label": {
    "fr": [
      "Le potager San Martinois"
    ]
  },
  "hasBeenCreatedBy": {
    "@id": "https://data.datatourisme.fr/13/a2137a2a-e8e3-3b50-82a3-f8909ecb88fe",
    "dc:identifier": "1065",
    "schema:email": [
      "celine@fontainebleau-tourisme.com",
      "christelle@fontainebleau-tourisme.com",
      "edwige.fontainebleau@gmail.com",
      "emilie@fontainebleau-tourisme.com",
      "lorie@fontainebleau-tourisme.com",
      "magali@fontainebleau-tourisme.com",
      "mathilde@fontainebleau-tourisme.com",
      "stessier.fontainebleautourisme@gmail.com"
    ],
    "schema:legalName": "Fontainebleau Tourisme",
    "@type": [
      "schema:Organization",
      "foaf:Agent",
      "Agent"
    ],
    "foaf:homepage": [
      "http://www.fontainebleau-tourisme.com/"
    ]
  },
  "hasBeenPublishedBy": [
    {
      "@id": "https://data.datatourisme.fr/1db24fc4-b534-39bf-bdaf-152c6f98730e",
      "schema:legalName": "Seine et Marne Attractivité - source : Apidae Tourisme",
      "@type": [
        "schema:Organization",
        "foaf:Agent",
        "Agent"
      ],
      "foaf:homepage": [
        "https://www.apidae-tourisme.com/"
      ]
    }
  ],
  "hasContact": [
    {
      "@id": "https://data.datatourisme.fr/f1513fb4-7762-3575-aeea-5538b2051273",
      "schema:email": [
        "feijan.alain@gmail.com"
      ],
      "schema:telephone": [
        "+33 1 60 69 20 76"
      ],
      "@type": [
        "foaf:Agent",
        "Agent"
      ],
      "foaf:homepage": [
        "http://www.parc-gatinais-francais.fr/producteurs/le-potager-san-martinois/"
      ]
    }
  ],
  "hasDescription": [
    {
      "@id": "https://data.datatourisme.fr/7499c059-bc81-3349-a489-ddad9ca62890",
      "@type": [
        "Description"
      ],
      "hasTranslatedProperty": [
        {
          "@id": "https://data.datatourisme.fr/06bfa6b3-38b6-3579-a5b9-e1d1f2f8713b",
          "dc:contributor": [
            "https://api.deepl.com/v2/translate"
          ],
          "rdf:language": [
            "nl"
          ],
          "rdf:predicate": [
            "shortDescription"
          ]
        },
        {
          "@id": "https://data.datatourisme.fr/3b514961-1198-3317-80c7-048938212e03",
          "dc:contributor": [
            "https://api.deepl.com/v2/translate"
          ],
          "rdf:language": [
            "es"
          ],
          "rdf:predicate": [
            "shortDescription"
          ]
        },
        {
          "@id": "https://data.datatourisme.fr/48f603fa-9b05-32ff-bb89-64783b162ecc",
          "dc:contributor": [
            "https://api.deepl.com/v2/translate"
          ],
          "rdf:language": [
            "de"
          ],
          "rdf:predicate": [
            "shortDescription"
          ]
        },
        {
          "@id": "https://data.datatourisme.fr/7d4ac420-1c1c-3cac-8fba-8c3ce7b4e0c5",
          "dc:contributor": [
            "https://api.deepl.com/v2/translate"
          ],
          "rdf:language": [
            "en"
          ],
          "rdf:predicate": [
            "shortDescription"
          ]
        },
        {
          "@id": "https://data.datatourisme.fr/bd151b34-c962-3cd1-aa04-e56fc98c0b12",
          "dc:contributor": [
            "https://api.deepl.com/v2/translate"
          ],
          "rdf:language": [
            "it"
          ],
          "rdf:predicate": [
            "shortDescription"
          ]
        }
      ],
      "shortDescription": {
        "de": [
          "Als Landwirte stellen sich Isabelle Dugray und Alain Feijan jeden Tag der Herausforderung eines überschaubaren, biologischen Gemüseanbaus, der Mensch und Umwelt respektiert."
        ],
        "en": [
          "As farmers, Isabelle Dugray and Alain Feijan take up every day the challenge of an organic market gardening of human size, respectful of man and environment."
        ],
        "it": [
          "Come agricoltori, Isabelle Dugray e Alain Feijan affrontano ogni giorno la sfida dell'orticoltura biologica a misura d'uomo, nel rispetto delle persone e dell'ambiente."
        ],
        "fr": [
          "En qualité d'exploitants agricoles, Isabelle Dugray et Alain Feijan relèvent chaque jour le défi d'une culture maraîchère biologique de taille humaine, respectueuse de l'homme et de l'environnement."
        ],
        "es": [
          "Como agricultores, Isabelle Dugray y Alain Feijan asumen cada día el reto de la horticultura ecológica a escala humana, respetuosa con las personas y el medio ambiente."
        ],
        "nl": [
          "Als landbouwers gaan Isabelle Dugray en Alain Feijan elke dag de uitdaging aan van biologisch tuinieren op menselijke schaal, met respect voor mens en milieu."
        ]
      }
    }
  ],
  "hasTranslatedProperty": [
    {
      "@id": "https://data.datatourisme.fr/00b3d090-a42c-3280-9997-b0ceedf2c296",
      "dc:contributor": [
        "https://api.deepl.com/v2/translate"
      ],
      "rdf:language": [
        "de"
      ],
      "rdf:predicate": [
        {
          "@id": "rdfs:comment"
        }
      ]
    },
    {
      "@id": "https://data.datatourisme.fr/38aef727-2c80-3dc1-82b9-4e9c5439df55",
      "dc:contributor": [
        "https://api.deepl.com/v2/translate"
      ],
      "rdf:language": [
        "it"
      ],
      "rdf:predicate": [
        {
          "@id": "rdfs:comment"
        }
      ]
    },
    {
      "@id": "https://data.datatourisme.fr/3fbc8821-a0be-3673-b2d5-0092fa467cb7",
      "dc:contributor": [
        "https://api.deepl.com/v2/translate"
      ],
      "rdf:language": [
        "nl"
      ],
      "rdf:predicate": [
        {
          "@id": "rdfs:comment"
        }
      ]
    },
    {
      "@id": "https://data.datatourisme.fr/c1ec26cb-5347-3569-b427-e1438cd28dc5",
      "dc:contributor": [
        "https://api.deepl.com/v2/translate"
      ],
      "rdf:language": [
        "es"
      ],
      "rdf:predicate": [
        {
          "@id": "rdfs:comment"
        }
      ]
    },
    {
      "@id": "https://data.datatourisme.fr/d62f110c-fc9d-330d-a783-08564aa7264f",
      "dc:contributor": [
        "https://api.deepl.com/v2/translate"
      ],
      "rdf:language": [
        "en"
      ],
      "rdf:predicate": [
        {
          "@id": "rdfs:comment"
        }
      ]
    }
  ],
  "isLocatedAt": [
    {
      "@id": "https://data.datatourisme.fr/135c97fd-8bf2-366e-b9f5-20e37dc9a725",
      "schema:address": [
        {
          "@id": "https://data.datatourisme.fr/c1777bd7-19af-35f4-8388-96d6e5d85a7d",
          "schema:addressLocality": "Saint-Martin-en-Bière",
          "schema:postalCode": "77630",
          "schema:streetAddress": [
            "62 rue des longues raies"
          ],
          "@type": [
            "schema:PostalAddress",
            "PostalAddress"
          ],
          "hasAddressCity": {
            "@id": "kb:77425",
            "@type": [
              "City"
            ],
            "rdfs:label": {
              "de": [
                "Saint-Martin-en-Bière"
              ],
              "pt": [
                "Saint-Martin-en-Bière"
              ],
              "en": [
                "Saint-Martin-en-Bière"
              ],
              "it": [
                "Saint-Martin-en-Bière"
              ],
              "fr": [
                "Saint-Martin-en-Bière"
              ],
              "nl": [
                "Saint-Martin-en-Bière"
              ],
              "es": [
                "Saint-Martin-en-Bière"
              ]
            },
            "insee": "77425",
            "isPartOfDepartment": {
              "@id": "kb:France1177",
              "@type": [
                "Department"
              ],
              "rdfs:label": {
                "de": [
                  "Seine-et-Marne"
                ],
                "pt": [
                  "Seine-et-Marne"
                ],
                "en": [
                  "Seine-et-Marne"
                ],
                "it": [
                  "Seine-et-Marne"
                ],
                "fr": [
                  "Seine-et-Marne"
                ],
                "nl": [
                  "Seine-et-Marne"
                ],
                "es": [
                  "Seine-et-Marne"
                ]
              },
              "insee": "77",
              "isPartOfRegion": {
                "@id": "kb:France11",
                "@type": [
                  "Region"
                ],
                "rdfs:label": {
                  "de": [
                    "Île-de-France"
                  ],
                  "pt": [
                    "Île-de-France"
                  ],
                  "en": [
                    "Île-de-France"
                  ],
                  "it": [
                    "Île-de-France"
                  ],
                  "fr": [
                    "Île-de-France"
                  ],
                  "nl": [
                    "Île-de-France"
                  ],
                  "es": [
                    "Île-de-France"
                  ]
                },
                "insee": "11",
                "isPartOfCountry": {
                  "@id": "kb:France",
                  "@type": [
                    "schema:Country"
                  ],
                  "rdfs:label": {
                    "de": [
                      "France",
                      "Frankreich"
                    ],
                    "pt": [
                      "França",
                      "France"
                    ],
                    "en": [
                      "France"
                    ],
                    "it": [
                      "France",
                      "Francia"
                    ],
                    "fr": [
                      "France"
                    ],
                    "nl": [
                      "France",
                      "Frankrijk"
                    ],
                    "es": [
                      "France",
                      "Francia"
                    ]
                  }
                }
              }
            }
          }
        }
      ],
      "schema:geo": {
        "@id": "https://data.datatourisme.fr/bfd90651-154a-35be-9f90-2b98325e93cd",
        "schema:latitude": "48.427728",
        "schema:longitude": "2.580812",
        "@type": [
          "schema:GeoCoordinates"
        ]
      },
      "schema:openingHoursSpecification": [
        {
          "@id": "https://data.datatourisme.fr/9619257f-f8b4-3823-8037-670d5b2c7a40",
          "schema:validFrom": "2023-05-01T00:00:00",
          "schema:validThrough": "2023-12-31T23:59:59",
          "@type": [
            "schema:OpeningHoursSpecification"
          ],
          "additionalInformation": {
            "de": [
              "Verkauf vor Ort :\r\nFreitag 16:00 bis 18:30 Uhr\r\nSamstag: 9.30 bis 12 Uhr"
            ],
            "en": [
              "Sale on site :\r\nFriday 4:00 pm to 6:30 pm\r\nSaturday : 9:30am to 12pm"
            ],
            "it": [
              "Vendita in loco :\r\nVenerdì dalle 16.00 alle 18.30\r\nSabato: dalle 9.30 alle 12.00"
            ],
            "fr": [
              "Vente sur place :\r\nVendredi 16h à 18h30\r\nSamedi : 9h30 à 12h"
            ],
            "nl": [
              "Verkoop ter plaatse :\r\nVrijdag 16.00 tot 18.30 uur\r\nZaterdag: 9.30u tot 12u"
            ],
            "es": [
              "Venta in situ :\r\nViernes de 16:00 a 18:30\r\nSábado: de 9h30 a 12h00"
            ]
          },
          "hasTranslatedProperty": [
            {
              "@id": "https://data.datatourisme.fr/965cfaa8-b537-3895-a007-3480ae2bef4b",
              "dc:contributor": [
                "https://api.deepl.com/v2/translate"
              ],
              "rdf:language": [
                "de"
              ],
              "rdf:predicate": [
                "additionalInformation"
              ]
            },
            {
              "@id": "https://data.datatourisme.fr/a35acb8c-ecdd-37cc-ae2e-947236684702",
              "dc:contributor": [
                "https://api.deepl.com/v2/translate"
              ],
              "rdf:language": [
                "it"
              ],
              "rdf:predicate": [
                "additionalInformation"
              ]
            },
            {
              "@id": "https://data.datatourisme.fr/bc6c8c83-53ae-330a-8996-7ba45455ff97",
              "dc:contributor": [
                "https://api.deepl.com/v2/translate"
              ],
              "rdf:language": [
                "en"
              ],
              "rdf:predicate": [
                "additionalInformation"
              ]
            },
            {
              "@id": "https://data.datatourisme.fr/cf7b3b0c-7168-30ab-bfcb-e2cbbf23fc45",
              "dc:contributor": [
                "https://api.deepl.com/v2/translate"
              ],
              "rdf:language": [
                "es"
              ],
              "rdf:predicate": [
                "additionalInformation"
              ]
            },
            {
              "@id": "https://data.datatourisme.fr/d09df2a8-17f1-36d6-b8c4-3a16d7344f9a",
              "dc:contributor": [
                "https://api.deepl.com/v2/translate"
              ],
              "rdf:language": [
                "nl"
              ],
              "rdf:predicate": [
                "additionalInformation"
              ]
            }
          ]
        }
      ],
      "@type": [
        "schema:Place",
        "Place"
      ]
    }
  ],
  "isOwnedBy": [
    {
      "@id": "https://data.datatourisme.fr/916f1cb3-e1a7-3f46-bb52-81cbe36922b0",
      "schema:email": [
        "celine@fontainebleau-tourisme.com",
        "emilie@fontainebleau-tourisme.com",
        "lorie@fontainebleau-tourisme.com",
        "mathilde@fontainebleau-tourisme.com"
      ],
      "schema:legalName": "Office de tourisme du Pays de Fontainebleau",
      "@type": [
        "schema:Organization",
        "foaf:Agent",
        "Agent"
      ],
      "foaf:homepage": [
        "http://www.fontainebleau-tourisme.com/"
      ]
    }
  ],
  "lastUpdate": "2023-02-17",
  "lastUpdateDatatourisme": "2023-02-18T06:40:17.504Z"
}