{
  "@id": "https://data.datatourisme.fr/13/144ebfc6-b1f8-3966-9f30-659310ed8349",
  "dc:identifier": "5727798",
  "@type": [
    "schema:Product",
    "NonHousingRealEstateRental",
    "PlaceOfInterest",
    "PointOfInterest",
    "Product",
    "Rental",
    "SportsAndLeisurePlace"
  ],
  "rdfs:comment": {
    "de": [
      "Hotel-Restaurant in der Kleinstadt Epône, nahe der A 13, in ruhiger Lage, 2 Seminarräume. Angenehmer und geselliger Rahmen, das ebenerdige Gebäude ist um einen Innengarten herum angeordnet."
    ],
    "en": [
      "Hotel restaurant in the small town of Epône, near the A 13, quiet, 2 seminar rooms. Pleasant and convivial setting, the establishment on the ground floor is organized around an interior garden."
    ],
    "it": [
      "Hotel ristorante nella cittadina di Epône, vicino alla A13, in posizione tranquilla, 2 sale per seminari. Ambiente piacevole e accogliente, la struttura si sviluppa su un unico livello ed è organizzata intorno a un giardino interno."
    ],
    "fr": [
      "Hôtel restaurant de la petite ville d'Epône, proche de l'A 13, au calme, 2 salles de séminaire. Cadre agréable et convivial, l'établissement de plein pied s'organise autour d'un jardin intérieur."
    ],
    "nl": [
      "Rustig gelegen hotel-restaurant in het stadje Epône, vlakbij de A13, met 2 zalen voor seminars. Aangename en vriendelijke omgeving, het hotel is gebouwd op één niveau en is georganiseerd rond een binnentuin."
    ],
    "es": [
      "Hotel restaurante en la pequeña ciudad de Epône, cerca de la A13, en un lugar tranquilo, 2 salas de seminarios. Entorno agradable y acogedor, el establecimiento está construido en una sola planta y se organiza en torno a un jardín interior."
    ]
  },
  "rdfs:label": {
    "fr": [
      "Les jardins d'Epone : salle de réception"
    ]
  },
  "hasBeenCreatedBy": {
    "@id": "https://data.datatourisme.fr/13/3fb451ca-2e89-33a1-b095-b059d8705b15",
    "dc:identifier": "1522",
    "schema:email": [
      "anicoud@terres-de-seine.fr",
      "anne.perchec@gpseo.fr",
      "contact@terres-de-seine.fr",
      "estelle.rouille@gpseo.fr",
      "fbony@terres-de-seine.fr",
      "hillaryramanank@yahoo.fr",
      "vgateau@terres-de-seine.fr",
      "xcadilhac.oti.gpseo@gmail.com"
    ],
    "schema:legalName": "Communauté Urbaine Grand Paris Seine & Oise",
    "@type": [
      "schema:Organization",
      "foaf:Agent",
      "Agent"
    ],
    "foaf:homepage": [
      "https://www.insectes.org/",
      "https://www.terres-de-seine.fr/"
    ]
  },
  "hasBeenPublishedBy": [
    {
      "@id": "https://data.datatourisme.fr/8a9feb4b-2cbd-3d2c-b507-bd6c6776b23b",
      "schema:legalName": "Apidae Tourisme Scic SA - source : Apidae Tourisme",
      "@type": [
        "schema:Organization",
        "foaf:Agent",
        "Agent"
      ],
      "foaf:homepage": [
        "https://www.apidae-tourisme.com/"
      ]
    }
  ],
  "hasContact": [
    {
      "@id": "https://data.datatourisme.fr/8bb21c25-ea69-347a-b704-8e6d527bbf35",
      "schema:email": [
        "contact@hotel-jardins-epone.com"
      ],
      "schema:telephone": [
        "+33 1 30 95 68 70"
      ],
      "@type": [
        "foaf:Agent",
        "Agent"
      ],
      "foaf:homepage": [
        "http://www.hotel-jardins-epone.com/"
      ]
    }
  ],
  "hasDescription": [
    {
      "@id": "https://data.datatourisme.fr/9013428d-e8e6-3a44-8311-958733489640",
      "@type": [
        "Description"
      ],
      "hasTranslatedProperty": [
        {
          "@id": "https://data.datatourisme.fr/15cc4b82-d3ab-3b06-96dc-68baff0ba275",
          "dc:contributor": [
            "https://api.deepl.com/v2/translate"
          ],
          "rdf:language": [
            "de"
          ],
          "rdf:predicate": [
            "shortDescription"
          ]
        },
        {
          "@id": "https://data.datatourisme.fr/15d98536-a8ca-3845-af15-d744548c6225",
          "dc:contributor": [
            "https://api.deepl.com/v2/translate"
          ],
          "rdf:language": [
            "es"
          ],
          "rdf:predicate": [
            "shortDescription"
          ]
        },
        {
          "@id": "https://data.datatourisme.fr/1dd56772-047b-3cee-827e-d75718c06665",
          "dc:contributor": [
            "https://api.deepl.com/v2/translate"
          ],
          "rdf:language": [
            "nl"
          ],
          "rdf:predicate": [
            "shortDescription"
          ]
        },
        {
          "@id": "https://data.datatourisme.fr/338870d0-e6fe-3c6f-87a5-72ff291203d6",
          "dc:contributor": [
            "https://api.deepl.com/v2/translate"
          ],
          "rdf:language": [
            "it"
          ],
          "rdf:predicate": [
            "shortDescription"
          ]
        },
        {
          "@id": "https://data.datatourisme.fr/4739d007-3345-37df-8920-f478a48bd52f",
          "dc:contributor": [
            "https://api.deepl.com/v2/translate"
          ],
          "rdf:language": [
            "en"
          ],
          "rdf:predicate": [
            "shortDescription"
          ]
        }
      ],
      "shortDescription": {
        "de": [
          "Hotel-Restaurant in der Kleinstadt Epône, nahe der A 13, in ruhiger Lage, 2 Seminarräume. Angenehmer und geselliger Rahmen, das ebenerdige Gebäude ist um einen Innengarten herum angeordnet."
        ],
        "en": [
          "Hotel restaurant in the small town of Epône, near the A 13, quiet, 2 seminar rooms. Pleasant and convivial setting, the establishment on the ground floor is organized around an interior garden."
        ],
        "it": [
          "Hotel ristorante nella cittadina di Epône, vicino alla A13, in posizione tranquilla, 2 sale per seminari. Ambiente piacevole e accogliente, la struttura si sviluppa su un unico livello ed è organizzata intorno a un giardino interno."
        ],
        "fr": [
          "Hôtel restaurant de la petite ville d'Epône, proche de l'A 13, au calme, 2 salles de séminaire. Cadre agréable et convivial, l'établissement de plein pied s'organise autour d'un jardin intérieur."
        ],
        "nl": [
          "Rustig gelegen hotel-restaurant in het stadje Epône, vlakbij de A13, met 2 zalen voor seminars. Aangename en vriendelijke omgeving, het hotel is gebouwd op één niveau en is georganiseerd rond een binnentuin."
        ],
        "es": [
          "Hotel restaurante en la pequeña ciudad de Epône, cerca de la A13, en un lugar tranquilo, 2 salas de seminarios. Entorno agradable y acogedor, el establecimiento está construido en una sola planta y se organiza en torno a un jardín interior."
        ]
      }
    }
  ],
  "hasTranslatedProperty": [
    {
      "@id": "https://data.datatourisme.fr/41392e2b-3479-38d4-8e96-f12806e7c700",
      "dc:contributor": [
        "https://api.deepl.com/v2/translate"
      ],
      "rdf:language": [
        "en"
      ],
      "rdf:predicate": [
        {
          "@id": "rdfs:comment"
        }
      ]
    },
    {
      "@id": "https://data.datatourisme.fr/4ec177e1-4416-3f46-a6c1-28ad2c7f10fa",
      "dc:contributor": [
        "https://api.deepl.com/v2/translate"
      ],
      "rdf:language": [
        "de"
      ],
      "rdf:predicate": [
        {
          "@id": "rdfs:comment"
        }
      ]
    },
    {
      "@id": "https://data.datatourisme.fr/53675159-27d4-395a-a145-1edf1e24a46f",
      "dc:contributor": [
        "https://api.deepl.com/v2/translate"
      ],
      "rdf:language": [
        "it"
      ],
      "rdf:predicate": [
        {
          "@id": "rdfs:comment"
        }
      ]
    },
    {
      "@id": "https://data.datatourisme.fr/aeea2f74-0ee2-3680-ba78-81d59b7cbea1",
      "dc:contributor": [
        "https://api.deepl.com/v2/translate"
      ],
      "rdf:language": [
        "nl"
      ],
      "rdf:predicate": [
        {
          "@id": "rdfs:comment"
        }
      ]
    },
    {
      "@id": "https://data.datatourisme.fr/bcf26675-3839-352b-8785-1f7c222b4a6b",
      "dc:contributor": [
        "https://api.deepl.com/v2/translate"
      ],
      "rdf:language": [
        "es"
      ],
      "rdf:predicate": [
        {
          "@id": "rdfs:comment"
        }
      ]
    }
  ],
  "isLocatedAt": [
    {
      "@id": "https://data.datatourisme.fr/cf15eb3b-bd14-3ad6-aef2-fa758d4f072b",
      "schema:address": [
        {
          "@id": "https://data.datatourisme.fr/6e3cc52e-6c04-35e3-8074-48b1356d622e",
          "schema:addressLocality": "Épône",
          "schema:postalCode": "78680",
          "schema:streetAddress": [
            "220, avenue de la Mauldre"
          ],
          "@type": [
            "schema:PostalAddress",
            "PostalAddress"
          ],
          "hasAddressCity": {
            "@id": "kb:78217",
            "@type": [
              "City"
            ],
            "rdfs:label": {
              "de": [
                "Épône"
              ],
              "pt": [
                "Épône"
              ],
              "en": [
                "Épône"
              ],
              "it": [
                "Épône"
              ],
              "fr": [
                "Épône"
              ],
              "nl": [
                "Épône"
              ],
              "es": [
                "Épône"
              ]
            },
            "insee": "78217",
            "isPartOfDepartment": {
              "@id": "kb:France1178",
              "@type": [
                "Department"
              ],
              "rdfs:label": {
                "de": [
                  "Yvelines"
                ],
                "pt": [
                  "Yvelines"
                ],
                "en": [
                  "Yvelines"
                ],
                "it": [
                  "Yvelines"
                ],
                "fr": [
                  "Yvelines"
                ],
                "nl": [
                  "Yvelines"
                ],
                "es": [
                  "Yvelines"
                ]
              },
              "insee": "78",
              "isPartOfRegion": {
                "@id": "kb:France11",
                "@type": [
                  "Region"
                ],
                "rdfs:label": {
                  "de": [
                    "Île-de-France"
                  ],
                  "pt": [
                    "Île-de-France"
                  ],
                  "en": [
                    "Île-de-France"
                  ],
                  "it": [
                    "Île-de-France"
                  ],
                  "fr": [
                    "Île-de-France"
                  ],
                  "nl": [
                    "Île-de-France"
                  ],
                  "es": [
                    "Île-de-France"
                  ]
                },
                "insee": "11",
                "isPartOfCountry": {
                  "@id": "kb:France",
                  "@type": [
                    "schema:Country"
                  ],
                  "rdfs:label": {
                    "de": [
                      "France",
                      "Frankreich"
                    ],
                    "pt": [
                      "França",
                      "France"
                    ],
                    "en": [
                      "France"
                    ],
                    "it": [
                      "France",
                      "Francia"
                    ],
                    "fr": [
                      "France"
                    ],
                    "nl": [
                      "France",
                      "Frankrijk"
                    ],
                    "es": [
                      "France",
                      "Francia"
                    ]
                  }
                }
              }
            }
          }
        }
      ],
      "schema:geo": {
        "@id": "https://data.datatourisme.fr/d81c196b-f2e1-3f7a-8e00-5f56e7868d1c",
        "schema:latitude": "48.960676",
        "schema:longitude": "1.813471",
        "@type": [
          "schema:GeoCoordinates"
        ]
      },
      "schema:openingHoursSpecification": [
        {
          "@id": "https://data.datatourisme.fr/f87e535a-636d-3343-ad63-8a03392e7511",
          "schema:validFrom": "2023-01-01T00:00:00",
          "schema:validThrough": "2023-12-31T23:59:59",
          "@type": [
            "schema:OpeningHoursSpecification"
          ]
        }
      ],
      "@type": [
        "schema:Place",
        "Place"
      ]
    }
  ],
  "isOwnedBy": [
    {
      "@id": "https://data.datatourisme.fr/44eacd0d-f255-38e9-b0f2-4a31202fdb58",
      "schema:email": [
        "anicoud@terres-de-seine.fr",
        "anne.perchec@gpseo.fr",
        "contact@terres-de-seine.fr",
        "estelle.rouille@gpseo.fr",
        "fbony@terres-de-seine.fr",
        "hillaryramanank@yahoo.fr",
        "vgateau@terres-de-seine.fr",
        "xcadilhac.oti.gpseo@gmail.com"
      ],
      "schema:legalName": "Communauté Urbaine Grand Paris Seine & Oise",
      "@type": [
        "schema:Organization",
        "foaf:Agent",
        "Agent"
      ],
      "foaf:homepage": [
        "https://www.insectes.org/"
      ]
    }
  ],
  "lastUpdate": "2021-02-24",
  "lastUpdateDatatourisme": "2023-02-01T18:07:35.669Z"
}