{
  "@id": "https://data.datatourisme.fr/13/1494e222-bf41-3641-996c-e3c8fbeefcaa",
  "dc:identifier": "4712343",
  "@type": [
    "schema:Park",
    "CulturalSite",
    "ParkAndGarden",
    "PlaceOfInterest",
    "PointOfInterest"
  ],
  "rdfs:comment": {
    "de": [
      "In diesem sechzig Hektar großen Waldpark, der um einen Teich herum angelegt ist, stehen etwa zwanzig bemerkenswerte Bäume."
    ],
    "en": [
      "This forest park of sixty hectares spread around a pond shelters about twenty remarkable trees."
    ],
    "it": [
      "Questo parco forestale di sessanta ettari, che si estende intorno a uno stagno, ospita una ventina di alberi notevoli."
    ],
    "fr": [
      "Ce parc forestier de soixante hectares déployés autour d'un étang abrite une vingtaine d'arbres remarquables."
    ],
    "nl": [
      "In dit zestig hectare grote bospark rond een vijver staan een twintigtal opmerkelijke bomen."
    ],
    "es": [
      "Este parque forestal de sesenta hectáreas repartidas alrededor de un estanque alberga una veintena de árboles notables."
    ]
  },
  "rdfs:label": {
    "en": [
      "Bois de l'Etang park"
    ],
    "fr": [
      "Parc du Bois de l'Etang"
    ]
  },
  "hasBeenCreatedBy": {
    "@id": "https://data.datatourisme.fr/13/fface838-5abb-394b-8593-a0ed53a0c70f",
    "dc:identifier": "1827",
    "schema:email": [
      "direction.otc.rcpf@orange.fr",
      "info@tourisme-rcpf.com"
    ],
    "schema:legalName": "Office de Tourisme Communautaire terre de Carnelle",
    "@type": [
      "schema:Organization",
      "foaf:Agent",
      "Agent"
    ],
    "foaf:homepage": [
      "https://www.royaumont-carnelle-paysdefrance.com/"
    ]
  },
  "hasBeenPublishedBy": [
    {
      "@id": "https://data.datatourisme.fr/8a9feb4b-2cbd-3d2c-b507-bd6c6776b23b",
      "schema:legalName": "Apidae Tourisme Scic SA - source : Apidae Tourisme",
      "@type": [
        "schema:Organization",
        "foaf:Agent",
        "Agent"
      ],
      "foaf:homepage": [
        "https://www.apidae-tourisme.com/"
      ]
    }
  ],
  "hasDescription": [
    {
      "@id": "https://data.datatourisme.fr/ebe56ecd-1946-3906-9db7-3030d8c26754",
      "@type": [
        "Description"
      ],
      "hasTranslatedProperty": [
        {
          "@id": "https://data.datatourisme.fr/0fbea7fe-eb64-381b-8d59-2c4d48abcb34",
          "dc:contributor": [
            "https://api.deepl.com/v2/translate"
          ],
          "rdf:language": [
            "es"
          ],
          "rdf:predicate": [
            "shortDescription"
          ]
        },
        {
          "@id": "https://data.datatourisme.fr/268bc745-3be5-3af5-a940-59aec3de1283",
          "dc:contributor": [
            "https://api.deepl.com/v2/translate"
          ],
          "rdf:language": [
            "it"
          ],
          "rdf:predicate": [
            "shortDescription"
          ]
        },
        {
          "@id": "https://data.datatourisme.fr/30d1c6e9-e1ff-34aa-baf5-a9442f03e2f4",
          "dc:contributor": [
            "https://api.deepl.com/v2/translate"
          ],
          "rdf:language": [
            "de"
          ],
          "rdf:predicate": [
            "shortDescription"
          ]
        },
        {
          "@id": "https://data.datatourisme.fr/dacb870a-8e83-34a7-97cc-ec20527a4ef1",
          "dc:contributor": [
            "https://api.deepl.com/v2/translate"
          ],
          "rdf:language": [
            "nl"
          ],
          "rdf:predicate": [
            "shortDescription"
          ]
        },
        {
          "@id": "https://data.datatourisme.fr/ed55bf64-3149-3412-b54c-7a20e337d2c6",
          "dc:contributor": [
            "https://api.deepl.com/v2/translate"
          ],
          "rdf:language": [
            "en"
          ],
          "rdf:predicate": [
            "shortDescription"
          ]
        }
      ],
      "shortDescription": {
        "de": [
          "In diesem sechzig Hektar großen Waldpark, der um einen Teich herum angelegt ist, stehen etwa zwanzig bemerkenswerte Bäume."
        ],
        "en": [
          "This forest park of sixty hectares spread around a pond shelters about twenty remarkable trees."
        ],
        "it": [
          "Questo parco forestale di sessanta ettari, che si estende intorno a uno stagno, ospita una ventina di alberi notevoli."
        ],
        "fr": [
          "Ce parc forestier de soixante hectares déployés autour d'un étang abrite une vingtaine d'arbres remarquables."
        ],
        "nl": [
          "In dit zestig hectare grote bospark rond een vijver staan een twintigtal opmerkelijke bomen."
        ],
        "es": [
          "Este parque forestal de sesenta hectáreas repartidas alrededor de un estanque alberga una veintena de árboles notables."
        ]
      }
    }
  ],
  "hasTheme": [
    {
      "@id": "kb:Culture",
      "@type": [
        "CulturalTheme"
      ],
      "rdfs:label": {
        "de": [
          "Kultur"
        ],
        "pt": [
          "Cultura"
        ],
        "en": [
          "Culture"
        ],
        "it": [
          "Cultura"
        ],
        "fr": [
          "Culture"
        ],
        "nl": [
          "Cultuur"
        ],
        "es": [
          "Cultura"
        ]
      }
    }
  ],
  "hasTranslatedProperty": [
    {
      "@id": "https://data.datatourisme.fr/1b3db058-b681-3c83-8080-adc2c7cac198",
      "dc:contributor": [
        "https://api.deepl.com/v2/translate"
      ],
      "rdf:language": [
        "es"
      ],
      "rdf:predicate": [
        {
          "@id": "rdfs:comment"
        }
      ]
    },
    {
      "@id": "https://data.datatourisme.fr/944d0596-9452-3ab4-a12b-19537509a767",
      "dc:contributor": [
        "https://api.deepl.com/v2/translate"
      ],
      "rdf:language": [
        "nl"
      ],
      "rdf:predicate": [
        {
          "@id": "rdfs:comment"
        }
      ]
    },
    {
      "@id": "https://data.datatourisme.fr/9d0dede9-b0ec-3a4c-852f-8f9bcc131d14",
      "dc:contributor": [
        "https://api.deepl.com/v2/translate"
      ],
      "rdf:language": [
        "en"
      ],
      "rdf:predicate": [
        {
          "@id": "rdfs:comment"
        }
      ]
    },
    {
      "@id": "https://data.datatourisme.fr/ce8a0063-85e2-317d-aa0e-98217d0e598b",
      "dc:contributor": [
        "https://api.deepl.com/v2/translate"
      ],
      "rdf:language": [
        "it"
      ],
      "rdf:predicate": [
        {
          "@id": "rdfs:comment"
        }
      ]
    },
    {
      "@id": "https://data.datatourisme.fr/d053def2-37f9-314d-99cc-e6d84dec0345",
      "dc:contributor": [
        "https://api.deepl.com/v2/translate"
      ],
      "rdf:language": [
        "de"
      ],
      "rdf:predicate": [
        {
          "@id": "rdfs:comment"
        }
      ]
    }
  ],
  "isLocatedAt": [
    {
      "@id": "https://data.datatourisme.fr/781a0734-cc21-3a61-805c-00f1944274e6",
      "schema:address": [
        {
          "@id": "https://data.datatourisme.fr/d3a19953-8707-328a-ba68-a3799cd1c6aa",
          "schema:addressLocality": "Baillet-en-France",
          "schema:postalCode": "95560",
          "@type": [
            "schema:PostalAddress",
            "PostalAddress"
          ],
          "hasAddressCity": {
            "@id": "kb:95042",
            "@type": [
              "City"
            ],
            "rdfs:label": {
              "de": [
                "Baillet-en-France"
              ],
              "pt": [
                "Baillet-en-France"
              ],
              "en": [
                "Baillet-en-France"
              ],
              "it": [
                "Baillet-en-France"
              ],
              "fr": [
                "Baillet-en-France"
              ],
              "nl": [
                "Baillet-en-France"
              ],
              "es": [
                "Baillet-en-France"
              ]
            },
            "insee": "95042",
            "isPartOfDepartment": {
              "@id": "kb:France1195",
              "@type": [
                "Department"
              ],
              "rdfs:label": {
                "de": [
                  "Val-d'Oise"
                ],
                "pt": [
                  "Val-d'Oise"
                ],
                "en": [
                  "Val-d'Oise"
                ],
                "it": [
                  "Val-d'Oise"
                ],
                "fr": [
                  "Val-d'Oise"
                ],
                "nl": [
                  "Val-d'Oise"
                ],
                "es": [
                  "Val-d'Oise"
                ]
              },
              "insee": "95",
              "isPartOfRegion": {
                "@id": "kb:France11",
                "@type": [
                  "Region"
                ],
                "rdfs:label": {
                  "de": [
                    "Île-de-France"
                  ],
                  "pt": [
                    "Île-de-France"
                  ],
                  "en": [
                    "Île-de-France"
                  ],
                  "it": [
                    "Île-de-France"
                  ],
                  "fr": [
                    "Île-de-France"
                  ],
                  "nl": [
                    "Île-de-France"
                  ],
                  "es": [
                    "Île-de-France"
                  ]
                },
                "insee": "11",
                "isPartOfCountry": {
                  "@id": "kb:France",
                  "@type": [
                    "schema:Country"
                  ],
                  "rdfs:label": {
                    "de": [
                      "France",
                      "Frankreich"
                    ],
                    "pt": [
                      "França",
                      "France"
                    ],
                    "en": [
                      "France"
                    ],
                    "it": [
                      "France",
                      "Francia"
                    ],
                    "fr": [
                      "France"
                    ],
                    "nl": [
                      "France",
                      "Frankrijk"
                    ],
                    "es": [
                      "France",
                      "Francia"
                    ]
                  }
                }
              }
            }
          }
        }
      ],
      "schema:geo": {
        "@id": "https://data.datatourisme.fr/ff621d6a-3310-3717-b41d-9909838d273d",
        "schema:latitude": "49.058833",
        "schema:longitude": "2.303016",
        "@type": [
          "schema:GeoCoordinates"
        ]
      },
      "schema:openingHoursSpecification": [
        {
          "@id": "https://data.datatourisme.fr/523928f6-c583-3c02-9341-a2a4f3b1c9cf",
          "schema:validFrom": "2023-01-01T00:00:00",
          "schema:validThrough": "2023-12-31T23:59:59",
          "@type": [
            "schema:OpeningHoursSpecification"
          ],
          "additionalInformation": {
            "de": [
              "Von 8:30 bis 18:00 Uhr im Winter und von 8:30 bis 20:00 Uhr im Sommer."
            ],
            "en": [
              "From 8:30 am to 6 pm in winter and from 8:30 am to 8 pm in summer."
            ],
            "it": [
              "Dalle 8.30 alle 18.00 in inverno e dalle 8.30 alle 20.00 in estate."
            ],
            "fr": [
              "De 8h30 à 18h en hiver et de 8h30 à 20h en été."
            ],
            "nl": [
              "In de winter van 8.30 tot 18.00 uur en in de zomer van 8.30 tot 20.00 uur."
            ],
            "es": [
              "De 8.30 a 18 horas en invierno y de 8.30 a 20 horas en verano."
            ]
          },
          "hasTranslatedProperty": [
            {
              "@id": "https://data.datatourisme.fr/0532b9e5-7370-367d-99bc-61aafc90ddb2",
              "dc:contributor": [
                "https://api.deepl.com/v2/translate"
              ],
              "rdf:language": [
                "es"
              ],
              "rdf:predicate": [
                "additionalInformation"
              ]
            },
            {
              "@id": "https://data.datatourisme.fr/344ba928-e581-3978-b505-9437312e5c13",
              "dc:contributor": [
                "https://api.deepl.com/v2/translate"
              ],
              "rdf:language": [
                "it"
              ],
              "rdf:predicate": [
                "additionalInformation"
              ]
            },
            {
              "@id": "https://data.datatourisme.fr/6854414b-eae4-3bfe-8a1c-e479f7c595c7",
              "dc:contributor": [
                "https://api.deepl.com/v2/translate"
              ],
              "rdf:language": [
                "nl"
              ],
              "rdf:predicate": [
                "additionalInformation"
              ]
            },
            {
              "@id": "https://data.datatourisme.fr/997d9d78-e822-3005-bac2-28accd831305",
              "dc:contributor": [
                "https://api.deepl.com/v2/translate"
              ],
              "rdf:language": [
                "de"
              ],
              "rdf:predicate": [
                "additionalInformation"
              ]
            },
            {
              "@id": "https://data.datatourisme.fr/d12631d7-7b10-35d6-87ea-0b7ce4a43201",
              "dc:contributor": [
                "https://api.deepl.com/v2/translate"
              ],
              "rdf:language": [
                "en"
              ],
              "rdf:predicate": [
                "additionalInformation"
              ]
            }
          ]
        }
      ],
      "@type": [
        "schema:Place",
        "Place"
      ]
    }
  ],
  "isOwnedBy": [
    {
      "@id": "https://data.datatourisme.fr/083e88a2-7ee9-3b58-89fb-0e4405768789",
      "schema:email": [
        "direction.otc.rcpf@orange.fr",
        "info@tourisme-rcpf.com"
      ],
      "schema:legalName": "Office de Tourisme Communautaire terre de Carnelle",
      "@type": [
        "schema:Organization",
        "foaf:Agent",
        "Agent"
      ],
      "foaf:homepage": [
        "https://www.royaumont-carnelle-paysdefrance.com/"
      ]
    }
  ],
  "lastUpdate": "2021-06-18",
  "lastUpdateDatatourisme": "2023-02-22T06:42:37.758Z"
}