{
  "@id": "https://data.datatourisme.fr/13/14c396f8-85f0-3c4d-97d7-1295df4bb48c",
  "dc:identifier": "5543907",
  "@type": [
    "schema:LocalBusiness",
    "EquestrianCenter",
    "PlaceOfInterest",
    "PointOfInterest",
    "SportsAndLeisurePlace"
  ],
  "rdfs:comment": {
    "de": [
      "Stall für Rennpferde."
    ],
    "en": [
      "Stable of race horses."
    ],
    "it": [
      "Scuderia di cavalli da corsa."
    ],
    "fr": [
      "Ecurie de chevaux de courses."
    ],
    "nl": [
      "Renpaardenstal."
    ],
    "es": [
      "Establo de caballos de carreras."
    ]
  },
  "rdfs:label": {
    "fr": [
      "Ecurie Carayon"
    ]
  },
  "hasBeenCreatedBy": {
    "@id": "https://data.datatourisme.fr/13/d72fbbcc-d9fe-34c3-a14f-85d225a046f4",
    "dc:identifier": "1592",
    "schema:email": [
      "commercial@tourisme-maisonslaffitte.fr",
      "communication@tourisme-maisonslaffitte.fr",
      "contact@tourisme-maisonslaffitte.fr",
      "groupes@tourisme-maisonslaffitte.fr"
    ],
    "schema:legalName": "Office de Tourisme de Maisons-Laffitte",
    "@type": [
      "schema:Organization",
      "foaf:Agent",
      "Agent"
    ],
    "foaf:homepage": [
      "http://www.tourisme-maisonslaffitte.fr/"
    ]
  },
  "hasBeenPublishedBy": [
    {
      "@id": "https://data.datatourisme.fr/8a9feb4b-2cbd-3d2c-b507-bd6c6776b23b",
      "schema:legalName": "Apidae Tourisme Scic SA - source : Apidae Tourisme",
      "@type": [
        "schema:Organization",
        "foaf:Agent",
        "Agent"
      ],
      "foaf:homepage": [
        "https://www.apidae-tourisme.com/"
      ]
    }
  ],
  "hasContact": [
    {
      "@id": "https://data.datatourisme.fr/3763a997-5153-3c37-9a92-2119fc520997",
      "schema:email": [
        "carayon.julien@orange.fr"
      ],
      "@type": [
        "foaf:Agent",
        "Agent"
      ]
    }
  ],
  "hasDescription": [
    {
      "@id": "https://data.datatourisme.fr/9d8d60f9-69de-3c80-9c29-65edcb06a8df",
      "@type": [
        "Description"
      ],
      "hasTranslatedProperty": [
        {
          "@id": "https://data.datatourisme.fr/74c7ad4f-cc0e-3e74-b415-1d4496858de2",
          "dc:contributor": [
            "https://api.deepl.com/v2/translate"
          ],
          "rdf:language": [
            "de"
          ],
          "rdf:predicate": [
            "shortDescription"
          ]
        },
        {
          "@id": "https://data.datatourisme.fr/ae351a26-9cd7-3374-887d-853346b845ec",
          "dc:contributor": [
            "https://api.deepl.com/v2/translate"
          ],
          "rdf:language": [
            "it"
          ],
          "rdf:predicate": [
            "shortDescription"
          ]
        },
        {
          "@id": "https://data.datatourisme.fr/aecd5245-251f-3f3e-b37a-3c1a99923698",
          "dc:contributor": [
            "https://api.deepl.com/v2/translate"
          ],
          "rdf:language": [
            "es"
          ],
          "rdf:predicate": [
            "shortDescription"
          ]
        },
        {
          "@id": "https://data.datatourisme.fr/b8576877-a41a-3eeb-a8bd-534d59f5a4fc",
          "dc:contributor": [
            "https://api.deepl.com/v2/translate"
          ],
          "rdf:language": [
            "nl"
          ],
          "rdf:predicate": [
            "shortDescription"
          ]
        },
        {
          "@id": "https://data.datatourisme.fr/cc4e6808-edf5-332c-bd7c-17e03a250367",
          "dc:contributor": [
            "https://api.deepl.com/v2/translate"
          ],
          "rdf:language": [
            "en"
          ],
          "rdf:predicate": [
            "shortDescription"
          ]
        }
      ],
      "shortDescription": {
        "de": [
          "Stall für Rennpferde."
        ],
        "en": [
          "Stable of race horses."
        ],
        "it": [
          "Scuderia di cavalli da corsa."
        ],
        "fr": [
          "Ecurie de chevaux de courses."
        ],
        "nl": [
          "Renpaardenstal."
        ],
        "es": [
          "Establo de caballos de carreras."
        ]
      }
    }
  ],
  "hasTheme": [
    {
      "@id": "kb:Riding",
      "@type": [
        "SportsTheme"
      ],
      "rdfs:label": {
        "de": [
          "Reiten"
        ],
        "pt": [
          "Equitação"
        ],
        "en": [
          "Riding"
        ],
        "it": [
          "Equitazione"
        ],
        "fr": [
          "Equitation"
        ],
        "nl": [
          "Paardrijden"
        ],
        "es": [
          "Equitación"
        ]
      }
    }
  ],
  "hasTranslatedProperty": [
    {
      "@id": "https://data.datatourisme.fr/140b7588-0011-3f4c-80e9-de12c5522f88",
      "dc:contributor": [
        "https://api.deepl.com/v2/translate"
      ],
      "rdf:language": [
        "it"
      ],
      "rdf:predicate": [
        {
          "@id": "rdfs:comment"
        }
      ]
    },
    {
      "@id": "https://data.datatourisme.fr/b0277484-1428-3cc2-8143-2dcfc8645293",
      "dc:contributor": [
        "https://api.deepl.com/v2/translate"
      ],
      "rdf:language": [
        "de"
      ],
      "rdf:predicate": [
        {
          "@id": "rdfs:comment"
        }
      ]
    },
    {
      "@id": "https://data.datatourisme.fr/c1186a0c-cbf2-3b9d-870e-9ce6e788b191",
      "dc:contributor": [
        "https://api.deepl.com/v2/translate"
      ],
      "rdf:language": [
        "nl"
      ],
      "rdf:predicate": [
        {
          "@id": "rdfs:comment"
        }
      ]
    },
    {
      "@id": "https://data.datatourisme.fr/c5f226d9-0856-3b2f-b8c6-92f9a1970fc7",
      "dc:contributor": [
        "https://api.deepl.com/v2/translate"
      ],
      "rdf:language": [
        "en"
      ],
      "rdf:predicate": [
        {
          "@id": "rdfs:comment"
        }
      ]
    },
    {
      "@id": "https://data.datatourisme.fr/d55699a3-af9a-3839-80df-d57b557c81a5",
      "dc:contributor": [
        "https://api.deepl.com/v2/translate"
      ],
      "rdf:language": [
        "es"
      ],
      "rdf:predicate": [
        {
          "@id": "rdfs:comment"
        }
      ]
    }
  ],
  "isLocatedAt": [
    {
      "@id": "https://data.datatourisme.fr/abd4893d-3e9a-3aa9-9d76-3243047fe673",
      "schema:address": [
        {
          "@id": "https://data.datatourisme.fr/89133748-5162-3a04-8423-f5015023eafa",
          "schema:addressLocality": "Maisons-Laffitte",
          "schema:postalCode": "78600",
          "schema:streetAddress": [
            "2 bis avenue de la Pelouse"
          ],
          "@type": [
            "schema:PostalAddress",
            "PostalAddress"
          ],
          "hasAddressCity": {
            "@id": "kb:78358",
            "@type": [
              "City"
            ],
            "rdfs:label": {
              "de": [
                "Maisons-Laffitte"
              ],
              "pt": [
                "Maisons-Laffitte"
              ],
              "en": [
                "Maisons-Laffitte"
              ],
              "it": [
                "Maisons-Laffitte"
              ],
              "fr": [
                "Maisons-Laffitte"
              ],
              "nl": [
                "Maisons-Laffitte"
              ],
              "es": [
                "Maisons-Laffitte"
              ]
            },
            "insee": "78358",
            "isPartOfDepartment": {
              "@id": "kb:France1178",
              "@type": [
                "Department"
              ],
              "rdfs:label": {
                "de": [
                  "Yvelines"
                ],
                "pt": [
                  "Yvelines"
                ],
                "en": [
                  "Yvelines"
                ],
                "it": [
                  "Yvelines"
                ],
                "fr": [
                  "Yvelines"
                ],
                "nl": [
                  "Yvelines"
                ],
                "es": [
                  "Yvelines"
                ]
              },
              "insee": "78",
              "isPartOfRegion": {
                "@id": "kb:France11",
                "@type": [
                  "Region"
                ],
                "rdfs:label": {
                  "de": [
                    "Île-de-France"
                  ],
                  "pt": [
                    "Île-de-France"
                  ],
                  "en": [
                    "Île-de-France"
                  ],
                  "it": [
                    "Île-de-France"
                  ],
                  "fr": [
                    "Île-de-France"
                  ],
                  "nl": [
                    "Île-de-France"
                  ],
                  "es": [
                    "Île-de-France"
                  ]
                },
                "insee": "11",
                "isPartOfCountry": {
                  "@id": "kb:France",
                  "@type": [
                    "schema:Country"
                  ],
                  "rdfs:label": {
                    "de": [
                      "France",
                      "Frankreich"
                    ],
                    "pt": [
                      "França",
                      "France"
                    ],
                    "en": [
                      "France"
                    ],
                    "it": [
                      "France",
                      "Francia"
                    ],
                    "fr": [
                      "France"
                    ],
                    "nl": [
                      "France",
                      "Frankrijk"
                    ],
                    "es": [
                      "France",
                      "Francia"
                    ]
                  }
                }
              }
            }
          }
        }
      ],
      "schema:geo": {
        "@id": "https://data.datatourisme.fr/fddfb172-89a7-3cf5-b23d-eab8190524c7",
        "schema:latitude": "48.958375",
        "schema:longitude": "2.170371",
        "@type": [
          "schema:GeoCoordinates"
        ]
      },
      "schema:openingHoursSpecification": [
        {
          "@id": "https://data.datatourisme.fr/8eafab58-d141-38ff-8617-07ffa6ca75b2",
          "schema:closes": "18:00:00",
          "schema:opens": "09:00:00",
          "schema:validFrom": "2023-01-01T00:00:00",
          "schema:validThrough": "2023-12-31T23:59:59",
          "@type": [
            "schema:OpeningHoursSpecification"
          ],
          "additionalInformation": {
            "de": [
              "Nicht für die Öffentlichkeit zugänglich. Nur bei geführten Besuchen."
            ],
            "en": [
              "Not accessible to the public. Only during guided tours."
            ],
            "it": [
              "Non aperto al pubblico. Solo durante le visite guidate."
            ],
            "fr": [
              "Non accessible au public. Uniquement lors de visites guidées."
            ],
            "es": [
              "No está abierto al público. Sólo durante las visitas guiadas."
            ],
            "nl": [
              "Niet open voor het publiek. Alleen tijdens rondleidingen."
            ]
          },
          "hasTranslatedProperty": [
            {
              "@id": "https://data.datatourisme.fr/0f84fc8c-3e93-33ab-b38f-3099da709924",
              "dc:contributor": [
                "https://api.deepl.com/v2/translate"
              ],
              "rdf:language": [
                "en"
              ],
              "rdf:predicate": [
                "additionalInformation"
              ]
            },
            {
              "@id": "https://data.datatourisme.fr/41c69123-b54b-39c8-9674-50b6af40de99",
              "dc:contributor": [
                "https://api.deepl.com/v2/translate"
              ],
              "rdf:language": [
                "es"
              ],
              "rdf:predicate": [
                "additionalInformation"
              ]
            },
            {
              "@id": "https://data.datatourisme.fr/61a6275e-0462-351a-b892-dff1c8948e7c",
              "dc:contributor": [
                "https://api.deepl.com/v2/translate"
              ],
              "rdf:language": [
                "nl"
              ],
              "rdf:predicate": [
                "additionalInformation"
              ]
            },
            {
              "@id": "https://data.datatourisme.fr/82b3f033-b5a8-3a3f-ab02-9ac1582907df",
              "dc:contributor": [
                "https://api.deepl.com/v2/translate"
              ],
              "rdf:language": [
                "de"
              ],
              "rdf:predicate": [
                "additionalInformation"
              ]
            },
            {
              "@id": "https://data.datatourisme.fr/c7d31ea8-5783-37ca-b57a-0201ea7abd2e",
              "dc:contributor": [
                "https://api.deepl.com/v2/translate"
              ],
              "rdf:language": [
                "it"
              ],
              "rdf:predicate": [
                "additionalInformation"
              ]
            }
          ]
        }
      ],
      "@type": [
        "schema:Place",
        "Place"
      ]
    }
  ],
  "isOwnedBy": [
    {
      "@id": "https://data.datatourisme.fr/78d7093d-a9e3-379e-ac44-b41b246b1202",
      "schema:email": [
        "commercial@tourisme-maisonslaffitte.fr",
        "communication@tourisme-maisonslaffitte.fr",
        "contact@tourisme-maisonslaffitte.fr",
        "groupes@tourisme-maisonslaffitte.fr"
      ],
      "schema:legalName": "Office de Tourisme de Maisons-Laffitte",
      "@type": [
        "schema:Organization",
        "foaf:Agent",
        "Agent"
      ],
      "foaf:homepage": [
        "http://www.tourisme-maisonslaffitte.fr/"
      ]
    }
  ],
  "lastUpdate": "2020-07-09",
  "lastUpdateDatatourisme": "2023-02-10T06:39:19.978Z"
}