{
  "@id": "https://data.datatourisme.fr/13/14092f97-b4de-39aa-a7c8-5cfc9f70c111",
  "dc:identifier": "4932468",
  "@type": [
    "schema:FoodEstablishment",
    "FoodEstablishment",
    "PlaceOfInterest",
    "PointOfInterest"
  ],
  "rdfs:comment": {
    "de": [
      "Das Il Vaporetto liegt am Ufer der Seine in einer Umgebung, die zum Entspannen einlädt, und ist eine Einladung zum Reisen! Das Restaurant bietet italienische Küche in einem leicht überschwänglichen Ambiente der \"Comédia del Arte\"."
    ],
    "en": [
      "Located on the banks of the Seine in a relaxing setting, Il Vaporetto is an invitation to travel! The restaurant offers Italian cuisine in a slightly exuberant atmosphere of the \"Comédia del Arte\"."
    ],
    "it": [
      "Situato sulle rive della Senna in un ambiente rilassante, Il Vaporetto è un invito al viaggio! Il ristorante offre cucina italiana in un'atmosfera un po' esuberante da \"Comédia del Arte\"."
    ],
    "fr": [
      "Située en bords de Seine dans un cadre propice à la détente, Il Vaporetto est une invitation au voyage ! Le restaurant propose une cuisine italienne dans une ambiance légèrement exubérante de la \"Comédia del Arte\"."
    ],
    "es": [
      "Situado a orillas del Sena en un entorno relajante, Il Vaporetto es una invitación a viajar El restaurante ofrece cocina italiana en un ambiente ligeramente exuberante de \"Comédia del Arte\"."
    ],
    "nl": [
      "Il Vaporetto, gelegen aan de oevers van de Seine in een ontspannende omgeving, nodigt uit tot reizen! Het restaurant biedt Italiaanse gerechten in een enigszins uitbundige \"Comédia del Arte\" sfeer."
    ]
  },
  "rdfs:label": {
    "fr": [
      "Il Vaporetto"
    ]
  },
  "hasBeenCreatedBy": {
    "@id": "https://data.datatourisme.fr/13/1baff70e-2669-3837-a347-efd3a874a341",
    "dc:identifier": "1489",
    "schema:email": [
      "emilie.prai@saintgermainenlaye.fr",
      "emilie.rochat@seine-saintgermain.fr",
      "melissa.moreau@saintgermainenlaye.fr"
    ],
    "schema:legalName": "Office de Tourisme Intercommunal de Saint Germain Boucles de Seine",
    "@type": [
      "schema:Organization",
      "foaf:Agent",
      "Agent"
    ],
    "foaf:homepage": [
      "http://www.reservation.seine-saintgermain.fr/"
    ]
  },
  "hasBeenPublishedBy": [
    {
      "@id": "https://data.datatourisme.fr/8a9feb4b-2cbd-3d2c-b507-bd6c6776b23b",
      "schema:legalName": "Apidae Tourisme Scic SA - source : Apidae Tourisme",
      "@type": [
        "schema:Organization",
        "foaf:Agent",
        "Agent"
      ],
      "foaf:homepage": [
        "https://www.apidae-tourisme.com/"
      ]
    }
  ],
  "hasContact": [
    {
      "@id": "https://data.datatourisme.fr/2e0c5b4a-0d57-38b1-8ff9-d20304cdaaf8",
      "schema:telephone": [
        "+33 1 39 14 22 18"
      ],
      "@type": [
        "foaf:Agent",
        "Agent"
      ],
      "foaf:homepage": [
        "http://www.ilvaporetto.fr/"
      ]
    }
  ],
  "hasDescription": [
    {
      "@id": "https://data.datatourisme.fr/15fcbbd4-f6de-365b-b0cf-09fb25546232",
      "@type": [
        "Description"
      ],
      "hasTranslatedProperty": [
        {
          "@id": "https://data.datatourisme.fr/190514f6-e13e-3402-9eea-5e4f00ad310e",
          "dc:contributor": [
            "https://api.deepl.com/v2/translate"
          ],
          "rdf:language": [
            "de"
          ],
          "rdf:predicate": [
            "shortDescription"
          ]
        },
        {
          "@id": "https://data.datatourisme.fr/1cb23ba8-fca3-3276-8c99-6fd51a23fc87",
          "dc:contributor": [
            "https://api.deepl.com/v2/translate"
          ],
          "rdf:language": [
            "nl"
          ],
          "rdf:predicate": [
            "shortDescription"
          ]
        },
        {
          "@id": "https://data.datatourisme.fr/3e11c500-92d5-39fe-9284-59d247aeba43",
          "dc:contributor": [
            "https://api.deepl.com/v2/translate"
          ],
          "rdf:language": [
            "it"
          ],
          "rdf:predicate": [
            "shortDescription"
          ]
        },
        {
          "@id": "https://data.datatourisme.fr/8b87e871-5a4c-3641-8751-17cb850cefed",
          "dc:contributor": [
            "https://api.deepl.com/v2/translate"
          ],
          "rdf:language": [
            "en"
          ],
          "rdf:predicate": [
            "shortDescription"
          ]
        },
        {
          "@id": "https://data.datatourisme.fr/ef6b958e-9c32-345d-a9a8-1adb07bc0b37",
          "dc:contributor": [
            "https://api.deepl.com/v2/translate"
          ],
          "rdf:language": [
            "es"
          ],
          "rdf:predicate": [
            "shortDescription"
          ]
        }
      ],
      "shortDescription": {
        "de": [
          "Das Il Vaporetto liegt am Ufer der Seine in einer Umgebung, die zum Entspannen einlädt, und ist eine Einladung zum Reisen! Das Restaurant bietet italienische Küche in einem leicht überschwänglichen Ambiente der \"Comédia del Arte\"."
        ],
        "en": [
          "Located on the banks of the Seine in a relaxing setting, Il Vaporetto is an invitation to travel! The restaurant offers Italian cuisine in a slightly exuberant atmosphere of the \"Comédia del Arte\"."
        ],
        "it": [
          "Situato sulle rive della Senna in un ambiente rilassante, Il Vaporetto è un invito al viaggio! Il ristorante offre cucina italiana in un'atmosfera un po' esuberante da \"Comédia del Arte\"."
        ],
        "fr": [
          "Située en bords de Seine dans un cadre propice à la détente, Il Vaporetto est une invitation au voyage ! Le restaurant propose une cuisine italienne dans une ambiance légèrement exubérante de la \"Comédia del Arte\"."
        ],
        "es": [
          "Situado a orillas del Sena en un entorno relajante, Il Vaporetto es una invitación a viajar El restaurante ofrece cocina italiana en un ambiente ligeramente exuberante de \"Comédia del Arte\"."
        ],
        "nl": [
          "Il Vaporetto, gelegen aan de oevers van de Seine in een ontspannende omgeving, nodigt uit tot reizen! Het restaurant biedt Italiaanse gerechten in een enigszins uitbundige \"Comédia del Arte\" sfeer."
        ]
      }
    }
  ],
  "hasTheme": [
    {
      "@id": "kb:MediterraneanCuisine",
      "@type": [
        "CuisineCategory"
      ],
      "rdfs:label": {
        "de": [
          "Mediterrane Küche"
        ],
        "pt": [
          "Cozinha mediterrânica"
        ],
        "en": [
          "Mediterranean cuisine"
        ],
        "it": [
          "Cucina mediterranea"
        ],
        "fr": [
          "Cuisine méditerranéenne"
        ],
        "nl": [
          "Mediterrane keuken"
        ],
        "es": [
          "Cocina mediterránea"
        ]
      }
    }
  ],
  "hasTranslatedProperty": [
    {
      "@id": "https://data.datatourisme.fr/26ca9b83-a11c-3c2f-b266-50cc21aa2219",
      "dc:contributor": [
        "https://api.deepl.com/v2/translate"
      ],
      "rdf:language": [
        "de"
      ],
      "rdf:predicate": [
        {
          "@id": "rdfs:comment"
        }
      ]
    },
    {
      "@id": "https://data.datatourisme.fr/55fc4c34-99de-3e47-9b91-7b57d5fbba97",
      "dc:contributor": [
        "https://api.deepl.com/v2/translate"
      ],
      "rdf:language": [
        "es"
      ],
      "rdf:predicate": [
        {
          "@id": "rdfs:comment"
        }
      ]
    },
    {
      "@id": "https://data.datatourisme.fr/6dd28886-dd68-3257-b6c7-95b553091cc5",
      "dc:contributor": [
        "https://api.deepl.com/v2/translate"
      ],
      "rdf:language": [
        "it"
      ],
      "rdf:predicate": [
        {
          "@id": "rdfs:comment"
        }
      ]
    },
    {
      "@id": "https://data.datatourisme.fr/79efd02c-6b14-302a-98e2-bb7ce305ac27",
      "dc:contributor": [
        "https://api.deepl.com/v2/translate"
      ],
      "rdf:language": [
        "en"
      ],
      "rdf:predicate": [
        {
          "@id": "rdfs:comment"
        }
      ]
    },
    {
      "@id": "https://data.datatourisme.fr/ad650b0a-f6fb-369a-a97d-88baf5e5143a",
      "dc:contributor": [
        "https://api.deepl.com/v2/translate"
      ],
      "rdf:language": [
        "nl"
      ],
      "rdf:predicate": [
        {
          "@id": "rdfs:comment"
        }
      ]
    }
  ],
  "isLocatedAt": [
    {
      "@id": "https://data.datatourisme.fr/249e5093-e23b-3c15-b144-a9231a06d584",
      "schema:address": [
        {
          "@id": "https://data.datatourisme.fr/60e368f1-8ac7-390a-8cb2-0229b2c18625",
          "schema:addressLocality": "Carrières-sur-Seine",
          "schema:postalCode": "78420",
          "schema:streetAddress": [
            "11 rue Claude Monet"
          ],
          "@type": [
            "schema:PostalAddress",
            "PostalAddress"
          ],
          "hasAddressCity": {
            "@id": "kb:78124",
            "@type": [
              "City"
            ],
            "rdfs:label": {
              "de": [
                "Carrières-sur-Seine"
              ],
              "pt": [
                "Carrières-sur-Seine"
              ],
              "en": [
                "Carrières-sur-Seine"
              ],
              "it": [
                "Carrières-sur-Seine"
              ],
              "fr": [
                "Carrières-sur-Seine"
              ],
              "nl": [
                "Carrières-sur-Seine"
              ],
              "es": [
                "Carrières-sur-Seine"
              ]
            },
            "insee": "78124",
            "isPartOfDepartment": {
              "@id": "kb:France1178",
              "@type": [
                "Department"
              ],
              "rdfs:label": {
                "de": [
                  "Yvelines"
                ],
                "pt": [
                  "Yvelines"
                ],
                "en": [
                  "Yvelines"
                ],
                "it": [
                  "Yvelines"
                ],
                "fr": [
                  "Yvelines"
                ],
                "nl": [
                  "Yvelines"
                ],
                "es": [
                  "Yvelines"
                ]
              },
              "insee": "78",
              "isPartOfRegion": {
                "@id": "kb:France11",
                "@type": [
                  "Region"
                ],
                "rdfs:label": {
                  "de": [
                    "Île-de-France"
                  ],
                  "pt": [
                    "Île-de-France"
                  ],
                  "en": [
                    "Île-de-France"
                  ],
                  "it": [
                    "Île-de-France"
                  ],
                  "fr": [
                    "Île-de-France"
                  ],
                  "nl": [
                    "Île-de-France"
                  ],
                  "es": [
                    "Île-de-France"
                  ]
                },
                "insee": "11",
                "isPartOfCountry": {
                  "@id": "kb:France",
                  "@type": [
                    "schema:Country"
                  ],
                  "rdfs:label": {
                    "de": [
                      "France",
                      "Frankreich"
                    ],
                    "pt": [
                      "França",
                      "France"
                    ],
                    "en": [
                      "France"
                    ],
                    "it": [
                      "France",
                      "Francia"
                    ],
                    "fr": [
                      "France"
                    ],
                    "nl": [
                      "France",
                      "Frankrijk"
                    ],
                    "es": [
                      "France",
                      "Francia"
                    ]
                  }
                }
              }
            }
          }
        }
      ],
      "schema:geo": {
        "@id": "https://data.datatourisme.fr/2371ad39-570d-39b0-ba30-f0aa797cfbe6",
        "schema:latitude": "48.905668",
        "schema:longitude": "2.181148",
        "@type": [
          "schema:GeoCoordinates"
        ]
      },
      "schema:openingHoursSpecification": [
        {
          "@id": "https://data.datatourisme.fr/ba1443fe-3c4b-3f80-8e11-f61ce9b66bdf",
          "schema:closes": "14:00:00",
          "schema:opens": "12:00:00",
          "schema:validFrom": "2023-01-01T00:00:00",
          "schema:validThrough": "2023-12-31T23:59:59",
          "@type": [
            "schema:OpeningHoursSpecification"
          ],
          "additionalInformation": {
            "de": [
              "und von 19.00 bis 22.00 Uhr"
            ],
            "en": [
              "and from 7:00 pm to 10:00 pm"
            ],
            "it": [
              "e dalle 19:00 alle 22:00"
            ],
            "fr": [
              "et de 19h00 à 22h00"
            ],
            "es": [
              "y de 19:00 a 22:00"
            ],
            "nl": [
              "en van 19:00 tot 22:00"
            ]
          },
          "hasTranslatedProperty": [
            {
              "@id": "https://data.datatourisme.fr/3124b10b-597a-38dc-832f-51fc96fddad6",
              "dc:contributor": [
                "https://api.deepl.com/v2/translate"
              ],
              "rdf:language": [
                "de"
              ],
              "rdf:predicate": [
                "additionalInformation"
              ]
            },
            {
              "@id": "https://data.datatourisme.fr/3ac44239-fc1e-3d08-877d-13cc3111a676",
              "dc:contributor": [
                "https://api.deepl.com/v2/translate"
              ],
              "rdf:language": [
                "nl"
              ],
              "rdf:predicate": [
                "additionalInformation"
              ]
            },
            {
              "@id": "https://data.datatourisme.fr/8a6ddd97-a029-3a3c-b6fc-a36dc454b29b",
              "dc:contributor": [
                "https://api.deepl.com/v2/translate"
              ],
              "rdf:language": [
                "en"
              ],
              "rdf:predicate": [
                "additionalInformation"
              ]
            },
            {
              "@id": "https://data.datatourisme.fr/95a26258-0736-394c-bf02-af72ebeca60c",
              "dc:contributor": [
                "https://api.deepl.com/v2/translate"
              ],
              "rdf:language": [
                "es"
              ],
              "rdf:predicate": [
                "additionalInformation"
              ]
            },
            {
              "@id": "https://data.datatourisme.fr/c8e665e0-3537-322b-8c82-cfcc8b030478",
              "dc:contributor": [
                "https://api.deepl.com/v2/translate"
              ],
              "rdf:language": [
                "it"
              ],
              "rdf:predicate": [
                "additionalInformation"
              ]
            }
          ]
        }
      ],
      "@type": [
        "schema:Place",
        "Place"
      ]
    }
  ],
  "isOwnedBy": [
    {
      "@id": "https://data.datatourisme.fr/73484530-94e0-3b9c-86da-e2ddfa7df7ed",
      "schema:email": [
        "emilie.prai@saintgermainenlaye.fr",
        "emilie.rochat@seine-saintgermain.fr",
        "melissa.moreau@saintgermainenlaye.fr"
      ],
      "schema:legalName": "Office de Tourisme Intercommunal de Saint Germain Boucles de Seine",
      "@type": [
        "schema:Organization",
        "foaf:Agent",
        "Agent"
      ],
      "foaf:homepage": [
        "http://www.reservation.seine-saintgermain.fr/"
      ]
    }
  ],
  "lastUpdate": "2021-11-24",
  "lastUpdateDatatourisme": "2023-02-01T18:07:35.938Z",
  "providesCuisineOfType": [
    {
      "@id": "kb:MediterraneanCuisine",
      "@type": [
        "CuisineCategory"
      ],
      "rdfs:label": {
        "de": [
          "Mediterrane Küche"
        ],
        "pt": [
          "Cozinha mediterrânica"
        ],
        "en": [
          "Mediterranean cuisine"
        ],
        "it": [
          "Cucina mediterranea"
        ],
        "fr": [
          "Cuisine méditerranéenne"
        ],
        "nl": [
          "Mediterrane keuken"
        ],
        "es": [
          "Cocina mediterránea"
        ]
      }
    }
  ]
}