{
  "@id": "https://data.datatourisme.fr/13/14deda06-9cee-3547-a4b5-a1d7e5a81387",
  "dc:identifier": "6085964",
  "@type": [
    "schema:LocalBusiness",
    "EquestrianCenter",
    "PlaceOfInterest",
    "PointOfInterest",
    "SportsAndLeisurePlace"
  ],
  "rdfs:comment": {
    "de": [
      "LABEL: Springreiten. Diese private Fläche beherbergt einen Trainingskurs für das Springreiten für eine Delegation von 11 Pferden unter ständiger Ausschluss der Öffentlichkeit. Diese im Bau befindliche Anlage wird die Wiederaufnahme von Reitsportwettbewerben im Val d'Oise ermöglichen."
    ],
    "en": [
      "LABEL: Show jumping. This private space is home to a training arena for show jumping, for a delegation of 11 horses in permanent confinement. This site under construction will enable the revival of equestrian competitions in the Val d'Oise."
    ],
    "it": [
      "ETICHETTA : Salto. Questo spazio privato ospita un'arena di addestramento per il salto ad ostacoli, per una delegazione di 11 cavalli in confinamento permanente. Questo sito è in costruzione e consentirà di rilanciare le competizioni equestri nella Val d'Oise."
    ],
    "fr": [
      "LABEL : Saut d'obstacles. Cet espace privé accueille une carrière d’entraînement pour le saut d’obstacles, pour une délégation de 11 chevaux à huis clos permanent. Ce site en construction permettra de relancer les compétitions équestres en Val d’Oise."
    ],
    "nl": [
      "LABEL: Springen. Deze privéruimte herbergt een trainingspiste voor het springen, voor een delegatie van 11 paarden in permanente opsluiting. Dit terrein in aanbouw zal de heropleving van hippische wedstrijden in de Val d'Oise mogelijk maken."
    ],
    "es": [
      "ETIQUETA : Salto. Este espacio privado alberga una pista de entrenamiento para el salto de obstáculos, para una delegación de 11 caballos en confinamiento permanente. Este sitio está en construcción y permitirá la reactivación de las competiciones ecuestres en el Val d'Oise."
    ]
  },
  "rdfs:label": {
    "en": [
      "Ecuries du Domaine de la Couture"
    ],
    "fr": [
      "Ecuries du Domaine de la Couture"
    ]
  },
  "hasBeenCreatedBy": {
    "@id": "https://data.datatourisme.fr/13/766d856e-f1a6-302f-93d8-94415e6bfa0e",
    "dc:identifier": "1014",
    "schema:email": [
      "andrea.duperon@ville-argenteuil.fr",
      "c.carreras@valdoise-tourisme.com",
      "j.blain@valdoise-tourisme.com",
      "m.bachelery@valdoise-tourisme.com",
      "s.benchikh@valdoise-tourisme.com"
    ],
    "schema:legalName": "Val d'Oise Tourisme",
    "@type": [
      "schema:Organization",
      "foaf:Agent",
      "Agent"
    ],
    "foaf:homepage": [
      "https://www.valdoise-tourisme.com/"
    ]
  },
  "hasBeenPublishedBy": [
    {
      "@id": "https://data.datatourisme.fr/8a9feb4b-2cbd-3d2c-b507-bd6c6776b23b",
      "schema:legalName": "Apidae Tourisme Scic SA - source : Apidae Tourisme",
      "@type": [
        "schema:Organization",
        "foaf:Agent",
        "Agent"
      ],
      "foaf:homepage": [
        "https://www.apidae-tourisme.com/"
      ]
    }
  ],
  "hasContact": [
    {
      "@id": "https://data.datatourisme.fr/169f756e-a827-3070-8716-012ec9055d52",
      "schema:email": [
        "lesecuriesdudomainedelacouture@orange.fr"
      ],
      "schema:telephone": [
        "+33 6 27 16 62 49"
      ],
      "@type": [
        "foaf:Agent",
        "Agent"
      ],
      "foaf:homepage": [
        "https://lesecuriesdudomainedelacouture.ffe.com/"
      ]
    }
  ],
  "hasDescription": [
    {
      "@id": "https://data.datatourisme.fr/eb446b8f-ec55-3288-a9d9-29bc102f810d",
      "@type": [
        "Description"
      ],
      "hasTranslatedProperty": [
        {
          "@id": "https://data.datatourisme.fr/1bbca098-e8e0-3511-9a0c-f15c6fa79c2e",
          "dc:contributor": [
            "https://api.deepl.com/v2/translate"
          ],
          "rdf:language": [
            "it"
          ],
          "rdf:predicate": [
            "shortDescription"
          ]
        },
        {
          "@id": "https://data.datatourisme.fr/6a2e252d-55d9-3e12-adb1-02e64848da63",
          "dc:contributor": [
            "https://api.deepl.com/v2/translate"
          ],
          "rdf:language": [
            "es"
          ],
          "rdf:predicate": [
            "shortDescription"
          ]
        },
        {
          "@id": "https://data.datatourisme.fr/acc0d875-3078-3fa7-9670-faed78e8028b",
          "dc:contributor": [
            "https://api.deepl.com/v2/translate"
          ],
          "rdf:language": [
            "nl"
          ],
          "rdf:predicate": [
            "shortDescription"
          ]
        },
        {
          "@id": "https://data.datatourisme.fr/e70d0806-e9ec-3ba2-ada1-b2277a2ad6c8",
          "dc:contributor": [
            "https://api.deepl.com/v2/translate"
          ],
          "rdf:language": [
            "de"
          ],
          "rdf:predicate": [
            "shortDescription"
          ]
        }
      ],
      "shortDescription": {
        "de": [
          "LABEL: Springreiten. Diese private Fläche beherbergt einen Trainingskurs für das Springreiten für eine Delegation von 11 Pferden unter ständiger Ausschluss der Öffentlichkeit. Diese im Bau befindliche Anlage wird die Wiederaufnahme von Reitsportwettbewerben im Val d'Oise ermöglichen."
        ],
        "en": [
          "LABEL: Show jumping. This private space is home to a training arena for show jumping, for a delegation of 11 horses in permanent confinement. This site under construction will enable the revival of equestrian competitions in the Val d'Oise."
        ],
        "it": [
          "ETICHETTA : Salto. Questo spazio privato ospita un'arena di addestramento per il salto ad ostacoli, per una delegazione di 11 cavalli in confinamento permanente. Questo sito è in costruzione e consentirà di rilanciare le competizioni equestri nella Val d'Oise."
        ],
        "fr": [
          "LABEL : Saut d'obstacles. Cet espace privé accueille une carrière d’entraînement pour le saut d’obstacles, pour une délégation de 11 chevaux à huis clos permanent. Ce site en construction permettra de relancer les compétitions équestres en Val d’Oise."
        ],
        "nl": [
          "LABEL: Springen. Deze privéruimte herbergt een trainingspiste voor het springen, voor een delegatie van 11 paarden in permanente opsluiting. Dit terrein in aanbouw zal de heropleving van hippische wedstrijden in de Val d'Oise mogelijk maken."
        ],
        "es": [
          "ETIQUETA : Salto. Este espacio privado alberga una pista de entrenamiento para el salto de obstáculos, para una delegación de 11 caballos en confinamiento permanente. Este sitio está en construcción y permitirá la reactivación de las competiciones ecuestres en el Val d'Oise."
        ]
      }
    }
  ],
  "hasTheme": [
    {
      "@id": "kb:Riding",
      "@type": [
        "SportsTheme"
      ],
      "rdfs:label": {
        "de": [
          "Reiten"
        ],
        "pt": [
          "Equitação"
        ],
        "en": [
          "Riding"
        ],
        "it": [
          "Equitazione"
        ],
        "fr": [
          "Equitation"
        ],
        "nl": [
          "Paardrijden"
        ],
        "es": [
          "Equitación"
        ]
      }
    }
  ],
  "hasTranslatedProperty": [
    {
      "@id": "https://data.datatourisme.fr/13ea8f0d-0ee1-3aca-81c5-b80b711dbe7b",
      "dc:contributor": [
        "https://api.deepl.com/v2/translate"
      ],
      "rdf:language": [
        "de"
      ],
      "rdf:predicate": [
        {
          "@id": "rdfs:comment"
        }
      ]
    },
    {
      "@id": "https://data.datatourisme.fr/6ba9364c-aba2-3739-86d0-2e6ca7cced0e",
      "dc:contributor": [
        "https://api.deepl.com/v2/translate"
      ],
      "rdf:language": [
        "es"
      ],
      "rdf:predicate": [
        {
          "@id": "rdfs:comment"
        }
      ]
    },
    {
      "@id": "https://data.datatourisme.fr/85dd1828-ee28-3e1b-836d-73a994d18946",
      "dc:contributor": [
        "https://api.deepl.com/v2/translate"
      ],
      "rdf:language": [
        "nl"
      ],
      "rdf:predicate": [
        {
          "@id": "rdfs:comment"
        }
      ]
    },
    {
      "@id": "https://data.datatourisme.fr/bdcc2f08-daa0-31ef-88be-e385ea44b78d",
      "dc:contributor": [
        "https://api.deepl.com/v2/translate"
      ],
      "rdf:language": [
        "it"
      ],
      "rdf:predicate": [
        {
          "@id": "rdfs:comment"
        }
      ]
    }
  ],
  "isLocatedAt": [
    {
      "@id": "https://data.datatourisme.fr/43ff0b96-3e1d-391a-97b3-61d0ef2038f4",
      "schema:address": [
        {
          "@id": "https://data.datatourisme.fr/31095d54-08ed-3430-88ea-ab41e4bfe1b1",
          "schema:addressLocality": "Fontenay-en-Parisis",
          "schema:postalCode": "95190",
          "schema:streetAddress": [
            "Avenue de Gonesse"
          ],
          "@type": [
            "schema:PostalAddress",
            "PostalAddress"
          ],
          "hasAddressCity": {
            "@id": "kb:95241",
            "@type": [
              "City"
            ],
            "rdfs:label": {
              "de": [
                "Fontenay-en-Parisis"
              ],
              "pt": [
                "Fontenay-en-Parisis"
              ],
              "en": [
                "Fontenay-en-Parisis"
              ],
              "it": [
                "Fontenay-en-Parisis"
              ],
              "fr": [
                "Fontenay-en-Parisis"
              ],
              "nl": [
                "Fontenay-en-Parisis"
              ],
              "es": [
                "Fontenay-en-Parisis"
              ]
            },
            "insee": "95241",
            "isPartOfDepartment": {
              "@id": "kb:France1195",
              "@type": [
                "Department"
              ],
              "rdfs:label": {
                "de": [
                  "Val-d'Oise"
                ],
                "pt": [
                  "Val-d'Oise"
                ],
                "en": [
                  "Val-d'Oise"
                ],
                "it": [
                  "Val-d'Oise"
                ],
                "fr": [
                  "Val-d'Oise"
                ],
                "nl": [
                  "Val-d'Oise"
                ],
                "es": [
                  "Val-d'Oise"
                ]
              },
              "insee": "95",
              "isPartOfRegion": {
                "@id": "kb:France11",
                "@type": [
                  "Region"
                ],
                "rdfs:label": {
                  "de": [
                    "Île-de-France"
                  ],
                  "pt": [
                    "Île-de-France"
                  ],
                  "en": [
                    "Île-de-France"
                  ],
                  "it": [
                    "Île-de-France"
                  ],
                  "fr": [
                    "Île-de-France"
                  ],
                  "nl": [
                    "Île-de-France"
                  ],
                  "es": [
                    "Île-de-France"
                  ]
                },
                "insee": "11",
                "isPartOfCountry": {
                  "@id": "kb:France",
                  "@type": [
                    "schema:Country"
                  ],
                  "rdfs:label": {
                    "de": [
                      "France",
                      "Frankreich"
                    ],
                    "pt": [
                      "França",
                      "France"
                    ],
                    "en": [
                      "France"
                    ],
                    "it": [
                      "France",
                      "Francia"
                    ],
                    "fr": [
                      "France"
                    ],
                    "nl": [
                      "France",
                      "Frankrijk"
                    ],
                    "es": [
                      "France",
                      "Francia"
                    ]
                  }
                }
              }
            }
          }
        }
      ],
      "schema:geo": {
        "@id": "https://data.datatourisme.fr/a528084c-30e1-3ca3-bd42-0ff880247801",
        "schema:latitude": "49.055159",
        "schema:longitude": "2.459167",
        "@type": [
          "schema:GeoCoordinates"
        ]
      },
      "schema:openingHoursSpecification": [
        {
          "@id": "https://data.datatourisme.fr/f87e535a-636d-3343-ad63-8a03392e7511",
          "schema:validFrom": "2023-01-01T00:00:00",
          "schema:validThrough": "2023-12-31T23:59:59",
          "@type": [
            "schema:OpeningHoursSpecification"
          ]
        }
      ],
      "@type": [
        "schema:Place",
        "Place"
      ]
    }
  ],
  "isOwnedBy": [
    {
      "@id": "https://data.datatourisme.fr/46c2f24f-c4c1-3249-bf1f-0a05a837cb67",
      "schema:email": [
        "andrea.duperon@ville-argenteuil.fr",
        "c.carreras@valdoise-tourisme.com",
        "j.blain@valdoise-tourisme.com",
        "m.bachelery@valdoise-tourisme.com",
        "s.benchikh@valdoise-tourisme.com"
      ],
      "schema:legalName": "Val d'Oise Tourisme",
      "@type": [
        "schema:Organization",
        "foaf:Agent",
        "Agent"
      ],
      "foaf:homepage": [
        "https://www.valdoise-tourisme.com/"
      ]
    }
  ],
  "lastUpdate": "2022-07-25",
  "lastUpdateDatatourisme": "2023-02-10T06:39:19.969Z"
}