{
  "@id": "https://data.datatourisme.fr/13/14299cd2-f9ad-35ae-8e87-1b33127fb439",
  "dc:identifier": "5134733",
  "@type": [
    "schema:FoodEstablishment",
    "FoodEstablishment",
    "PlaceOfInterest",
    "PointOfInterest"
  ],
  "rdfs:comment": {
    "de": [
      "Musik und Tanzfläche, Atmosphäre und Geselligkeit, Geschmack und große Auswahl auf der Speisekarte und in den Menüs."
    ],
    "en": [
      "Music and dance floor, dynamic atmosphere and conviviality, flavors and large selection in the menus. ent including birthdays."
    ],
    "it": [
      "Musica e pista da ballo, atmosfera e convivialità, sapori e ampia scelta nel menu."
    ],
    "fr": [
      "Musiques et piste de danse, ambiance et convivialité, saveurs et large choix dans la carte et les menus."
    ],
    "nl": [
      "Muziek en dansvloer, sfeer en gezelligheid, smaken en een ruime keuze in het menu."
    ],
    "es": [
      "Música y pista de baile, ambiente y convivencia, sabores y una amplia oferta en la carta."
    ]
  },
  "rdfs:label": {
    "fr": [
      "Guinguette en Frette"
    ]
  },
  "hasBeenCreatedBy": {
    "@id": "https://data.datatourisme.fr/13/2056d8c1-dec3-312c-bce6-46b348d189d1",
    "dc:identifier": "2183",
    "schema:email": [
      "tourisme@valparisis.fr"
    ],
    "schema:legalName": "Communauté d'agglomération Val Parisis",
    "@type": [
      "schema:Organization",
      "foaf:Agent",
      "Agent"
    ],
    "foaf:homepage": [
      "https://www.valparisis.fr/"
    ]
  },
  "hasBeenPublishedBy": [
    {
      "@id": "https://data.datatourisme.fr/8a9feb4b-2cbd-3d2c-b507-bd6c6776b23b",
      "schema:legalName": "Apidae Tourisme Scic SA - source : Apidae Tourisme",
      "@type": [
        "schema:Organization",
        "foaf:Agent",
        "Agent"
      ],
      "foaf:homepage": [
        "https://www.apidae-tourisme.com/"
      ]
    }
  ],
  "hasContact": [
    {
      "@id": "https://data.datatourisme.fr/1618990a-f2e2-3597-92ca-134a9de401ce",
      "schema:email": [
        "guinguettenfrette@yahoo.fr"
      ],
      "schema:telephone": [
        "+33 1 39 31 50 40"
      ],
      "@type": [
        "foaf:Agent",
        "Agent"
      ],
      "foaf:homepage": [
        "http://guinguette-en-frette.zenchef.com/"
      ]
    }
  ],
  "hasDescription": [
    {
      "@id": "https://data.datatourisme.fr/1b9438b7-e165-3c64-80cf-9ba52ecd75cb",
      "@type": [
        "Description"
      ],
      "hasTranslatedProperty": [
        {
          "@id": "https://data.datatourisme.fr/0fecd10c-460d-3bb1-9bdd-950223fa9dec",
          "dc:contributor": [
            "https://api.deepl.com/v2/translate"
          ],
          "rdf:language": [
            "it"
          ],
          "rdf:predicate": [
            "shortDescription"
          ]
        },
        {
          "@id": "https://data.datatourisme.fr/45f88bb8-b4b4-39e5-91a8-b32d4da8de68",
          "dc:contributor": [
            "https://api.deepl.com/v2/translate"
          ],
          "rdf:language": [
            "de"
          ],
          "rdf:predicate": [
            "shortDescription"
          ]
        },
        {
          "@id": "https://data.datatourisme.fr/994e58fa-a5a4-3f8e-8991-e478f698791f",
          "dc:contributor": [
            "https://api.deepl.com/v2/translate"
          ],
          "rdf:language": [
            "es"
          ],
          "rdf:predicate": [
            "shortDescription"
          ]
        },
        {
          "@id": "https://data.datatourisme.fr/d00f2f6b-adb8-3b5d-a2ba-49e03fdd3d47",
          "dc:contributor": [
            "https://api.deepl.com/v2/translate"
          ],
          "rdf:language": [
            "nl"
          ],
          "rdf:predicate": [
            "shortDescription"
          ]
        }
      ],
      "shortDescription": {
        "de": [
          "Musik und Tanzfläche, Atmosphäre und Geselligkeit, Geschmack und große Auswahl auf der Speisekarte und in den Menüs."
        ],
        "en": [
          "Music and dance floor, dynamic atmosphere and conviviality, flavors and large selection in the menus. ent including birthdays."
        ],
        "it": [
          "Musica e pista da ballo, atmosfera e convivialità, sapori e ampia scelta nel menu."
        ],
        "fr": [
          "Musiques et piste de danse, ambiance et convivialité, saveurs et large choix dans la carte et les menus."
        ],
        "nl": [
          "Muziek en dansvloer, sfeer en gezelligheid, smaken en een ruime keuze in het menu."
        ],
        "es": [
          "Música y pista de baile, ambiente y convivencia, sabores y una amplia oferta en la carta."
        ]
      }
    }
  ],
  "hasTranslatedProperty": [
    {
      "@id": "https://data.datatourisme.fr/27a2aee6-376b-3131-916e-2f9cc8777568",
      "dc:contributor": [
        "https://api.deepl.com/v2/translate"
      ],
      "rdf:language": [
        "nl"
      ],
      "rdf:predicate": [
        {
          "@id": "rdfs:comment"
        }
      ]
    },
    {
      "@id": "https://data.datatourisme.fr/47123f21-e19e-33c9-98d6-7f003dd0045b",
      "dc:contributor": [
        "https://api.deepl.com/v2/translate"
      ],
      "rdf:language": [
        "de"
      ],
      "rdf:predicate": [
        {
          "@id": "rdfs:comment"
        }
      ]
    },
    {
      "@id": "https://data.datatourisme.fr/f900a86e-c34e-3c87-9e36-7b10bc9b511f",
      "dc:contributor": [
        "https://api.deepl.com/v2/translate"
      ],
      "rdf:language": [
        "it"
      ],
      "rdf:predicate": [
        {
          "@id": "rdfs:comment"
        }
      ]
    },
    {
      "@id": "https://data.datatourisme.fr/f96eb29c-e711-3cf2-821d-6e557621b368",
      "dc:contributor": [
        "https://api.deepl.com/v2/translate"
      ],
      "rdf:language": [
        "es"
      ],
      "rdf:predicate": [
        {
          "@id": "rdfs:comment"
        }
      ]
    }
  ],
  "isLocatedAt": [
    {
      "@id": "https://data.datatourisme.fr/007eb5f0-506a-3161-9114-26d150052260",
      "schema:address": [
        {
          "@id": "https://data.datatourisme.fr/d42b36f8-5a54-3504-b13f-a37c1c21e1b0",
          "schema:addressLocality": "La Frette-sur-Seine",
          "schema:postalCode": "95530",
          "schema:streetAddress": [
            "84 Quai de Seine"
          ],
          "@type": [
            "schema:PostalAddress",
            "PostalAddress"
          ],
          "hasAddressCity": {
            "@id": "kb:95257",
            "@type": [
              "City"
            ],
            "rdfs:label": {
              "de": [
                "La Frette-sur-Seine"
              ],
              "pt": [
                "La Frette-sur-Seine"
              ],
              "en": [
                "La Frette-sur-Seine"
              ],
              "it": [
                "La Frette-sur-Seine"
              ],
              "fr": [
                "La Frette-sur-Seine"
              ],
              "nl": [
                "La Frette-sur-Seine"
              ],
              "es": [
                "La Frette-sur-Seine"
              ]
            },
            "insee": "95257",
            "isPartOfDepartment": {
              "@id": "kb:France1195",
              "@type": [
                "Department"
              ],
              "rdfs:label": {
                "de": [
                  "Val-d'Oise"
                ],
                "pt": [
                  "Val-d'Oise"
                ],
                "en": [
                  "Val-d'Oise"
                ],
                "it": [
                  "Val-d'Oise"
                ],
                "fr": [
                  "Val-d'Oise"
                ],
                "nl": [
                  "Val-d'Oise"
                ],
                "es": [
                  "Val-d'Oise"
                ]
              },
              "insee": "95",
              "isPartOfRegion": {
                "@id": "kb:France11",
                "@type": [
                  "Region"
                ],
                "rdfs:label": {
                  "de": [
                    "Île-de-France"
                  ],
                  "pt": [
                    "Île-de-France"
                  ],
                  "en": [
                    "Île-de-France"
                  ],
                  "it": [
                    "Île-de-France"
                  ],
                  "fr": [
                    "Île-de-France"
                  ],
                  "nl": [
                    "Île-de-France"
                  ],
                  "es": [
                    "Île-de-France"
                  ]
                },
                "insee": "11",
                "isPartOfCountry": {
                  "@id": "kb:France",
                  "@type": [
                    "schema:Country"
                  ],
                  "rdfs:label": {
                    "de": [
                      "France",
                      "Frankreich"
                    ],
                    "pt": [
                      "França",
                      "France"
                    ],
                    "en": [
                      "France"
                    ],
                    "it": [
                      "France",
                      "Francia"
                    ],
                    "fr": [
                      "France"
                    ],
                    "nl": [
                      "France",
                      "Frankrijk"
                    ],
                    "es": [
                      "France",
                      "Francia"
                    ]
                  }
                }
              }
            }
          }
        }
      ],
      "schema:geo": {
        "@id": "https://data.datatourisme.fr/959162e2-1132-3cc1-bba4-b50b5e7559e0",
        "schema:latitude": "48.97674",
        "schema:longitude": "2.176565",
        "@type": [
          "schema:GeoCoordinates"
        ]
      },
      "schema:openingHoursSpecification": [
        {
          "@id": "https://data.datatourisme.fr/bba02db6-6b51-3767-b116-099c68ec1fe9",
          "schema:validFrom": "2023-01-01T00:00:00",
          "schema:validThrough": "2023-12-31T23:59:59",
          "@type": [
            "schema:OpeningHoursSpecification"
          ],
          "additionalInformation": {
            "de": [
              "Geöffnet von 12:00 bis 14:30 Uhr und von 18:30 bis 22:30 Uhr."
            ],
            "en": [
              "Open from 12h to 14h30 and from 18h30 to 22h30."
            ],
            "it": [
              "Aperto dalle 12:00 alle 14:30 e dalle 18:30 alle 22:30."
            ],
            "fr": [
              "Ouvert de 12h à 14h30 et de 18h30 à 22h30."
            ],
            "nl": [
              "Open van 12:00 tot 14:30 en van 18:30 tot 22:30."
            ],
            "es": [
              "Abierto de 12:00 a 14:30 y de 18:30 a 22:30."
            ]
          },
          "hasTranslatedProperty": [
            {
              "@id": "https://data.datatourisme.fr/6ed712bc-bfb9-307a-9889-90ee70bffa69",
              "dc:contributor": [
                "https://api.deepl.com/v2/translate"
              ],
              "rdf:language": [
                "de"
              ],
              "rdf:predicate": [
                "additionalInformation"
              ]
            },
            {
              "@id": "https://data.datatourisme.fr/8dd02edb-a65a-3547-9f9c-759f6cb0cc62",
              "dc:contributor": [
                "https://api.deepl.com/v2/translate"
              ],
              "rdf:language": [
                "nl"
              ],
              "rdf:predicate": [
                "additionalInformation"
              ]
            },
            {
              "@id": "https://data.datatourisme.fr/b4e4e514-53e5-3fce-b223-7b1d0c56a832",
              "dc:contributor": [
                "https://api.deepl.com/v2/translate"
              ],
              "rdf:language": [
                "es"
              ],
              "rdf:predicate": [
                "additionalInformation"
              ]
            },
            {
              "@id": "https://data.datatourisme.fr/d7b5c8d1-22da-381c-b362-2329c528d109",
              "dc:contributor": [
                "https://api.deepl.com/v2/translate"
              ],
              "rdf:language": [
                "en"
              ],
              "rdf:predicate": [
                "additionalInformation"
              ]
            },
            {
              "@id": "https://data.datatourisme.fr/fe8e96d3-7e2b-3e25-ba45-5828ae2bcc4e",
              "dc:contributor": [
                "https://api.deepl.com/v2/translate"
              ],
              "rdf:language": [
                "it"
              ],
              "rdf:predicate": [
                "additionalInformation"
              ]
            }
          ]
        }
      ],
      "@type": [
        "schema:Place",
        "Place"
      ]
    }
  ],
  "isOwnedBy": [
    {
      "@id": "https://data.datatourisme.fr/faa1762e-8203-3523-81db-9fc45f171d33",
      "schema:email": [
        "tourisme@valparisis.fr"
      ],
      "schema:legalName": "Communauté d'agglomération Val Parisis",
      "@type": [
        "schema:Organization",
        "foaf:Agent",
        "Agent"
      ],
      "foaf:homepage": [
        "https://www.valparisis.fr/"
      ]
    }
  ],
  "lastUpdate": "2021-07-13",
  "lastUpdateDatatourisme": "2023-02-01T18:07:36.078Z"
}