{
  "@id": "https://data.datatourisme.fr/13/14181ef5-2bab-3fa1-b36c-113061b2fecf",
  "dc:identifier": "783795",
  "@type": [
    "schema:LocalBusiness",
    "schema:Museum",
    "CulturalSite",
    "Museum",
    "PlaceOfInterest",
    "PointOfInterest"
  ],
  "rdfs:comment": {
    "de": [
      "Dieses im Château Buchillot untergebrachte Museum ist dem Bildhauer Paul Belmondo, dem Vater des berühmten Schauspielers, gewidmet und zeigt einen reichen Überblick über sein Werk: Skulpturen, Medaillen und Zeichnungen, zu denen noch die Rekonstruktion des Ateliers des Künstlers hinzukommt."
    ],
    "en": [
      "Installed in the Château Buchillot, this museum dedicated to the sculptor Paul Belmondo, the father of the famous actor, presents a rich panorama of his work: sculptures, medals and drawings to which is added the reconstruction of the artist's studio."
    ],
    "it": [
      "Ospitato nello Château Buchillot, questo museo dedicato allo scultore Paul Belmondo, padre del famoso attore, presenta un ricco panorama della sua opera: sculture, medaglie e disegni, oltre a una ricostruzione dello studio dell'artista."
    ],
    "fr": [
      "Installé dans le château Buchillot, ce musée consacré au sculpteur Paul Belmondo, le père du célèbre acteur, présente une riche panorama de son oeuvre : sculptures, médailles et dessins auxquels s'ajoute la reconstitution de l'atelier de l'artiste."
    ],
    "nl": [
      "Dit museum gewijd aan de beeldhouwer Paul Belmondo, de vader van de beroemde acteur, is ondergebracht in het Château Buchillot en toont een rijk panorama van zijn werk: beelden, medailles en tekeningen, evenals een reconstructie van het atelier van de kunstenaar."
    ],
    "es": [
      "Alojado en el Château Buchillot, este museo dedicado al escultor Paul Belmondo, padre del famoso actor, presenta un rico panorama de su obra: esculturas, medallas y dibujos, así como una reconstrucción del estudio del artista."
    ]
  },
  "rdfs:label": {
    "fr": [
      "Musée Paul-Belmondo"
    ]
  },
  "owl:sameAs": [
    "http://www.wikidata.org/entity/Q3329303"
  ],
  "hasBeenCreatedBy": {
    "@id": "https://data.datatourisme.fr/13/5a142a55-461d-3fef-816a-cfb927fee0bd",
    "dc:identifier": "1710",
    "schema:email": [
      "ebasset@yvelines.fr",
      "tourisme@yvelines.fr"
    ],
    "schema:legalName": "Conseil Départemental des Yvelines",
    "@type": [
      "schema:Organization",
      "foaf:Agent",
      "Agent"
    ]
  },
  "hasBeenPublishedBy": [
    {
      "@id": "https://data.datatourisme.fr/8a9feb4b-2cbd-3d2c-b507-bd6c6776b23b",
      "schema:legalName": "Apidae Tourisme Scic SA - source : Apidae Tourisme",
      "@type": [
        "schema:Organization",
        "foaf:Agent",
        "Agent"
      ],
      "foaf:homepage": [
        "https://www.apidae-tourisme.com/"
      ]
    }
  ],
  "hasContact": [
    {
      "@id": "https://data.datatourisme.fr/9785f429-8430-38db-8591-3a0de62eb4bb",
      "schema:telephone": [
        "+33 1 55 18 69 01"
      ],
      "@type": [
        "foaf:Agent",
        "Agent"
      ],
      "foaf:homepage": [
        "https://www.boulognebillancourt.com/loisirs/culture/les-musees/musee-paul-belmondo"
      ]
    }
  ],
  "hasDescription": [
    {
      "@id": "https://data.datatourisme.fr/2dc5da66-bd9c-30cb-9299-6e4eb45c434f",
      "@type": [
        "Description"
      ],
      "hasTranslatedProperty": [
        {
          "@id": "https://data.datatourisme.fr/3127481d-b973-32c5-87bc-89a6f6478ff7",
          "dc:contributor": [
            "https://api.deepl.com/v2/translate"
          ],
          "rdf:language": [
            "de"
          ],
          "rdf:predicate": [
            "shortDescription"
          ]
        },
        {
          "@id": "https://data.datatourisme.fr/47299afb-9a09-3446-bba4-c877398fb476",
          "dc:contributor": [
            "https://api.deepl.com/v2/translate"
          ],
          "rdf:language": [
            "es"
          ],
          "rdf:predicate": [
            "shortDescription"
          ]
        },
        {
          "@id": "https://data.datatourisme.fr/5c1b475b-c08d-3a3a-934f-dd6847ccb1cf",
          "dc:contributor": [
            "https://api.deepl.com/v2/translate"
          ],
          "rdf:language": [
            "en"
          ],
          "rdf:predicate": [
            "shortDescription"
          ]
        },
        {
          "@id": "https://data.datatourisme.fr/7687b501-e131-3f6a-84ee-9f09878308b7",
          "dc:contributor": [
            "https://api.deepl.com/v2/translate"
          ],
          "rdf:language": [
            "nl"
          ],
          "rdf:predicate": [
            "shortDescription"
          ]
        },
        {
          "@id": "https://data.datatourisme.fr/d2f50221-ff00-3614-9cf3-c74e9af47f3d",
          "dc:contributor": [
            "https://api.deepl.com/v2/translate"
          ],
          "rdf:language": [
            "it"
          ],
          "rdf:predicate": [
            "shortDescription"
          ]
        }
      ],
      "shortDescription": {
        "de": [
          "Dieses im Château Buchillot untergebrachte Museum ist dem Bildhauer Paul Belmondo, dem Vater des berühmten Schauspielers, gewidmet und zeigt einen reichen Überblick über sein Werk: Skulpturen, Medaillen und Zeichnungen, zu denen noch die Rekonstruktion des Ateliers des Künstlers hinzukommt."
        ],
        "en": [
          "Installed in the Château Buchillot, this museum dedicated to the sculptor Paul Belmondo, the father of the famous actor, presents a rich panorama of his work: sculptures, medals and drawings to which is added the reconstruction of the artist's studio."
        ],
        "it": [
          "Ospitato nello Château Buchillot, questo museo dedicato allo scultore Paul Belmondo, padre del famoso attore, presenta un ricco panorama della sua opera: sculture, medaglie e disegni, oltre a una ricostruzione dello studio dell'artista."
        ],
        "fr": [
          "Installé dans le château Buchillot, ce musée consacré au sculpteur Paul Belmondo, le père du célèbre acteur, présente une riche panorama de son oeuvre : sculptures, médailles et dessins auxquels s'ajoute la reconstitution de l'atelier de l'artiste."
        ],
        "nl": [
          "Dit museum gewijd aan de beeldhouwer Paul Belmondo, de vader van de beroemde acteur, is ondergebracht in het Château Buchillot en toont een rijk panorama van zijn werk: beelden, medailles en tekeningen, evenals een reconstructie van het atelier van de kunstenaar."
        ],
        "es": [
          "Alojado en el Château Buchillot, este museo dedicado al escultor Paul Belmondo, padre del famoso actor, presenta un rico panorama de su obra: esculturas, medallas y dibujos, así como una reconstrucción del estudio del artista."
        ]
      }
    }
  ],
  "hasRepresentation": [
    {
      "@id": "https://data.datatourisme.fr/0d02afa9-c303-3b62-8e5d-b20fdf119d31",
      "ebucore:hasAnnotation": [
        {
          "@id": "https://data.datatourisme.fr/9f322fde-e319-31f0-8d50-d269275d4bcc",
          "ebucore:isCoveredBy": "CC BY-SA 3.0",
          "ebucore:title": [
            "Musée Paul Belmondo à Boulogne-Billancourt 001"
          ],
          "@type": [
            "ebucore:Annotation"
          ],
          "credits": [
            "Moonik (https://commons.wikimedia.org/wiki/User:Moonik)"
          ]
        }
      ],
      "ebucore:hasRelatedResource": [
        {
          "@id": "https://data.datatourisme.fr/f5fef65f-f401-33be-b449-26474c074229",
          "ebucore:fileSize": [
            5072438
          ],
          "ebucore:hasMimeType": [
            {
              "@id": "kb:JPEG",
              "@type": [
                "ebucore:MimeType"
              ],
              "rdfs:comment": {
                "de": [
                  "JPEG-Bild"
                ],
                "pt": [
                  "Imagem JPEG"
                ],
                "en": [
                  "JPEG image file"
                ],
                "it": [
                  "Immagine JPEG"
                ],
                "fr": [
                  "Image JPEG"
                ],
                "nl": [
                  "JPEG-afbeelding"
                ],
                "es": [
                  "Imagen JPEG"
                ]
              },
              "rdfs:label": {
                "de": [
                  "image/jpeg"
                ],
                "pt": [
                  "image/jpeg"
                ],
                "en": [
                  "image/jpeg"
                ],
                "it": [
                  "image/jpeg"
                ],
                "fr": [
                  "image/jpeg"
                ],
                "nl": [
                  "image/jpeg"
                ],
                "es": [
                  "image/jpeg"
                ]
              }
            }
          ],
          "ebucore:height": 2678,
          "ebucore:locator": [
            "https://upload.wikimedia.org/wikipedia/commons/7/73/Mus%C3%A9e_Paul_Belmondo_%C3%A0_Boulogne-Billancourt_001.jpg"
          ],
          "ebucore:width": 3559,
          "@type": [
            "ebucore:Resource"
          ]
        }
      ],
      "@type": [
        "ebucore:EditorialObject"
      ]
    }
  ],
  "hasTheme": [
    {
      "@id": "kb:Culture",
      "@type": [
        "CulturalTheme"
      ],
      "rdfs:label": {
        "de": [
          "Kultur"
        ],
        "pt": [
          "Cultura"
        ],
        "en": [
          "Culture"
        ],
        "it": [
          "Cultura"
        ],
        "fr": [
          "Culture"
        ],
        "nl": [
          "Cultuur"
        ],
        "es": [
          "Cultura"
        ]
      }
    }
  ],
  "hasTranslatedProperty": [
    {
      "@id": "https://data.datatourisme.fr/1366c60d-d2b7-3c6a-9f36-bcd14e628cf2",
      "dc:contributor": [
        "https://api.deepl.com/v2/translate"
      ],
      "rdf:language": [
        "it"
      ],
      "rdf:predicate": [
        {
          "@id": "rdfs:comment"
        }
      ]
    },
    {
      "@id": "https://data.datatourisme.fr/56034647-198b-32c2-9eb6-3e97155f8733",
      "dc:contributor": [
        "https://api.deepl.com/v2/translate"
      ],
      "rdf:language": [
        "de"
      ],
      "rdf:predicate": [
        {
          "@id": "rdfs:comment"
        }
      ]
    },
    {
      "@id": "https://data.datatourisme.fr/74e4d6ee-7769-3664-93df-c3bed6156068",
      "dc:contributor": [
        "https://api.deepl.com/v2/translate"
      ],
      "rdf:language": [
        "en"
      ],
      "rdf:predicate": [
        {
          "@id": "rdfs:comment"
        }
      ]
    },
    {
      "@id": "https://data.datatourisme.fr/dbcd1d17-47e3-3d39-b97b-6ad7bb0fa08a",
      "dc:contributor": [
        "https://api.deepl.com/v2/translate"
      ],
      "rdf:language": [
        "es"
      ],
      "rdf:predicate": [
        {
          "@id": "rdfs:comment"
        }
      ]
    },
    {
      "@id": "https://data.datatourisme.fr/f81367a2-0f1a-3a61-875a-f27d22e1305b",
      "dc:contributor": [
        "https://api.deepl.com/v2/translate"
      ],
      "rdf:language": [
        "nl"
      ],
      "rdf:predicate": [
        {
          "@id": "rdfs:comment"
        }
      ]
    }
  ],
  "isLocatedAt": [
    {
      "@id": "https://data.datatourisme.fr/9e393b4e-5296-37de-8b9f-6478c8b9eb25",
      "schema:address": [
        {
          "@id": "https://data.datatourisme.fr/938e3d84-f213-395c-af0d-cd5cbf97f84c",
          "schema:addressLocality": "Boulogne-Billancourt",
          "schema:postalCode": "92100",
          "schema:streetAddress": [
            "14, rue de l’Abreuvoir"
          ],
          "@type": [
            "schema:PostalAddress",
            "PostalAddress"
          ],
          "hasAddressCity": {
            "@id": "kb:92012",
            "@type": [
              "City"
            ],
            "rdfs:label": {
              "de": [
                "Boulogne-Billancourt"
              ],
              "pt": [
                "Boulogne-Billancourt"
              ],
              "en": [
                "Boulogne-Billancourt"
              ],
              "it": [
                "Boulogne-Billancourt"
              ],
              "fr": [
                "Boulogne-Billancourt"
              ],
              "nl": [
                "Boulogne-Billancourt"
              ],
              "es": [
                "Boulogne-Billancourt"
              ]
            },
            "insee": "92012",
            "isPartOfDepartment": {
              "@id": "kb:France1192",
              "@type": [
                "Department"
              ],
              "rdfs:label": {
                "de": [
                  "Hauts-de-Seine"
                ],
                "pt": [
                  "Hauts-de-Seine"
                ],
                "en": [
                  "Hauts-de-Seine"
                ],
                "it": [
                  "Hauts-de-Seine"
                ],
                "fr": [
                  "Hauts-de-Seine"
                ],
                "nl": [
                  "Hauts-de-Seine"
                ],
                "es": [
                  "Hauts-de-Seine"
                ]
              },
              "insee": "92",
              "isPartOfRegion": {
                "@id": "kb:France11",
                "@type": [
                  "Region"
                ],
                "rdfs:label": {
                  "de": [
                    "Île-de-France"
                  ],
                  "pt": [
                    "Île-de-France"
                  ],
                  "en": [
                    "Île-de-France"
                  ],
                  "it": [
                    "Île-de-France"
                  ],
                  "fr": [
                    "Île-de-France"
                  ],
                  "nl": [
                    "Île-de-France"
                  ],
                  "es": [
                    "Île-de-France"
                  ]
                },
                "insee": "11",
                "isPartOfCountry": {
                  "@id": "kb:France",
                  "@type": [
                    "schema:Country"
                  ],
                  "rdfs:label": {
                    "de": [
                      "France",
                      "Frankreich"
                    ],
                    "pt": [
                      "França",
                      "France"
                    ],
                    "en": [
                      "France"
                    ],
                    "it": [
                      "France",
                      "Francia"
                    ],
                    "fr": [
                      "France"
                    ],
                    "nl": [
                      "France",
                      "Frankrijk"
                    ],
                    "es": [
                      "France",
                      "Francia"
                    ]
                  }
                }
              }
            }
          }
        }
      ],
      "schema:geo": {
        "@id": "https://data.datatourisme.fr/40051f0d-ca9d-3f85-ac43-618dc398a2e9",
        "schema:latitude": "48.847633",
        "schema:longitude": "2.232614",
        "@type": [
          "schema:GeoCoordinates"
        ]
      },
      "schema:openingHoursSpecification": [
        {
          "@id": "https://data.datatourisme.fr/4048a3c8-6f3e-3e67-8fa4-0dccc16c87d1",
          "schema:closes": "18:00:00",
          "schema:opens": "14:00:00",
          "schema:validFrom": "2023-01-02T00:00:00",
          "schema:validThrough": "2023-12-31T23:59:59",
          "@type": [
            "schema:OpeningHoursSpecification"
          ],
          "additionalInformation": {
            "de": [
              "Öffnungszeiten: Dienstag bis Freitag von 14:00 bis 18:00 Uhr und Samstag und Sonntag von 11:00 bis 18:00 Uhr ( Schließung der Kartenkasse um 17:15 Uhr)."
            ],
            "en": [
              "Open from Tuesday to Friday from 14h to 18h and from Saturday to Sunday from 11h to 18h (ticket office closes at 17h15)."
            ],
            "it": [
              "Aperto dal martedì al venerdì dalle 14.00 alle 18.00 e dal sabato alla domenica dalle 11.00 alle 18.00 (la biglietteria chiude alle 17.15)."
            ],
            "fr": [
              "Ouverture du mardi au vendredi de 14h à 18h et du samedi au dimanche de 11h à 18h ( fermeture de la caisse de la billetterie à 17h15)."
            ],
            "nl": [
              "Open van dinsdag tot vrijdag van 14 tot 18 uur en van zaterdag tot zondag van 11 tot 18 uur (de kassa sluit om 17.15 uur)."
            ],
            "es": [
              "Abierto de martes a viernes de 14:00 a 18:00 y de sábado a domingo de 11:00 a 18:00 (la taquilla cierra a las 17:15)."
            ]
          },
          "hasTranslatedProperty": [
            {
              "@id": "https://data.datatourisme.fr/352ce969-5993-3748-84c9-0cb9e6ec72b9",
              "dc:contributor": [
                "https://api.deepl.com/v2/translate"
              ],
              "rdf:language": [
                "de"
              ],
              "rdf:predicate": [
                "additionalInformation"
              ]
            },
            {
              "@id": "https://data.datatourisme.fr/68b92437-9d1f-30d6-abeb-d55ccfa535c0",
              "dc:contributor": [
                "https://api.deepl.com/v2/translate"
              ],
              "rdf:language": [
                "en"
              ],
              "rdf:predicate": [
                "additionalInformation"
              ]
            },
            {
              "@id": "https://data.datatourisme.fr/729f31ef-7a0c-3f2e-8bc7-169187f99eec",
              "dc:contributor": [
                "https://api.deepl.com/v2/translate"
              ],
              "rdf:language": [
                "nl"
              ],
              "rdf:predicate": [
                "additionalInformation"
              ]
            },
            {
              "@id": "https://data.datatourisme.fr/74dc4302-57f9-3c8b-953c-a5f3b2e4403e",
              "dc:contributor": [
                "https://api.deepl.com/v2/translate"
              ],
              "rdf:language": [
                "es"
              ],
              "rdf:predicate": [
                "additionalInformation"
              ]
            },
            {
              "@id": "https://data.datatourisme.fr/c87591ce-1682-3f1b-9291-2b2ae43905a1",
              "dc:contributor": [
                "https://api.deepl.com/v2/translate"
              ],
              "rdf:language": [
                "it"
              ],
              "rdf:predicate": [
                "additionalInformation"
              ]
            }
          ]
        }
      ],
      "@type": [
        "schema:Place",
        "Place"
      ]
    }
  ],
  "isOwnedBy": [
    {
      "@id": "https://data.datatourisme.fr/51418642-d8c7-3896-8f4e-6e25435e4c26",
      "schema:email": [
        "ebasset@yvelines.fr",
        "tourisme@yvelines.fr"
      ],
      "schema:legalName": "Conseil Départemental des Yvelines",
      "@type": [
        "schema:Organization",
        "foaf:Agent",
        "Agent"
      ]
    }
  ],
  "lastUpdate": "2021-01-15",
  "lastUpdateDatatourisme": "2023-05-30T05:49:20.364Z",
  "offers": [
    {
      "@id": "https://data.datatourisme.fr/d03f735b-67c4-3440-9cea-a4b2149cd030",
      "schema:priceSpecification": [
        {
          "@id": "https://data.datatourisme.fr/274f0297-e24f-376e-b19a-baba83e3239e",
          "schema:maxPrice": [
            "5",
            "7"
          ],
          "schema:minPrice": [
            "5",
            "7"
          ],
          "schema:priceCurrency": "EUR",
          "@type": [
            "schema:PriceSpecification",
            "PriceSpecification"
          ],
          "appliesOnPeriod": [
            {
              "@id": "https://data.datatourisme.fr/f5332a1a-f735-3051-9102-1ebd84d442f4",
              "@type": [
                "Period"
              ],
              "endDate": "2020-12-31",
              "startDate": "2020-01-02"
            }
          ]
        }
      ],
      "@type": [
        "schema:Offer",
        "Offer"
      ]
    }
  ]
}