{
  "@id": "https://data.datatourisme.fr/13/14767061-37d9-3175-a774-fc3e1c63c8e6",
  "dc:identifier": "4797197",
  "@type": [
    "schema:FoodEstablishment",
    "FoodEstablishment",
    "PlaceOfInterest",
    "PointOfInterest"
  ],
  "rdfs:comment": {
    "de": [
      "Zwischen Dourdan und Rambouillet gelegen, hat diese ehemalige Poststation aus dem 16. Jahrhundert ihre Tradition über die Jahrhunderte hinweg fortgesetzt, dank eines außergewöhnlichen und gemütlichen Rahmens, der Steine, Holzbalken und einen alten Kamin verbindet."
    ],
    "en": [
      "Situated between Dourdan and Rambouillet, this former post house dating from the 16th century has perpetuated its tradition over the centuries thanks to an exceptional and warm setting, combining stones, exposed beams and its period fireplace."
    ],
    "it": [
      "Situata tra Dourdan e Rambouillet, questa antica casa di posta risalente al XVI secolo ha mantenuto viva la sua tradizione nel corso dei secoli grazie al suo ambiente eccezionale e caloroso, che combina pietra, travi a vista e il suo camino d'epoca."
    ],
    "fr": [
      "Situé entre Dourdan et Rambouillet, cet ancien relais de poste datant du 16ème siècle a perpétué sa tradition au fil des siècles grâce à un cadre exceptionnel et chaleureux, alliant pierres, poutres apparentes et sa cheminée d'époque."
    ],
    "es": [
      "Situada entre Dourdan y Rambouillet, esta antigua casa de postas del siglo XVI ha mantenido su tradición a lo largo de los siglos gracias a su excepcional y cálido entorno, que combina la piedra, las vigas vistas y su chimenea de época."
    ],
    "nl": [
      "Gelegen tussen Dourdan en Rambouillet, heeft dit voormalige posthuis uit de 16e eeuw zijn traditie door de eeuwen heen levend gehouden dankzij zijn uitzonderlijke en warme omgeving, een combinatie van stenen, zichtbare balken en zijn antieke open haard."
    ]
  },
  "rdfs:label": {
    "fr": [
      "L'Escu de Rohan"
    ]
  },
  "hasBeenCreatedBy": {
    "@id": "https://data.datatourisme.fr/13/4e9cec1f-5830-3645-9111-d63e24f3b8ef",
    "dc:identifier": "1556",
    "schema:email": [
      "c.imbert@rt78.fr",
      "c.vallet@rt78.fr",
      "m.suray@rt78.fr",
      "s.bertoncini@rt78.fr"
    ],
    "schema:legalName": "Rambouillet Territoires",
    "@type": [
      "schema:Organization",
      "foaf:Agent",
      "Agent"
    ],
    "foaf:homepage": [
      "http://www.rambouillet-tourisme.fr/"
    ]
  },
  "hasBeenPublishedBy": [
    {
      "@id": "https://data.datatourisme.fr/8a9feb4b-2cbd-3d2c-b507-bd6c6776b23b",
      "schema:legalName": "Apidae Tourisme Scic SA - source : Apidae Tourisme",
      "@type": [
        "schema:Organization",
        "foaf:Agent",
        "Agent"
      ],
      "foaf:homepage": [
        "https://www.apidae-tourisme.com/"
      ]
    }
  ],
  "hasContact": [
    {
      "@id": "https://data.datatourisme.fr/1fdf0b97-e3a5-34f1-9a49-305ca0a3edf4",
      "schema:telephone": [
        "+33 1 30 41 31 33"
      ],
      "@type": [
        "foaf:Agent",
        "Agent"
      ],
      "foaf:homepage": [
        "http://www.lescuderohan.com/restaurant.php"
      ]
    }
  ],
  "hasDescription": [
    {
      "@id": "https://data.datatourisme.fr/42cadcc2-c2c5-3068-a5b2-205db5c392bc",
      "@type": [
        "Description"
      ],
      "hasTranslatedProperty": [
        {
          "@id": "https://data.datatourisme.fr/82df6eac-2c4b-36ee-87d9-eca1bf776800",
          "dc:contributor": [
            "https://api.deepl.com/v2/translate"
          ],
          "rdf:language": [
            "en"
          ],
          "rdf:predicate": [
            "shortDescription"
          ]
        },
        {
          "@id": "https://data.datatourisme.fr/ccba496f-73fe-3cd2-ae37-84401e66e006",
          "dc:contributor": [
            "https://api.deepl.com/v2/translate"
          ],
          "rdf:language": [
            "es"
          ],
          "rdf:predicate": [
            "shortDescription"
          ]
        },
        {
          "@id": "https://data.datatourisme.fr/ce611093-4d63-3fc5-bb5e-1668f0481067",
          "dc:contributor": [
            "https://api.deepl.com/v2/translate"
          ],
          "rdf:language": [
            "nl"
          ],
          "rdf:predicate": [
            "shortDescription"
          ]
        },
        {
          "@id": "https://data.datatourisme.fr/e223a7da-ffef-3b82-95dc-b8f398fe50fe",
          "dc:contributor": [
            "https://api.deepl.com/v2/translate"
          ],
          "rdf:language": [
            "de"
          ],
          "rdf:predicate": [
            "shortDescription"
          ]
        },
        {
          "@id": "https://data.datatourisme.fr/f6dbaecf-70c4-3251-b097-7efc0cfcf7e6",
          "dc:contributor": [
            "https://api.deepl.com/v2/translate"
          ],
          "rdf:language": [
            "it"
          ],
          "rdf:predicate": [
            "shortDescription"
          ]
        }
      ],
      "shortDescription": {
        "de": [
          "Zwischen Dourdan und Rambouillet gelegen, hat diese ehemalige Poststation aus dem 16. Jahrhundert ihre Tradition über die Jahrhunderte hinweg fortgesetzt, dank eines außergewöhnlichen und gemütlichen Rahmens, der Steine, Holzbalken und einen alten Kamin verbindet."
        ],
        "en": [
          "Situated between Dourdan and Rambouillet, this former post house dating from the 16th century has perpetuated its tradition over the centuries thanks to an exceptional and warm setting, combining stones, exposed beams and its period fireplace."
        ],
        "it": [
          "Situata tra Dourdan e Rambouillet, questa antica casa di posta risalente al XVI secolo ha mantenuto viva la sua tradizione nel corso dei secoli grazie al suo ambiente eccezionale e caloroso, che combina pietra, travi a vista e il suo camino d'epoca."
        ],
        "fr": [
          "Situé entre Dourdan et Rambouillet, cet ancien relais de poste datant du 16ème siècle a perpétué sa tradition au fil des siècles grâce à un cadre exceptionnel et chaleureux, alliant pierres, poutres apparentes et sa cheminée d'époque."
        ],
        "es": [
          "Situada entre Dourdan y Rambouillet, esta antigua casa de postas del siglo XVI ha mantenido su tradición a lo largo de los siglos gracias a su excepcional y cálido entorno, que combina la piedra, las vigas vistas y su chimenea de época."
        ],
        "nl": [
          "Gelegen tussen Dourdan en Rambouillet, heeft dit voormalige posthuis uit de 16e eeuw zijn traditie door de eeuwen heen levend gehouden dankzij zijn uitzonderlijke en warme omgeving, een combinatie van stenen, zichtbare balken en zijn antieke open haard."
        ]
      }
    }
  ],
  "hasTranslatedProperty": [
    {
      "@id": "https://data.datatourisme.fr/b8217a6c-5161-3262-b0bd-ea96ee0380c3",
      "dc:contributor": [
        "https://api.deepl.com/v2/translate"
      ],
      "rdf:language": [
        "de"
      ],
      "rdf:predicate": [
        {
          "@id": "rdfs:comment"
        }
      ]
    },
    {
      "@id": "https://data.datatourisme.fr/bb59d809-94f8-30e5-87ff-8cf1308e09d9",
      "dc:contributor": [
        "https://api.deepl.com/v2/translate"
      ],
      "rdf:language": [
        "nl"
      ],
      "rdf:predicate": [
        {
          "@id": "rdfs:comment"
        }
      ]
    },
    {
      "@id": "https://data.datatourisme.fr/cae81e4e-9746-33cd-8f82-b973a8438cb7",
      "dc:contributor": [
        "https://api.deepl.com/v2/translate"
      ],
      "rdf:language": [
        "it"
      ],
      "rdf:predicate": [
        {
          "@id": "rdfs:comment"
        }
      ]
    },
    {
      "@id": "https://data.datatourisme.fr/d4f2f177-66a3-38d6-8505-87ff13ee3535",
      "dc:contributor": [
        "https://api.deepl.com/v2/translate"
      ],
      "rdf:language": [
        "es"
      ],
      "rdf:predicate": [
        {
          "@id": "rdfs:comment"
        }
      ]
    },
    {
      "@id": "https://data.datatourisme.fr/e8bfb54b-ecdc-326a-93f5-82677fe224f4",
      "dc:contributor": [
        "https://api.deepl.com/v2/translate"
      ],
      "rdf:language": [
        "en"
      ],
      "rdf:predicate": [
        {
          "@id": "rdfs:comment"
        }
      ]
    }
  ],
  "isLocatedAt": [
    {
      "@id": "https://data.datatourisme.fr/dfeffd0d-59de-3129-9b02-ab1314b2138c",
      "schema:address": [
        {
          "@id": "https://data.datatourisme.fr/0c281353-79c0-3d3a-aa82-8a9390a347b7",
          "schema:addressLocality": "Rochefort-en-Yvelines",
          "schema:postalCode": "78730",
          "schema:streetAddress": [
            "15 Rue Guy le Rouge"
          ],
          "@type": [
            "schema:PostalAddress",
            "PostalAddress"
          ],
          "hasAddressCity": {
            "@id": "kb:78522",
            "@type": [
              "City"
            ],
            "rdfs:label": {
              "de": [
                "Rochefort-en-Yvelines"
              ],
              "pt": [
                "Rochefort-en-Yvelines"
              ],
              "en": [
                "Rochefort-en-Yvelines"
              ],
              "it": [
                "Rochefort-en-Yvelines"
              ],
              "fr": [
                "Rochefort-en-Yvelines"
              ],
              "nl": [
                "Rochefort-en-Yvelines"
              ],
              "es": [
                "Rochefort-en-Yvelines"
              ]
            },
            "insee": "78522",
            "isPartOfDepartment": {
              "@id": "kb:France1178",
              "@type": [
                "Department"
              ],
              "rdfs:label": {
                "de": [
                  "Yvelines"
                ],
                "pt": [
                  "Yvelines"
                ],
                "en": [
                  "Yvelines"
                ],
                "it": [
                  "Yvelines"
                ],
                "fr": [
                  "Yvelines"
                ],
                "nl": [
                  "Yvelines"
                ],
                "es": [
                  "Yvelines"
                ]
              },
              "insee": "78",
              "isPartOfRegion": {
                "@id": "kb:France11",
                "@type": [
                  "Region"
                ],
                "rdfs:label": {
                  "de": [
                    "Île-de-France"
                  ],
                  "pt": [
                    "Île-de-France"
                  ],
                  "en": [
                    "Île-de-France"
                  ],
                  "it": [
                    "Île-de-France"
                  ],
                  "fr": [
                    "Île-de-France"
                  ],
                  "nl": [
                    "Île-de-France"
                  ],
                  "es": [
                    "Île-de-France"
                  ]
                },
                "insee": "11",
                "isPartOfCountry": {
                  "@id": "kb:France",
                  "@type": [
                    "schema:Country"
                  ],
                  "rdfs:label": {
                    "de": [
                      "France",
                      "Frankreich"
                    ],
                    "pt": [
                      "França",
                      "France"
                    ],
                    "en": [
                      "France"
                    ],
                    "it": [
                      "France",
                      "Francia"
                    ],
                    "fr": [
                      "France"
                    ],
                    "nl": [
                      "France",
                      "Frankrijk"
                    ],
                    "es": [
                      "France",
                      "Francia"
                    ]
                  }
                }
              }
            }
          }
        }
      ],
      "schema:geo": {
        "@id": "https://data.datatourisme.fr/c4b434ca-e5c4-3929-8c55-2a61a4b650ac",
        "schema:latitude": "48.586619",
        "schema:longitude": "1.988925",
        "@type": [
          "schema:GeoCoordinates"
        ]
      },
      "schema:openingHoursSpecification": [
        {
          "@id": "https://data.datatourisme.fr/2e79d9e6-41f6-3664-bfcb-ce0fa19e6822",
          "schema:closes": "21:00:00",
          "schema:opens": "12:00:00",
          "schema:validFrom": "2023-01-01T00:00:00",
          "schema:validThrough": "2023-12-31T23:59:59",
          "@type": [
            "schema:OpeningHoursSpecification"
          ],
          "additionalInformation": {
            "de": [
              "Mittwochs und sonntags nur mittags von 12:00 bis 13:30 Uhr geöffnet"
            ],
            "en": [
              "Wednesdays and Sundays, open only for lunch from 12:00 to 1:30 pm"
            ],
            "it": [
              "Mercoledì e domenica, aperto solo a pranzo dalle 12:00 alle 13:30"
            ],
            "fr": [
              "Le mercredi et dimanche, ouverture seulement le midi de 12:00 à 13:30"
            ],
            "nl": [
              "Woensdag en zondag, alleen open voor lunch van 12:00 tot 13:30"
            ],
            "es": [
              "Miércoles y domingo, sólo abre para el almuerzo de 12:00 a 13:30"
            ]
          },
          "hasTranslatedProperty": [
            {
              "@id": "https://data.datatourisme.fr/10b6c471-a002-31e7-a8f8-03e055615073",
              "dc:contributor": [
                "https://api.deepl.com/v2/translate"
              ],
              "rdf:language": [
                "de"
              ],
              "rdf:predicate": [
                "additionalInformation"
              ]
            },
            {
              "@id": "https://data.datatourisme.fr/af3bedc2-e929-3ac3-8364-8e739d04080c",
              "dc:contributor": [
                "https://api.deepl.com/v2/translate"
              ],
              "rdf:language": [
                "nl"
              ],
              "rdf:predicate": [
                "additionalInformation"
              ]
            },
            {
              "@id": "https://data.datatourisme.fr/bd85ad05-3d9d-38df-802a-28cc2d83aac1",
              "dc:contributor": [
                "https://api.deepl.com/v2/translate"
              ],
              "rdf:language": [
                "es"
              ],
              "rdf:predicate": [
                "additionalInformation"
              ]
            },
            {
              "@id": "https://data.datatourisme.fr/c904a668-a2ec-3b05-9ba3-5f8209181a4f",
              "dc:contributor": [
                "https://api.deepl.com/v2/translate"
              ],
              "rdf:language": [
                "it"
              ],
              "rdf:predicate": [
                "additionalInformation"
              ]
            },
            {
              "@id": "https://data.datatourisme.fr/c992ade5-1d6d-3d09-b172-f8b76f0bee00",
              "dc:contributor": [
                "https://api.deepl.com/v2/translate"
              ],
              "rdf:language": [
                "en"
              ],
              "rdf:predicate": [
                "additionalInformation"
              ]
            }
          ]
        }
      ],
      "@type": [
        "schema:Place",
        "Place"
      ]
    }
  ],
  "isOwnedBy": [
    {
      "@id": "https://data.datatourisme.fr/51ac81d8-8055-3c36-96d8-416e4b1cab4b",
      "schema:email": [
        "c.imbert@rt78.fr",
        "c.vallet@rt78.fr",
        "m.suray@rt78.fr",
        "s.bertoncini@rt78.fr"
      ],
      "schema:legalName": "Rambouillet Territoires",
      "@type": [
        "schema:Organization",
        "foaf:Agent",
        "Agent"
      ],
      "foaf:homepage": [
        "http://www.rambouillet-tourisme.fr/"
      ]
    }
  ],
  "lastUpdate": "2022-04-28",
  "lastUpdateDatatourisme": "2023-02-01T18:07:35.821Z",
  "offers": [
    {
      "@id": "https://data.datatourisme.fr/c337aab2-c8ff-3cda-8769-65e451165683",
      "schema:priceSpecification": [
        {
          "@id": "https://data.datatourisme.fr/bba6e944-8941-3cbc-b561-3887bc222f4d",
          "schema:maxPrice": [
            "39"
          ],
          "schema:minPrice": [
            "31"
          ],
          "schema:priceCurrency": "EUR",
          "@type": [
            "schema:PriceSpecification",
            "PriceSpecification"
          ],
          "appliesOnPeriod": [
            {
              "@id": "https://data.datatourisme.fr/0663ca4b-3470-3171-9053-39aa704e8f56",
              "@type": [
                "Period"
              ],
              "endDate": "2022-12-31",
              "startDate": "2022-01-01"
            }
          ]
        }
      ],
      "@type": [
        "schema:Offer",
        "Offer"
      ]
    }
  ]
}