{
  "@id": "https://data.datatourisme.fr/13/143a7e9d-5bae-388b-a98a-b92316dfde23",
  "dc:identifier": "6014336",
  "schema:endDate": [
    "2023-06-11"
  ],
  "schema:startDate": [
    "2023-06-09"
  ],
  "@type": [
    "schema:Event",
    "Conference",
    "CulturalEvent",
    "EntertainmentAndEvent",
    "PointOfInterest"
  ],
  "rdfs:comment": {
    "de": [
      "Genießen Sie an diesem außergewöhnlichen Wochenende die zweite Ausgabe des nachhaltigen Boulderfestivals Oh My Bloc! in Milly-la-Forêt."
    ],
    "en": [
      "Enjoy the 2nd edition of the sustainable bouldering festival Oh My Bloc! in Milly-la-Forêt during this exceptional weekend."
    ],
    "it": [
      "Godetevi la seconda edizione del festival di bouldering sostenibile Oh My Bloc! a Milly-la-Forêt durante questo eccezionale fine settimana."
    ],
    "fr": [
      "Profitez de la 2nde édition du Festival d'escalade de bloc durable Oh My Bloc ! à Milly-la-Forêt lors de ce weekend exceptionnel."
    ],
    "nl": [
      "Geniet van de 2e editie van het Oh My Bloc! duurzaam boulderfestival in Milly-la-Forêt tijdens dit uitzonderlijke weekend."
    ],
    "es": [
      "Disfrute de la 2ª edición del festival de búlder sostenible Oh My Bloc! en Milly-la-Forêt durante este fin de semana excepcional."
    ]
  },
  "rdfs:label": {
    "fr": [
      "Festival Oh My Bloc !"
    ]
  },
  "hasBeenCreatedBy": {
    "@id": "https://data.datatourisme.fr/13/4f16c818-875d-3fcb-a867-c7bdc89be7eb",
    "dc:identifier": "1085",
    "schema:email": [
      "d.gougetdelandres@millylaforet-tourisme.com"
    ],
    "schema:legalName": "Office de Tourisme de Milly-la-Forêt",
    "@type": [
      "schema:Organization",
      "foaf:Agent",
      "Agent"
    ]
  },
  "hasBeenPublishedBy": [
    {
      "@id": "https://data.datatourisme.fr/8a9feb4b-2cbd-3d2c-b507-bd6c6776b23b",
      "schema:legalName": "Apidae Tourisme Scic SA - source : Apidae Tourisme",
      "@type": [
        "schema:Organization",
        "foaf:Agent",
        "Agent"
      ],
      "foaf:homepage": [
        "https://www.apidae-tourisme.com/"
      ]
    }
  ],
  "hasContact": [
    {
      "@id": "https://data.datatourisme.fr/da69241a-6054-3d1a-8243-d2b99bccdff6",
      "schema:email": [
        "festivalescalade.milly@gmail.com"
      ],
      "@type": [
        "foaf:Agent",
        "Agent"
      ],
      "foaf:homepage": [
        "https://www.instagram.com/oh_my_bloc/",
        "https://www.ohmybloc.fr/#"
      ]
    }
  ],
  "hasDescription": [
    {
      "@id": "https://data.datatourisme.fr/e51c174d-18a5-3738-a1c4-504a32b44888",
      "@type": [
        "Description"
      ],
      "hasTranslatedProperty": [
        {
          "@id": "https://data.datatourisme.fr/5334aa21-261a-3270-9c84-c61be1dffcbb",
          "dc:contributor": [
            "https://api.deepl.com/v2/translate"
          ],
          "rdf:language": [
            "es"
          ],
          "rdf:predicate": [
            "shortDescription"
          ]
        },
        {
          "@id": "https://data.datatourisme.fr/6ca5206f-1e7c-35fe-9ba9-9180ec4c4e21",
          "dc:contributor": [
            "https://api.deepl.com/v2/translate"
          ],
          "rdf:language": [
            "it"
          ],
          "rdf:predicate": [
            "shortDescription"
          ]
        },
        {
          "@id": "https://data.datatourisme.fr/b3be21b4-b79d-3817-b529-4a698274bee2",
          "dc:contributor": [
            "https://api.deepl.com/v2/translate"
          ],
          "rdf:language": [
            "nl"
          ],
          "rdf:predicate": [
            "shortDescription"
          ]
        },
        {
          "@id": "https://data.datatourisme.fr/c4282bf5-a479-33e9-9b50-3f61baea23d2",
          "dc:contributor": [
            "https://api.deepl.com/v2/translate"
          ],
          "rdf:language": [
            "de"
          ],
          "rdf:predicate": [
            "shortDescription"
          ]
        },
        {
          "@id": "https://data.datatourisme.fr/f4142cb0-bd29-3c0d-804e-578be6dfa6b6",
          "dc:contributor": [
            "https://api.deepl.com/v2/translate"
          ],
          "rdf:language": [
            "en"
          ],
          "rdf:predicate": [
            "shortDescription"
          ]
        }
      ],
      "shortDescription": {
        "de": [
          "Genießen Sie an diesem außergewöhnlichen Wochenende die zweite Ausgabe des nachhaltigen Boulderfestivals Oh My Bloc! in Milly-la-Forêt."
        ],
        "en": [
          "Enjoy the 2nd edition of the sustainable bouldering festival Oh My Bloc! in Milly-la-Forêt during this exceptional weekend."
        ],
        "it": [
          "Godetevi la seconda edizione del festival di bouldering sostenibile Oh My Bloc! a Milly-la-Forêt durante questo eccezionale fine settimana."
        ],
        "fr": [
          "Profitez de la 2nde édition du Festival d'escalade de bloc durable Oh My Bloc ! à Milly-la-Forêt lors de ce weekend exceptionnel."
        ],
        "nl": [
          "Geniet van de 2e editie van het Oh My Bloc! duurzaam boulderfestival in Milly-la-Forêt tijdens dit uitzonderlijke weekend."
        ],
        "es": [
          "Disfrute de la 2ª edición del festival de búlder sostenible Oh My Bloc! en Milly-la-Forêt durante este fin de semana excepcional."
        ]
      }
    }
  ],
  "hasTranslatedProperty": [
    {
      "@id": "https://data.datatourisme.fr/1ccdb0b0-03ef-309c-a856-43c0f05a8b01",
      "dc:contributor": [
        "https://api.deepl.com/v2/translate"
      ],
      "rdf:language": [
        "it"
      ],
      "rdf:predicate": [
        {
          "@id": "rdfs:comment"
        }
      ]
    },
    {
      "@id": "https://data.datatourisme.fr/500b93e6-94a4-3f82-8302-56bf753ece8e",
      "dc:contributor": [
        "https://api.deepl.com/v2/translate"
      ],
      "rdf:language": [
        "de"
      ],
      "rdf:predicate": [
        {
          "@id": "rdfs:comment"
        }
      ]
    },
    {
      "@id": "https://data.datatourisme.fr/8e2ef6ec-eaa6-3701-af7d-ed4a3fb27045",
      "dc:contributor": [
        "https://api.deepl.com/v2/translate"
      ],
      "rdf:language": [
        "es"
      ],
      "rdf:predicate": [
        {
          "@id": "rdfs:comment"
        }
      ]
    },
    {
      "@id": "https://data.datatourisme.fr/e159d299-ae85-3db3-8cd5-4b0d7ecd2e7e",
      "dc:contributor": [
        "https://api.deepl.com/v2/translate"
      ],
      "rdf:language": [
        "en"
      ],
      "rdf:predicate": [
        {
          "@id": "rdfs:comment"
        }
      ]
    },
    {
      "@id": "https://data.datatourisme.fr/f0d022e4-714e-3baf-bc92-46278fa7fde3",
      "dc:contributor": [
        "https://api.deepl.com/v2/translate"
      ],
      "rdf:language": [
        "nl"
      ],
      "rdf:predicate": [
        {
          "@id": "rdfs:comment"
        }
      ]
    }
  ],
  "isLocatedAt": [
    {
      "@id": "https://data.datatourisme.fr/933e4b93-5a57-339b-98d5-52f587ab2d0f",
      "schema:address": [
        {
          "@id": "https://data.datatourisme.fr/ddb34a73-132a-30da-930c-75dc9a88489b",
          "schema:addressLocality": "Milly-la-Forêt",
          "schema:postalCode": "91490",
          "schema:streetAddress": [
            "Boulodrome",
            "Route de Nemours"
          ],
          "@type": [
            "schema:PostalAddress",
            "PostalAddress"
          ],
          "hasAddressCity": {
            "@id": "kb:91405",
            "@type": [
              "City"
            ],
            "rdfs:label": {
              "de": [
                "Milly-la-Forêt"
              ],
              "pt": [
                "Milly-la-Forêt"
              ],
              "en": [
                "Milly-la-Forêt"
              ],
              "it": [
                "Milly-la-Forêt"
              ],
              "fr": [
                "Milly-la-Forêt"
              ],
              "nl": [
                "Milly-la-Forêt"
              ],
              "es": [
                "Milly-la-Forêt"
              ]
            },
            "insee": "91405",
            "isPartOfDepartment": {
              "@id": "kb:France1191",
              "@type": [
                "Department"
              ],
              "rdfs:label": {
                "de": [
                  "Essonne"
                ],
                "pt": [
                  "Essonne"
                ],
                "en": [
                  "Essonne"
                ],
                "it": [
                  "Essonne"
                ],
                "fr": [
                  "Essonne"
                ],
                "nl": [
                  "Essonne"
                ],
                "es": [
                  "Essonne"
                ]
              },
              "insee": "91",
              "isPartOfRegion": {
                "@id": "kb:France11",
                "@type": [
                  "Region"
                ],
                "rdfs:label": {
                  "de": [
                    "Île-de-France"
                  ],
                  "pt": [
                    "Île-de-France"
                  ],
                  "en": [
                    "Île-de-France"
                  ],
                  "it": [
                    "Île-de-France"
                  ],
                  "fr": [
                    "Île-de-France"
                  ],
                  "nl": [
                    "Île-de-France"
                  ],
                  "es": [
                    "Île-de-France"
                  ]
                },
                "insee": "11",
                "isPartOfCountry": {
                  "@id": "kb:France",
                  "@type": [
                    "schema:Country"
                  ],
                  "rdfs:label": {
                    "de": [
                      "France",
                      "Frankreich"
                    ],
                    "pt": [
                      "França",
                      "France"
                    ],
                    "en": [
                      "France"
                    ],
                    "it": [
                      "France",
                      "Francia"
                    ],
                    "fr": [
                      "France"
                    ],
                    "nl": [
                      "France",
                      "Frankrijk"
                    ],
                    "es": [
                      "France",
                      "Francia"
                    ]
                  }
                }
              }
            }
          }
        }
      ],
      "schema:geo": {
        "@id": "https://data.datatourisme.fr/edbca681-99d9-325e-ae68-aa2e2dd2e9e4",
        "schema:latitude": "48.398208",
        "schema:longitude": "2.480317",
        "@type": [
          "schema:GeoCoordinates"
        ]
      },
      "schema:openingHoursSpecification": [
        {
          "@id": "https://data.datatourisme.fr/1463b7b8-3dc3-3ead-a58c-7e1ebaf7833a",
          "schema:validFrom": "2023-06-09T00:00:00",
          "schema:validThrough": "2023-06-11T23:59:59",
          "@type": [
            "schema:OpeningHoursSpecification"
          ]
        }
      ],
      "@type": [
        "schema:Place",
        "Place"
      ]
    }
  ],
  "isOwnedBy": [
    {
      "@id": "https://data.datatourisme.fr/ba14239d-77c2-3f22-8840-5bca53349549",
      "schema:email": [
        "d.gougetdelandres@millylaforet-tourisme.com"
      ],
      "schema:legalName": "Office de Tourisme de Milly-la-Forêt",
      "@type": [
        "schema:Organization",
        "foaf:Agent",
        "Agent"
      ]
    }
  ],
  "lastUpdate": "2023-04-15",
  "lastUpdateDatatourisme": "2023-04-16T05:48:44.117Z",
  "takesPlaceAt": [
    {
      "@id": "https://data.datatourisme.fr/36f2624b-d3cb-3b38-a377-bcdb06867bee",
      "@type": [
        "Period"
      ],
      "endDate": "2023-06-11",
      "startDate": "2023-06-09"
    }
  ]
}