{
  "@id": "https://data.datatourisme.fr/13/141b8436-c500-3b47-bd04-d674d1044c98",
  "dc:identifier": "5743958",
  "@type": [
    "schema:FoodEstablishment",
    "FoodEstablishment",
    "PlaceOfInterest",
    "PointOfInterest"
  ],
  "rdfs:comment": {
    "de": [
      "Das Le mouton Blanc im Herzen von Poissy ist ein Café-Restaurant, das Ihnen hausgemachte Gerichte mit frischen Produkten in einer gemütlichen Atmosphäre bietet."
    ],
    "en": [
      "Le mouton Blanc located in the heart of Poissy is a cafe restaurant that offers home-made cooking with fresh products in a cosy atmosphere."
    ],
    "it": [
      "Le mouton Blanc, situato nel cuore di Poissy, è un caffè-ristorante che offre una cucina casalinga con prodotti freschi in un'atmosfera accogliente."
    ],
    "fr": [
      "Le mouton Blanc situé en plein cœur de Poissy est un café restaurant qui vous propose de la cuisine fait maison avec des produits frais dans une ambiance cosy."
    ],
    "es": [
      "Le mouton Blanc, situado en el corazón de Poissy, es un café-restaurante que ofrece cocina casera con productos frescos en un ambiente acogedor."
    ],
    "nl": [
      "Le mouton Blanc ligt in het hart van Poissy en is een café-restaurant dat huisgemaakte gerechten met verse producten aanbiedt in een gezellige sfeer."
    ]
  },
  "rdfs:label": {
    "fr": [
      "Le mouton Blanc café"
    ]
  },
  "hasBeenCreatedBy": {
    "@id": "https://data.datatourisme.fr/13/3fb451ca-2e89-33a1-b095-b059d8705b15",
    "dc:identifier": "1522",
    "schema:email": [
      "anicoud@terres-de-seine.fr",
      "anne.perchec@gpseo.fr",
      "contact@terres-de-seine.fr",
      "estelle.rouille@gpseo.fr",
      "fbony@terres-de-seine.fr",
      "hillaryramanank@yahoo.fr",
      "vgateau@terres-de-seine.fr",
      "xcadilhac.oti.gpseo@gmail.com"
    ],
    "schema:legalName": "Communauté Urbaine Grand Paris Seine & Oise",
    "@type": [
      "schema:Organization",
      "foaf:Agent",
      "Agent"
    ],
    "foaf:homepage": [
      "https://www.insectes.org/",
      "https://www.terres-de-seine.fr/"
    ]
  },
  "hasBeenPublishedBy": [
    {
      "@id": "https://data.datatourisme.fr/8a9feb4b-2cbd-3d2c-b507-bd6c6776b23b",
      "schema:legalName": "Apidae Tourisme Scic SA - source : Apidae Tourisme",
      "@type": [
        "schema:Organization",
        "foaf:Agent",
        "Agent"
      ],
      "foaf:homepage": [
        "https://www.apidae-tourisme.com/"
      ]
    }
  ],
  "hasContact": [
    {
      "@id": "https://data.datatourisme.fr/53d4d6ce-e2c3-3c68-9a7d-462b1fdad743",
      "schema:telephone": [
        "+33 1 39 65 01 11"
      ],
      "@type": [
        "foaf:Agent",
        "Agent"
      ],
      "foaf:homepage": [
        "https://xn--caf-mouton-blanc-dqb.fr/"
      ]
    }
  ],
  "hasDescription": [
    {
      "@id": "https://data.datatourisme.fr/58d151f4-c123-30dd-b84c-7885c5ea4073",
      "@type": [
        "Description"
      ],
      "hasTranslatedProperty": [
        {
          "@id": "https://data.datatourisme.fr/03a599d6-e067-3284-87fa-7406651b4b5b",
          "dc:contributor": [
            "https://api.deepl.com/v2/translate"
          ],
          "rdf:language": [
            "nl"
          ],
          "rdf:predicate": [
            "shortDescription"
          ]
        },
        {
          "@id": "https://data.datatourisme.fr/9e1597ff-bf29-3d9c-886a-fbd5a91e19c7",
          "dc:contributor": [
            "https://api.deepl.com/v2/translate"
          ],
          "rdf:language": [
            "es"
          ],
          "rdf:predicate": [
            "shortDescription"
          ]
        },
        {
          "@id": "https://data.datatourisme.fr/aaf1b40e-fb3a-3aff-8b0e-102a26dcb607",
          "dc:contributor": [
            "https://api.deepl.com/v2/translate"
          ],
          "rdf:language": [
            "en"
          ],
          "rdf:predicate": [
            "shortDescription"
          ]
        },
        {
          "@id": "https://data.datatourisme.fr/c278ca79-16bf-381a-900c-b5636bef3851",
          "dc:contributor": [
            "https://api.deepl.com/v2/translate"
          ],
          "rdf:language": [
            "it"
          ],
          "rdf:predicate": [
            "shortDescription"
          ]
        },
        {
          "@id": "https://data.datatourisme.fr/d56718f8-0a66-34a7-9302-c7722c5ce73f",
          "dc:contributor": [
            "https://api.deepl.com/v2/translate"
          ],
          "rdf:language": [
            "de"
          ],
          "rdf:predicate": [
            "shortDescription"
          ]
        }
      ],
      "shortDescription": {
        "de": [
          "Das Le mouton Blanc im Herzen von Poissy ist ein Café-Restaurant, das Ihnen hausgemachte Gerichte mit frischen Produkten in einer gemütlichen Atmosphäre bietet."
        ],
        "en": [
          "Le mouton Blanc located in the heart of Poissy is a cafe restaurant that offers home-made cooking with fresh products in a cosy atmosphere."
        ],
        "it": [
          "Le mouton Blanc, situato nel cuore di Poissy, è un caffè-ristorante che offre una cucina casalinga con prodotti freschi in un'atmosfera accogliente."
        ],
        "fr": [
          "Le mouton Blanc situé en plein cœur de Poissy est un café restaurant qui vous propose de la cuisine fait maison avec des produits frais dans une ambiance cosy."
        ],
        "es": [
          "Le mouton Blanc, situado en el corazón de Poissy, es un café-restaurante que ofrece cocina casera con productos frescos en un ambiente acogedor."
        ],
        "nl": [
          "Le mouton Blanc ligt in het hart van Poissy en is een café-restaurant dat huisgemaakte gerechten met verse producten aanbiedt in een gezellige sfeer."
        ]
      }
    }
  ],
  "hasTranslatedProperty": [
    {
      "@id": "https://data.datatourisme.fr/1523f592-4db4-3078-9b0b-15c8f5f06c90",
      "dc:contributor": [
        "https://api.deepl.com/v2/translate"
      ],
      "rdf:language": [
        "de"
      ],
      "rdf:predicate": [
        {
          "@id": "rdfs:comment"
        }
      ]
    },
    {
      "@id": "https://data.datatourisme.fr/65a2f25c-ee5d-3524-945a-c61e176f6353",
      "dc:contributor": [
        "https://api.deepl.com/v2/translate"
      ],
      "rdf:language": [
        "en"
      ],
      "rdf:predicate": [
        {
          "@id": "rdfs:comment"
        }
      ]
    },
    {
      "@id": "https://data.datatourisme.fr/e7fe7a95-2bf8-30b9-b769-3cc99309d76a",
      "dc:contributor": [
        "https://api.deepl.com/v2/translate"
      ],
      "rdf:language": [
        "it"
      ],
      "rdf:predicate": [
        {
          "@id": "rdfs:comment"
        }
      ]
    },
    {
      "@id": "https://data.datatourisme.fr/f408899b-3a97-3e14-a52e-9a8bc1626c97",
      "dc:contributor": [
        "https://api.deepl.com/v2/translate"
      ],
      "rdf:language": [
        "nl"
      ],
      "rdf:predicate": [
        {
          "@id": "rdfs:comment"
        }
      ]
    },
    {
      "@id": "https://data.datatourisme.fr/fcfd34e5-a907-363b-9c95-5d034c508875",
      "dc:contributor": [
        "https://api.deepl.com/v2/translate"
      ],
      "rdf:language": [
        "es"
      ],
      "rdf:predicate": [
        {
          "@id": "rdfs:comment"
        }
      ]
    }
  ],
  "isLocatedAt": [
    {
      "@id": "https://data.datatourisme.fr/4bf8535f-2aa6-3af4-996f-3dd26d27ffae",
      "schema:address": [
        {
          "@id": "https://data.datatourisme.fr/a6b9d728-d6b3-3bfa-9875-aebf64a181b5",
          "schema:addressLocality": "Poissy",
          "schema:postalCode": "78300",
          "schema:streetAddress": [
            "112, rue du Général de Gaulle 78300"
          ],
          "@type": [
            "schema:PostalAddress",
            "PostalAddress"
          ],
          "hasAddressCity": {
            "@id": "kb:78498",
            "@type": [
              "City"
            ],
            "rdfs:label": {
              "de": [
                "Poissy"
              ],
              "pt": [
                "Poissy"
              ],
              "en": [
                "Poissy"
              ],
              "it": [
                "Poissy"
              ],
              "fr": [
                "Poissy"
              ],
              "nl": [
                "Poissy"
              ],
              "es": [
                "Poissy"
              ]
            },
            "insee": "78498",
            "isPartOfDepartment": {
              "@id": "kb:France1178",
              "@type": [
                "Department"
              ],
              "rdfs:label": {
                "de": [
                  "Yvelines"
                ],
                "pt": [
                  "Yvelines"
                ],
                "en": [
                  "Yvelines"
                ],
                "it": [
                  "Yvelines"
                ],
                "fr": [
                  "Yvelines"
                ],
                "nl": [
                  "Yvelines"
                ],
                "es": [
                  "Yvelines"
                ]
              },
              "insee": "78",
              "isPartOfRegion": {
                "@id": "kb:France11",
                "@type": [
                  "Region"
                ],
                "rdfs:label": {
                  "de": [
                    "Île-de-France"
                  ],
                  "pt": [
                    "Île-de-France"
                  ],
                  "en": [
                    "Île-de-France"
                  ],
                  "it": [
                    "Île-de-France"
                  ],
                  "fr": [
                    "Île-de-France"
                  ],
                  "nl": [
                    "Île-de-France"
                  ],
                  "es": [
                    "Île-de-France"
                  ]
                },
                "insee": "11",
                "isPartOfCountry": {
                  "@id": "kb:France",
                  "@type": [
                    "schema:Country"
                  ],
                  "rdfs:label": {
                    "de": [
                      "France",
                      "Frankreich"
                    ],
                    "pt": [
                      "França",
                      "France"
                    ],
                    "en": [
                      "France"
                    ],
                    "it": [
                      "France",
                      "Francia"
                    ],
                    "fr": [
                      "France"
                    ],
                    "nl": [
                      "France",
                      "Frankrijk"
                    ],
                    "es": [
                      "France",
                      "Francia"
                    ]
                  }
                }
              }
            }
          }
        }
      ],
      "schema:geo": {
        "@id": "https://data.datatourisme.fr/0ccfb740-d010-3643-9ce6-c5a4d9228386",
        "schema:latitude": "48.928325",
        "schema:longitude": "2.04432",
        "@type": [
          "schema:GeoCoordinates"
        ]
      },
      "schema:openingHoursSpecification": [
        {
          "@id": "https://data.datatourisme.fr/4079ee9e-8122-32b8-8af4-25a2deed74ee",
          "schema:closes": "00:00:00",
          "schema:opens": "07:30:00",
          "schema:validFrom": "2023-01-01T00:00:00",
          "schema:validThrough": "2023-12-31T23:59:59",
          "@type": [
            "schema:OpeningHoursSpecification"
          ],
          "additionalInformation": {
            "de": [
              "Sonntag: 8.00-22.00 Uhr"
            ],
            "en": [
              "Sunday: 8:00am-10:00pm"
            ],
            "it": [
              "Domenica: 8.00-22.00"
            ],
            "fr": [
              "Dimanche : 8h00-22h00"
            ],
            "nl": [
              "Zondag: 8.00-10.00 uur"
            ],
            "es": [
              "Domingo: 8.00-10.00pm"
            ]
          },
          "hasTranslatedProperty": [
            {
              "@id": "https://data.datatourisme.fr/3cedca1c-5f0c-3e6c-a756-af6c79e26abf",
              "dc:contributor": [
                "https://api.deepl.com/v2/translate"
              ],
              "rdf:language": [
                "it"
              ],
              "rdf:predicate": [
                "additionalInformation"
              ]
            },
            {
              "@id": "https://data.datatourisme.fr/3ebebc85-d8e0-318d-968a-c07537cb8482",
              "dc:contributor": [
                "https://api.deepl.com/v2/translate"
              ],
              "rdf:language": [
                "es"
              ],
              "rdf:predicate": [
                "additionalInformation"
              ]
            },
            {
              "@id": "https://data.datatourisme.fr/4ca60d8f-fb5c-3979-89c7-02f50e5454bd",
              "dc:contributor": [
                "https://api.deepl.com/v2/translate"
              ],
              "rdf:language": [
                "en"
              ],
              "rdf:predicate": [
                "additionalInformation"
              ]
            },
            {
              "@id": "https://data.datatourisme.fr/4d5ab86a-710c-3a15-b92f-ded62185ffa3",
              "dc:contributor": [
                "https://api.deepl.com/v2/translate"
              ],
              "rdf:language": [
                "de"
              ],
              "rdf:predicate": [
                "additionalInformation"
              ]
            },
            {
              "@id": "https://data.datatourisme.fr/c6cd731a-f00e-31d0-8796-3830c909cf95",
              "dc:contributor": [
                "https://api.deepl.com/v2/translate"
              ],
              "rdf:language": [
                "nl"
              ],
              "rdf:predicate": [
                "additionalInformation"
              ]
            }
          ]
        }
      ],
      "@type": [
        "schema:Place",
        "Place"
      ]
    }
  ],
  "isOwnedBy": [
    {
      "@id": "https://data.datatourisme.fr/44eacd0d-f255-38e9-b0f2-4a31202fdb58",
      "schema:email": [
        "anicoud@terres-de-seine.fr",
        "anne.perchec@gpseo.fr",
        "contact@terres-de-seine.fr",
        "estelle.rouille@gpseo.fr",
        "fbony@terres-de-seine.fr",
        "hillaryramanank@yahoo.fr",
        "vgateau@terres-de-seine.fr",
        "xcadilhac.oti.gpseo@gmail.com"
      ],
      "schema:legalName": "Communauté Urbaine Grand Paris Seine & Oise",
      "@type": [
        "schema:Organization",
        "foaf:Agent",
        "Agent"
      ],
      "foaf:homepage": [
        "https://www.insectes.org/"
      ]
    }
  ],
  "lastUpdate": "2021-03-17",
  "lastUpdateDatatourisme": "2023-02-01T18:07:35.788Z"
}