{
  "@id": "https://data.datatourisme.fr/13/14b20874-c412-3531-90a1-52cb7368dbd8",
  "dc:identifier": "5881452",
  "@type": [
    "schema:FoodEstablishment",
    "FoodEstablishment",
    "PlaceOfInterest",
    "PointOfInterest"
  ],
  "rdfs:comment": {
    "de": [
      "Die eigentliche Geburtsstunde der KFC-Legende war 1939, als Colonel Sanders sein berühmtes Geheimrezept mit 11 aromatischen Kräutern und Gewürzen entwickelte, das dem Huhn einen unnachahmlichen Geschmack verleiht."
    ],
    "en": [
      "The KFC legend was truly born in 1939 when Colonel Sanders developed his famous secret recipe of 11 herbs and spices, which gave the chicken an inimitable flavor."
    ],
    "it": [
      "La leggenda di KFC nacque davvero nel 1939, quando il colonnello Sanders mise a punto la sua famosa ricetta segreta con 11 erbe e spezie, che davano al pollo un sapore inimitabile."
    ],
    "fr": [
      "C’est en 1939 que naît véritablement la légende KFC, lorsque le Colonel Sanders met au point sa fameuse recette secrète de 11 herbes aromatiques et épices, qui donne au poulet une saveur inimitable."
    ],
    "es": [
      "La leyenda de KFC nació realmente en 1939, cuando el Coronel Sanders desarrolló su famosa receta secreta de 11 hierbas y especias, que daba al pollo un sabor inimitable."
    ],
    "nl": [
      "De KFC-legende werd echt geboren in 1939 toen Colonel Sanders zijn beroemde geheime recept ontwikkelde van 11 kruiden en specerijen, die de kip een onnavolgbare smaak gaven."
    ]
  },
  "rdfs:label": {
    "fr": [
      "KFC"
    ]
  },
  "hasBeenCreatedBy": {
    "@id": "https://data.datatourisme.fr/13/1baff70e-2669-3837-a347-efd3a874a341",
    "dc:identifier": "1489",
    "schema:email": [
      "emilie.prai@saintgermainenlaye.fr",
      "emilie.rochat@seine-saintgermain.fr",
      "melissa.moreau@saintgermainenlaye.fr"
    ],
    "schema:legalName": "Office de Tourisme Intercommunal de Saint Germain Boucles de Seine",
    "@type": [
      "schema:Organization",
      "foaf:Agent",
      "Agent"
    ],
    "foaf:homepage": [
      "http://www.reservation.seine-saintgermain.fr/"
    ]
  },
  "hasBeenPublishedBy": [
    {
      "@id": "https://data.datatourisme.fr/8a9feb4b-2cbd-3d2c-b507-bd6c6776b23b",
      "schema:legalName": "Apidae Tourisme Scic SA - source : Apidae Tourisme",
      "@type": [
        "schema:Organization",
        "foaf:Agent",
        "Agent"
      ],
      "foaf:homepage": [
        "https://www.apidae-tourisme.com/"
      ]
    }
  ],
  "hasContact": [
    {
      "@id": "https://data.datatourisme.fr/a6b57bdd-3d88-31e1-92b9-5643c0515059",
      "schema:telephone": [
        "+33 1 39 57 20 37"
      ],
      "@type": [
        "foaf:Agent",
        "Agent"
      ],
      "foaf:homepage": [
        "https://www.kfc.fr/nos-restaurants/kfc-sartrouville"
      ]
    }
  ],
  "hasDescription": [
    {
      "@id": "https://data.datatourisme.fr/743dd131-b806-31ce-b2b1-e5da2e60bf7a",
      "@type": [
        "Description"
      ],
      "hasTranslatedProperty": [
        {
          "@id": "https://data.datatourisme.fr/1473181b-dbd9-30c9-aeb2-223db012ed93",
          "dc:contributor": [
            "https://api.deepl.com/v2/translate"
          ],
          "rdf:language": [
            "nl"
          ],
          "rdf:predicate": [
            "shortDescription"
          ]
        },
        {
          "@id": "https://data.datatourisme.fr/1aef1bd5-620a-33f4-a4dd-a0218c114832",
          "dc:contributor": [
            "https://api.deepl.com/v2/translate"
          ],
          "rdf:language": [
            "it"
          ],
          "rdf:predicate": [
            "shortDescription"
          ]
        },
        {
          "@id": "https://data.datatourisme.fr/796d7bc5-de0d-35ee-91e2-2166b00db39c",
          "dc:contributor": [
            "https://api.deepl.com/v2/translate"
          ],
          "rdf:language": [
            "de"
          ],
          "rdf:predicate": [
            "shortDescription"
          ]
        },
        {
          "@id": "https://data.datatourisme.fr/83bcd030-7992-3c92-8e45-812b7b82fd24",
          "dc:contributor": [
            "https://api.deepl.com/v2/translate"
          ],
          "rdf:language": [
            "en"
          ],
          "rdf:predicate": [
            "shortDescription"
          ]
        },
        {
          "@id": "https://data.datatourisme.fr/b9b24bda-a98f-3574-9cf0-92518c65a930",
          "dc:contributor": [
            "https://api.deepl.com/v2/translate"
          ],
          "rdf:language": [
            "es"
          ],
          "rdf:predicate": [
            "shortDescription"
          ]
        }
      ],
      "shortDescription": {
        "de": [
          "Die eigentliche Geburtsstunde der KFC-Legende war 1939, als Colonel Sanders sein berühmtes Geheimrezept mit 11 aromatischen Kräutern und Gewürzen entwickelte, das dem Huhn einen unnachahmlichen Geschmack verleiht."
        ],
        "en": [
          "The KFC legend was truly born in 1939 when Colonel Sanders developed his famous secret recipe of 11 herbs and spices, which gave the chicken an inimitable flavor."
        ],
        "it": [
          "La leggenda di KFC nacque davvero nel 1939, quando il colonnello Sanders mise a punto la sua famosa ricetta segreta con 11 erbe e spezie, che davano al pollo un sapore inimitabile."
        ],
        "fr": [
          "C’est en 1939 que naît véritablement la légende KFC, lorsque le Colonel Sanders met au point sa fameuse recette secrète de 11 herbes aromatiques et épices, qui donne au poulet une saveur inimitable."
        ],
        "es": [
          "La leyenda de KFC nació realmente en 1939, cuando el Coronel Sanders desarrolló su famosa receta secreta de 11 hierbas y especias, que daba al pollo un sabor inimitable."
        ],
        "nl": [
          "De KFC-legende werd echt geboren in 1939 toen Colonel Sanders zijn beroemde geheime recept ontwikkelde van 11 kruiden en specerijen, die de kip een onnavolgbare smaak gaven."
        ]
      }
    }
  ],
  "hasTranslatedProperty": [
    {
      "@id": "https://data.datatourisme.fr/1889bdd8-9491-3c65-80c8-5035e350aa52",
      "dc:contributor": [
        "https://api.deepl.com/v2/translate"
      ],
      "rdf:language": [
        "it"
      ],
      "rdf:predicate": [
        {
          "@id": "rdfs:comment"
        }
      ]
    },
    {
      "@id": "https://data.datatourisme.fr/1d320ba7-a165-32fa-bba4-67b38af2831b",
      "dc:contributor": [
        "https://api.deepl.com/v2/translate"
      ],
      "rdf:language": [
        "de"
      ],
      "rdf:predicate": [
        {
          "@id": "rdfs:comment"
        }
      ]
    },
    {
      "@id": "https://data.datatourisme.fr/9c12a1fe-d9b5-3ee7-a589-1842e9297120",
      "dc:contributor": [
        "https://api.deepl.com/v2/translate"
      ],
      "rdf:language": [
        "es"
      ],
      "rdf:predicate": [
        {
          "@id": "rdfs:comment"
        }
      ]
    },
    {
      "@id": "https://data.datatourisme.fr/da996440-998b-31d1-aa49-0a08ef02eb96",
      "dc:contributor": [
        "https://api.deepl.com/v2/translate"
      ],
      "rdf:language": [
        "en"
      ],
      "rdf:predicate": [
        {
          "@id": "rdfs:comment"
        }
      ]
    },
    {
      "@id": "https://data.datatourisme.fr/e8c38aaf-3caa-3c99-89a4-16b6093ede21",
      "dc:contributor": [
        "https://api.deepl.com/v2/translate"
      ],
      "rdf:language": [
        "nl"
      ],
      "rdf:predicate": [
        {
          "@id": "rdfs:comment"
        }
      ]
    }
  ],
  "isLocatedAt": [
    {
      "@id": "https://data.datatourisme.fr/e5228815-2a91-3b5d-ba32-e1bb9742adb5",
      "schema:address": [
        {
          "@id": "https://data.datatourisme.fr/035d3d14-7fbb-37d7-93e8-42637e5f910a",
          "schema:addressLocality": "Sartrouville",
          "schema:postalCode": "78500",
          "schema:streetAddress": [
            "4 rue de Pondichéry"
          ],
          "@type": [
            "schema:PostalAddress",
            "PostalAddress"
          ],
          "hasAddressCity": {
            "@id": "kb:78586",
            "@type": [
              "City"
            ],
            "rdfs:label": {
              "de": [
                "Sartrouville"
              ],
              "pt": [
                "Sartrouville"
              ],
              "en": [
                "Sartrouville"
              ],
              "it": [
                "Sartrouville"
              ],
              "fr": [
                "Sartrouville"
              ],
              "nl": [
                "Sartrouville"
              ],
              "es": [
                "Sartrouville"
              ]
            },
            "insee": "78586",
            "isPartOfDepartment": {
              "@id": "kb:France1178",
              "@type": [
                "Department"
              ],
              "rdfs:label": {
                "de": [
                  "Yvelines"
                ],
                "pt": [
                  "Yvelines"
                ],
                "en": [
                  "Yvelines"
                ],
                "it": [
                  "Yvelines"
                ],
                "fr": [
                  "Yvelines"
                ],
                "nl": [
                  "Yvelines"
                ],
                "es": [
                  "Yvelines"
                ]
              },
              "insee": "78",
              "isPartOfRegion": {
                "@id": "kb:France11",
                "@type": [
                  "Region"
                ],
                "rdfs:label": {
                  "de": [
                    "Île-de-France"
                  ],
                  "pt": [
                    "Île-de-France"
                  ],
                  "en": [
                    "Île-de-France"
                  ],
                  "it": [
                    "Île-de-France"
                  ],
                  "fr": [
                    "Île-de-France"
                  ],
                  "nl": [
                    "Île-de-France"
                  ],
                  "es": [
                    "Île-de-France"
                  ]
                },
                "insee": "11",
                "isPartOfCountry": {
                  "@id": "kb:France",
                  "@type": [
                    "schema:Country"
                  ],
                  "rdfs:label": {
                    "de": [
                      "France",
                      "Frankreich"
                    ],
                    "pt": [
                      "França",
                      "France"
                    ],
                    "en": [
                      "France"
                    ],
                    "it": [
                      "France",
                      "Francia"
                    ],
                    "fr": [
                      "France"
                    ],
                    "nl": [
                      "France",
                      "Frankrijk"
                    ],
                    "es": [
                      "France",
                      "Francia"
                    ]
                  }
                }
              }
            }
          }
        }
      ],
      "schema:geo": {
        "@id": "https://data.datatourisme.fr/7c9eeeb1-a9e2-3d33-a4fe-da023edddd36",
        "schema:latitude": "48.948333",
        "schema:longitude": "2.19932",
        "@type": [
          "schema:GeoCoordinates"
        ]
      },
      "schema:openingHoursSpecification": [
        {
          "@id": "https://data.datatourisme.fr/fbebf03a-436b-3f0e-ae58-fe8982145ca0",
          "schema:closes": "21:00:00",
          "schema:opens": "09:00:00",
          "schema:validFrom": "2023-01-01T00:00:00",
          "schema:validThrough": "2023-12-31T23:59:59",
          "@type": [
            "schema:OpeningHoursSpecification"
          ]
        }
      ],
      "@type": [
        "schema:Place",
        "Place"
      ]
    }
  ],
  "isOwnedBy": [
    {
      "@id": "https://data.datatourisme.fr/73484530-94e0-3b9c-86da-e2ddfa7df7ed",
      "schema:email": [
        "emilie.prai@saintgermainenlaye.fr",
        "emilie.rochat@seine-saintgermain.fr",
        "melissa.moreau@saintgermainenlaye.fr"
      ],
      "schema:legalName": "Office de Tourisme Intercommunal de Saint Germain Boucles de Seine",
      "@type": [
        "schema:Organization",
        "foaf:Agent",
        "Agent"
      ],
      "foaf:homepage": [
        "http://www.reservation.seine-saintgermain.fr/"
      ]
    }
  ],
  "lastUpdate": "2021-07-29",
  "lastUpdateDatatourisme": "2023-02-01T18:07:35.813Z"
}