{
  "@id": "https://data.datatourisme.fr/13/143c5c24-9e7d-3101-9ae4-0827a2f04a04",
  "dc:identifier": "4797059",
  "@type": [
    "schema:FoodEstablishment",
    "FoodEstablishment",
    "PlaceOfInterest",
    "PointOfInterest"
  ],
  "rdfs:comment": {
    "de": [
      "Die hier ansässige Brasserie Gourmande Traiteur Les Impériales führt die Werte, die ihr am Herzen liegen, fort und verteidigt sie: die Exzellenz eines handwerklichen Know-hows, die Auswahl und den Respekt vor dem Produkt, das Teilen von Tafelfreuden und Gaumenfreuden."
    ],
    "en": [
      "The Brasserie Gourmande Traiteur Les Impériales located in the heart of the city perpetuates and defends the values that are dear to its heart: the excellence of a craftsman's know-how, the selection and respect of the product, the sharing of the pleasures of the table and the greediness."
    ],
    "it": [
      "La Brasserie Gourmande Traiteur Les Impériales perpetua e difende i valori che le sono cari: l'eccellenza di un know-how tradizionale, la selezione e il rispetto del prodotto, la condivisione dei piaceri della tavola e della gastronomia."
    ],
    "fr": [
      "La Brasserie Gourmande Traiteur Les Impériales située perpétue et défend les valeurs qui lui tiennent à coeur : l’excellence d’un savoir-faire artisanal, la sélection et le respect du produit, le partage des plaisirs de la table et la gourmandise."
    ],
    "es": [
      "La Brasserie Gourmande Traiteur Les Impériales perpetúa y defiende los valores que le son propios: la excelencia de un saber hacer tradicional, la selección y el respeto del producto, el compartir los placeres de la mesa y la gourmandise."
    ],
    "nl": [
      "De Brasserie Gourmande Traiteur Les Impériales bestendigt en verdedigt de waarden die haar dierbaar zijn: de uitmuntendheid van een traditionele knowhow, de selectie van en het respect voor het product, het delen van het plezier van de tafel en de gourmandise."
    ]
  },
  "rdfs:label": {
    "fr": [
      "Les Impériales"
    ]
  },
  "hasBeenCreatedBy": {
    "@id": "https://data.datatourisme.fr/13/4e9cec1f-5830-3645-9111-d63e24f3b8ef",
    "dc:identifier": "1556",
    "schema:email": [
      "c.imbert@rt78.fr",
      "c.vallet@rt78.fr",
      "m.suray@rt78.fr",
      "s.bertoncini@rt78.fr"
    ],
    "schema:legalName": "Rambouillet Territoires",
    "@type": [
      "schema:Organization",
      "foaf:Agent",
      "Agent"
    ],
    "foaf:homepage": [
      "http://www.rambouillet-tourisme.fr/"
    ]
  },
  "hasBeenPublishedBy": [
    {
      "@id": "https://data.datatourisme.fr/8a9feb4b-2cbd-3d2c-b507-bd6c6776b23b",
      "schema:legalName": "Apidae Tourisme Scic SA - source : Apidae Tourisme",
      "@type": [
        "schema:Organization",
        "foaf:Agent",
        "Agent"
      ],
      "foaf:homepage": [
        "https://www.apidae-tourisme.com/"
      ]
    }
  ],
  "hasContact": [
    {
      "@id": "https://data.datatourisme.fr/25a66b0b-afac-3ebe-8a62-a4f7782e7614",
      "schema:telephone": [
        "+33 1 30 59 26 35"
      ],
      "@type": [
        "foaf:Agent",
        "Agent"
      ],
      "foaf:homepage": [
        "http://lesimperiales.fr/"
      ]
    }
  ],
  "hasDescription": [
    {
      "@id": "https://data.datatourisme.fr/a8845555-4dda-35c3-87dd-d29345905fac",
      "@type": [
        "Description"
      ],
      "hasTranslatedProperty": [
        {
          "@id": "https://data.datatourisme.fr/3be73bf3-ff36-36da-a2b3-d65c35b334a3",
          "dc:contributor": [
            "https://api.deepl.com/v2/translate"
          ],
          "rdf:language": [
            "it"
          ],
          "rdf:predicate": [
            "shortDescription"
          ]
        },
        {
          "@id": "https://data.datatourisme.fr/4daa0738-1995-3782-a2bd-2f4866044337",
          "dc:contributor": [
            "https://api.deepl.com/v2/translate"
          ],
          "rdf:language": [
            "en"
          ],
          "rdf:predicate": [
            "shortDescription"
          ]
        },
        {
          "@id": "https://data.datatourisme.fr/50fec1a8-936c-36bb-b359-f64d06d1ba9c",
          "dc:contributor": [
            "https://api.deepl.com/v2/translate"
          ],
          "rdf:language": [
            "de"
          ],
          "rdf:predicate": [
            "shortDescription"
          ]
        },
        {
          "@id": "https://data.datatourisme.fr/91588919-8030-33d8-8753-c3fe02297719",
          "dc:contributor": [
            "https://api.deepl.com/v2/translate"
          ],
          "rdf:language": [
            "es"
          ],
          "rdf:predicate": [
            "shortDescription"
          ]
        },
        {
          "@id": "https://data.datatourisme.fr/a027f612-2615-3c4c-9d68-9d6efe24b5ba",
          "dc:contributor": [
            "https://api.deepl.com/v2/translate"
          ],
          "rdf:language": [
            "nl"
          ],
          "rdf:predicate": [
            "shortDescription"
          ]
        }
      ],
      "shortDescription": {
        "de": [
          "Die hier ansässige Brasserie Gourmande Traiteur Les Impériales führt die Werte, die ihr am Herzen liegen, fort und verteidigt sie: die Exzellenz eines handwerklichen Know-hows, die Auswahl und den Respekt vor dem Produkt, das Teilen von Tafelfreuden und Gaumenfreuden."
        ],
        "en": [
          "The Brasserie Gourmande Traiteur Les Impériales located in the heart of the city perpetuates and defends the values that are dear to its heart: the excellence of a craftsman's know-how, the selection and respect of the product, the sharing of the pleasures of the table and the greediness."
        ],
        "it": [
          "La Brasserie Gourmande Traiteur Les Impériales perpetua e difende i valori che le sono cari: l'eccellenza di un know-how tradizionale, la selezione e il rispetto del prodotto, la condivisione dei piaceri della tavola e della gastronomia."
        ],
        "fr": [
          "La Brasserie Gourmande Traiteur Les Impériales située perpétue et défend les valeurs qui lui tiennent à coeur : l’excellence d’un savoir-faire artisanal, la sélection et le respect du produit, le partage des plaisirs de la table et la gourmandise."
        ],
        "es": [
          "La Brasserie Gourmande Traiteur Les Impériales perpetúa y defiende los valores que le son propios: la excelencia de un saber hacer tradicional, la selección y el respeto del producto, el compartir los placeres de la mesa y la gourmandise."
        ],
        "nl": [
          "De Brasserie Gourmande Traiteur Les Impériales bestendigt en verdedigt de waarden die haar dierbaar zijn: de uitmuntendheid van een traditionele knowhow, de selectie van en het respect voor het product, het delen van het plezier van de tafel en de gourmandise."
        ]
      }
    }
  ],
  "hasTranslatedProperty": [
    {
      "@id": "https://data.datatourisme.fr/054fa2e2-31f8-3b2e-a700-54abb1ba9228",
      "dc:contributor": [
        "https://api.deepl.com/v2/translate"
      ],
      "rdf:language": [
        "it"
      ],
      "rdf:predicate": [
        {
          "@id": "rdfs:comment"
        }
      ]
    },
    {
      "@id": "https://data.datatourisme.fr/40052c7f-73d5-3890-bdb8-46393a7e43fd",
      "dc:contributor": [
        "https://api.deepl.com/v2/translate"
      ],
      "rdf:language": [
        "es"
      ],
      "rdf:predicate": [
        {
          "@id": "rdfs:comment"
        }
      ]
    },
    {
      "@id": "https://data.datatourisme.fr/b2980b9b-9a1b-3a17-b8f2-0bd2dd3f396a",
      "dc:contributor": [
        "https://api.deepl.com/v2/translate"
      ],
      "rdf:language": [
        "nl"
      ],
      "rdf:predicate": [
        {
          "@id": "rdfs:comment"
        }
      ]
    },
    {
      "@id": "https://data.datatourisme.fr/bf6b81c1-6540-310a-816e-db9026b4c244",
      "dc:contributor": [
        "https://api.deepl.com/v2/translate"
      ],
      "rdf:language": [
        "de"
      ],
      "rdf:predicate": [
        {
          "@id": "rdfs:comment"
        }
      ]
    },
    {
      "@id": "https://data.datatourisme.fr/fa7655bb-8948-339e-af20-e878df955471",
      "dc:contributor": [
        "https://api.deepl.com/v2/translate"
      ],
      "rdf:language": [
        "en"
      ],
      "rdf:predicate": [
        {
          "@id": "rdfs:comment"
        }
      ]
    }
  ],
  "isLocatedAt": [
    {
      "@id": "https://data.datatourisme.fr/a008706d-b448-3c33-b96f-45e94dee751c",
      "schema:address": [
        {
          "@id": "https://data.datatourisme.fr/65c1d0e6-adfe-3bd3-bcd5-2ab04391e917",
          "schema:addressLocality": "Rambouillet",
          "schema:postalCode": "78120",
          "schema:streetAddress": [
            "Centre commerciale",
            "La Clairière",
            "Rue du clos battant"
          ],
          "@type": [
            "schema:PostalAddress",
            "PostalAddress"
          ],
          "hasAddressCity": {
            "@id": "kb:78517",
            "@type": [
              "City"
            ],
            "rdfs:label": {
              "de": [
                "Rambouillet"
              ],
              "pt": [
                "Rambouillet"
              ],
              "en": [
                "Rambouillet"
              ],
              "it": [
                "Rambouillet"
              ],
              "fr": [
                "Rambouillet"
              ],
              "nl": [
                "Rambouillet"
              ],
              "es": [
                "Rambouillet"
              ]
            },
            "insee": "78517",
            "isPartOfDepartment": {
              "@id": "kb:France1178",
              "@type": [
                "Department"
              ],
              "rdfs:label": {
                "de": [
                  "Yvelines"
                ],
                "pt": [
                  "Yvelines"
                ],
                "en": [
                  "Yvelines"
                ],
                "it": [
                  "Yvelines"
                ],
                "fr": [
                  "Yvelines"
                ],
                "nl": [
                  "Yvelines"
                ],
                "es": [
                  "Yvelines"
                ]
              },
              "insee": "78",
              "isPartOfRegion": {
                "@id": "kb:France11",
                "@type": [
                  "Region"
                ],
                "rdfs:label": {
                  "de": [
                    "Île-de-France"
                  ],
                  "pt": [
                    "Île-de-France"
                  ],
                  "en": [
                    "Île-de-France"
                  ],
                  "it": [
                    "Île-de-France"
                  ],
                  "fr": [
                    "Île-de-France"
                  ],
                  "nl": [
                    "Île-de-France"
                  ],
                  "es": [
                    "Île-de-France"
                  ]
                },
                "insee": "11",
                "isPartOfCountry": {
                  "@id": "kb:France",
                  "@type": [
                    "schema:Country"
                  ],
                  "rdfs:label": {
                    "de": [
                      "France",
                      "Frankreich"
                    ],
                    "pt": [
                      "França",
                      "France"
                    ],
                    "en": [
                      "France"
                    ],
                    "it": [
                      "France",
                      "Francia"
                    ],
                    "fr": [
                      "France"
                    ],
                    "nl": [
                      "France",
                      "Frankrijk"
                    ],
                    "es": [
                      "France",
                      "Francia"
                    ]
                  }
                }
              }
            }
          }
        }
      ],
      "schema:geo": {
        "@id": "https://data.datatourisme.fr/ecd1e844-506f-33a7-b445-3443ba6b635e",
        "schema:latitude": "48.646409",
        "schema:longitude": "1.857199",
        "@type": [
          "schema:GeoCoordinates"
        ]
      },
      "schema:openingHoursSpecification": [
        {
          "@id": "https://data.datatourisme.fr/0625ec32-bd18-3a1d-813b-71ea29a69bfe",
          "schema:closes": "20:00:00",
          "schema:opens": "08:30:00",
          "schema:validFrom": "2023-01-01T00:00:00",
          "schema:validThrough": "2023-12-31T23:59:59",
          "@type": [
            "schema:OpeningHoursSpecification"
          ]
        }
      ],
      "@type": [
        "schema:Place",
        "Place"
      ]
    }
  ],
  "isOwnedBy": [
    {
      "@id": "https://data.datatourisme.fr/51ac81d8-8055-3c36-96d8-416e4b1cab4b",
      "schema:email": [
        "c.imbert@rt78.fr",
        "c.vallet@rt78.fr",
        "m.suray@rt78.fr",
        "s.bertoncini@rt78.fr"
      ],
      "schema:legalName": "Rambouillet Territoires",
      "@type": [
        "schema:Organization",
        "foaf:Agent",
        "Agent"
      ],
      "foaf:homepage": [
        "http://www.rambouillet-tourisme.fr/"
      ]
    }
  ],
  "lastUpdate": "2022-10-13",
  "lastUpdateDatatourisme": "2023-02-01T18:07:35.805Z"
}