{
  "@id": "https://data.datatourisme.fr/13/14f1acf0-d034-37e5-a273-b831ff79a685",
  "dc:identifier": "685108",
  "@type": [
    "schema:FoodEstablishment",
    "schema:Winery",
    "BistroOrWineBar",
    "FoodEstablishment",
    "PlaceOfInterest",
    "PointOfInterest",
    "SportsAndLeisurePlace"
  ],
  "rdfs:comment": {
    "de": [
      "Zwischen einem Konzert und einer Ausstellung können Sie die bukolische Veranda mit ihren hundertjährigen Olivenbäumen genießen!"
    ],
    "en": [
      "Between a concert and an exhibition, come and enjoy its bucolic glass roof with century-old olive trees!"
    ],
    "it": [
      "Tra un concerto e una mostra, venite a godervi il suo bucolico tetto di vetro con ulivi secolari!"
    ],
    "fr": [
      "Entre un concert et une expo, venez profitez de sa verrière bucolique aux oliviers centenaires !"
    ],
    "nl": [
      "Kom tussen een concert en een tentoonstelling door genieten van het bucolische glazen dak met eeuwenoude olijfbomen!"
    ],
    "es": [
      "Entre un concierto y una exposición, venga a disfrutar de su bucólico techo de cristal con olivos centenarios"
    ]
  },
  "rdfs:label": {
    "en": [
      "La Bellevilloise"
    ],
    "fr": [
      "La Bellevilloise"
    ]
  },
  "hasBeenCreatedBy": {
    "@id": "https://data.datatourisme.fr/13/03e0704b-5690-32de-a186-1dc3ad3316c9",
    "dc:identifier": "1019",
    "schema:email": [
      "bgeigle@visitparisregion.com",
      "hcaldo@visitparisregion.com",
      "mtanaskovic@visitparisregion.com"
    ],
    "schema:legalName": "Comité Régional du Tourisme Paris Ile de France",
    "@type": [
      "schema:Organization",
      "foaf:Agent",
      "Agent"
    ],
    "foaf:homepage": [
      "http://www.visitparisregion.com/"
    ]
  },
  "hasBeenPublishedBy": [
    {
      "@id": "https://data.datatourisme.fr/8a9feb4b-2cbd-3d2c-b507-bd6c6776b23b",
      "schema:legalName": "Apidae Tourisme Scic SA - source : Apidae Tourisme",
      "@type": [
        "schema:Organization",
        "foaf:Agent",
        "Agent"
      ],
      "foaf:homepage": [
        "https://www.apidae-tourisme.com/"
      ]
    }
  ],
  "hasContact": [
    {
      "@id": "https://data.datatourisme.fr/ba709aef-3aa8-3f4c-9270-7288a9ee705f",
      "schema:email": [
        "resa@labellevilloise.com"
      ],
      "schema:telephone": [
        "+33 1 46 36 07 07"
      ],
      "@type": [
        "foaf:Agent",
        "Agent"
      ],
      "foaf:homepage": [
        "http://www.labellevilloise.com/"
      ]
    }
  ],
  "hasDescription": [
    {
      "@id": "https://data.datatourisme.fr/50a44040-4f14-334c-ade0-e6fdd5da2599",
      "@type": [
        "Description"
      ],
      "hasTranslatedProperty": [
        {
          "@id": "https://data.datatourisme.fr/17403be6-06cd-3983-8c6d-8927e5858366",
          "dc:contributor": [
            "https://api.deepl.com/v2/translate"
          ],
          "rdf:language": [
            "es"
          ],
          "rdf:predicate": [
            "shortDescription"
          ]
        },
        {
          "@id": "https://data.datatourisme.fr/3c033518-7d31-399a-a909-c19bc2f623ea",
          "dc:contributor": [
            "https://api.deepl.com/v2/translate"
          ],
          "rdf:language": [
            "en"
          ],
          "rdf:predicate": [
            "shortDescription"
          ]
        },
        {
          "@id": "https://data.datatourisme.fr/ac19b1b3-0dde-381c-ba0e-9cd0d504996b",
          "dc:contributor": [
            "https://api.deepl.com/v2/translate"
          ],
          "rdf:language": [
            "it"
          ],
          "rdf:predicate": [
            "shortDescription"
          ]
        },
        {
          "@id": "https://data.datatourisme.fr/bc28849d-8754-3da3-90dc-ad9ae99ff8b1",
          "dc:contributor": [
            "https://api.deepl.com/v2/translate"
          ],
          "rdf:language": [
            "de"
          ],
          "rdf:predicate": [
            "shortDescription"
          ]
        },
        {
          "@id": "https://data.datatourisme.fr/c98135e5-edc3-31a8-a3f9-4dbe618a0f68",
          "dc:contributor": [
            "https://api.deepl.com/v2/translate"
          ],
          "rdf:language": [
            "nl"
          ],
          "rdf:predicate": [
            "shortDescription"
          ]
        }
      ],
      "shortDescription": {
        "de": [
          "Zwischen einem Konzert und einer Ausstellung können Sie die bukolische Veranda mit ihren hundertjährigen Olivenbäumen genießen!"
        ],
        "en": [
          "Between a concert and an exhibition, come and enjoy its bucolic glass roof with century-old olive trees!"
        ],
        "it": [
          "Tra un concerto e una mostra, venite a godervi il suo bucolico tetto di vetro con ulivi secolari!"
        ],
        "fr": [
          "Entre un concert et une expo, venez profitez de sa verrière bucolique aux oliviers centenaires !"
        ],
        "nl": [
          "Kom tussen een concert en een tentoonstelling door genieten van het bucolische glazen dak met eeuwenoude olijfbomen!"
        ],
        "es": [
          "Entre un concierto y una exposición, venga a disfrutar de su bucólico techo de cristal con olivos centenarios"
        ]
      }
    }
  ],
  "hasTranslatedProperty": [
    {
      "@id": "https://data.datatourisme.fr/1a052ec8-0688-3496-9923-d9c839503240",
      "dc:contributor": [
        "https://api.deepl.com/v2/translate"
      ],
      "rdf:language": [
        "en"
      ],
      "rdf:predicate": [
        {
          "@id": "rdfs:comment"
        }
      ]
    },
    {
      "@id": "https://data.datatourisme.fr/1b60df82-789a-3ccc-8e03-2d22cd643f81",
      "dc:contributor": [
        "https://api.deepl.com/v2/translate"
      ],
      "rdf:language": [
        "es"
      ],
      "rdf:predicate": [
        {
          "@id": "rdfs:comment"
        }
      ]
    },
    {
      "@id": "https://data.datatourisme.fr/7e3a4395-a1fd-3b88-9943-9c19643ab512",
      "dc:contributor": [
        "https://api.deepl.com/v2/translate"
      ],
      "rdf:language": [
        "it"
      ],
      "rdf:predicate": [
        {
          "@id": "rdfs:comment"
        }
      ]
    },
    {
      "@id": "https://data.datatourisme.fr/8c423842-d25b-338f-9a70-71a422c80775",
      "dc:contributor": [
        "https://api.deepl.com/v2/translate"
      ],
      "rdf:language": [
        "nl"
      ],
      "rdf:predicate": [
        {
          "@id": "rdfs:comment"
        }
      ]
    },
    {
      "@id": "https://data.datatourisme.fr/a4274d08-0b49-390f-8407-408e1edb1c8e",
      "dc:contributor": [
        "https://api.deepl.com/v2/translate"
      ],
      "rdf:language": [
        "de"
      ],
      "rdf:predicate": [
        {
          "@id": "rdfs:comment"
        }
      ]
    }
  ],
  "isLocatedAt": [
    {
      "@id": "https://data.datatourisme.fr/ba4972fc-5178-3b69-aca1-3001706c787c",
      "schema:address": [
        {
          "@id": "https://data.datatourisme.fr/b03c1e89-a7d7-3d33-b002-6d9d2e68d5ce",
          "schema:addressLocality": "Paris",
          "schema:postalCode": "75020",
          "schema:streetAddress": [
            "19-21 rue Boyer"
          ],
          "@type": [
            "schema:PostalAddress",
            "PostalAddress"
          ],
          "hasAddressCity": {
            "@id": "kb:75056",
            "@type": [
              "City"
            ],
            "rdfs:label": {
              "de": [
                "Paris"
              ],
              "pt": [
                "Paris"
              ],
              "en": [
                "Paris"
              ],
              "it": [
                "Paris"
              ],
              "fr": [
                "Paris"
              ],
              "nl": [
                "Paris"
              ],
              "es": [
                "Paris"
              ]
            },
            "insee": "75056",
            "isPartOfDepartment": {
              "@id": "kb:France1175",
              "@type": [
                "Department"
              ],
              "rdfs:label": {
                "de": [
                  "Paris"
                ],
                "pt": [
                  "Paris"
                ],
                "en": [
                  "Paris"
                ],
                "it": [
                  "Paris"
                ],
                "fr": [
                  "Paris"
                ],
                "nl": [
                  "Paris"
                ],
                "es": [
                  "Paris"
                ]
              },
              "insee": "75",
              "isPartOfRegion": {
                "@id": "kb:France11",
                "@type": [
                  "Region"
                ],
                "rdfs:label": {
                  "de": [
                    "Île-de-France"
                  ],
                  "pt": [
                    "Île-de-France"
                  ],
                  "en": [
                    "Île-de-France"
                  ],
                  "it": [
                    "Île-de-France"
                  ],
                  "fr": [
                    "Île-de-France"
                  ],
                  "nl": [
                    "Île-de-France"
                  ],
                  "es": [
                    "Île-de-France"
                  ]
                },
                "insee": "11",
                "isPartOfCountry": {
                  "@id": "kb:France",
                  "@type": [
                    "schema:Country"
                  ],
                  "rdfs:label": {
                    "de": [
                      "France",
                      "Frankreich"
                    ],
                    "pt": [
                      "França",
                      "France"
                    ],
                    "en": [
                      "France"
                    ],
                    "it": [
                      "France",
                      "Francia"
                    ],
                    "fr": [
                      "France"
                    ],
                    "nl": [
                      "France",
                      "Frankrijk"
                    ],
                    "es": [
                      "France",
                      "Francia"
                    ]
                  }
                }
              }
            }
          }
        }
      ],
      "schema:geo": {
        "@id": "https://data.datatourisme.fr/dea80966-013e-313c-b67a-27dc47e89add",
        "schema:latitude": "48.86872",
        "schema:longitude": "2.392044",
        "@type": [
          "schema:GeoCoordinates"
        ]
      },
      "schema:openingHoursSpecification": [
        {
          "@id": "https://data.datatourisme.fr/d26839f0-bf20-3985-8e21-50b6911694f8",
          "schema:validFrom": "2023-01-01T00:00:00",
          "schema:validThrough": "2023-12-31T23:59:59",
          "@type": [
            "schema:OpeningHoursSpecification"
          ],
          "additionalInformation": {
            "de": [
              "La Halles aux oliviers :\r\nMittwoch und Donnerstag: 19:00 bis 1:00 Uhr\r\nFreitag und Samstag: 19 Uhr bis 2 Uhr\r\nSonntag: Brunch - 2 Gänge 11:30 und 14:00 Uhr\r\n\r\nDie anderen Räume sind je nach Programm geöffnet\r\n\r\nDie Terrasse ist je nach Wetterlage geöffnet."
            ],
            "en": [
              "La Halles aux oliviers :\r\nWednesday and Thursday : 7pm to 1am\r\nFriday and Saturday: 7pm to 2am\r\nSunday: Brunch - 2 courses 11:30 am and 2 pm\r\n\r\nThe other spaces are open depending on the programming\r\n\r\nThe terrace is open depending on the weather."
            ],
            "it": [
              "La Halles aux oliviers :\r\nMercoledì e giovedì: dalle 19.00 all'1.00\r\nVenerdì e sabato: dalle 19.00 alle 2.00\r\nDomenica: brunch - 2 portate 11.30 e 14.00\r\n\r\nGli altri spazi sono aperti secondo il programma\r\n\r\nLa terrazza è aperta a seconda del tempo."
            ],
            "fr": [
              "La Halles aux oliviers :\r\nMercredi et jeudi : 19h à 1h\r\nVendredi et samedi : 19h à 2h\r\nDimanche : brunch -  2 services 11h30 et 14h\r\n\r\nLes autres espaces sont ouverts en fonction de la programmation\r\n\r\nLa terrasse est ouverte en fonction du temps."
            ],
            "nl": [
              "La Halles aux oliviers:\r\nWoensdag en donderdag: 19.00 tot 01.00 uur\r\nVrijdag en zaterdag: 19u tot 2u\r\nZondag: brunch - 2 gangen 11.30 uur en 14.00 uur\r\n\r\nDe andere velden zijn open volgens het programma\r\n\r\nHet terras is open afhankelijk van het weer."
            ],
            "es": [
              "La Halles aux oliviers :\r\nMiércoles y jueves: de 19:00 a 1:00 horas\r\nViernes y sábado: de 19:00 a 2:00 horas\r\nDomingo: brunch - 2 platos 11.30h y 14h\r\n\r\nLos demás espacios están abiertos según el programa\r\n\r\nLa terraza está abierta en función del tiempo."
            ]
          },
          "hasTranslatedProperty": [
            {
              "@id": "https://data.datatourisme.fr/24560520-b45e-35e9-b9e7-b30aa7a0c504",
              "dc:contributor": [
                "https://api.deepl.com/v2/translate"
              ],
              "rdf:language": [
                "es"
              ],
              "rdf:predicate": [
                "additionalInformation"
              ]
            },
            {
              "@id": "https://data.datatourisme.fr/47b5e4df-ebf1-3f2e-b8a9-b48a897d117c",
              "dc:contributor": [
                "https://api.deepl.com/v2/translate"
              ],
              "rdf:language": [
                "de"
              ],
              "rdf:predicate": [
                "additionalInformation"
              ]
            },
            {
              "@id": "https://data.datatourisme.fr/6c9eb000-1d26-334c-9969-0c5688485675",
              "dc:contributor": [
                "https://api.deepl.com/v2/translate"
              ],
              "rdf:language": [
                "it"
              ],
              "rdf:predicate": [
                "additionalInformation"
              ]
            },
            {
              "@id": "https://data.datatourisme.fr/77a4765a-fd69-3996-b453-ae97280974c9",
              "dc:contributor": [
                "https://api.deepl.com/v2/translate"
              ],
              "rdf:language": [
                "nl"
              ],
              "rdf:predicate": [
                "additionalInformation"
              ]
            },
            {
              "@id": "https://data.datatourisme.fr/d13fcc55-5857-3990-a7fe-f46c45822e6f",
              "dc:contributor": [
                "https://api.deepl.com/v2/translate"
              ],
              "rdf:language": [
                "en"
              ],
              "rdf:predicate": [
                "additionalInformation"
              ]
            }
          ]
        }
      ],
      "@type": [
        "schema:Place",
        "Place"
      ]
    }
  ],
  "isOwnedBy": [
    {
      "@id": "https://data.datatourisme.fr/26ecd6f0-563c-356a-b0f9-ad3ec17effc4",
      "schema:email": [
        "bgeigle@visitparisregion.com",
        "hcaldo@visitparisregion.com",
        "mtanaskovic@visitparisregion.com"
      ],
      "schema:legalName": "Comité Régional du Tourisme Paris Ile de France",
      "@type": [
        "schema:Organization",
        "foaf:Agent",
        "Agent"
      ],
      "foaf:homepage": [
        "http://www.visitparisregion.com/"
      ]
    }
  ],
  "lastUpdate": "2022-10-11",
  "lastUpdateDatatourisme": "2023-05-30T05:49:20.254Z"
}