{
  "@id": "https://data.datatourisme.fr/13/14fab80c-0a23-3f28-8514-14f136e1c46f",
  "dc:identifier": "5147890",
  "@type": [
    "schema:FoodEstablishment",
    "FoodEstablishment",
    "PlaceOfInterest",
    "PointOfInterest"
  ],
  "rdfs:comment": {
    "de": [
      "Das Café Rosa bietet Ihnen typische Gerichte aus Mexiko: Chili con Carne, Fajitas, Tacos, Ensaladas, alles in einer typischen Atmosphäre und Dekoration."
    ],
    "en": [
      "La Café Rosa offers you typical Mexican dishes: chili con carne, fajitas, tacos, ensaladas, all in a typical atmosphere and decoration."
    ],
    "it": [
      "Il Café Rosa offre piatti tipici messicani: chili con carne, fajitas, tacos, ensaladas, il tutto in un'atmosfera e una decorazione tipiche."
    ],
    "fr": [
      "La Café Rosa vous propose des plats typiques du Mexique : chili con carne, fajitas, tacos, ensaladas, le tout dans une ambiance et un décoration typique."
    ],
    "es": [
      "El Café Rosa ofrece platos típicos mexicanos: chile con carne, fajitas, tacos, ensaladas, todo ello en un ambiente y decoración típicos."
    ],
    "nl": [
      "Café Rosa biedt typisch Mexicaanse gerechten: chili con carne, fajitas, taco's, ensaladas, allemaal in een typische sfeer en decoratie."
    ]
  },
  "rdfs:label": {
    "fr": [
      "Café Rosa"
    ]
  },
  "hasBeenCreatedBy": {
    "@id": "https://data.datatourisme.fr/13/1baff70e-2669-3837-a347-efd3a874a341",
    "dc:identifier": "1489",
    "schema:email": [
      "emilie.prai@saintgermainenlaye.fr",
      "emilie.rochat@seine-saintgermain.fr",
      "melissa.moreau@saintgermainenlaye.fr"
    ],
    "schema:legalName": "Office de Tourisme Intercommunal de Saint Germain Boucles de Seine",
    "@type": [
      "schema:Organization",
      "foaf:Agent",
      "Agent"
    ],
    "foaf:homepage": [
      "http://www.reservation.seine-saintgermain.fr/"
    ]
  },
  "hasBeenPublishedBy": [
    {
      "@id": "https://data.datatourisme.fr/8a9feb4b-2cbd-3d2c-b507-bd6c6776b23b",
      "schema:legalName": "Apidae Tourisme Scic SA - source : Apidae Tourisme",
      "@type": [
        "schema:Organization",
        "foaf:Agent",
        "Agent"
      ],
      "foaf:homepage": [
        "https://www.apidae-tourisme.com/"
      ]
    }
  ],
  "hasContact": [
    {
      "@id": "https://data.datatourisme.fr/9f893db1-c721-326a-a9ee-87baeb823829",
      "schema:telephone": [
        "+33 1 39 16 10 70"
      ],
      "@type": [
        "foaf:Agent",
        "Agent"
      ]
    }
  ],
  "hasDescription": [
    {
      "@id": "https://data.datatourisme.fr/5348a5d8-73a7-3472-a673-dcb6d622edc1",
      "@type": [
        "Description"
      ],
      "hasTranslatedProperty": [
        {
          "@id": "https://data.datatourisme.fr/01158687-45b8-342a-9c6d-0140212edf0d",
          "dc:contributor": [
            "https://api.deepl.com/v2/translate"
          ],
          "rdf:language": [
            "de"
          ],
          "rdf:predicate": [
            "shortDescription"
          ]
        },
        {
          "@id": "https://data.datatourisme.fr/0d89dd5d-032a-33b0-b0db-f813e1af4d41",
          "dc:contributor": [
            "https://api.deepl.com/v2/translate"
          ],
          "rdf:language": [
            "en"
          ],
          "rdf:predicate": [
            "shortDescription"
          ]
        },
        {
          "@id": "https://data.datatourisme.fr/527320b6-523e-3625-9813-7853de0803d0",
          "dc:contributor": [
            "https://api.deepl.com/v2/translate"
          ],
          "rdf:language": [
            "nl"
          ],
          "rdf:predicate": [
            "shortDescription"
          ]
        },
        {
          "@id": "https://data.datatourisme.fr/77cdc824-bc2e-3009-85bd-1853bca65562",
          "dc:contributor": [
            "https://api.deepl.com/v2/translate"
          ],
          "rdf:language": [
            "es"
          ],
          "rdf:predicate": [
            "shortDescription"
          ]
        },
        {
          "@id": "https://data.datatourisme.fr/e69ef2e4-6f66-359a-aacd-3c3ccf90efad",
          "dc:contributor": [
            "https://api.deepl.com/v2/translate"
          ],
          "rdf:language": [
            "it"
          ],
          "rdf:predicate": [
            "shortDescription"
          ]
        }
      ],
      "shortDescription": {
        "de": [
          "Das Café Rosa bietet Ihnen typische Gerichte aus Mexiko: Chili con Carne, Fajitas, Tacos, Ensaladas, alles in einer typischen Atmosphäre und Dekoration."
        ],
        "en": [
          "La Café Rosa offers you typical Mexican dishes: chili con carne, fajitas, tacos, ensaladas, all in a typical atmosphere and decoration."
        ],
        "it": [
          "Il Café Rosa offre piatti tipici messicani: chili con carne, fajitas, tacos, ensaladas, il tutto in un'atmosfera e una decorazione tipiche."
        ],
        "fr": [
          "La Café Rosa vous propose des plats typiques du Mexique : chili con carne, fajitas, tacos, ensaladas, le tout dans une ambiance et un décoration typique."
        ],
        "es": [
          "El Café Rosa ofrece platos típicos mexicanos: chile con carne, fajitas, tacos, ensaladas, todo ello en un ambiente y decoración típicos."
        ],
        "nl": [
          "Café Rosa biedt typisch Mexicaanse gerechten: chili con carne, fajitas, taco's, ensaladas, allemaal in een typische sfeer en decoratie."
        ]
      }
    }
  ],
  "hasTranslatedProperty": [
    {
      "@id": "https://data.datatourisme.fr/405849cf-c3ca-315b-914b-f06c2cd829f0",
      "dc:contributor": [
        "https://api.deepl.com/v2/translate"
      ],
      "rdf:language": [
        "es"
      ],
      "rdf:predicate": [
        {
          "@id": "rdfs:comment"
        }
      ]
    },
    {
      "@id": "https://data.datatourisme.fr/7aa4611b-2043-362a-9991-01b4d8a8499f",
      "dc:contributor": [
        "https://api.deepl.com/v2/translate"
      ],
      "rdf:language": [
        "nl"
      ],
      "rdf:predicate": [
        {
          "@id": "rdfs:comment"
        }
      ]
    },
    {
      "@id": "https://data.datatourisme.fr/95571253-3175-3291-9007-3dea57dfd1f1",
      "dc:contributor": [
        "https://api.deepl.com/v2/translate"
      ],
      "rdf:language": [
        "it"
      ],
      "rdf:predicate": [
        {
          "@id": "rdfs:comment"
        }
      ]
    },
    {
      "@id": "https://data.datatourisme.fr/9a6c5dcc-a175-344c-9500-66ca95a1bb60",
      "dc:contributor": [
        "https://api.deepl.com/v2/translate"
      ],
      "rdf:language": [
        "en"
      ],
      "rdf:predicate": [
        {
          "@id": "rdfs:comment"
        }
      ]
    },
    {
      "@id": "https://data.datatourisme.fr/e5ffc470-b98e-3564-b510-cc8fe29652b9",
      "dc:contributor": [
        "https://api.deepl.com/v2/translate"
      ],
      "rdf:language": [
        "de"
      ],
      "rdf:predicate": [
        {
          "@id": "rdfs:comment"
        }
      ]
    }
  ],
  "isLocatedAt": [
    {
      "@id": "https://data.datatourisme.fr/07e13648-c900-35e9-a0f0-deead48dfb32",
      "schema:address": [
        {
          "@id": "https://data.datatourisme.fr/287684c9-dcdf-33bb-a11e-2c9f734d66e0",
          "schema:addressLocality": "Marly-le-Roi",
          "schema:postalCode": "78160",
          "schema:streetAddress": [
            "23 Grande Rue"
          ],
          "@type": [
            "schema:PostalAddress",
            "PostalAddress"
          ],
          "hasAddressCity": {
            "@id": "kb:78372",
            "@type": [
              "City"
            ],
            "rdfs:label": {
              "de": [
                "Marly-le-Roi"
              ],
              "pt": [
                "Marly-le-Roi"
              ],
              "en": [
                "Marly-le-Roi"
              ],
              "it": [
                "Marly-le-Roi"
              ],
              "fr": [
                "Marly-le-Roi"
              ],
              "nl": [
                "Marly-le-Roi"
              ],
              "es": [
                "Marly-le-Roi"
              ]
            },
            "insee": "78372",
            "isPartOfDepartment": {
              "@id": "kb:France1178",
              "@type": [
                "Department"
              ],
              "rdfs:label": {
                "de": [
                  "Yvelines"
                ],
                "pt": [
                  "Yvelines"
                ],
                "en": [
                  "Yvelines"
                ],
                "it": [
                  "Yvelines"
                ],
                "fr": [
                  "Yvelines"
                ],
                "nl": [
                  "Yvelines"
                ],
                "es": [
                  "Yvelines"
                ]
              },
              "insee": "78",
              "isPartOfRegion": {
                "@id": "kb:France11",
                "@type": [
                  "Region"
                ],
                "rdfs:label": {
                  "de": [
                    "Île-de-France"
                  ],
                  "pt": [
                    "Île-de-France"
                  ],
                  "en": [
                    "Île-de-France"
                  ],
                  "it": [
                    "Île-de-France"
                  ],
                  "fr": [
                    "Île-de-France"
                  ],
                  "nl": [
                    "Île-de-France"
                  ],
                  "es": [
                    "Île-de-France"
                  ]
                },
                "insee": "11",
                "isPartOfCountry": {
                  "@id": "kb:France",
                  "@type": [
                    "schema:Country"
                  ],
                  "rdfs:label": {
                    "de": [
                      "France",
                      "Frankreich"
                    ],
                    "pt": [
                      "França",
                      "France"
                    ],
                    "en": [
                      "France"
                    ],
                    "it": [
                      "France",
                      "Francia"
                    ],
                    "fr": [
                      "France"
                    ],
                    "nl": [
                      "France",
                      "Frankrijk"
                    ],
                    "es": [
                      "France",
                      "Francia"
                    ]
                  }
                }
              }
            }
          }
        }
      ],
      "schema:geo": {
        "@id": "https://data.datatourisme.fr/39492351-225a-382e-8083-4f6317f64528",
        "schema:latitude": "48.866622",
        "schema:longitude": "2.094982",
        "@type": [
          "schema:GeoCoordinates"
        ]
      },
      "schema:openingHoursSpecification": [
        {
          "@id": "https://data.datatourisme.fr/f87e535a-636d-3343-ad63-8a03392e7511",
          "schema:validFrom": "2023-01-01T00:00:00",
          "schema:validThrough": "2023-12-31T23:59:59",
          "@type": [
            "schema:OpeningHoursSpecification"
          ]
        }
      ],
      "@type": [
        "schema:Place",
        "Place"
      ]
    }
  ],
  "isOwnedBy": [
    {
      "@id": "https://data.datatourisme.fr/73484530-94e0-3b9c-86da-e2ddfa7df7ed",
      "schema:email": [
        "emilie.prai@saintgermainenlaye.fr",
        "emilie.rochat@seine-saintgermain.fr",
        "melissa.moreau@saintgermainenlaye.fr"
      ],
      "schema:legalName": "Office de Tourisme Intercommunal de Saint Germain Boucles de Seine",
      "@type": [
        "schema:Organization",
        "foaf:Agent",
        "Agent"
      ],
      "foaf:homepage": [
        "http://www.reservation.seine-saintgermain.fr/"
      ]
    }
  ],
  "lastUpdate": "2020-07-01",
  "lastUpdateDatatourisme": "2023-02-01T18:07:35.774Z"
}