{"entities":{"pages":{"Travaux-de-ML":{"id":"Travaux-de-ML","title":"Travaux de ML","url":"travaux-de-ml.html","level":0,"tabIndex":0},"starter-topic":{"id":"starter-topic","title":"Bienvenue sur Itinéraires Parisiens","url":"starter-topic.html","level":0,"tabIndex":1},"Datatourisme-Ontology-Overview":{"id":"Datatourisme-Ontology-Overview","title":"Datatourisme Ontology Overview","url":"datatourisme-ontology-overview.html","level":0,"tabIndex":2},"Processing-des-données":{"id":"Processing-des-données","title":"Processing des données","url":"processing-des-donn-es.html","level":0,"tabIndex":3}}},"topLevelIds":["Travaux-de-ML","starter-topic","Datatourisme-Ontology-Overview","Processing-des-données"]}