{"entities":{"pages":{"starter-topic":{"id":"starter-topic","title":"Bienvenue sur Itinéraires Parisiens","url":"starter-topic.html","level":0,"tabIndex":0},"Datatourisme-Ontology-Overview":{"id":"Datatourisme-Ontology-Overview","title":"Datatourisme Ontology Overview","url":"datatourisme-ontology-overview.html","level":0,"tabIndex":1},"Processing-des-données":{"id":"Processing-des-données","title":"Processing des données","url":"processing-des-donn-es.html","level":0,"tabIndex":2},"Choice-of-Data":{"id":"Choice-of-Data","title":"Choix des données","url":"choice-of-data.html","level":0,"tabIndex":3},"Travaux-de-ML":{"id":"Travaux-de-ML","title":"Travaux de ML","url":"travaux-de-ml.html","level":0,"tabIndex":4}}},"topLevelIds":["starter-topic","Datatourisme-Ontology-Overview","Processing-des-données","Choice-of-Data","Travaux-de-ML"]}