{
  "@id": "https://data.datatourisme.fr/13/092180b7-b609-3219-8679-ae052f540645",
  "dc:identifier": "4965702",
  "@type": [
    "schema:FoodEstablishment",
    "FoodEstablishment",
    "PlaceOfInterest",
    "PointOfInterest"
  ],
  "rdfs:comment": {
    "de": [
      "Service vor Ort oder zum Mitnehmen, Lieferung möglich."
    ],
    "en": [
      "Service on site or to take away, delivery possible."
    ],
    "it": [
      "Servizio in loco o da asporto, possibilità di consegna."
    ],
    "fr": [
      "Service sur place ou à emporter, livraison possible."
    ],
    "nl": [
      "Ter plaatse of afhaalservice, bezorging mogelijk."
    ],
    "es": [
      "Servicio a domicilio o para llevar, posibilidad de entrega."
    ]
  },
  "rdfs:label": {
    "fr": [
      "Allô Pizza"
    ]
  },
  "hasBeenCreatedBy": {
    "@id": "https://data.datatourisme.fr/13/84f0f204-82cd-37e5-aaca-f7364a643d33",
    "dc:identifier": "1640",
    "schema:email": [
      "fabrizia.brun@ccmsl.com",
      "marie.striebel@ccmsl.com",
      "tourisme@ccmsl.com"
    ],
    "schema:legalName": "Communauté de Communes Moret Seine et Loing",
    "@type": [
      "schema:Organization",
      "foaf:Agent",
      "Agent"
    ],
    "foaf:homepage": [
      "http://www.ccmsl.fr/"
    ]
  },
  "hasBeenPublishedBy": [
    {
      "@id": "https://data.datatourisme.fr/1db24fc4-b534-39bf-bdaf-152c6f98730e",
      "schema:legalName": "Seine et Marne Attractivité - source : Apidae Tourisme",
      "@type": [
        "schema:Organization",
        "foaf:Agent",
        "Agent"
      ],
      "foaf:homepage": [
        "https://www.apidae-tourisme.com/"
      ]
    }
  ],
  "hasContact": [
    {
      "@id": "https://data.datatourisme.fr/a45ac512-beb3-301d-b8b3-2605c18f7c0e",
      "schema:telephone": [
        "+33 1 60 72 11 48"
      ],
      "@type": [
        "foaf:Agent",
        "Agent"
      ]
    }
  ],
  "hasDescription": [
    {
      "@id": "https://data.datatourisme.fr/d0c7c2bc-7e5d-3231-ab8d-62084e804a24",
      "@type": [
        "Description"
      ],
      "hasTranslatedProperty": [
        {
          "@id": "https://data.datatourisme.fr/3cc14996-91d7-3d38-92ee-3ce582bfb444",
          "dc:contributor": [
            "https://api.deepl.com/v2/translate"
          ],
          "rdf:language": [
            "en"
          ],
          "rdf:predicate": [
            "shortDescription"
          ]
        },
        {
          "@id": "https://data.datatourisme.fr/5c8c8d4b-b742-3f67-8294-20077829017a",
          "dc:contributor": [
            "https://api.deepl.com/v2/translate"
          ],
          "rdf:language": [
            "nl"
          ],
          "rdf:predicate": [
            "shortDescription"
          ]
        },
        {
          "@id": "https://data.datatourisme.fr/aa2d58ff-835b-31d8-a094-9a8039cd9c20",
          "dc:contributor": [
            "https://api.deepl.com/v2/translate"
          ],
          "rdf:language": [
            "it"
          ],
          "rdf:predicate": [
            "shortDescription"
          ]
        },
        {
          "@id": "https://data.datatourisme.fr/ab222721-b332-3a5b-9486-67ef09913ed0",
          "dc:contributor": [
            "https://api.deepl.com/v2/translate"
          ],
          "rdf:language": [
            "es"
          ],
          "rdf:predicate": [
            "shortDescription"
          ]
        },
        {
          "@id": "https://data.datatourisme.fr/e3495291-14fa-3628-9a38-def673aada54",
          "dc:contributor": [
            "https://api.deepl.com/v2/translate"
          ],
          "rdf:language": [
            "de"
          ],
          "rdf:predicate": [
            "shortDescription"
          ]
        }
      ],
      "shortDescription": {
        "de": [
          "Service vor Ort oder zum Mitnehmen, Lieferung möglich."
        ],
        "en": [
          "Service on site or to take away, delivery possible."
        ],
        "it": [
          "Servizio in loco o da asporto, possibilità di consegna."
        ],
        "fr": [
          "Service sur place ou à emporter, livraison possible."
        ],
        "nl": [
          "Ter plaatse of afhaalservice, bezorging mogelijk."
        ],
        "es": [
          "Servicio a domicilio o para llevar, posibilidad de entrega."
        ]
      }
    }
  ],
  "hasTranslatedProperty": [
    {
      "@id": "https://data.datatourisme.fr/3d354efd-d16b-3ed6-8f10-6a5b40e5c0f3",
      "dc:contributor": [
        "https://api.deepl.com/v2/translate"
      ],
      "rdf:language": [
        "nl"
      ],
      "rdf:predicate": [
        {
          "@id": "rdfs:comment"
        }
      ]
    },
    {
      "@id": "https://data.datatourisme.fr/424f0a6b-50a3-312c-9770-32b7b98d36bf",
      "dc:contributor": [
        "https://api.deepl.com/v2/translate"
      ],
      "rdf:language": [
        "de"
      ],
      "rdf:predicate": [
        {
          "@id": "rdfs:comment"
        }
      ]
    },
    {
      "@id": "https://data.datatourisme.fr/5d2f3f6e-9720-3284-970f-cd5f8c8618fd",
      "dc:contributor": [
        "https://api.deepl.com/v2/translate"
      ],
      "rdf:language": [
        "it"
      ],
      "rdf:predicate": [
        {
          "@id": "rdfs:comment"
        }
      ]
    },
    {
      "@id": "https://data.datatourisme.fr/91651a90-a0d8-34d8-ab68-937424df103d",
      "dc:contributor": [
        "https://api.deepl.com/v2/translate"
      ],
      "rdf:language": [
        "es"
      ],
      "rdf:predicate": [
        {
          "@id": "rdfs:comment"
        }
      ]
    },
    {
      "@id": "https://data.datatourisme.fr/b6fb9fc1-0448-3b0e-9d72-e29e3ddc2e40",
      "dc:contributor": [
        "https://api.deepl.com/v2/translate"
      ],
      "rdf:language": [
        "en"
      ],
      "rdf:predicate": [
        {
          "@id": "rdfs:comment"
        }
      ]
    }
  ],
  "isLocatedAt": [
    {
      "@id": "https://data.datatourisme.fr/fedee87f-1406-3735-ab56-af3c31d3f4ad",
      "schema:address": [
        {
          "@id": "https://data.datatourisme.fr/dcd92394-1503-3b17-aedc-0239621a3f9d",
          "schema:addressLocality": "Champagne-sur-Seine",
          "schema:postalCode": "77430",
          "schema:streetAddress": [
            "71 rue du Général de Gaulle"
          ],
          "@type": [
            "schema:PostalAddress",
            "PostalAddress"
          ],
          "hasAddressCity": {
            "@id": "kb:77079",
            "@type": [
              "City"
            ],
            "rdfs:label": {
              "de": [
                "Champagne-sur-Seine"
              ],
              "pt": [
                "Champagne-sur-Seine"
              ],
              "en": [
                "Champagne-sur-Seine"
              ],
              "it": [
                "Champagne-sur-Seine"
              ],
              "fr": [
                "Champagne-sur-Seine"
              ],
              "nl": [
                "Champagne-sur-Seine"
              ],
              "es": [
                "Champagne-sur-Seine"
              ]
            },
            "insee": "77079",
            "isPartOfDepartment": {
              "@id": "kb:France1177",
              "@type": [
                "Department"
              ],
              "rdfs:label": {
                "de": [
                  "Seine-et-Marne"
                ],
                "pt": [
                  "Seine-et-Marne"
                ],
                "en": [
                  "Seine-et-Marne"
                ],
                "it": [
                  "Seine-et-Marne"
                ],
                "fr": [
                  "Seine-et-Marne"
                ],
                "nl": [
                  "Seine-et-Marne"
                ],
                "es": [
                  "Seine-et-Marne"
                ]
              },
              "insee": "77",
              "isPartOfRegion": {
                "@id": "kb:France11",
                "@type": [
                  "Region"
                ],
                "rdfs:label": {
                  "de": [
                    "Île-de-France"
                  ],
                  "pt": [
                    "Île-de-France"
                  ],
                  "en": [
                    "Île-de-France"
                  ],
                  "it": [
                    "Île-de-France"
                  ],
                  "fr": [
                    "Île-de-France"
                  ],
                  "nl": [
                    "Île-de-France"
                  ],
                  "es": [
                    "Île-de-France"
                  ]
                },
                "insee": "11",
                "isPartOfCountry": {
                  "@id": "kb:France",
                  "@type": [
                    "schema:Country"
                  ],
                  "rdfs:label": {
                    "de": [
                      "France",
                      "Frankreich"
                    ],
                    "pt": [
                      "França",
                      "France"
                    ],
                    "en": [
                      "France"
                    ],
                    "it": [
                      "France",
                      "Francia"
                    ],
                    "fr": [
                      "France"
                    ],
                    "nl": [
                      "France",
                      "Frankrijk"
                    ],
                    "es": [
                      "France",
                      "Francia"
                    ]
                  }
                }
              }
            }
          }
        }
      ],
      "schema:geo": {
        "@id": "https://data.datatourisme.fr/c2434f8d-297a-39c6-924a-0ee19f41a348",
        "schema:latitude": "48.402236",
        "schema:longitude": "2.798709",
        "@type": [
          "schema:GeoCoordinates"
        ]
      },
      "schema:openingHoursSpecification": [
        {
          "@id": "https://data.datatourisme.fr/7c092b67-f841-3129-a5dc-40cfba5f3446",
          "schema:validFrom": "2023-01-01T00:00:00",
          "schema:validThrough": "2023-12-31T23:59:59",
          "@type": [
            "schema:OpeningHoursSpecification"
          ],
          "additionalInformation": {
            "de": [
              "7 Tage die Woche geöffnet, außer Sonntagmittag.\r\n11h - 14h30 / 18h - 23h"
            ],
            "en": [
              "Open 7 days a week except Sunday lunchtime.\r\n11h - 14h30 / 18h - 23h"
            ],
            "it": [
              "Aperto 7 giorni su 7, tranne la domenica a pranzo.\r\n11.00 - 14.30 / 18.00 - 23.00"
            ],
            "fr": [
              "Ouvert 7j/7 sauf le dimanche midi.\r\n11h – 14h30 / 18h – 23h"
            ],
            "nl": [
              "Open 7 dagen per week behalve zondagmiddag.\r\n11.00 - 14.30 uur / 18.00 - 23.00 uur"
            ],
            "es": [
              "Abierto los 7 días de la semana, excepto los domingos al mediodía.\r\n11:00 a 14:30 / 18:00 a 23:00"
            ]
          },
          "hasTranslatedProperty": [
            {
              "@id": "https://data.datatourisme.fr/7ca686fa-290e-3792-930f-b0f034ddb0f4",
              "dc:contributor": [
                "https://api.deepl.com/v2/translate"
              ],
              "rdf:language": [
                "en"
              ],
              "rdf:predicate": [
                "additionalInformation"
              ]
            },
            {
              "@id": "https://data.datatourisme.fr/87a5a698-7b96-3b19-b540-09e1a9ed100a",
              "dc:contributor": [
                "https://api.deepl.com/v2/translate"
              ],
              "rdf:language": [
                "es"
              ],
              "rdf:predicate": [
                "additionalInformation"
              ]
            },
            {
              "@id": "https://data.datatourisme.fr/8ce8c359-e6bd-3281-a875-60934e7b54a6",
              "dc:contributor": [
                "https://api.deepl.com/v2/translate"
              ],
              "rdf:language": [
                "it"
              ],
              "rdf:predicate": [
                "additionalInformation"
              ]
            },
            {
              "@id": "https://data.datatourisme.fr/bd6a036b-4b59-3f1b-895e-1370f09acaa5",
              "dc:contributor": [
                "https://api.deepl.com/v2/translate"
              ],
              "rdf:language": [
                "nl"
              ],
              "rdf:predicate": [
                "additionalInformation"
              ]
            },
            {
              "@id": "https://data.datatourisme.fr/e9306b91-1a4c-370e-a272-668883a333e2",
              "dc:contributor": [
                "https://api.deepl.com/v2/translate"
              ],
              "rdf:language": [
                "de"
              ],
              "rdf:predicate": [
                "additionalInformation"
              ]
            }
          ]
        }
      ],
      "@type": [
        "schema:Place",
        "Place"
      ]
    }
  ],
  "isOwnedBy": [
    {
      "@id": "https://data.datatourisme.fr/6d26ae2c-7de7-397c-b135-928637ab3b5f",
      "schema:email": [
        "fabrizia.brun@ccmsl.com",
        "marie.striebel@ccmsl.com"
      ],
      "schema:legalName": "Communauté de Communes Moret Seine et Loing",
      "@type": [
        "schema:Organization",
        "foaf:Agent",
        "Agent"
      ],
      "foaf:homepage": [
        "http://www.ccmsl.fr/"
      ]
    }
  ],
  "lastUpdate": "2020-06-22",
  "lastUpdateDatatourisme": "2023-02-01T18:07:36.093Z",
  "offers": [
    {
      "@id": "https://data.datatourisme.fr/c6786ccb-17c9-3e2e-9dbb-6e8e82a9e495",
      "schema:priceSpecification": [
        {
          "@id": "https://data.datatourisme.fr/199a4e22-79f3-3854-a725-223bbed94138",
          "schema:minPrice": [
            "5"
          ],
          "schema:priceCurrency": "EUR",
          "@type": [
            "schema:PriceSpecification",
            "PriceSpecification"
          ],
          "appliesOnPeriod": [
            {
              "@id": "https://data.datatourisme.fr/e5444e0b-2b18-3f6c-8179-07d575b0c651",
              "@type": [
                "Period"
              ],
              "endDate": "2019-12-31",
              "startDate": "2019-01-01"
            }
          ]
        }
      ],
      "@type": [
        "schema:Offer",
        "Offer"
      ]
    }
  ]
}