{
  "@id": "https://data.datatourisme.fr/13/09aa1007-11ec-3221-980d-826eeba4d95b",
  "dc:identifier": "6033009",
  "@type": [
    "schema:Accommodation",
    "schema:Hotel",
    "schema:LodgingBusiness",
    "Accommodation",
    "Hotel",
    "HotelTrade",
    "PlaceOfInterest",
    "PointOfInterest"
  ],
  "rdfs:comment": {
    "de": [
      "Ein urbaner Kokon am Schnittpunkt der Kulturen: kosmopolitisch und farbenfroh."
    ],
    "en": [
      "Urban cocoon at the crossroads of cultures: both cosmopolitan and colorful."
    ],
    "it": [
      "Un bozzolo urbano all'incrocio di culture: cosmopolita e colorato."
    ],
    "fr": [
      "Cocon urbain au carrefour des cultures: à la fois cosmopolite et haut en couleurs."
    ],
    "es": [
      "Un capullo urbano en la encrucijada de culturas: tan cosmopolita como colorido."
    ],
    "nl": [
      "Een stedelijke cocon op het kruispunt van culturen: zowel kosmopolitisch als kleurrijk."
    ]
  },
  "rdfs:label": {
    "fr": [
      "25hours Terminus Nord"
    ]
  },
  "hasBeenCreatedBy": {
    "@id": "https://data.datatourisme.fr/13/03e0704b-5690-32de-a186-1dc3ad3316c9",
    "dc:identifier": "1019",
    "schema:email": [
      "bgeigle@visitparisregion.com",
      "hcaldo@visitparisregion.com",
      "mtanaskovic@visitparisregion.com"
    ],
    "schema:legalName": "Comité Régional du Tourisme Paris Ile de France",
    "@type": [
      "schema:Organization",
      "foaf:Agent",
      "Agent"
    ],
    "foaf:homepage": [
      "http://www.visitparisregion.com/"
    ]
  },
  "hasBeenPublishedBy": [
    {
      "@id": "https://data.datatourisme.fr/8a9feb4b-2cbd-3d2c-b507-bd6c6776b23b",
      "schema:legalName": "Apidae Tourisme Scic SA - source : Apidae Tourisme",
      "@type": [
        "schema:Organization",
        "foaf:Agent",
        "Agent"
      ],
      "foaf:homepage": [
        "https://www.apidae-tourisme.com/"
      ]
    }
  ],
  "hasContact": [
    {
      "@id": "https://data.datatourisme.fr/e080b782-a673-3df8-807d-d98427e8ed9f",
      "schema:email": [
        "terminusnord@25hours-hotels.com"
      ],
      "schema:telephone": [
        "+33 1 42 80 20 00"
      ],
      "@type": [
        "foaf:Agent",
        "Agent"
      ],
      "foaf:homepage": [
        "https://www.25hours-hotels.com/fr/hotels/paris/terminus-nord"
      ]
    }
  ],
  "hasDescription": [
    {
      "@id": "https://data.datatourisme.fr/444a3b13-ded1-3c28-969e-65cc7899c790",
      "@type": [
        "Description"
      ],
      "hasTranslatedProperty": [
        {
          "@id": "https://data.datatourisme.fr/162c2e10-561b-3440-b88b-ad20680d045b",
          "dc:contributor": [
            "https://api.deepl.com/v2/translate"
          ],
          "rdf:language": [
            "es"
          ],
          "rdf:predicate": [
            "shortDescription"
          ]
        },
        {
          "@id": "https://data.datatourisme.fr/8a1dc8b2-e89a-366c-a219-44a01aa0d464",
          "dc:contributor": [
            "https://api.deepl.com/v2/translate"
          ],
          "rdf:language": [
            "nl"
          ],
          "rdf:predicate": [
            "shortDescription"
          ]
        },
        {
          "@id": "https://data.datatourisme.fr/8e8d3e46-b9f0-336e-8e97-a459674a97c6",
          "dc:contributor": [
            "https://api.deepl.com/v2/translate"
          ],
          "rdf:language": [
            "de"
          ],
          "rdf:predicate": [
            "shortDescription"
          ]
        },
        {
          "@id": "https://data.datatourisme.fr/93584a18-1ab3-35fe-ab63-7efbabd2b2e3",
          "dc:contributor": [
            "https://api.deepl.com/v2/translate"
          ],
          "rdf:language": [
            "it"
          ],
          "rdf:predicate": [
            "shortDescription"
          ]
        },
        {
          "@id": "https://data.datatourisme.fr/b9504b90-a490-30e7-a5f0-2d930a469f3a",
          "dc:contributor": [
            "https://api.deepl.com/v2/translate"
          ],
          "rdf:language": [
            "en"
          ],
          "rdf:predicate": [
            "shortDescription"
          ]
        }
      ],
      "shortDescription": {
        "de": [
          "Ein urbaner Kokon am Schnittpunkt der Kulturen: kosmopolitisch und farbenfroh."
        ],
        "en": [
          "Urban cocoon at the crossroads of cultures: both cosmopolitan and colorful."
        ],
        "it": [
          "Un bozzolo urbano all'incrocio di culture: cosmopolita e colorato."
        ],
        "fr": [
          "Cocon urbain au carrefour des cultures: à la fois cosmopolite et haut en couleurs."
        ],
        "es": [
          "Un capullo urbano en la encrucijada de culturas: tan cosmopolita como colorido."
        ],
        "nl": [
          "Een stedelijke cocon op het kruispunt van culturen: zowel kosmopolitisch als kleurrijk."
        ]
      }
    }
  ],
  "hasTranslatedProperty": [
    {
      "@id": "https://data.datatourisme.fr/0b61f942-8e09-37c8-acdf-8ad471b7cd88",
      "dc:contributor": [
        "https://api.deepl.com/v2/translate"
      ],
      "rdf:language": [
        "es"
      ],
      "rdf:predicate": [
        {
          "@id": "rdfs:comment"
        }
      ]
    },
    {
      "@id": "https://data.datatourisme.fr/6e286661-d7fd-3e80-9a6f-960a68e53ad7",
      "dc:contributor": [
        "https://api.deepl.com/v2/translate"
      ],
      "rdf:language": [
        "nl"
      ],
      "rdf:predicate": [
        {
          "@id": "rdfs:comment"
        }
      ]
    },
    {
      "@id": "https://data.datatourisme.fr/9556c41a-edac-3c24-9ecc-87a8d8b59958",
      "dc:contributor": [
        "https://api.deepl.com/v2/translate"
      ],
      "rdf:language": [
        "de"
      ],
      "rdf:predicate": [
        {
          "@id": "rdfs:comment"
        }
      ]
    },
    {
      "@id": "https://data.datatourisme.fr/b493ed13-4473-3fb3-a3bd-0fa740016f3b",
      "dc:contributor": [
        "https://api.deepl.com/v2/translate"
      ],
      "rdf:language": [
        "it"
      ],
      "rdf:predicate": [
        {
          "@id": "rdfs:comment"
        }
      ]
    },
    {
      "@id": "https://data.datatourisme.fr/e44194ef-a072-3503-b321-a147f8225a2c",
      "dc:contributor": [
        "https://api.deepl.com/v2/translate"
      ],
      "rdf:language": [
        "en"
      ],
      "rdf:predicate": [
        {
          "@id": "rdfs:comment"
        }
      ]
    }
  ],
  "isLocatedAt": [
    {
      "@id": "https://data.datatourisme.fr/1eb069a3-6e65-3d5a-b96c-cffa16b762e7",
      "schema:address": [
        {
          "@id": "https://data.datatourisme.fr/5437f163-4c6b-344f-a08f-df623195eab4",
          "schema:addressLocality": "Paris",
          "schema:postalCode": "75010",
          "@type": [
            "schema:PostalAddress",
            "PostalAddress"
          ],
          "hasAddressCity": {
            "@id": "kb:75056",
            "@type": [
              "City"
            ],
            "rdfs:label": {
              "de": [
                "Paris"
              ],
              "pt": [
                "Paris"
              ],
              "en": [
                "Paris"
              ],
              "it": [
                "Paris"
              ],
              "fr": [
                "Paris"
              ],
              "nl": [
                "Paris"
              ],
              "es": [
                "Paris"
              ]
            },
            "insee": "75056",
            "isPartOfDepartment": {
              "@id": "kb:France1175",
              "@type": [
                "Department"
              ],
              "rdfs:label": {
                "de": [
                  "Paris"
                ],
                "pt": [
                  "Paris"
                ],
                "en": [
                  "Paris"
                ],
                "it": [
                  "Paris"
                ],
                "fr": [
                  "Paris"
                ],
                "nl": [
                  "Paris"
                ],
                "es": [
                  "Paris"
                ]
              },
              "insee": "75",
              "isPartOfRegion": {
                "@id": "kb:France11",
                "@type": [
                  "Region"
                ],
                "rdfs:label": {
                  "de": [
                    "Île-de-France"
                  ],
                  "pt": [
                    "Île-de-France"
                  ],
                  "en": [
                    "Île-de-France"
                  ],
                  "it": [
                    "Île-de-France"
                  ],
                  "fr": [
                    "Île-de-France"
                  ],
                  "nl": [
                    "Île-de-France"
                  ],
                  "es": [
                    "Île-de-France"
                  ]
                },
                "insee": "11",
                "isPartOfCountry": {
                  "@id": "kb:France",
                  "@type": [
                    "schema:Country"
                  ],
                  "rdfs:label": {
                    "de": [
                      "France",
                      "Frankreich"
                    ],
                    "pt": [
                      "França",
                      "France"
                    ],
                    "en": [
                      "France"
                    ],
                    "it": [
                      "France",
                      "Francia"
                    ],
                    "fr": [
                      "France"
                    ],
                    "nl": [
                      "France",
                      "Frankrijk"
                    ],
                    "es": [
                      "France",
                      "Francia"
                    ]
                  }
                }
              }
            }
          }
        }
      ],
      "schema:geo": {
        "@id": "https://data.datatourisme.fr/2b054167-df57-3857-8487-42cb1f457cca",
        "schema:latitude": "48.878562",
        "schema:longitude": "2.360369",
        "@type": [
          "schema:GeoCoordinates"
        ]
      },
      "schema:openingHoursSpecification": [
        {
          "@id": "https://data.datatourisme.fr/f90188fb-f93f-390d-b2a2-3e6c54b7df2a",
          "schema:validFrom": "2023-01-01T00:00:00",
          "schema:validThrough": "2023-12-31T23:59:59",
          "@type": [
            "schema:OpeningHoursSpecification"
          ],
          "additionalInformation": {
            "de": [
              "Check-in bis 15:00 Uhr\r\nCheck-out bis 12:00 Uhr"
            ],
            "en": [
              "Check-in from 15:00\r\nCheck-out until 12:00 am"
            ],
            "it": [
              "Check-in dalle 15:00\r\nCheck-out fino alle 12:00"
            ],
            "fr": [
              "Check-in à partir de 15h00\r\nCheck-out jusqu'à 12h00"
            ],
            "es": [
              "Registro de entrada a partir de las 15:00\r\nSalida hasta las 12:00"
            ],
            "nl": [
              "Check-in vanaf 15:00\r\nCheck-out tot 12:00"
            ]
          },
          "hasTranslatedProperty": [
            {
              "@id": "https://data.datatourisme.fr/12a74bb1-a637-3ee8-9e0d-fd3b38d7e66c",
              "dc:contributor": [
                "https://api.deepl.com/v2/translate"
              ],
              "rdf:language": [
                "nl"
              ],
              "rdf:predicate": [
                "additionalInformation"
              ]
            },
            {
              "@id": "https://data.datatourisme.fr/61db39b0-48da-3308-830d-8470bec47062",
              "dc:contributor": [
                "https://api.deepl.com/v2/translate"
              ],
              "rdf:language": [
                "de"
              ],
              "rdf:predicate": [
                "additionalInformation"
              ]
            },
            {
              "@id": "https://data.datatourisme.fr/6e5f17c1-9fb5-3139-8a0a-8f735e37f099",
              "dc:contributor": [
                "https://api.deepl.com/v2/translate"
              ],
              "rdf:language": [
                "es"
              ],
              "rdf:predicate": [
                "additionalInformation"
              ]
            },
            {
              "@id": "https://data.datatourisme.fr/9eb290fe-3028-3903-ac5e-e5050ce99dba",
              "dc:contributor": [
                "https://api.deepl.com/v2/translate"
              ],
              "rdf:language": [
                "en"
              ],
              "rdf:predicate": [
                "additionalInformation"
              ]
            },
            {
              "@id": "https://data.datatourisme.fr/f4f7c2b5-90cc-3edd-93c3-ceaf9d38af20",
              "dc:contributor": [
                "https://api.deepl.com/v2/translate"
              ],
              "rdf:language": [
                "it"
              ],
              "rdf:predicate": [
                "additionalInformation"
              ]
            }
          ]
        }
      ],
      "@type": [
        "schema:Place",
        "Place"
      ]
    }
  ],
  "isOwnedBy": [
    {
      "@id": "https://data.datatourisme.fr/26ecd6f0-563c-356a-b0f9-ad3ec17effc4",
      "schema:email": [
        "bgeigle@visitparisregion.com",
        "hcaldo@visitparisregion.com",
        "mtanaskovic@visitparisregion.com"
      ],
      "schema:legalName": "Comité Régional du Tourisme Paris Ile de France",
      "@type": [
        "schema:Organization",
        "foaf:Agent",
        "Agent"
      ],
      "foaf:homepage": [
        "http://www.visitparisregion.com/"
      ]
    }
  ],
  "lastUpdate": "2022-09-29",
  "lastUpdateDatatourisme": "2023-05-30T05:49:20.362Z"
}