{
  "@id": "https://data.datatourisme.fr/13/09b27fd9-7b9f-346b-acd6-fab615c3449e",
  "dc:identifier": "5417181",
  "@type": [
    "CulturalSite",
    "PlaceOfInterest",
    "PointOfInterest"
  ],
  "rdfs:comment": {
    "de": [
      "Besuchen Sie das Haus, das auch dem Maler Luigi Castiglioni als Atelier diente und in dem seine verschiedenen Fresken und Gemälde ausgestellt sind."
    ],
    "en": [
      "Visit to the house that was also the studio of the painter Luigi Castiglioni, where his various frescoes and paintings are exhibited."
    ],
    "it": [
      "Visita alla casa che fu anche lo studio del pittore Luigi Castiglioni, dove sono esposti vari affreschi e dipinti."
    ],
    "fr": [
      "Visite de la maison ayant aussi servi d'atelier au peintre Luigi Castiglioni où sont exposées ses différentes fresques et peintures."
    ],
    "es": [
      "Visita a la casa que también sirvió de estudio del pintor Luigi Castiglioni donde se exponen sus diversos frescos y pinturas."
    ],
    "nl": [
      "Bezoek aan het huis dat ook diende als atelier van de schilder Luigi Castiglioni waar zijn verschillende fresco's en schilderijen worden tentoongesteld."
    ]
  },
  "rdfs:label": {
    "fr": [
      "Maison-atelier de Luigi Castiglioni"
    ]
  },
  "hasBeenCreatedBy": {
    "@id": "https://data.datatourisme.fr/13/d72fbbcc-d9fe-34c3-a14f-85d225a046f4",
    "dc:identifier": "1592",
    "schema:email": [
      "commercial@tourisme-maisonslaffitte.fr",
      "communication@tourisme-maisonslaffitte.fr",
      "contact@tourisme-maisonslaffitte.fr",
      "groupes@tourisme-maisonslaffitte.fr"
    ],
    "schema:legalName": "Office de Tourisme de Maisons-Laffitte",
    "@type": [
      "schema:Organization",
      "foaf:Agent",
      "Agent"
    ],
    "foaf:homepage": [
      "http://www.tourisme-maisonslaffitte.fr/"
    ]
  },
  "hasBeenPublishedBy": [
    {
      "@id": "https://data.datatourisme.fr/8a9feb4b-2cbd-3d2c-b507-bd6c6776b23b",
      "schema:legalName": "Apidae Tourisme Scic SA - source : Apidae Tourisme",
      "@type": [
        "schema:Organization",
        "foaf:Agent",
        "Agent"
      ],
      "foaf:homepage": [
        "https://www.apidae-tourisme.com/"
      ]
    }
  ],
  "hasContact": [
    {
      "@id": "https://data.datatourisme.fr/af5bcb7c-ebda-3a04-8f3f-756e9c413dc6",
      "schema:email": [
        "luigi.castiglioni@wanadoo.fr"
      ],
      "schema:telephone": [
        "+33 1 39 62 23 58"
      ],
      "@type": [
        "foaf:Agent",
        "Agent"
      ],
      "foaf:homepage": [
        "http://www.luigicastiglioni.com/"
      ]
    }
  ],
  "hasDescription": [
    {
      "@id": "https://data.datatourisme.fr/26dab85c-9235-315c-910b-2c5c7888e9d8",
      "@type": [
        "Description"
      ],
      "hasTranslatedProperty": [
        {
          "@id": "https://data.datatourisme.fr/8474327b-a6c9-33f0-be21-7a5cf794e73c",
          "dc:contributor": [
            "https://api.deepl.com/v2/translate"
          ],
          "rdf:language": [
            "es"
          ],
          "rdf:predicate": [
            "shortDescription"
          ]
        },
        {
          "@id": "https://data.datatourisme.fr/9a23ff7c-2116-3c85-86a0-f08471fd8c4f",
          "dc:contributor": [
            "https://api.deepl.com/v2/translate"
          ],
          "rdf:language": [
            "de"
          ],
          "rdf:predicate": [
            "shortDescription"
          ]
        },
        {
          "@id": "https://data.datatourisme.fr/d38da005-2609-33a0-8675-e4b8445055d6",
          "dc:contributor": [
            "https://api.deepl.com/v2/translate"
          ],
          "rdf:language": [
            "nl"
          ],
          "rdf:predicate": [
            "shortDescription"
          ]
        },
        {
          "@id": "https://data.datatourisme.fr/dcd28deb-81dd-3153-b62a-eae7eefea33d",
          "dc:contributor": [
            "https://api.deepl.com/v2/translate"
          ],
          "rdf:language": [
            "en"
          ],
          "rdf:predicate": [
            "shortDescription"
          ]
        },
        {
          "@id": "https://data.datatourisme.fr/e89aafe0-094b-3326-a387-003d822fe978",
          "dc:contributor": [
            "https://api.deepl.com/v2/translate"
          ],
          "rdf:language": [
            "it"
          ],
          "rdf:predicate": [
            "shortDescription"
          ]
        }
      ],
      "shortDescription": {
        "de": [
          "Besuchen Sie das Haus, das auch dem Maler Luigi Castiglioni als Atelier diente und in dem seine verschiedenen Fresken und Gemälde ausgestellt sind."
        ],
        "en": [
          "Visit to the house that was also the studio of the painter Luigi Castiglioni, where his various frescoes and paintings are exhibited."
        ],
        "it": [
          "Visita alla casa che fu anche lo studio del pittore Luigi Castiglioni, dove sono esposti vari affreschi e dipinti."
        ],
        "fr": [
          "Visite de la maison ayant aussi servi d'atelier au peintre Luigi Castiglioni où sont exposées ses différentes fresques et peintures."
        ],
        "es": [
          "Visita a la casa que también sirvió de estudio del pintor Luigi Castiglioni donde se exponen sus diversos frescos y pinturas."
        ],
        "nl": [
          "Bezoek aan het huis dat ook diende als atelier van de schilder Luigi Castiglioni waar zijn verschillende fresco's en schilderijen worden tentoongesteld."
        ]
      }
    }
  ],
  "hasTheme": [
    {
      "@id": "kb:Culture",
      "@type": [
        "CulturalTheme"
      ],
      "rdfs:label": {
        "de": [
          "Kultur"
        ],
        "pt": [
          "Cultura"
        ],
        "en": [
          "Culture"
        ],
        "it": [
          "Cultura"
        ],
        "fr": [
          "Culture"
        ],
        "nl": [
          "Cultuur"
        ],
        "es": [
          "Cultura"
        ]
      }
    }
  ],
  "hasTranslatedProperty": [
    {
      "@id": "https://data.datatourisme.fr/0b849211-cf51-3241-93bb-4fbe511045e9",
      "dc:contributor": [
        "https://api.deepl.com/v2/translate"
      ],
      "rdf:language": [
        "de"
      ],
      "rdf:predicate": [
        {
          "@id": "rdfs:comment"
        }
      ]
    },
    {
      "@id": "https://data.datatourisme.fr/235e65bf-a60e-3629-bd97-138ebc88f408",
      "dc:contributor": [
        "https://api.deepl.com/v2/translate"
      ],
      "rdf:language": [
        "en"
      ],
      "rdf:predicate": [
        {
          "@id": "rdfs:comment"
        }
      ]
    },
    {
      "@id": "https://data.datatourisme.fr/b5f996f9-0731-3088-a970-97f149193601",
      "dc:contributor": [
        "https://api.deepl.com/v2/translate"
      ],
      "rdf:language": [
        "nl"
      ],
      "rdf:predicate": [
        {
          "@id": "rdfs:comment"
        }
      ]
    },
    {
      "@id": "https://data.datatourisme.fr/c43cb94c-ce35-372f-a986-019bc4238c67",
      "dc:contributor": [
        "https://api.deepl.com/v2/translate"
      ],
      "rdf:language": [
        "es"
      ],
      "rdf:predicate": [
        {
          "@id": "rdfs:comment"
        }
      ]
    },
    {
      "@id": "https://data.datatourisme.fr/cdf1243d-a7d5-3903-9ced-eb52917b8753",
      "dc:contributor": [
        "https://api.deepl.com/v2/translate"
      ],
      "rdf:language": [
        "it"
      ],
      "rdf:predicate": [
        {
          "@id": "rdfs:comment"
        }
      ]
    }
  ],
  "isLocatedAt": [
    {
      "@id": "https://data.datatourisme.fr/98873e11-4a0e-3d09-b6ce-286799c18b36",
      "schema:address": [
        {
          "@id": "https://data.datatourisme.fr/b68a8ca6-573a-3ab4-a456-e193c6faedcc",
          "schema:addressLocality": "Maisons-Laffitte",
          "schema:postalCode": "78600",
          "schema:streetAddress": [
            "40 rue Puebla"
          ],
          "@type": [
            "schema:PostalAddress",
            "PostalAddress"
          ],
          "hasAddressCity": {
            "@id": "kb:78358",
            "@type": [
              "City"
            ],
            "rdfs:label": {
              "de": [
                "Maisons-Laffitte"
              ],
              "pt": [
                "Maisons-Laffitte"
              ],
              "en": [
                "Maisons-Laffitte"
              ],
              "it": [
                "Maisons-Laffitte"
              ],
              "fr": [
                "Maisons-Laffitte"
              ],
              "nl": [
                "Maisons-Laffitte"
              ],
              "es": [
                "Maisons-Laffitte"
              ]
            },
            "insee": "78358",
            "isPartOfDepartment": {
              "@id": "kb:France1178",
              "@type": [
                "Department"
              ],
              "rdfs:label": {
                "de": [
                  "Yvelines"
                ],
                "pt": [
                  "Yvelines"
                ],
                "en": [
                  "Yvelines"
                ],
                "it": [
                  "Yvelines"
                ],
                "fr": [
                  "Yvelines"
                ],
                "nl": [
                  "Yvelines"
                ],
                "es": [
                  "Yvelines"
                ]
              },
              "insee": "78",
              "isPartOfRegion": {
                "@id": "kb:France11",
                "@type": [
                  "Region"
                ],
                "rdfs:label": {
                  "de": [
                    "Île-de-France"
                  ],
                  "pt": [
                    "Île-de-France"
                  ],
                  "en": [
                    "Île-de-France"
                  ],
                  "it": [
                    "Île-de-France"
                  ],
                  "fr": [
                    "Île-de-France"
                  ],
                  "nl": [
                    "Île-de-France"
                  ],
                  "es": [
                    "Île-de-France"
                  ]
                },
                "insee": "11",
                "isPartOfCountry": {
                  "@id": "kb:France",
                  "@type": [
                    "schema:Country"
                  ],
                  "rdfs:label": {
                    "de": [
                      "France",
                      "Frankreich"
                    ],
                    "pt": [
                      "França",
                      "France"
                    ],
                    "en": [
                      "France"
                    ],
                    "it": [
                      "France",
                      "Francia"
                    ],
                    "fr": [
                      "France"
                    ],
                    "nl": [
                      "France",
                      "Frankrijk"
                    ],
                    "es": [
                      "France",
                      "Francia"
                    ]
                  }
                }
              }
            }
          }
        }
      ],
      "schema:geo": {
        "@id": "https://data.datatourisme.fr/7e8724d1-1d48-3140-bd4d-9444b7652c55",
        "schema:latitude": "48.94637",
        "schema:longitude": "2.139567",
        "@type": [
          "schema:GeoCoordinates"
        ]
      },
      "schema:openingHoursSpecification": [
        {
          "@id": "https://data.datatourisme.fr/395ede87-244a-32e1-ae6d-e73125986d03",
          "schema:validFrom": "2023-01-01T00:00:00",
          "schema:validThrough": "2023-12-31T23:59:59",
          "@type": [
            "schema:OpeningHoursSpecification"
          ],
          "additionalInformation": {
            "de": [
              "Nicht besuchbar, sichtbar von der Straße und bei Führungen durch den Park."
            ],
            "en": [
              "Non-visitable, visible from the street and during guided tours of the park."
            ],
            "it": [
              "Non visitabile, visibile dalla strada e durante le visite guidate del parco."
            ],
            "fr": [
              "Non visitable, visible depuis la rue et lors des visites guidées du parc."
            ],
            "es": [
              "No visitable, visible desde la calle y durante las visitas guiadas al parque."
            ],
            "nl": [
              "Niet te bezoeken, zichtbaar vanaf de straat en tijdens rondleidingen door het park."
            ]
          },
          "hasTranslatedProperty": [
            {
              "@id": "https://data.datatourisme.fr/28690bfa-1eab-3e9d-8d43-fb225607c234",
              "dc:contributor": [
                "https://api.deepl.com/v2/translate"
              ],
              "rdf:language": [
                "de"
              ],
              "rdf:predicate": [
                "additionalInformation"
              ]
            },
            {
              "@id": "https://data.datatourisme.fr/40362570-77e1-3685-bbd4-997e6a29867b",
              "dc:contributor": [
                "https://api.deepl.com/v2/translate"
              ],
              "rdf:language": [
                "it"
              ],
              "rdf:predicate": [
                "additionalInformation"
              ]
            },
            {
              "@id": "https://data.datatourisme.fr/6669e2f5-7cf0-315c-b198-326cd5f3a0af",
              "dc:contributor": [
                "https://api.deepl.com/v2/translate"
              ],
              "rdf:language": [
                "es"
              ],
              "rdf:predicate": [
                "additionalInformation"
              ]
            },
            {
              "@id": "https://data.datatourisme.fr/6961b68a-fcda-3b47-a627-6c98ec71b8f6",
              "dc:contributor": [
                "https://api.deepl.com/v2/translate"
              ],
              "rdf:language": [
                "en"
              ],
              "rdf:predicate": [
                "additionalInformation"
              ]
            },
            {
              "@id": "https://data.datatourisme.fr/ab3eb9f8-151e-35a2-9e96-338ad3bde043",
              "dc:contributor": [
                "https://api.deepl.com/v2/translate"
              ],
              "rdf:language": [
                "nl"
              ],
              "rdf:predicate": [
                "additionalInformation"
              ]
            }
          ]
        }
      ],
      "@type": [
        "schema:Place",
        "Place"
      ]
    }
  ],
  "isOwnedBy": [
    {
      "@id": "https://data.datatourisme.fr/78d7093d-a9e3-379e-ac44-b41b246b1202",
      "schema:email": [
        "commercial@tourisme-maisonslaffitte.fr",
        "communication@tourisme-maisonslaffitte.fr",
        "contact@tourisme-maisonslaffitte.fr",
        "groupes@tourisme-maisonslaffitte.fr"
      ],
      "schema:legalName": "Office de Tourisme de Maisons-Laffitte",
      "@type": [
        "schema:Organization",
        "foaf:Agent",
        "Agent"
      ],
      "foaf:homepage": [
        "http://www.tourisme-maisonslaffitte.fr/"
      ]
    }
  ],
  "lastUpdate": "2020-06-05",
  "lastUpdateDatatourisme": "2023-02-22T06:42:37.899Z",
  "offers": [
    {
      "@id": "https://data.datatourisme.fr/66124fa1-7057-3538-9495-211893b80f7a",
      "schema:priceSpecification": [
        {
          "@id": "https://data.datatourisme.fr/536d5b76-cdb2-3362-8ee1-f8ec17a79772",
          "schema:maxPrice": [
            "5"
          ],
          "schema:minPrice": [
            "5"
          ],
          "schema:priceCurrency": "EUR",
          "@type": [
            "schema:PriceSpecification",
            "PriceSpecification"
          ],
          "appliesOnPeriod": [
            {
              "@id": "https://data.datatourisme.fr/5714d2b4-e37d-3b81-a7fb-3e46a0efbefb",
              "@type": [
                "Period"
              ],
              "endDate": "2020-12-31",
              "startDate": "2020-01-01"
            }
          ]
        }
      ],
      "@type": [
        "schema:Offer",
        "Offer"
      ]
    }
  ]
}