{
  "@id": "https://data.datatourisme.fr/13/093d1d98-ff5d-3c6a-aa89-2419c3249642",
  "dc:identifier": "4805570",
  "@type": [
    "PlaceOfInterest",
    "PointOfInterest",
    "SportsAndLeisurePlace"
  ],
  "rdfs:comment": {
    "de": [
      "Die Musikschule \"Conservatoire Georges Bizet\" ist ein städtischer Kulturvermittlungsservice der Stadt Ville du Vésinet, sie fördert das musikalische, tänzerische und theatrale Interesse der Kinder."
    ],
    "en": [
      "The Conservatoire Municipal Georges Bizet is a public service in artistic education, run by Le Vésinet town council, which aims to introduce young children to music, dance and theatre."
    ],
    "it": [
      "Il Conservatorio Municipale Georges Bizet è un servizio pubblico di educazione artistica della città di Le Vésinet, che incoraggia il risveglio dei bambini alla musica, alla danza o al teatro."
    ],
    "fr": [
      "Le Conservatoire Municipal Georges Bizet est un service public d’enseignement artistique de la Ville du Vésinet, il favorise l’éveil des enfants à la musique, à la danse ou au théâtre."
    ],
    "nl": [
      "Het gemeente-conservatorium Georges Bizet is een publieke artistieke onderwijsinstelling in de stad Le Vésinet, die de ontwikkeling van kinderen voor muziek, dans en theater bevordert."
    ],
    "es": [
      "El Conservatorio Municipal Georges Bizet es un servicio público de educación artística situado en la ciudad de Le Vésinet, que promueve la estimulación en torno a la música, la danza o el teatro para niños."
    ]
  },
  "rdfs:label": {
    "de": [
      "Musikschule \"Conservatoire Georges Bizet\""
    ],
    "en": [
      "Conservatoire Georges Bizet"
    ],
    "fr": [
      "Conservatoire Georges Bizet"
    ],
    "nl": [
      "Conservatorium Georges Bizet"
    ],
    "es": [
      "Conservatorio Georges Bizet"
    ]
  },
  "hasBeenCreatedBy": {
    "@id": "https://data.datatourisme.fr/13/1baff70e-2669-3837-a347-efd3a874a341",
    "dc:identifier": "1489",
    "schema:email": [
      "emilie.prai@saintgermainenlaye.fr",
      "emilie.rochat@seine-saintgermain.fr",
      "melissa.moreau@saintgermainenlaye.fr"
    ],
    "schema:legalName": "Office de Tourisme Intercommunal de Saint Germain Boucles de Seine",
    "@type": [
      "schema:Organization",
      "foaf:Agent",
      "Agent"
    ],
    "foaf:homepage": [
      "http://www.reservation.seine-saintgermain.fr/"
    ]
  },
  "hasBeenPublishedBy": [
    {
      "@id": "https://data.datatourisme.fr/8a9feb4b-2cbd-3d2c-b507-bd6c6776b23b",
      "schema:legalName": "Apidae Tourisme Scic SA - source : Apidae Tourisme",
      "@type": [
        "schema:Organization",
        "foaf:Agent",
        "Agent"
      ],
      "foaf:homepage": [
        "https://www.apidae-tourisme.com/"
      ]
    }
  ],
  "hasContact": [
    {
      "@id": "https://data.datatourisme.fr/ca3224cc-c3d6-32b7-b244-82eb35c351b8",
      "schema:email": [
        "conservatoire@levesinet.fr"
      ],
      "schema:telephone": [
        "+33 1 39 76 67 32"
      ],
      "@type": [
        "foaf:Agent",
        "Agent"
      ]
    }
  ],
  "hasDescription": [
    {
      "@id": "https://data.datatourisme.fr/2a240835-09e9-3c63-bb3e-6bc99d236e3e",
      "@type": [
        "Description"
      ],
      "hasTranslatedProperty": [
        {
          "@id": "https://data.datatourisme.fr/2e5cf1c9-6516-3846-aba3-38478f6a36cf",
          "dc:contributor": [
            "https://api.deepl.com/v2/translate"
          ],
          "rdf:language": [
            "it"
          ],
          "rdf:predicate": [
            "shortDescription"
          ]
        }
      ],
      "shortDescription": {
        "de": [
          "Die Musikschule \"Conservatoire Georges Bizet\" ist ein städtischer Kulturvermittlungsservice der Stadt Ville du Vésinet, sie fördert das musikalische, tänzerische und theatrale Interesse der Kinder."
        ],
        "en": [
          "The Conservatoire Municipal Georges Bizet is a public service in artistic education, run by Le Vésinet town council, which aims to introduce young children to music, dance and theatre."
        ],
        "it": [
          "Il Conservatorio Municipale Georges Bizet è un servizio pubblico di educazione artistica della città di Le Vésinet, che incoraggia il risveglio dei bambini alla musica, alla danza o al teatro."
        ],
        "fr": [
          "Le Conservatoire Municipal Georges Bizet est un service public d’enseignement artistique de la Ville du Vésinet, il favorise l’éveil des enfants à la musique, à la danse ou au théâtre."
        ],
        "nl": [
          "Het gemeente-conservatorium Georges Bizet is een publieke artistieke onderwijsinstelling in de stad Le Vésinet, die de ontwikkeling van kinderen voor muziek, dans en theater bevordert."
        ],
        "es": [
          "El Conservatorio Municipal Georges Bizet es un servicio público de educación artística situado en la ciudad de Le Vésinet, que promueve la estimulación en torno a la música, la danza o el teatro para niños."
        ]
      }
    }
  ],
  "hasTheme": [
    {
      "@id": "kb:Dance",
      "@type": [
        "CulturalTheme",
        "SportsTheme"
      ],
      "rdfs:label": {
        "de": [
          "Tanz"
        ],
        "pt": [
          "Dança"
        ],
        "en": [
          "Dance"
        ],
        "it": [
          "Danza"
        ],
        "fr": [
          "Danse"
        ],
        "es": [
          "Danza"
        ],
        "nl": [
          "Dansen"
        ]
      }
    }
  ],
  "hasTranslatedProperty": [
    {
      "@id": "https://data.datatourisme.fr/b6c55bc9-d779-306c-9a42-18e5aedba522",
      "dc:contributor": [
        "https://api.deepl.com/v2/translate"
      ],
      "rdf:language": [
        "it"
      ],
      "rdf:predicate": [
        {
          "@id": "rdfs:comment"
        }
      ]
    }
  ],
  "isLocatedAt": [
    {
      "@id": "https://data.datatourisme.fr/c6b0ce72-2918-39a5-9d56-5a64ffa2cc63",
      "schema:address": [
        {
          "@id": "https://data.datatourisme.fr/0c46530c-ce61-3033-8485-87ac8bfaf88e",
          "schema:addressLocality": "Le Vésinet",
          "schema:postalCode": "78110",
          "schema:streetAddress": [
            "51 boulevard d’Angleterre"
          ],
          "@type": [
            "schema:PostalAddress",
            "PostalAddress"
          ],
          "hasAddressCity": {
            "@id": "kb:78650",
            "@type": [
              "City"
            ],
            "rdfs:label": {
              "de": [
                "Le Vésinet"
              ],
              "pt": [
                "Le Vésinet"
              ],
              "en": [
                "Le Vésinet"
              ],
              "it": [
                "Le Vésinet"
              ],
              "fr": [
                "Le Vésinet"
              ],
              "nl": [
                "Le Vésinet"
              ],
              "es": [
                "Le Vésinet"
              ]
            },
            "insee": "78650",
            "isPartOfDepartment": {
              "@id": "kb:France1178",
              "@type": [
                "Department"
              ],
              "rdfs:label": {
                "de": [
                  "Yvelines"
                ],
                "pt": [
                  "Yvelines"
                ],
                "en": [
                  "Yvelines"
                ],
                "it": [
                  "Yvelines"
                ],
                "fr": [
                  "Yvelines"
                ],
                "nl": [
                  "Yvelines"
                ],
                "es": [
                  "Yvelines"
                ]
              },
              "insee": "78",
              "isPartOfRegion": {
                "@id": "kb:France11",
                "@type": [
                  "Region"
                ],
                "rdfs:label": {
                  "de": [
                    "Île-de-France"
                  ],
                  "pt": [
                    "Île-de-France"
                  ],
                  "en": [
                    "Île-de-France"
                  ],
                  "it": [
                    "Île-de-France"
                  ],
                  "fr": [
                    "Île-de-France"
                  ],
                  "nl": [
                    "Île-de-France"
                  ],
                  "es": [
                    "Île-de-France"
                  ]
                },
                "insee": "11",
                "isPartOfCountry": {
                  "@id": "kb:France",
                  "@type": [
                    "schema:Country"
                  ],
                  "rdfs:label": {
                    "de": [
                      "France",
                      "Frankreich"
                    ],
                    "pt": [
                      "França",
                      "France"
                    ],
                    "en": [
                      "France"
                    ],
                    "it": [
                      "France",
                      "Francia"
                    ],
                    "fr": [
                      "France"
                    ],
                    "nl": [
                      "France",
                      "Frankrijk"
                    ],
                    "es": [
                      "France",
                      "Francia"
                    ]
                  }
                }
              }
            }
          }
        }
      ],
      "schema:geo": {
        "@id": "https://data.datatourisme.fr/a6b46bb5-06a6-30e6-ae5d-65fc3bafcdd4",
        "schema:latitude": "48.896614",
        "schema:longitude": "2.117405",
        "@type": [
          "schema:GeoCoordinates"
        ]
      },
      "schema:openingHoursSpecification": [
        {
          "@id": "https://data.datatourisme.fr/4e3941d3-6a50-3226-bba6-5e2726e83f27",
          "schema:validFrom": "2023-01-01T00:00:00",
          "schema:validThrough": "2023-12-31T23:59:59",
          "@type": [
            "schema:OpeningHoursSpecification"
          ],
          "additionalInformation": {
            "de": [
              "Montag: 14h - 18h\r\nDienstag: 14h - 18h30\r\nMittwoch: 9h - 19h\r\nDonnerstag: 14h - 18h30\r\nFreitag: 14h - 18h\r\n\r\nWährend der Schulferien geschlossen."
            ],
            "en": [
              "Monday: 2pm - 6pm\r\nTuesday: 2pm - 6.30pm\r\nWednesday: 9am - 7pm\r\nThursday: 2pm - 6.30pm\r\nFriday: 2pm - 6pm\r\n\r\nClosed during school holidays."
            ],
            "it": [
              "Lunedì: dalle 14:00 alle 18:00\r\nMartedì: 14.00 - 18.30\r\nMercoledì: dalle 9.00 alle 19.00\r\nGiovedì: 14.00 - 18.30\r\nVenerdì: dalle 14.00 alle 18.00\r\n\r\nChiuso durante le vacanze scolastiche."
            ],
            "fr": [
              "Lundi : 14h – 18h\r\nMardi : 14h – 18h30\r\nMercredi : 9h – 19h\r\nJeudi : 14h – 18h30\r\nVendredi : 14h – 18h\r\n\r\nFermé pendant les vacances scolaires."
            ],
            "nl": [
              "Maandag: 14.00 - 18.00 uur\r\nDinsdag: 14.00 - 18.30 uur\r\nWoensdag: 9 uur - 19 uur\r\nDonderdag: 14.00 - 18.30 uur\r\nVrijdag: 14.00 - 18.00 uur\r\n\r\nGesloten tijdens schoolvakanties."
            ],
            "es": [
              "Lunes: de 14:00 a 18:00\r\nMartes: 14:00 - 18:30\r\nMiércoles: de 9 a 19 horas\r\nJueves: 14:00 - 18:30\r\nViernes: de 14 a 18 horas\r\n\r\nCerrado durante las vacaciones escolares."
            ]
          },
          "hasTranslatedProperty": [
            {
              "@id": "https://data.datatourisme.fr/6a3bfd2e-094b-36c9-8e3c-6876438c3bb3",
              "dc:contributor": [
                "https://api.deepl.com/v2/translate"
              ],
              "rdf:language": [
                "nl"
              ],
              "rdf:predicate": [
                "additionalInformation"
              ]
            },
            {
              "@id": "https://data.datatourisme.fr/c18a4346-693a-3012-92bb-47b2104a9615",
              "dc:contributor": [
                "https://api.deepl.com/v2/translate"
              ],
              "rdf:language": [
                "es"
              ],
              "rdf:predicate": [
                "additionalInformation"
              ]
            },
            {
              "@id": "https://data.datatourisme.fr/c81237cd-63d1-309b-ab24-b68f8b17c027",
              "dc:contributor": [
                "https://api.deepl.com/v2/translate"
              ],
              "rdf:language": [
                "de"
              ],
              "rdf:predicate": [
                "additionalInformation"
              ]
            },
            {
              "@id": "https://data.datatourisme.fr/e6a71a8c-22ca-3abf-a819-20064e4e47ed",
              "dc:contributor": [
                "https://api.deepl.com/v2/translate"
              ],
              "rdf:language": [
                "en"
              ],
              "rdf:predicate": [
                "additionalInformation"
              ]
            },
            {
              "@id": "https://data.datatourisme.fr/f99bfd53-6d6b-3cc2-b2f0-323071b5fafd",
              "dc:contributor": [
                "https://api.deepl.com/v2/translate"
              ],
              "rdf:language": [
                "it"
              ],
              "rdf:predicate": [
                "additionalInformation"
              ]
            }
          ]
        }
      ],
      "@type": [
        "schema:Place",
        "Place"
      ]
    }
  ],
  "isOwnedBy": [
    {
      "@id": "https://data.datatourisme.fr/73484530-94e0-3b9c-86da-e2ddfa7df7ed",
      "schema:email": [
        "emilie.prai@saintgermainenlaye.fr",
        "emilie.rochat@seine-saintgermain.fr",
        "melissa.moreau@saintgermainenlaye.fr"
      ],
      "schema:legalName": "Office de Tourisme Intercommunal de Saint Germain Boucles de Seine",
      "@type": [
        "schema:Organization",
        "foaf:Agent",
        "Agent"
      ],
      "foaf:homepage": [
        "http://www.reservation.seine-saintgermain.fr/"
      ]
    }
  ],
  "lastUpdate": "2020-02-12",
  "lastUpdateDatatourisme": "2023-02-10T06:39:19.912Z"
}