{
  "@id": "https://data.datatourisme.fr/13/095c4a5b-99a8-3b1b-9df7-e0220185d552",
  "dc:identifier": "5735750",
  "@type": [
    "schema:FoodEstablishment",
    "FoodEstablishment",
    "PlaceOfInterest",
    "PointOfInterest"
  ],
  "rdfs:comment": {
    "de": [
      "Willkommen in der Brasserie l'Instant, die hausgemachte Speisen und eine gemütliche Bar mit Happy Hour anbietet! Genießen Sie die warme und gemütliche Atmosphäre und vergessen Sie nicht die geräumige Sonnenterrasse, die bei schönem Wetter zum Verweilen einlädt!"
    ],
    "en": [
      "Welcome to l'Instant brasserie, which offers home-made cuisine, as well as a friendly bar with a happy hour formula! Come and enjoy the warm and cosy atmosphere without forgetting its spacious sunny terrace as soon as the sun comes out!"
    ],
    "it": [
      "Benvenuti alla brasserie l'Instant, che offre una cucina casalinga e un bar accogliente con formula happy hour! Venite a godervi l'atmosfera calda e accogliente senza dimenticare la sua ampia terrazza soleggiata non appena esce il sole!"
    ],
    "fr": [
      "Bienvenue à la brasserie l'Instant qui propose une cuisine maison, ainsi qu'un bar  convivial avec une formule Happy hour ! Venez profiter de l'ambiance chaleureuse et cosy sans oublier sa spacieuse terrasse ensoleillée dès l'apparition des beaux jours !"
    ],
    "nl": [
      "Welkom bij l'Instant brasserie, met een huiselijke keuken en een gezellige bar met happy hour formule! Kom genieten van de warme en gezellige sfeer zonder het ruime zonnige terras te vergeten zodra de zon tevoorschijn komt!"
    ],
    "es": [
      "Bienvenido a la brasserie l'Instant, que ofrece cocina casera y un bar acogedor con la fórmula de la hora feliz Venga a disfrutar del ambiente cálido y acogedor sin olvidar su amplia terraza soleada en cuanto salga el sol"
    ]
  },
  "rdfs:label": {
    "fr": [
      "Restaurant l'Instant"
    ]
  },
  "hasBeenCreatedBy": {
    "@id": "https://data.datatourisme.fr/13/3fb451ca-2e89-33a1-b095-b059d8705b15",
    "dc:identifier": "1522",
    "schema:email": [
      "anicoud@terres-de-seine.fr",
      "anne.perchec@gpseo.fr",
      "contact@terres-de-seine.fr",
      "estelle.rouille@gpseo.fr",
      "fbony@terres-de-seine.fr",
      "hillaryramanank@yahoo.fr",
      "vgateau@terres-de-seine.fr",
      "xcadilhac.oti.gpseo@gmail.com"
    ],
    "schema:legalName": "Communauté Urbaine Grand Paris Seine & Oise",
    "@type": [
      "schema:Organization",
      "foaf:Agent",
      "Agent"
    ],
    "foaf:homepage": [
      "https://www.insectes.org/",
      "https://www.terres-de-seine.fr/"
    ]
  },
  "hasBeenPublishedBy": [
    {
      "@id": "https://data.datatourisme.fr/8a9feb4b-2cbd-3d2c-b507-bd6c6776b23b",
      "schema:legalName": "Apidae Tourisme Scic SA - source : Apidae Tourisme",
      "@type": [
        "schema:Organization",
        "foaf:Agent",
        "Agent"
      ],
      "foaf:homepage": [
        "https://www.apidae-tourisme.com/"
      ]
    }
  ],
  "hasContact": [
    {
      "@id": "https://data.datatourisme.fr/a948ae20-62f3-3a54-8c07-3fc6101a76f6",
      "schema:telephone": [
        "+33 1 39 65 27 30"
      ],
      "@type": [
        "foaf:Agent",
        "Agent"
      ]
    }
  ],
  "hasDescription": [
    {
      "@id": "https://data.datatourisme.fr/1366521a-2e0b-352e-88ec-a7406d0a56ea",
      "@type": [
        "Description"
      ],
      "hasTranslatedProperty": [
        {
          "@id": "https://data.datatourisme.fr/536e2ac8-f16d-31cf-99a8-9374b917fa9d",
          "dc:contributor": [
            "https://api.deepl.com/v2/translate"
          ],
          "rdf:language": [
            "en"
          ],
          "rdf:predicate": [
            "shortDescription"
          ]
        },
        {
          "@id": "https://data.datatourisme.fr/6a5313b1-ffcf-3e0a-a616-4f51d213bba5",
          "dc:contributor": [
            "https://api.deepl.com/v2/translate"
          ],
          "rdf:language": [
            "nl"
          ],
          "rdf:predicate": [
            "shortDescription"
          ]
        },
        {
          "@id": "https://data.datatourisme.fr/ab1066b7-f001-38e7-81f7-f0cbcebddabc",
          "dc:contributor": [
            "https://api.deepl.com/v2/translate"
          ],
          "rdf:language": [
            "es"
          ],
          "rdf:predicate": [
            "shortDescription"
          ]
        },
        {
          "@id": "https://data.datatourisme.fr/da416646-72b8-397f-861f-2028406f1e9b",
          "dc:contributor": [
            "https://api.deepl.com/v2/translate"
          ],
          "rdf:language": [
            "de"
          ],
          "rdf:predicate": [
            "shortDescription"
          ]
        },
        {
          "@id": "https://data.datatourisme.fr/f3522298-81e5-3a31-9636-fbffa395707a",
          "dc:contributor": [
            "https://api.deepl.com/v2/translate"
          ],
          "rdf:language": [
            "it"
          ],
          "rdf:predicate": [
            "shortDescription"
          ]
        }
      ],
      "shortDescription": {
        "de": [
          "Willkommen in der Brasserie l'Instant, die hausgemachte Speisen und eine gemütliche Bar mit Happy Hour anbietet! Genießen Sie die warme und gemütliche Atmosphäre und vergessen Sie nicht die geräumige Sonnenterrasse, die bei schönem Wetter zum Verweilen einlädt!"
        ],
        "en": [
          "Welcome to l'Instant brasserie, which offers home-made cuisine, as well as a friendly bar with a happy hour formula! Come and enjoy the warm and cosy atmosphere without forgetting its spacious sunny terrace as soon as the sun comes out!"
        ],
        "it": [
          "Benvenuti alla brasserie l'Instant, che offre una cucina casalinga e un bar accogliente con formula happy hour! Venite a godervi l'atmosfera calda e accogliente senza dimenticare la sua ampia terrazza soleggiata non appena esce il sole!"
        ],
        "fr": [
          "Bienvenue à la brasserie l'Instant qui propose une cuisine maison, ainsi qu'un bar  convivial avec une formule Happy hour ! Venez profiter de l'ambiance chaleureuse et cosy sans oublier sa spacieuse terrasse ensoleillée dès l'apparition des beaux jours !"
        ],
        "nl": [
          "Welkom bij l'Instant brasserie, met een huiselijke keuken en een gezellige bar met happy hour formule! Kom genieten van de warme en gezellige sfeer zonder het ruime zonnige terras te vergeten zodra de zon tevoorschijn komt!"
        ],
        "es": [
          "Bienvenido a la brasserie l'Instant, que ofrece cocina casera y un bar acogedor con la fórmula de la hora feliz Venga a disfrutar del ambiente cálido y acogedor sin olvidar su amplia terraza soleada en cuanto salga el sol"
        ]
      }
    }
  ],
  "hasTranslatedProperty": [
    {
      "@id": "https://data.datatourisme.fr/6615271d-e528-3e4c-b30a-2ffb75798e6d",
      "dc:contributor": [
        "https://api.deepl.com/v2/translate"
      ],
      "rdf:language": [
        "de"
      ],
      "rdf:predicate": [
        {
          "@id": "rdfs:comment"
        }
      ]
    },
    {
      "@id": "https://data.datatourisme.fr/9faae7c9-4d75-3bed-abac-c5a0e658f637",
      "dc:contributor": [
        "https://api.deepl.com/v2/translate"
      ],
      "rdf:language": [
        "nl"
      ],
      "rdf:predicate": [
        {
          "@id": "rdfs:comment"
        }
      ]
    },
    {
      "@id": "https://data.datatourisme.fr/d3a09fd0-f3be-3614-bb35-bb395937166e",
      "dc:contributor": [
        "https://api.deepl.com/v2/translate"
      ],
      "rdf:language": [
        "en"
      ],
      "rdf:predicate": [
        {
          "@id": "rdfs:comment"
        }
      ]
    },
    {
      "@id": "https://data.datatourisme.fr/e731b535-9308-3f17-bdc6-d7ebd1a25c50",
      "dc:contributor": [
        "https://api.deepl.com/v2/translate"
      ],
      "rdf:language": [
        "es"
      ],
      "rdf:predicate": [
        {
          "@id": "rdfs:comment"
        }
      ]
    },
    {
      "@id": "https://data.datatourisme.fr/f0596932-5e60-3ec8-be3f-d3d4c4f96ef7",
      "dc:contributor": [
        "https://api.deepl.com/v2/translate"
      ],
      "rdf:language": [
        "it"
      ],
      "rdf:predicate": [
        {
          "@id": "rdfs:comment"
        }
      ]
    }
  ],
  "isLocatedAt": [
    {
      "@id": "https://data.datatourisme.fr/47064f36-5411-3679-8080-bba7f72aaa85",
      "schema:address": [
        {
          "@id": "https://data.datatourisme.fr/70ddf4df-864d-30e0-90a9-66744f7c3536",
          "schema:addressLocality": "Poissy",
          "schema:postalCode": "78300",
          "schema:streetAddress": [
            "24 avenue du cep"
          ],
          "@type": [
            "schema:PostalAddress",
            "PostalAddress"
          ],
          "hasAddressCity": {
            "@id": "kb:78498",
            "@type": [
              "City"
            ],
            "rdfs:label": {
              "de": [
                "Poissy"
              ],
              "pt": [
                "Poissy"
              ],
              "en": [
                "Poissy"
              ],
              "it": [
                "Poissy"
              ],
              "fr": [
                "Poissy"
              ],
              "nl": [
                "Poissy"
              ],
              "es": [
                "Poissy"
              ]
            },
            "insee": "78498",
            "isPartOfDepartment": {
              "@id": "kb:France1178",
              "@type": [
                "Department"
              ],
              "rdfs:label": {
                "de": [
                  "Yvelines"
                ],
                "pt": [
                  "Yvelines"
                ],
                "en": [
                  "Yvelines"
                ],
                "it": [
                  "Yvelines"
                ],
                "fr": [
                  "Yvelines"
                ],
                "nl": [
                  "Yvelines"
                ],
                "es": [
                  "Yvelines"
                ]
              },
              "insee": "78",
              "isPartOfRegion": {
                "@id": "kb:France11",
                "@type": [
                  "Region"
                ],
                "rdfs:label": {
                  "de": [
                    "Île-de-France"
                  ],
                  "pt": [
                    "Île-de-France"
                  ],
                  "en": [
                    "Île-de-France"
                  ],
                  "it": [
                    "Île-de-France"
                  ],
                  "fr": [
                    "Île-de-France"
                  ],
                  "nl": [
                    "Île-de-France"
                  ],
                  "es": [
                    "Île-de-France"
                  ]
                },
                "insee": "11",
                "isPartOfCountry": {
                  "@id": "kb:France",
                  "@type": [
                    "schema:Country"
                  ],
                  "rdfs:label": {
                    "de": [
                      "France",
                      "Frankreich"
                    ],
                    "pt": [
                      "França",
                      "France"
                    ],
                    "en": [
                      "France"
                    ],
                    "it": [
                      "France",
                      "Francia"
                    ],
                    "fr": [
                      "France"
                    ],
                    "nl": [
                      "France",
                      "Frankrijk"
                    ],
                    "es": [
                      "France",
                      "Francia"
                    ]
                  }
                }
              }
            }
          }
        }
      ],
      "schema:geo": {
        "@id": "https://data.datatourisme.fr/bb77bea0-4d09-377c-8b79-1bf4a4a9ee2d",
        "schema:latitude": "48.928762",
        "schema:longitude": "2.041268",
        "@type": [
          "schema:GeoCoordinates"
        ]
      },
      "schema:openingHoursSpecification": [
        {
          "@id": "https://data.datatourisme.fr/f87e535a-636d-3343-ad63-8a03392e7511",
          "schema:validFrom": "2023-01-01T00:00:00",
          "schema:validThrough": "2023-12-31T23:59:59",
          "@type": [
            "schema:OpeningHoursSpecification"
          ]
        }
      ],
      "@type": [
        "schema:Place",
        "Place"
      ]
    }
  ],
  "isOwnedBy": [
    {
      "@id": "https://data.datatourisme.fr/44eacd0d-f255-38e9-b0f2-4a31202fdb58",
      "schema:email": [
        "anicoud@terres-de-seine.fr",
        "anne.perchec@gpseo.fr",
        "contact@terres-de-seine.fr",
        "estelle.rouille@gpseo.fr",
        "fbony@terres-de-seine.fr",
        "hillaryramanank@yahoo.fr",
        "vgateau@terres-de-seine.fr",
        "xcadilhac.oti.gpseo@gmail.com"
      ],
      "schema:legalName": "Communauté Urbaine Grand Paris Seine & Oise",
      "@type": [
        "schema:Organization",
        "foaf:Agent",
        "Agent"
      ],
      "foaf:homepage": [
        "https://www.insectes.org/"
      ]
    }
  ],
  "lastUpdate": "2021-03-16",
  "lastUpdateDatatourisme": "2023-02-01T18:07:36.145Z"
}