{
  "@id": "https://data.datatourisme.fr/13/09ca9e1f-42b7-3ed1-9acc-810331fba4af",
  "dc:identifier": "5390636",
  "@type": [
    "schema:FoodEstablishment",
    "FoodEstablishment",
    "PlaceOfInterest",
    "PointOfInterest"
  ],
  "rdfs:comment": {
    "de": [
      "Restaurant mit indischen und pakistanischen Spezialitäten. Vor Ort, zum Mitnehmen oder Lieferung nach Hause."
    ],
    "en": [
      "Restaurant of Indian and Pakistani specialties. On site, take away or home delivery."
    ],
    "it": [
      "Ristorante che serve specialità indiane e pakistane. Sul posto, da asporto o con consegna a domicilio."
    ],
    "fr": [
      "Restaurant de spécialités indiennes et pakistanaises. Sur place, à emporter ou livraison à domicile."
    ],
    "es": [
      "Restaurante que sirve especialidades indias y pakistaníes. En el momento, para llevar o a domicilio."
    ],
    "nl": [
      "Restaurant met Indiase en Pakistaanse specialiteiten. Ter plaatse, om mee te nemen of thuisbezorgd."
    ]
  },
  "rdfs:label": {
    "fr": [
      "Taj Indien"
    ]
  },
  "hasBeenCreatedBy": {
    "@id": "https://data.datatourisme.fr/13/d72fbbcc-d9fe-34c3-a14f-85d225a046f4",
    "dc:identifier": "1592",
    "schema:email": [
      "commercial@tourisme-maisonslaffitte.fr",
      "communication@tourisme-maisonslaffitte.fr",
      "contact@tourisme-maisonslaffitte.fr",
      "groupes@tourisme-maisonslaffitte.fr"
    ],
    "schema:legalName": "Office de Tourisme de Maisons-Laffitte",
    "@type": [
      "schema:Organization",
      "foaf:Agent",
      "Agent"
    ],
    "foaf:homepage": [
      "http://www.tourisme-maisonslaffitte.fr/"
    ]
  },
  "hasBeenPublishedBy": [
    {
      "@id": "https://data.datatourisme.fr/8a9feb4b-2cbd-3d2c-b507-bd6c6776b23b",
      "schema:legalName": "Apidae Tourisme Scic SA - source : Apidae Tourisme",
      "@type": [
        "schema:Organization",
        "foaf:Agent",
        "Agent"
      ],
      "foaf:homepage": [
        "https://www.apidae-tourisme.com/"
      ]
    }
  ],
  "hasContact": [
    {
      "@id": "https://data.datatourisme.fr/b02356cc-b9d7-3181-92f6-ed97cb277f1b",
      "schema:telephone": [
        "+33 1 39 62 17 66"
      ],
      "@type": [
        "foaf:Agent",
        "Agent"
      ],
      "foaf:homepage": [
        "http://www.tajindien-78.fr/"
      ]
    }
  ],
  "hasDescription": [
    {
      "@id": "https://data.datatourisme.fr/e4fcd898-e2e8-30b5-9835-19c1bbd12f31",
      "@type": [
        "Description"
      ],
      "hasTranslatedProperty": [
        {
          "@id": "https://data.datatourisme.fr/32bf8acb-eb12-35bd-98d0-0563fc4d939c",
          "dc:contributor": [
            "https://api.deepl.com/v2/translate"
          ],
          "rdf:language": [
            "de"
          ],
          "rdf:predicate": [
            "shortDescription"
          ]
        },
        {
          "@id": "https://data.datatourisme.fr/6561e2a2-90dc-3484-9f97-806aaa03914c",
          "dc:contributor": [
            "https://api.deepl.com/v2/translate"
          ],
          "rdf:language": [
            "it"
          ],
          "rdf:predicate": [
            "shortDescription"
          ]
        },
        {
          "@id": "https://data.datatourisme.fr/77d3d324-a117-3683-bfd0-93f39b79791c",
          "dc:contributor": [
            "https://api.deepl.com/v2/translate"
          ],
          "rdf:language": [
            "en"
          ],
          "rdf:predicate": [
            "shortDescription"
          ]
        },
        {
          "@id": "https://data.datatourisme.fr/a338493f-5453-347d-8b22-cb3cb4001591",
          "dc:contributor": [
            "https://api.deepl.com/v2/translate"
          ],
          "rdf:language": [
            "nl"
          ],
          "rdf:predicate": [
            "shortDescription"
          ]
        },
        {
          "@id": "https://data.datatourisme.fr/bc8d3126-049c-3d0f-a60b-42902c5cc358",
          "dc:contributor": [
            "https://api.deepl.com/v2/translate"
          ],
          "rdf:language": [
            "es"
          ],
          "rdf:predicate": [
            "shortDescription"
          ]
        }
      ],
      "shortDescription": {
        "de": [
          "Restaurant mit indischen und pakistanischen Spezialitäten. Vor Ort, zum Mitnehmen oder Lieferung nach Hause."
        ],
        "en": [
          "Restaurant of Indian and Pakistani specialties. On site, take away or home delivery."
        ],
        "it": [
          "Ristorante che serve specialità indiane e pakistane. Sul posto, da asporto o con consegna a domicilio."
        ],
        "fr": [
          "Restaurant de spécialités indiennes et pakistanaises. Sur place, à emporter ou livraison à domicile."
        ],
        "es": [
          "Restaurante que sirve especialidades indias y pakistaníes. En el momento, para llevar o a domicilio."
        ],
        "nl": [
          "Restaurant met Indiase en Pakistaanse specialiteiten. Ter plaatse, om mee te nemen of thuisbezorgd."
        ]
      }
    }
  ],
  "hasTranslatedProperty": [
    {
      "@id": "https://data.datatourisme.fr/49f1163c-abe9-3581-97ef-27c36ac3e83b",
      "dc:contributor": [
        "https://api.deepl.com/v2/translate"
      ],
      "rdf:language": [
        "it"
      ],
      "rdf:predicate": [
        {
          "@id": "rdfs:comment"
        }
      ]
    },
    {
      "@id": "https://data.datatourisme.fr/8ead9ead-726d-36a4-9d8c-1473a1cf382a",
      "dc:contributor": [
        "https://api.deepl.com/v2/translate"
      ],
      "rdf:language": [
        "es"
      ],
      "rdf:predicate": [
        {
          "@id": "rdfs:comment"
        }
      ]
    },
    {
      "@id": "https://data.datatourisme.fr/bdc8aefa-c04a-3a0a-b682-4230e967adfb",
      "dc:contributor": [
        "https://api.deepl.com/v2/translate"
      ],
      "rdf:language": [
        "de"
      ],
      "rdf:predicate": [
        {
          "@id": "rdfs:comment"
        }
      ]
    },
    {
      "@id": "https://data.datatourisme.fr/e82b0dc2-3098-3f1d-be16-ae1dd2c26cc5",
      "dc:contributor": [
        "https://api.deepl.com/v2/translate"
      ],
      "rdf:language": [
        "en"
      ],
      "rdf:predicate": [
        {
          "@id": "rdfs:comment"
        }
      ]
    },
    {
      "@id": "https://data.datatourisme.fr/f19d7ca6-cee5-3163-995e-04fe59d7c64b",
      "dc:contributor": [
        "https://api.deepl.com/v2/translate"
      ],
      "rdf:language": [
        "nl"
      ],
      "rdf:predicate": [
        {
          "@id": "rdfs:comment"
        }
      ]
    }
  ],
  "isLocatedAt": [
    {
      "@id": "https://data.datatourisme.fr/a5162188-9429-386c-b75e-c39c1a39f6f3",
      "schema:address": [
        {
          "@id": "https://data.datatourisme.fr/6e72e7c7-804b-3aaf-8213-d2fd8870c714",
          "schema:addressLocality": "Maisons-Laffitte",
          "schema:postalCode": "78600",
          "schema:streetAddress": [
            "97 avenue du Général-de-Gaulle"
          ],
          "@type": [
            "schema:PostalAddress",
            "PostalAddress"
          ],
          "hasAddressCity": {
            "@id": "kb:78358",
            "@type": [
              "City"
            ],
            "rdfs:label": {
              "de": [
                "Maisons-Laffitte"
              ],
              "pt": [
                "Maisons-Laffitte"
              ],
              "en": [
                "Maisons-Laffitte"
              ],
              "it": [
                "Maisons-Laffitte"
              ],
              "fr": [
                "Maisons-Laffitte"
              ],
              "nl": [
                "Maisons-Laffitte"
              ],
              "es": [
                "Maisons-Laffitte"
              ]
            },
            "insee": "78358",
            "isPartOfDepartment": {
              "@id": "kb:France1178",
              "@type": [
                "Department"
              ],
              "rdfs:label": {
                "de": [
                  "Yvelines"
                ],
                "pt": [
                  "Yvelines"
                ],
                "en": [
                  "Yvelines"
                ],
                "it": [
                  "Yvelines"
                ],
                "fr": [
                  "Yvelines"
                ],
                "nl": [
                  "Yvelines"
                ],
                "es": [
                  "Yvelines"
                ]
              },
              "insee": "78",
              "isPartOfRegion": {
                "@id": "kb:France11",
                "@type": [
                  "Region"
                ],
                "rdfs:label": {
                  "de": [
                    "Île-de-France"
                  ],
                  "pt": [
                    "Île-de-France"
                  ],
                  "en": [
                    "Île-de-France"
                  ],
                  "it": [
                    "Île-de-France"
                  ],
                  "fr": [
                    "Île-de-France"
                  ],
                  "nl": [
                    "Île-de-France"
                  ],
                  "es": [
                    "Île-de-France"
                  ]
                },
                "insee": "11",
                "isPartOfCountry": {
                  "@id": "kb:France",
                  "@type": [
                    "schema:Country"
                  ],
                  "rdfs:label": {
                    "de": [
                      "France",
                      "Frankreich"
                    ],
                    "pt": [
                      "França",
                      "France"
                    ],
                    "en": [
                      "France"
                    ],
                    "it": [
                      "France",
                      "Francia"
                    ],
                    "fr": [
                      "France"
                    ],
                    "nl": [
                      "France",
                      "Frankrijk"
                    ],
                    "es": [
                      "France",
                      "Francia"
                    ]
                  }
                }
              }
            }
          }
        }
      ],
      "schema:geo": {
        "@id": "https://data.datatourisme.fr/d9b00415-8460-31e5-9357-dc2217a3f335",
        "schema:latitude": "48.943747",
        "schema:longitude": "2.133044",
        "@type": [
          "schema:GeoCoordinates"
        ]
      },
      "schema:openingHoursSpecification": [
        {
          "@id": "https://data.datatourisme.fr/3255eef2-6fa4-3183-853c-a97b2d9fc1d6",
          "schema:closes": "23:00:00",
          "schema:opens": "12:00:00",
          "schema:validFrom": "2023-01-01T00:00:00",
          "schema:validThrough": "2023-12-31T23:59:59",
          "@type": [
            "schema:OpeningHoursSpecification"
          ]
        }
      ],
      "@type": [
        "schema:Place",
        "Place"
      ]
    }
  ],
  "isOwnedBy": [
    {
      "@id": "https://data.datatourisme.fr/78d7093d-a9e3-379e-ac44-b41b246b1202",
      "schema:email": [
        "commercial@tourisme-maisonslaffitte.fr",
        "communication@tourisme-maisonslaffitte.fr",
        "contact@tourisme-maisonslaffitte.fr",
        "groupes@tourisme-maisonslaffitte.fr"
      ],
      "schema:legalName": "Office de Tourisme de Maisons-Laffitte",
      "@type": [
        "schema:Organization",
        "foaf:Agent",
        "Agent"
      ],
      "foaf:homepage": [
        "http://www.tourisme-maisonslaffitte.fr/"
      ]
    }
  ],
  "lastUpdate": "2020-07-06",
  "lastUpdateDatatourisme": "2023-02-01T18:07:36.077Z"
}