{
  "@id": "https://data.datatourisme.fr/13/0905f287-6b9a-31bf-a0a7-195ec910095d",
  "dc:identifier": "5215167",
  "@type": [
    "schema:FoodEstablishment",
    "FoodEstablishment",
    "PlaceOfInterest",
    "PointOfInterest"
  ],
  "rdfs:label": {
    "fr": [
      "Brasserie de l'hôtel de ville"
    ]
  },
  "hasBeenCreatedBy": {
    "@id": "https://data.datatourisme.fr/13/e034fb6b-66aa-3c1d-88f4-45ddfb08da98",
    "dc:identifier": "1233",
    "schema:email": [
      "d.trioux@destination-paris-saclay.com"
    ],
    "schema:legalName": "Destination Paris-Saclay",
    "@type": [
      "schema:Organization",
      "foaf:Agent",
      "Agent"
    ],
    "foaf:homepage": [
      "https://www.destination-paris-saclay.com/"
    ]
  },
  "hasBeenPublishedBy": [
    {
      "@id": "https://data.datatourisme.fr/8a9feb4b-2cbd-3d2c-b507-bd6c6776b23b",
      "schema:legalName": "Apidae Tourisme Scic SA - source : Apidae Tourisme",
      "@type": [
        "schema:Organization",
        "foaf:Agent",
        "Agent"
      ],
      "foaf:homepage": [
        "https://www.apidae-tourisme.com/"
      ]
    }
  ],
  "hasContact": [
    {
      "@id": "https://data.datatourisme.fr/5648359e-4f81-34bd-9ad3-2217d83a3aa0",
      "schema:telephone": [
        "+33 1 69 09 49 63"
      ],
      "@type": [
        "foaf:Agent",
        "Agent"
      ]
    }
  ],
  "isLocatedAt": [
    {
      "@id": "https://data.datatourisme.fr/3d8f7f47-d48f-38d7-bd6a-6e6fa8e84f12",
      "schema:address": [
        {
          "@id": "https://data.datatourisme.fr/cd131c61-f194-3a07-8d0a-946d6a870195",
          "schema:addressLocality": "Ballainvilliers",
          "schema:postalCode": "91160",
          "schema:streetAddress": [
            "1 Rue Saint-Sauveur"
          ],
          "@type": [
            "schema:PostalAddress",
            "PostalAddress"
          ],
          "hasAddressCity": {
            "@id": "kb:91044",
            "@type": [
              "City"
            ],
            "rdfs:label": {
              "de": [
                "Ballainvilliers"
              ],
              "pt": [
                "Ballainvilliers"
              ],
              "en": [
                "Ballainvilliers"
              ],
              "it": [
                "Ballainvilliers"
              ],
              "fr": [
                "Ballainvilliers"
              ],
              "nl": [
                "Ballainvilliers"
              ],
              "es": [
                "Ballainvilliers"
              ]
            },
            "insee": "91044",
            "isPartOfDepartment": {
              "@id": "kb:France1191",
              "@type": [
                "Department"
              ],
              "rdfs:label": {
                "de": [
                  "Essonne"
                ],
                "pt": [
                  "Essonne"
                ],
                "en": [
                  "Essonne"
                ],
                "it": [
                  "Essonne"
                ],
                "fr": [
                  "Essonne"
                ],
                "nl": [
                  "Essonne"
                ],
                "es": [
                  "Essonne"
                ]
              },
              "insee": "91",
              "isPartOfRegion": {
                "@id": "kb:France11",
                "@type": [
                  "Region"
                ],
                "rdfs:label": {
                  "de": [
                    "Île-de-France"
                  ],
                  "pt": [
                    "Île-de-France"
                  ],
                  "en": [
                    "Île-de-France"
                  ],
                  "it": [
                    "Île-de-France"
                  ],
                  "fr": [
                    "Île-de-France"
                  ],
                  "nl": [
                    "Île-de-France"
                  ],
                  "es": [
                    "Île-de-France"
                  ]
                },
                "insee": "11",
                "isPartOfCountry": {
                  "@id": "kb:France",
                  "@type": [
                    "schema:Country"
                  ],
                  "rdfs:label": {
                    "de": [
                      "France",
                      "Frankreich"
                    ],
                    "pt": [
                      "França",
                      "France"
                    ],
                    "en": [
                      "France"
                    ],
                    "it": [
                      "France",
                      "Francia"
                    ],
                    "fr": [
                      "France"
                    ],
                    "nl": [
                      "France",
                      "Frankrijk"
                    ],
                    "es": [
                      "France",
                      "Francia"
                    ]
                  }
                }
              }
            }
          }
        }
      ],
      "schema:geo": {
        "@id": "https://data.datatourisme.fr/6dd0178e-9359-3b84-8318-1002b535f064",
        "schema:latitude": "48.676",
        "schema:longitude": "2.2927",
        "@type": [
          "schema:GeoCoordinates"
        ]
      },
      "schema:openingHoursSpecification": [
        {
          "@id": "https://data.datatourisme.fr/f87e535a-636d-3343-ad63-8a03392e7511",
          "schema:validFrom": "2023-01-01T00:00:00",
          "schema:validThrough": "2023-12-31T23:59:59",
          "@type": [
            "schema:OpeningHoursSpecification"
          ]
        }
      ],
      "@type": [
        "schema:Place",
        "Place"
      ]
    }
  ],
  "isOwnedBy": [
    {
      "@id": "https://data.datatourisme.fr/d87037ec-223f-3b91-8276-b2fe7d28f333",
      "schema:email": [
        "d.trioux@destination-paris-saclay.com"
      ],
      "schema:legalName": "Destination Paris-Saclay",
      "@type": [
        "schema:Organization",
        "foaf:Agent",
        "Agent"
      ],
      "foaf:homepage": [
        "https://www.destination-paris-saclay.com/"
      ]
    }
  ],
  "lastUpdate": "2021-06-29",
  "lastUpdateDatatourisme": "2023-02-19T06:38:21.106Z"
}