{
  "@id": "https://data.datatourisme.fr/13/0958956d-ac0f-322b-b4f9-cde54b489451",
  "dc:identifier": "921771",
  "@type": [
    "Church",
    "CulturalSite",
    "PlaceOfInterest",
    "PointOfInterest",
    "ReligiousSite"
  ],
  "rdfs:comment": {
    "de": [
      "Kirche Notre-Dame-du-Val in Bussy-Saint-Georges."
    ],
    "en": [
      "Notre-Dame-du-Val church in Bussy-Saint-Georges."
    ],
    "it": [
      "Chiesa di Notre-Dame-du-Val a Bussy-Saint-Georges."
    ],
    "fr": [
      "Église Notre-Dame-du-Val à Bussy-Saint-Georges."
    ],
    "nl": [
      "Kerk van Notre-Dame-du-Val in Bussy-Saint-Georges."
    ],
    "es": [
      "Iglesia de Notre-Dame-du-Val en Bussy-Saint-Georges."
    ]
  },
  "rdfs:label": {
    "fr": [
      "Église Notre-Dame du Val"
    ]
  },
  "owl:sameAs": [
    "http://www.wikidata.org/entity/Q38395509"
  ],
  "hasBeenCreatedBy": {
    "@id": "https://data.datatourisme.fr/13/3806734b-256c-37e4-9ec2-c6bffa26d9e7",
    "dc:identifier": "1028",
    "schema:email": [
      "agnes.allanou@marneetgondoire.fr",
      "anne.godin@marneetgondoire.fr"
    ],
    "schema:legalName": "Office de Tourisme de Marne et Gondoire",
    "@type": [
      "schema:Organization",
      "foaf:Agent",
      "Agent"
    ],
    "foaf:homepage": [
      "http://www.marneetgondoire-tourisme.fr/"
    ]
  },
  "hasBeenPublishedBy": [
    {
      "@id": "https://data.datatourisme.fr/1db24fc4-b534-39bf-bdaf-152c6f98730e",
      "schema:legalName": "Seine et Marne Attractivité - source : Apidae Tourisme",
      "@type": [
        "schema:Organization",
        "foaf:Agent",
        "Agent"
      ],
      "foaf:homepage": [
        "https://www.apidae-tourisme.com/"
      ]
    }
  ],
  "hasContact": [
    {
      "@id": "https://data.datatourisme.fr/94d24af4-ff3d-3f93-a0d4-85ac044124bf",
      "schema:email": [
        "secretariat@notredameduval.fr"
      ],
      "schema:telephone": [
        "+33 1 64 66 39 92"
      ],
      "@type": [
        "foaf:Agent",
        "Agent"
      ],
      "foaf:homepage": [
        "http://www.notredameduval.fr/ndv2/"
      ]
    }
  ],
  "hasDescription": [
    {
      "@id": "https://data.datatourisme.fr/be9dfb9e-762e-32e7-9a74-8c639a3a4c5c",
      "@type": [
        "Description"
      ],
      "hasTranslatedProperty": [
        {
          "@id": "https://data.datatourisme.fr/1ef08499-7e60-3d9f-ad77-e87b4dda83e5",
          "dc:contributor": [
            "https://api.deepl.com/v2/translate"
          ],
          "rdf:language": [
            "nl"
          ],
          "rdf:predicate": [
            "shortDescription"
          ]
        },
        {
          "@id": "https://data.datatourisme.fr/814cffbe-ef43-3027-b45f-4a72c2e20779",
          "dc:contributor": [
            "https://api.deepl.com/v2/translate"
          ],
          "rdf:language": [
            "it"
          ],
          "rdf:predicate": [
            "shortDescription"
          ]
        },
        {
          "@id": "https://data.datatourisme.fr/d93455d1-18e9-374e-ad80-ff9ed88ca936",
          "dc:contributor": [
            "https://api.deepl.com/v2/translate"
          ],
          "rdf:language": [
            "de"
          ],
          "rdf:predicate": [
            "shortDescription"
          ]
        },
        {
          "@id": "https://data.datatourisme.fr/db10e30a-5589-3934-a38e-a7592e04fa9d",
          "dc:contributor": [
            "https://api.deepl.com/v2/translate"
          ],
          "rdf:language": [
            "es"
          ],
          "rdf:predicate": [
            "shortDescription"
          ]
        },
        {
          "@id": "https://data.datatourisme.fr/e57a07ec-6491-37ec-b97d-41527b1577ef",
          "dc:contributor": [
            "https://api.deepl.com/v2/translate"
          ],
          "rdf:language": [
            "en"
          ],
          "rdf:predicate": [
            "shortDescription"
          ]
        }
      ],
      "shortDescription": {
        "de": [
          "Kirche Notre-Dame-du-Val in Bussy-Saint-Georges."
        ],
        "en": [
          "Notre-Dame-du-Val church in Bussy-Saint-Georges."
        ],
        "it": [
          "Chiesa di Notre-Dame-du-Val a Bussy-Saint-Georges."
        ],
        "fr": [
          "Église Notre-Dame-du-Val à Bussy-Saint-Georges."
        ],
        "nl": [
          "Kerk van Notre-Dame-du-Val in Bussy-Saint-Georges."
        ],
        "es": [
          "Iglesia de Notre-Dame-du-Val en Bussy-Saint-Georges."
        ]
      }
    }
  ],
  "hasRepresentation": [
    {
      "@id": "https://data.datatourisme.fr/d71ac5af-e24c-3eb5-b352-2b7abd904036",
      "ebucore:hasAnnotation": [
        {
          "@id": "https://data.datatourisme.fr/4eae43f1-7c9b-3236-b550-7b9285473635",
          "ebucore:isCoveredBy": "CC BY-SA 3.0",
          "ebucore:title": [
            "Bussy-Saint-Georges église Notre-Dame du Val (1)"
          ],
          "@type": [
            "ebucore:Annotation"
          ],
          "credits": [
            "Romain D C (https://commons.wikimedia.org/wiki/User:Romain_D_C)"
          ]
        }
      ],
      "ebucore:hasRelatedResource": [
        {
          "@id": "https://data.datatourisme.fr/62525793-e7cb-3b54-8e0d-8adbe93876b2",
          "ebucore:fileSize": [
            6481675
          ],
          "ebucore:hasMimeType": [
            {
              "@id": "kb:JPEG",
              "@type": [
                "ebucore:MimeType"
              ],
              "rdfs:comment": {
                "de": [
                  "JPEG-Bild"
                ],
                "pt": [
                  "Imagem JPEG"
                ],
                "en": [
                  "JPEG image file"
                ],
                "it": [
                  "Immagine JPEG"
                ],
                "fr": [
                  "Image JPEG"
                ],
                "nl": [
                  "JPEG-afbeelding"
                ],
                "es": [
                  "Imagen JPEG"
                ]
              },
              "rdfs:label": {
                "de": [
                  "image/jpeg"
                ],
                "pt": [
                  "image/jpeg"
                ],
                "en": [
                  "image/jpeg"
                ],
                "it": [
                  "image/jpeg"
                ],
                "fr": [
                  "image/jpeg"
                ],
                "nl": [
                  "image/jpeg"
                ],
                "es": [
                  "image/jpeg"
                ]
              }
            }
          ],
          "ebucore:height": 3000,
          "ebucore:locator": [
            "https://upload.wikimedia.org/wikipedia/commons/1/12/Bussy-Saint-Georges_%C3%A9glise_Notre-Dame_du_Val_%281%29.jpg"
          ],
          "ebucore:width": 4000,
          "@type": [
            "ebucore:Resource"
          ]
        }
      ],
      "@type": [
        "ebucore:EditorialObject"
      ]
    }
  ],
  "hasTheme": [
    {
      "@id": "kb:Culture",
      "@type": [
        "CulturalTheme"
      ],
      "rdfs:label": {
        "de": [
          "Kultur"
        ],
        "pt": [
          "Cultura"
        ],
        "en": [
          "Culture"
        ],
        "it": [
          "Cultura"
        ],
        "fr": [
          "Culture"
        ],
        "nl": [
          "Cultuur"
        ],
        "es": [
          "Cultura"
        ]
      }
    }
  ],
  "hasTranslatedProperty": [
    {
      "@id": "https://data.datatourisme.fr/21b1ad7f-5bd6-3f14-9ffc-b20b2577704f",
      "dc:contributor": [
        "https://api.deepl.com/v2/translate"
      ],
      "rdf:language": [
        "es"
      ],
      "rdf:predicate": [
        {
          "@id": "rdfs:comment"
        }
      ]
    },
    {
      "@id": "https://data.datatourisme.fr/296500b2-dd5b-361d-956c-ffed2a157e94",
      "dc:contributor": [
        "https://api.deepl.com/v2/translate"
      ],
      "rdf:language": [
        "nl"
      ],
      "rdf:predicate": [
        {
          "@id": "rdfs:comment"
        }
      ]
    },
    {
      "@id": "https://data.datatourisme.fr/6eda12b1-2e5d-31d0-8f31-d8ef90cf46b7",
      "dc:contributor": [
        "https://api.deepl.com/v2/translate"
      ],
      "rdf:language": [
        "en"
      ],
      "rdf:predicate": [
        {
          "@id": "rdfs:comment"
        }
      ]
    },
    {
      "@id": "https://data.datatourisme.fr/d0783c2e-80d6-3115-b158-fd83d3b869f2",
      "dc:contributor": [
        "https://api.deepl.com/v2/translate"
      ],
      "rdf:language": [
        "de"
      ],
      "rdf:predicate": [
        {
          "@id": "rdfs:comment"
        }
      ]
    },
    {
      "@id": "https://data.datatourisme.fr/fb4d0193-f92a-390d-8890-c92d8fbfbdc2",
      "dc:contributor": [
        "https://api.deepl.com/v2/translate"
      ],
      "rdf:language": [
        "it"
      ],
      "rdf:predicate": [
        {
          "@id": "rdfs:comment"
        }
      ]
    }
  ],
  "isLocatedAt": [
    {
      "@id": "https://data.datatourisme.fr/50731a40-06a1-3ef2-9c69-8389e9364337",
      "schema:address": [
        {
          "@id": "https://data.datatourisme.fr/f1ffd336-8598-30ec-9456-5d16d916c62f",
          "schema:addressLocality": "Bussy-Saint-Georges",
          "schema:postalCode": "77600",
          "schema:streetAddress": [
            "33 Boulevard Thibaud de Champagne"
          ],
          "@type": [
            "schema:PostalAddress",
            "PostalAddress"
          ],
          "hasAddressCity": {
            "@id": "kb:77058",
            "@type": [
              "City"
            ],
            "rdfs:label": {
              "de": [
                "Bussy-Saint-Georges"
              ],
              "pt": [
                "Bussy-Saint-Georges"
              ],
              "en": [
                "Bussy-Saint-Georges"
              ],
              "it": [
                "Bussy-Saint-Georges"
              ],
              "fr": [
                "Bussy-Saint-Georges"
              ],
              "nl": [
                "Bussy-Saint-Georges"
              ],
              "es": [
                "Bussy-Saint-Georges"
              ]
            },
            "insee": "77058",
            "isPartOfDepartment": {
              "@id": "kb:France1177",
              "@type": [
                "Department"
              ],
              "rdfs:label": {
                "de": [
                  "Seine-et-Marne"
                ],
                "pt": [
                  "Seine-et-Marne"
                ],
                "en": [
                  "Seine-et-Marne"
                ],
                "it": [
                  "Seine-et-Marne"
                ],
                "fr": [
                  "Seine-et-Marne"
                ],
                "nl": [
                  "Seine-et-Marne"
                ],
                "es": [
                  "Seine-et-Marne"
                ]
              },
              "insee": "77",
              "isPartOfRegion": {
                "@id": "kb:France11",
                "@type": [
                  "Region"
                ],
                "rdfs:label": {
                  "de": [
                    "Île-de-France"
                  ],
                  "pt": [
                    "Île-de-France"
                  ],
                  "en": [
                    "Île-de-France"
                  ],
                  "it": [
                    "Île-de-France"
                  ],
                  "fr": [
                    "Île-de-France"
                  ],
                  "nl": [
                    "Île-de-France"
                  ],
                  "es": [
                    "Île-de-France"
                  ]
                },
                "insee": "11",
                "isPartOfCountry": {
                  "@id": "kb:France",
                  "@type": [
                    "schema:Country"
                  ],
                  "rdfs:label": {
                    "de": [
                      "France",
                      "Frankreich"
                    ],
                    "pt": [
                      "França",
                      "France"
                    ],
                    "en": [
                      "France"
                    ],
                    "it": [
                      "France",
                      "Francia"
                    ],
                    "fr": [
                      "France"
                    ],
                    "nl": [
                      "France",
                      "Frankrijk"
                    ],
                    "es": [
                      "France",
                      "Francia"
                    ]
                  }
                }
              }
            }
          }
        }
      ],
      "schema:geo": {
        "@id": "https://data.datatourisme.fr/e4dc7c11-55a3-341e-ad32-c064f327c5b2",
        "schema:latitude": "48.839748",
        "schema:longitude": "2.716133",
        "@type": [
          "schema:GeoCoordinates"
        ]
      },
      "schema:openingHoursSpecification": [
        {
          "@id": "https://data.datatourisme.fr/f87e535a-636d-3343-ad63-8a03392e7511",
          "schema:validFrom": "2023-01-01T00:00:00",
          "schema:validThrough": "2023-12-31T23:59:59",
          "@type": [
            "schema:OpeningHoursSpecification"
          ]
        }
      ],
      "@type": [
        "schema:Place",
        "Place"
      ]
    }
  ],
  "isOwnedBy": [
    {
      "@id": "https://data.datatourisme.fr/aa5f63c7-f828-3b9c-bf4e-378b5e04afc7",
      "schema:email": [
        "agnes.allanou@marneetgondoire.fr",
        "anne.godin@marneetgondoire.fr"
      ],
      "schema:legalName": "Office de Tourisme de Marne et Gondoire",
      "@type": [
        "schema:Organization",
        "foaf:Agent",
        "Agent"
      ],
      "foaf:homepage": [
        "http://www.marneetgondoire-tourisme.fr/"
      ]
    }
  ],
  "lastUpdate": "2022-05-25",
  "lastUpdateDatatourisme": "2023-02-22T06:42:37.67Z"
}