{
  "@id": "https://data.datatourisme.fr/13/09ec461f-faf3-3ef6-a8d0-4f1de98b0e0a",
  "dc:identifier": "5257340",
  "@type": [
    "schema:LocalBusiness",
    "PlaceOfInterest",
    "PointOfInterest",
    "Store"
  ],
  "rdfs:comment": {
    "de": [
      "Le comptoir des pipelettes ist eine Konditorei, ein Teesalon und ein kleines Restaurant, das auch kulinarische Workshops anbietet."
    ],
    "en": [
      "The \"comptoir des pipelettes\" is a pastry shop, tea room and small restaurant which also offers culinary workshops."
    ],
    "it": [
      "Le comptoir des pipelettes è una pasticceria, sala da tè e snack bar che offre anche laboratori culinari."
    ],
    "fr": [
      "Le comptoir des pipelettes est une pâtisserie, salon de thé et petite restauration qui propose également des ateliers culinaires."
    ],
    "nl": [
      "Le comptoir des pipelettes is een banketbakkerij, theesalon en snackbar die ook culinaire workshops aanbiedt."
    ],
    "es": [
      "Le comptoir des pipelettes es una pastelería, salón de té y pequeño restaurante que también ofrece talleres culinarios."
    ]
  },
  "rdfs:label": {
    "fr": [
      "Le comptoir des pipelettes"
    ]
  },
  "hasBeenCreatedBy": {
    "@id": "https://data.datatourisme.fr/13/5a142a55-461d-3fef-816a-cfb927fee0bd",
    "dc:identifier": "1710",
    "schema:email": [
      "ebasset@yvelines.fr",
      "tourisme@yvelines.fr"
    ],
    "schema:legalName": "Conseil Départemental des Yvelines",
    "@type": [
      "schema:Organization",
      "foaf:Agent",
      "Agent"
    ]
  },
  "hasBeenPublishedBy": [
    {
      "@id": "https://data.datatourisme.fr/8a9feb4b-2cbd-3d2c-b507-bd6c6776b23b",
      "schema:legalName": "Apidae Tourisme Scic SA - source : Apidae Tourisme",
      "@type": [
        "schema:Organization",
        "foaf:Agent",
        "Agent"
      ],
      "foaf:homepage": [
        "https://www.apidae-tourisme.com/"
      ]
    }
  ],
  "hasContact": [
    {
      "@id": "https://data.datatourisme.fr/a7b99264-4c14-3829-a4b3-7316ef50df52",
      "schema:email": [
        "lespipelettes@orange.fr"
      ],
      "schema:telephone": [
        "+33 9 52 63 07 86"
      ],
      "@type": [
        "foaf:Agent",
        "Agent"
      ],
      "foaf:homepage": [
        "http://www.lecomptoirdespipelettes.fr/"
      ]
    }
  ],
  "hasDescription": [
    {
      "@id": "https://data.datatourisme.fr/d6df3f54-a46d-3203-bfa0-11f0bdaf2a7d",
      "@type": [
        "Description"
      ],
      "hasTranslatedProperty": [
        {
          "@id": "https://data.datatourisme.fr/1ea92d50-ba39-3459-b880-e11d7f35965b",
          "dc:contributor": [
            "https://api.deepl.com/v2/translate"
          ],
          "rdf:language": [
            "es"
          ],
          "rdf:predicate": [
            "shortDescription"
          ]
        },
        {
          "@id": "https://data.datatourisme.fr/851a3279-9c33-3585-8173-04ba302c96e8",
          "dc:contributor": [
            "https://api.deepl.com/v2/translate"
          ],
          "rdf:language": [
            "it"
          ],
          "rdf:predicate": [
            "shortDescription"
          ]
        },
        {
          "@id": "https://data.datatourisme.fr/ac004736-a69f-3763-a56b-4401850c24bd",
          "dc:contributor": [
            "https://api.deepl.com/v2/translate"
          ],
          "rdf:language": [
            "en"
          ],
          "rdf:predicate": [
            "shortDescription"
          ]
        },
        {
          "@id": "https://data.datatourisme.fr/ed60f505-3af4-3b98-b075-ec639e3764b2",
          "dc:contributor": [
            "https://api.deepl.com/v2/translate"
          ],
          "rdf:language": [
            "de"
          ],
          "rdf:predicate": [
            "shortDescription"
          ]
        },
        {
          "@id": "https://data.datatourisme.fr/ff557ccb-a6c0-3edf-bd74-19250597a3a5",
          "dc:contributor": [
            "https://api.deepl.com/v2/translate"
          ],
          "rdf:language": [
            "nl"
          ],
          "rdf:predicate": [
            "shortDescription"
          ]
        }
      ],
      "shortDescription": {
        "de": [
          "Le comptoir des pipelettes ist eine Konditorei, ein Teesalon und ein kleines Restaurant, das auch kulinarische Workshops anbietet."
        ],
        "en": [
          "The \"comptoir des pipelettes\" is a pastry shop, tea room and small restaurant which also offers culinary workshops."
        ],
        "it": [
          "Le comptoir des pipelettes è una pasticceria, sala da tè e snack bar che offre anche laboratori culinari."
        ],
        "fr": [
          "Le comptoir des pipelettes est une pâtisserie, salon de thé et petite restauration qui propose également des ateliers culinaires."
        ],
        "nl": [
          "Le comptoir des pipelettes is een banketbakkerij, theesalon en snackbar die ook culinaire workshops aanbiedt."
        ],
        "es": [
          "Le comptoir des pipelettes es una pastelería, salón de té y pequeño restaurante que también ofrece talleres culinarios."
        ]
      }
    }
  ],
  "hasTranslatedProperty": [
    {
      "@id": "https://data.datatourisme.fr/0dd39c9b-aa12-352e-8139-70e0ad979cde",
      "dc:contributor": [
        "https://api.deepl.com/v2/translate"
      ],
      "rdf:language": [
        "nl"
      ],
      "rdf:predicate": [
        {
          "@id": "rdfs:comment"
        }
      ]
    },
    {
      "@id": "https://data.datatourisme.fr/3452dee3-afb4-3a71-bf85-6a5d128cd0a4",
      "dc:contributor": [
        "https://api.deepl.com/v2/translate"
      ],
      "rdf:language": [
        "en"
      ],
      "rdf:predicate": [
        {
          "@id": "rdfs:comment"
        }
      ]
    },
    {
      "@id": "https://data.datatourisme.fr/3782568d-16aa-3284-846c-3b42d398eea6",
      "dc:contributor": [
        "https://api.deepl.com/v2/translate"
      ],
      "rdf:language": [
        "es"
      ],
      "rdf:predicate": [
        {
          "@id": "rdfs:comment"
        }
      ]
    },
    {
      "@id": "https://data.datatourisme.fr/7957ea36-9818-3fe6-9b7e-05964030520a",
      "dc:contributor": [
        "https://api.deepl.com/v2/translate"
      ],
      "rdf:language": [
        "it"
      ],
      "rdf:predicate": [
        {
          "@id": "rdfs:comment"
        }
      ]
    },
    {
      "@id": "https://data.datatourisme.fr/9ed260af-31cb-3b03-b0e5-7da5fdadb998",
      "dc:contributor": [
        "https://api.deepl.com/v2/translate"
      ],
      "rdf:language": [
        "de"
      ],
      "rdf:predicate": [
        {
          "@id": "rdfs:comment"
        }
      ]
    }
  ],
  "isLocatedAt": [
    {
      "@id": "https://data.datatourisme.fr/7f939198-406d-3d8f-911b-bc008cbe858c",
      "schema:address": [
        {
          "@id": "https://data.datatourisme.fr/cb48e3df-66b6-3c1b-ab34-0938ff05c3dc",
          "schema:addressLocality": "Fontenay-aux-Roses",
          "schema:postalCode": "92260",
          "schema:streetAddress": [
            "83 rue Boucicaut"
          ],
          "@type": [
            "schema:PostalAddress",
            "PostalAddress"
          ],
          "hasAddressCity": {
            "@id": "kb:92032",
            "@type": [
              "City"
            ],
            "rdfs:label": {
              "de": [
                "Fontenay-aux-Roses"
              ],
              "pt": [
                "Fontenay-aux-Roses"
              ],
              "en": [
                "Fontenay-aux-Roses"
              ],
              "it": [
                "Fontenay-aux-Roses"
              ],
              "fr": [
                "Fontenay-aux-Roses"
              ],
              "nl": [
                "Fontenay-aux-Roses"
              ],
              "es": [
                "Fontenay-aux-Roses"
              ]
            },
            "insee": "92032",
            "isPartOfDepartment": {
              "@id": "kb:France1192",
              "@type": [
                "Department"
              ],
              "rdfs:label": {
                "de": [
                  "Hauts-de-Seine"
                ],
                "pt": [
                  "Hauts-de-Seine"
                ],
                "en": [
                  "Hauts-de-Seine"
                ],
                "it": [
                  "Hauts-de-Seine"
                ],
                "fr": [
                  "Hauts-de-Seine"
                ],
                "nl": [
                  "Hauts-de-Seine"
                ],
                "es": [
                  "Hauts-de-Seine"
                ]
              },
              "insee": "92",
              "isPartOfRegion": {
                "@id": "kb:France11",
                "@type": [
                  "Region"
                ],
                "rdfs:label": {
                  "de": [
                    "Île-de-France"
                  ],
                  "pt": [
                    "Île-de-France"
                  ],
                  "en": [
                    "Île-de-France"
                  ],
                  "it": [
                    "Île-de-France"
                  ],
                  "fr": [
                    "Île-de-France"
                  ],
                  "nl": [
                    "Île-de-France"
                  ],
                  "es": [
                    "Île-de-France"
                  ]
                },
                "insee": "11",
                "isPartOfCountry": {
                  "@id": "kb:France",
                  "@type": [
                    "schema:Country"
                  ],
                  "rdfs:label": {
                    "de": [
                      "France",
                      "Frankreich"
                    ],
                    "pt": [
                      "França",
                      "France"
                    ],
                    "en": [
                      "France"
                    ],
                    "it": [
                      "France",
                      "Francia"
                    ],
                    "fr": [
                      "France"
                    ],
                    "nl": [
                      "France",
                      "Frankrijk"
                    ],
                    "es": [
                      "France",
                      "Francia"
                    ]
                  }
                }
              }
            }
          }
        }
      ],
      "schema:geo": {
        "@id": "https://data.datatourisme.fr/2613d0a4-3027-31b9-99fb-12b95f0a1795",
        "schema:latitude": "48.791734",
        "schema:longitude": "2.285873",
        "@type": [
          "schema:GeoCoordinates"
        ]
      },
      "schema:openingHoursSpecification": [
        {
          "@id": "https://data.datatourisme.fr/96d6f7ba-989c-3451-9527-ad716f184bac",
          "schema:validFrom": "2023-01-01T00:00:00",
          "schema:validThrough": "2023-12-31T23:59:59",
          "@type": [
            "schema:OpeningHoursSpecification"
          ],
          "additionalInformation": {
            "de": [
              "Dienstag bis Samstag von 8:00 bis 19:00 Uhr und Sonntag von 9:00 bis 13:00 Uhr"
            ],
            "en": [
              "Tuesday to Saturday from 8:00 am to 7:00 pm and Sunday from 9:00 am to 1:00 pm"
            ],
            "it": [
              "Da martedì a sabato dalle 8:00 alle 19:00 e domenica dalle 9:00 alle 13:00"
            ],
            "fr": [
              "Du mardi au samedi de 8h00 à 19h00 et le dimanche de 9h00 à 13h00"
            ],
            "nl": [
              "Dinsdag t/m zaterdag van 8.00 tot 19.00 uur en zondag van 9.00 tot 13.00 uur"
            ],
            "es": [
              "De martes a sábado de 8:00 a 19:00 y los domingos de 9:00 a 13:00"
            ]
          },
          "hasTranslatedProperty": [
            {
              "@id": "https://data.datatourisme.fr/68c71dab-61ef-31f9-90a9-65205b729d36",
              "dc:contributor": [
                "https://api.deepl.com/v2/translate"
              ],
              "rdf:language": [
                "de"
              ],
              "rdf:predicate": [
                "additionalInformation"
              ]
            },
            {
              "@id": "https://data.datatourisme.fr/83257ee3-d176-337a-9622-1919869e9d39",
              "dc:contributor": [
                "https://api.deepl.com/v2/translate"
              ],
              "rdf:language": [
                "it"
              ],
              "rdf:predicate": [
                "additionalInformation"
              ]
            },
            {
              "@id": "https://data.datatourisme.fr/8364702a-b335-3fd2-911d-f871b4201d4b",
              "dc:contributor": [
                "https://api.deepl.com/v2/translate"
              ],
              "rdf:language": [
                "nl"
              ],
              "rdf:predicate": [
                "additionalInformation"
              ]
            },
            {
              "@id": "https://data.datatourisme.fr/dafc3da2-104c-3c12-9b28-03ca8ed41f02",
              "dc:contributor": [
                "https://api.deepl.com/v2/translate"
              ],
              "rdf:language": [
                "en"
              ],
              "rdf:predicate": [
                "additionalInformation"
              ]
            },
            {
              "@id": "https://data.datatourisme.fr/e6686e10-0842-36eb-8239-e995ae298350",
              "dc:contributor": [
                "https://api.deepl.com/v2/translate"
              ],
              "rdf:language": [
                "es"
              ],
              "rdf:predicate": [
                "additionalInformation"
              ]
            }
          ]
        }
      ],
      "@type": [
        "schema:Place",
        "Place"
      ]
    }
  ],
  "isOwnedBy": [
    {
      "@id": "https://data.datatourisme.fr/51418642-d8c7-3896-8f4e-6e25435e4c26",
      "schema:email": [
        "ebasset@yvelines.fr",
        "tourisme@yvelines.fr"
      ],
      "schema:legalName": "Conseil Départemental des Yvelines",
      "@type": [
        "schema:Organization",
        "foaf:Agent",
        "Agent"
      ]
    }
  ],
  "lastUpdate": "2021-01-15",
  "lastUpdateDatatourisme": "2023-02-01T18:07:35.843Z"
}