{
  "@id": "https://data.datatourisme.fr/13/08202eb7-7ce6-34bb-a450-c20e9194fbe2",
  "dc:identifier": "4879135",
  "@type": [
    "PlaceOfInterest",
    "PointOfInterest",
    "SportsAndLeisurePlace"
  ],
  "rdfs:comment": {
    "de": [
      "Seit dem 30. Januar 1967 entwickelt der Yacht Club du Pecq den Segelsport in der Region Île-de-France, insbesondere im Departement Yvelines zwischen Le Port-Marly und Le Pecq."
    ],
    "en": [
      "Since 30 January 1967, the Yacht Club du Pecq, based in Yvelines between Le Port-Marly and Le Pecq, has contributed to the development of sailing activities in Île-de-France."
    ],
    "it": [
      "Dal 30 gennaio 1967, lo Yacht Club du Pecq sviluppa la pratica della vela nell'Ile-de-France, e più in particolare nelle Yvelines, tra Le Port-Marly e Le Pecq."
    ],
    "fr": [
      "Depuis le 30 janvier 1967, le Yacht Club du Pecq développe la pratique de la voile en Île-de-France, et plus particulièrement dans les Yvelines, entre Le Port-Marly et Le Pecq."
    ],
    "nl": [
      "Sinds 30 januari 1967 ontwikkelt de Yacht Club du Pecq de beoefening van de zeilsport in Ile-de-France, en meer bepaald in de Yvelines, tussen Le Port-Marly en Le Pecq."
    ],
    "es": [
      "Desde el 30 de enero de 1967, el Yacht Club du Pecq desarrolla la práctica de la vela en Ile-de-France, y más concretamente en los Yvelines, entre Le Port-Marly y Le Pecq."
    ]
  },
  "rdfs:label": {
    "en": [
      "Yacht Club du Pecq"
    ],
    "fr": [
      "Yacht Club du Pecq"
    ]
  },
  "hasBeenCreatedBy": {
    "@id": "https://data.datatourisme.fr/13/1baff70e-2669-3837-a347-efd3a874a341",
    "dc:identifier": "1489",
    "schema:email": [
      "emilie.prai@saintgermainenlaye.fr",
      "emilie.rochat@seine-saintgermain.fr",
      "melissa.moreau@saintgermainenlaye.fr"
    ],
    "schema:legalName": "Office de Tourisme Intercommunal de Saint Germain Boucles de Seine",
    "@type": [
      "schema:Organization",
      "foaf:Agent",
      "Agent"
    ],
    "foaf:homepage": [
      "http://www.reservation.seine-saintgermain.fr/"
    ]
  },
  "hasBeenPublishedBy": [
    {
      "@id": "https://data.datatourisme.fr/8a9feb4b-2cbd-3d2c-b507-bd6c6776b23b",
      "schema:legalName": "Apidae Tourisme Scic SA - source : Apidae Tourisme",
      "@type": [
        "schema:Organization",
        "foaf:Agent",
        "Agent"
      ],
      "foaf:homepage": [
        "https://www.apidae-tourisme.com/"
      ]
    }
  ],
  "hasContact": [
    {
      "@id": "https://data.datatourisme.fr/e68792dc-61dc-3377-b42a-dd0ae4eea46e",
      "schema:email": [
        "secretaire@ycpecq.fr"
      ],
      "schema:telephone": [
        "+33 6 99 81 78 78"
      ],
      "@type": [
        "foaf:Agent",
        "Agent"
      ],
      "foaf:homepage": [
        "http://www.ycpecq.fr/"
      ]
    }
  ],
  "hasDescription": [
    {
      "@id": "https://data.datatourisme.fr/00da42f3-657a-383f-b4bf-b495feba8364",
      "@type": [
        "Description"
      ],
      "hasTranslatedProperty": [
        {
          "@id": "https://data.datatourisme.fr/aeeab6f3-22d5-36d0-be31-8cd5b9d27d42",
          "dc:contributor": [
            "https://api.deepl.com/v2/translate"
          ],
          "rdf:language": [
            "it"
          ],
          "rdf:predicate": [
            "shortDescription"
          ]
        },
        {
          "@id": "https://data.datatourisme.fr/c186435f-7b99-3825-93fc-43e222f898e1",
          "dc:contributor": [
            "https://api.deepl.com/v2/translate"
          ],
          "rdf:language": [
            "de"
          ],
          "rdf:predicate": [
            "shortDescription"
          ]
        },
        {
          "@id": "https://data.datatourisme.fr/c6290df6-8c1c-3ede-a549-be971c53249a",
          "dc:contributor": [
            "https://api.deepl.com/v2/translate"
          ],
          "rdf:language": [
            "es"
          ],
          "rdf:predicate": [
            "shortDescription"
          ]
        },
        {
          "@id": "https://data.datatourisme.fr/fc951a67-b5cf-3104-8586-c6a8f702153f",
          "dc:contributor": [
            "https://api.deepl.com/v2/translate"
          ],
          "rdf:language": [
            "nl"
          ],
          "rdf:predicate": [
            "shortDescription"
          ]
        }
      ],
      "shortDescription": {
        "de": [
          "Seit dem 30. Januar 1967 entwickelt der Yacht Club du Pecq den Segelsport in der Region Île-de-France, insbesondere im Departement Yvelines zwischen Le Port-Marly und Le Pecq."
        ],
        "en": [
          "Since 30 January 1967, the Yacht Club du Pecq, based in Yvelines between Le Port-Marly and Le Pecq, has contributed to the development of sailing activities in Île-de-France."
        ],
        "it": [
          "Dal 30 gennaio 1967, lo Yacht Club du Pecq sviluppa la pratica della vela nell'Ile-de-France, e più in particolare nelle Yvelines, tra Le Port-Marly e Le Pecq."
        ],
        "fr": [
          "Depuis le 30 janvier 1967, le Yacht Club du Pecq développe la pratique de la voile en Île-de-France, et plus particulièrement dans les Yvelines, entre Le Port-Marly et Le Pecq."
        ],
        "nl": [
          "Sinds 30 januari 1967 ontwikkelt de Yacht Club du Pecq de beoefening van de zeilsport in Ile-de-France, en meer bepaald in de Yvelines, tussen Le Port-Marly en Le Pecq."
        ],
        "es": [
          "Desde el 30 de enero de 1967, el Yacht Club du Pecq desarrolla la práctica de la vela en Ile-de-France, y más concretamente en los Yvelines, entre Le Port-Marly y Le Pecq."
        ]
      }
    }
  ],
  "hasTheme": [
    {
      "@id": "kb:SportSailing",
      "@type": [
        "SportsTheme"
      ],
      "rdfs:label": {
        "de": [
          "Segelsport"
        ],
        "pt": [
          "Desporto à vela"
        ],
        "en": [
          "Sport sailing"
        ],
        "it": [
          "Sport di vela"
        ],
        "fr": [
          "Sport à voile"
        ],
        "nl": [
          "Zeilsport"
        ],
        "es": [
          "Deportes de vela"
        ]
      }
    }
  ],
  "hasTranslatedProperty": [
    {
      "@id": "https://data.datatourisme.fr/4085782c-2e4f-3135-adbb-a4accc3935e9",
      "dc:contributor": [
        "https://api.deepl.com/v2/translate"
      ],
      "rdf:language": [
        "de"
      ],
      "rdf:predicate": [
        {
          "@id": "rdfs:comment"
        }
      ]
    },
    {
      "@id": "https://data.datatourisme.fr/48246929-498e-31e6-9d60-33c63c7f2874",
      "dc:contributor": [
        "https://api.deepl.com/v2/translate"
      ],
      "rdf:language": [
        "es"
      ],
      "rdf:predicate": [
        {
          "@id": "rdfs:comment"
        }
      ]
    },
    {
      "@id": "https://data.datatourisme.fr/a1ac12c3-e51b-3f68-92c8-b54d5a2b7609",
      "dc:contributor": [
        "https://api.deepl.com/v2/translate"
      ],
      "rdf:language": [
        "it"
      ],
      "rdf:predicate": [
        {
          "@id": "rdfs:comment"
        }
      ]
    },
    {
      "@id": "https://data.datatourisme.fr/ac545755-a3f9-370a-b530-f3d9c6c65d35",
      "dc:contributor": [
        "https://api.deepl.com/v2/translate"
      ],
      "rdf:language": [
        "nl"
      ],
      "rdf:predicate": [
        {
          "@id": "rdfs:comment"
        }
      ]
    }
  ],
  "isLocatedAt": [
    {
      "@id": "https://data.datatourisme.fr/979cb2b4-c2b9-3701-be89-62daca3d235e",
      "schema:address": [
        {
          "@id": "https://data.datatourisme.fr/48fa7d04-b986-312d-949b-7147ad0f579b",
          "schema:addressLocality": "Le Pecq",
          "schema:postalCode": "78230",
          "schema:streetAddress": [
            "1 Boulevard de la Libération",
            "Base nautique Marcel Guillot"
          ],
          "@type": [
            "schema:PostalAddress",
            "PostalAddress"
          ],
          "hasAddressCity": {
            "@id": "kb:78481",
            "@type": [
              "City"
            ],
            "rdfs:label": {
              "de": [
                "Le Pecq"
              ],
              "pt": [
                "Le Pecq"
              ],
              "en": [
                "Le Pecq"
              ],
              "it": [
                "Le Pecq"
              ],
              "fr": [
                "Le Pecq"
              ],
              "nl": [
                "Le Pecq"
              ],
              "es": [
                "Le Pecq"
              ]
            },
            "insee": "78481",
            "isPartOfDepartment": {
              "@id": "kb:France1178",
              "@type": [
                "Department"
              ],
              "rdfs:label": {
                "de": [
                  "Yvelines"
                ],
                "pt": [
                  "Yvelines"
                ],
                "en": [
                  "Yvelines"
                ],
                "it": [
                  "Yvelines"
                ],
                "fr": [
                  "Yvelines"
                ],
                "nl": [
                  "Yvelines"
                ],
                "es": [
                  "Yvelines"
                ]
              },
              "insee": "78",
              "isPartOfRegion": {
                "@id": "kb:France11",
                "@type": [
                  "Region"
                ],
                "rdfs:label": {
                  "de": [
                    "Île-de-France"
                  ],
                  "pt": [
                    "Île-de-France"
                  ],
                  "en": [
                    "Île-de-France"
                  ],
                  "it": [
                    "Île-de-France"
                  ],
                  "fr": [
                    "Île-de-France"
                  ],
                  "nl": [
                    "Île-de-France"
                  ],
                  "es": [
                    "Île-de-France"
                  ]
                },
                "insee": "11",
                "isPartOfCountry": {
                  "@id": "kb:France",
                  "@type": [
                    "schema:Country"
                  ],
                  "rdfs:label": {
                    "de": [
                      "France",
                      "Frankreich"
                    ],
                    "pt": [
                      "França",
                      "France"
                    ],
                    "en": [
                      "France"
                    ],
                    "it": [
                      "France",
                      "Francia"
                    ],
                    "fr": [
                      "France"
                    ],
                    "nl": [
                      "France",
                      "Frankrijk"
                    ],
                    "es": [
                      "France",
                      "Francia"
                    ]
                  }
                }
              }
            }
          }
        }
      ],
      "schema:geo": {
        "@id": "https://data.datatourisme.fr/b0a852eb-67bc-3bbd-9dc5-8c8efbf81b1d",
        "schema:latitude": "48.894072",
        "schema:longitude": "2.109427",
        "@type": [
          "schema:GeoCoordinates"
        ]
      },
      "schema:openingHoursSpecification": [
        {
          "@id": "https://data.datatourisme.fr/8512ef59-0091-33b3-9f06-00f588339612",
          "schema:validFrom": "2023-01-01T00:00:00",
          "schema:validThrough": "2023-12-31T23:59:59",
          "@type": [
            "schema:OpeningHoursSpecification"
          ],
          "additionalInformation": {
            "de": [
              "Durchführung von Segelkursen während der Schulferien (1 Woche in den Frühlings- und Allerheiligenferien und 3 bis 4 Wochen in den Sommerferien)."
            ],
            "en": [
              "Setting up sailing courses during school holidays (1 week during the spring and autumn holidays, and 3 to 4 weeks during the summer holidays)."
            ],
            "it": [
              "Corsi di vela durante le vacanze scolastiche (1 settimana durante le vacanze di primavera e Ognissanti, e da 3 a 4 settimane durante le vacanze estive)."
            ],
            "fr": [
              "Mise en place de stages de voile pendant les vacances scolaires (1 semaine au vacances de Printemps et de Toussaints, et 3 à 4 semaines pendant les vacances d’été)."
            ],
            "nl": [
              "Zeilcursussen tijdens de schoolvakanties (1 week tijdens de voorjaarsvakantie en de Allerheiligenvakantie, en 3 tot 4 weken tijdens de zomervakantie)."
            ],
            "es": [
              "Cursos de vela durante las vacaciones escolares (1 semana durante las vacaciones de primavera y de Todos los Santos, y de 3 a 4 semanas durante las vacaciones de verano)."
            ]
          },
          "hasTranslatedProperty": [
            {
              "@id": "https://data.datatourisme.fr/50fd7fe8-150e-32db-a5f5-4805a44682d2",
              "dc:contributor": [
                "https://api.deepl.com/v2/translate"
              ],
              "rdf:language": [
                "nl"
              ],
              "rdf:predicate": [
                "additionalInformation"
              ]
            },
            {
              "@id": "https://data.datatourisme.fr/6a9de710-1601-3292-b2f2-b912d43a7017",
              "dc:contributor": [
                "https://api.deepl.com/v2/translate"
              ],
              "rdf:language": [
                "de"
              ],
              "rdf:predicate": [
                "additionalInformation"
              ]
            },
            {
              "@id": "https://data.datatourisme.fr/7ba7a49a-9007-356f-a529-bf71f03e211f",
              "dc:contributor": [
                "https://api.deepl.com/v2/translate"
              ],
              "rdf:language": [
                "it"
              ],
              "rdf:predicate": [
                "additionalInformation"
              ]
            },
            {
              "@id": "https://data.datatourisme.fr/8e64b91a-42e6-38e4-89a5-5306d5f00f09",
              "dc:contributor": [
                "https://api.deepl.com/v2/translate"
              ],
              "rdf:language": [
                "en"
              ],
              "rdf:predicate": [
                "additionalInformation"
              ]
            },
            {
              "@id": "https://data.datatourisme.fr/ae34f9fa-4ccb-352d-9b8d-893ba4cf692a",
              "dc:contributor": [
                "https://api.deepl.com/v2/translate"
              ],
              "rdf:language": [
                "es"
              ],
              "rdf:predicate": [
                "additionalInformation"
              ]
            }
          ]
        }
      ],
      "@type": [
        "schema:Place",
        "Place"
      ]
    }
  ],
  "isOwnedBy": [
    {
      "@id": "https://data.datatourisme.fr/73484530-94e0-3b9c-86da-e2ddfa7df7ed",
      "schema:email": [
        "emilie.prai@saintgermainenlaye.fr",
        "emilie.rochat@seine-saintgermain.fr",
        "melissa.moreau@saintgermainenlaye.fr"
      ],
      "schema:legalName": "Office de Tourisme Intercommunal de Saint Germain Boucles de Seine",
      "@type": [
        "schema:Organization",
        "foaf:Agent",
        "Agent"
      ],
      "foaf:homepage": [
        "http://www.reservation.seine-saintgermain.fr/"
      ]
    }
  ],
  "lastUpdate": "2021-11-22",
  "lastUpdateDatatourisme": "2023-02-10T06:39:19.963Z"
}