{
  "@id": "https://data.datatourisme.fr/13/088e7479-2792-3aa4-8873-ed43a57ae28d",
  "dc:identifier": "866847",
  "@type": [
    "schema:LocalBusiness",
    "CraftsmanShop",
    "PlaceOfInterest",
    "PointOfInterest",
    "Store"
  ],
  "rdfs:comment": {
    "de": [
      "Raphaël Bonello alias Duloup 28 Création mischt alle Genres; er ist Plastiker, Klangbildhauer, Sammler von Objekten und Lichtregisseur.\r\nDesign - Lichtobjekte - Elektro - Klänge"
    ],
    "en": [
      "Raphaël Bonello alias Duloup 28 Création, mixes all genres; he is a visual artist, sound sculptor, object recoverer and light director.\r\nDesign - Luminous objects - Electro - Sounds"
    ],
    "it": [
      "Raphaël Bonello, alias Duloup 28 Création, mescola tutti i generi: è un artista plastico, uno scultore del suono, un recuperatore di oggetti e un regista di luci.\r\nDesign - Oggetti luminosi - Elettro - Suoni"
    ],
    "fr": [
      "Raphaël Bonello alias Duloup 28 Création, mêle  tous les genres; il est plasticien, sculpteur sonore, récupérateur d'objets et metteur en scène de la lumière.\r\nDesign - Objets lumineux - Electro - Sons"
    ],
    "es": [
      "Raphaël Bonello, alias Duloup 28 Création, mezcla todos los géneros; es artista plástico, escultor sonoro, recuperador de objetos y director de luces.\r\nDiseño - Objetos luminosos - Electro - Sonidos"
    ],
    "nl": [
      "Raphaël Bonello, alias Duloup 28 Création, mengt alle genres; hij is plastisch kunstenaar, geluidssculpturist, objectrecuperator en lichtregisseur.\r\nOntwerp - Lichtobjecten - Elektro - Geluiden"
    ]
  },
  "rdfs:label": {
    "fr": [
      "Duloup 28 Creation"
    ]
  },
  "hasBeenCreatedBy": {
    "@id": "https://data.datatourisme.fr/13/3806734b-256c-37e4-9ec2-c6bffa26d9e7",
    "dc:identifier": "1028",
    "schema:email": [
      "agnes.allanou@marneetgondoire.fr",
      "anne.godin@marneetgondoire.fr"
    ],
    "schema:legalName": "Office de Tourisme de Marne et Gondoire",
    "@type": [
      "schema:Organization",
      "foaf:Agent",
      "Agent"
    ],
    "foaf:homepage": [
      "http://www.marneetgondoire-tourisme.fr/"
    ]
  },
  "hasBeenPublishedBy": [
    {
      "@id": "https://data.datatourisme.fr/1db24fc4-b534-39bf-bdaf-152c6f98730e",
      "schema:legalName": "Seine et Marne Attractivité - source : Apidae Tourisme",
      "@type": [
        "schema:Organization",
        "foaf:Agent",
        "Agent"
      ],
      "foaf:homepage": [
        "https://www.apidae-tourisme.com/"
      ]
    }
  ],
  "hasContact": [
    {
      "@id": "https://data.datatourisme.fr/48829c83-3f8a-3645-99ad-b67e28ffbc34",
      "schema:email": [
        "duloup28@gmail.com"
      ],
      "schema:telephone": [
        "+33 6 03 28 48 42"
      ],
      "@type": [
        "foaf:Agent",
        "Agent"
      ],
      "foaf:homepage": [
        "http://duloup28.com/"
      ]
    }
  ],
  "hasDescription": [
    {
      "@id": "https://data.datatourisme.fr/075367b6-7912-3640-8692-a2051a34165a",
      "@type": [
        "Description"
      ],
      "hasTranslatedProperty": [
        {
          "@id": "https://data.datatourisme.fr/225d4614-6c99-329f-b487-ee3087edb628",
          "dc:contributor": [
            "https://api.deepl.com/v2/translate"
          ],
          "rdf:language": [
            "en"
          ],
          "rdf:predicate": [
            "shortDescription"
          ]
        },
        {
          "@id": "https://data.datatourisme.fr/29b184d7-e268-32c2-9421-53383fc3ac88",
          "dc:contributor": [
            "https://api.deepl.com/v2/translate"
          ],
          "rdf:language": [
            "it"
          ],
          "rdf:predicate": [
            "shortDescription"
          ]
        },
        {
          "@id": "https://data.datatourisme.fr/389601bd-a5d8-3a7e-8a4c-85d7cbd84474",
          "dc:contributor": [
            "https://api.deepl.com/v2/translate"
          ],
          "rdf:language": [
            "de"
          ],
          "rdf:predicate": [
            "shortDescription"
          ]
        },
        {
          "@id": "https://data.datatourisme.fr/767385fc-46e5-3f07-92b2-7b777944e920",
          "dc:contributor": [
            "https://api.deepl.com/v2/translate"
          ],
          "rdf:language": [
            "nl"
          ],
          "rdf:predicate": [
            "shortDescription"
          ]
        },
        {
          "@id": "https://data.datatourisme.fr/f2fb64af-a7ec-3c0e-a86c-b84587480066",
          "dc:contributor": [
            "https://api.deepl.com/v2/translate"
          ],
          "rdf:language": [
            "es"
          ],
          "rdf:predicate": [
            "shortDescription"
          ]
        }
      ],
      "shortDescription": {
        "de": [
          "Raphaël Bonello alias Duloup 28 Création mischt alle Genres; er ist Plastiker, Klangbildhauer, Sammler von Objekten und Lichtregisseur.\r\nDesign - Lichtobjekte - Elektro - Klänge"
        ],
        "en": [
          "Raphaël Bonello alias Duloup 28 Création, mixes all genres; he is a visual artist, sound sculptor, object recoverer and light director.\r\nDesign - Luminous objects - Electro - Sounds"
        ],
        "it": [
          "Raphaël Bonello, alias Duloup 28 Création, mescola tutti i generi: è un artista plastico, uno scultore del suono, un recuperatore di oggetti e un regista di luci.\r\nDesign - Oggetti luminosi - Elettro - Suoni"
        ],
        "fr": [
          "Raphaël Bonello alias Duloup 28 Création, mêle  tous les genres; il est plasticien, sculpteur sonore, récupérateur d'objets et metteur en scène de la lumière.\r\nDesign - Objets lumineux - Electro - Sons"
        ],
        "es": [
          "Raphaël Bonello, alias Duloup 28 Création, mezcla todos los géneros; es artista plástico, escultor sonoro, recuperador de objetos y director de luces.\r\nDiseño - Objetos luminosos - Electro - Sonidos"
        ],
        "nl": [
          "Raphaël Bonello, alias Duloup 28 Création, mengt alle genres; hij is plastisch kunstenaar, geluidssculpturist, objectrecuperator en lichtregisseur.\r\nOntwerp - Lichtobjecten - Elektro - Geluiden"
        ]
      }
    }
  ],
  "hasTranslatedProperty": [
    {
      "@id": "https://data.datatourisme.fr/88840d5e-32c1-3702-aa79-f8324bd564e8",
      "dc:contributor": [
        "https://api.deepl.com/v2/translate"
      ],
      "rdf:language": [
        "it"
      ],
      "rdf:predicate": [
        {
          "@id": "rdfs:comment"
        }
      ]
    },
    {
      "@id": "https://data.datatourisme.fr/a8eb6808-b191-361a-939c-316b47f7c042",
      "dc:contributor": [
        "https://api.deepl.com/v2/translate"
      ],
      "rdf:language": [
        "nl"
      ],
      "rdf:predicate": [
        {
          "@id": "rdfs:comment"
        }
      ]
    },
    {
      "@id": "https://data.datatourisme.fr/dfa9fdc2-a808-33a7-b1e2-a2a81d44ea8b",
      "dc:contributor": [
        "https://api.deepl.com/v2/translate"
      ],
      "rdf:language": [
        "de"
      ],
      "rdf:predicate": [
        {
          "@id": "rdfs:comment"
        }
      ]
    },
    {
      "@id": "https://data.datatourisme.fr/e2be916d-b8d6-3271-ac68-fdc8ae4963eb",
      "dc:contributor": [
        "https://api.deepl.com/v2/translate"
      ],
      "rdf:language": [
        "en"
      ],
      "rdf:predicate": [
        {
          "@id": "rdfs:comment"
        }
      ]
    },
    {
      "@id": "https://data.datatourisme.fr/e698dbb9-76c6-3913-9aa9-69f4ca421a6d",
      "dc:contributor": [
        "https://api.deepl.com/v2/translate"
      ],
      "rdf:language": [
        "es"
      ],
      "rdf:predicate": [
        {
          "@id": "rdfs:comment"
        }
      ]
    }
  ],
  "isLocatedAt": [
    {
      "@id": "https://data.datatourisme.fr/b7ea170b-77ad-3c60-8d50-effebe1568cb",
      "schema:address": [
        {
          "@id": "https://data.datatourisme.fr/89a228c9-0dbc-328b-bc1b-dc48ec201582",
          "schema:addressLocality": "Lagny-sur-Marne",
          "schema:postalCode": "77400",
          "schema:streetAddress": [
            "18 rue Marthe Aureau"
          ],
          "@type": [
            "schema:PostalAddress",
            "PostalAddress"
          ],
          "hasAddressCity": {
            "@id": "kb:77243",
            "@type": [
              "City"
            ],
            "rdfs:label": {
              "de": [
                "Lagny-sur-Marne"
              ],
              "pt": [
                "Lagny-sur-Marne"
              ],
              "en": [
                "Lagny-sur-Marne"
              ],
              "it": [
                "Lagny-sur-Marne"
              ],
              "fr": [
                "Lagny-sur-Marne"
              ],
              "nl": [
                "Lagny-sur-Marne"
              ],
              "es": [
                "Lagny-sur-Marne"
              ]
            },
            "insee": "77243",
            "isPartOfDepartment": {
              "@id": "kb:France1177",
              "@type": [
                "Department"
              ],
              "rdfs:label": {
                "de": [
                  "Seine-et-Marne"
                ],
                "pt": [
                  "Seine-et-Marne"
                ],
                "en": [
                  "Seine-et-Marne"
                ],
                "it": [
                  "Seine-et-Marne"
                ],
                "fr": [
                  "Seine-et-Marne"
                ],
                "nl": [
                  "Seine-et-Marne"
                ],
                "es": [
                  "Seine-et-Marne"
                ]
              },
              "insee": "77",
              "isPartOfRegion": {
                "@id": "kb:France11",
                "@type": [
                  "Region"
                ],
                "rdfs:label": {
                  "de": [
                    "Île-de-France"
                  ],
                  "pt": [
                    "Île-de-France"
                  ],
                  "en": [
                    "Île-de-France"
                  ],
                  "it": [
                    "Île-de-France"
                  ],
                  "fr": [
                    "Île-de-France"
                  ],
                  "nl": [
                    "Île-de-France"
                  ],
                  "es": [
                    "Île-de-France"
                  ]
                },
                "insee": "11",
                "isPartOfCountry": {
                  "@id": "kb:France",
                  "@type": [
                    "schema:Country"
                  ],
                  "rdfs:label": {
                    "de": [
                      "France",
                      "Frankreich"
                    ],
                    "pt": [
                      "França",
                      "France"
                    ],
                    "en": [
                      "France"
                    ],
                    "it": [
                      "France",
                      "Francia"
                    ],
                    "fr": [
                      "France"
                    ],
                    "nl": [
                      "France",
                      "Frankrijk"
                    ],
                    "es": [
                      "France",
                      "Francia"
                    ]
                  }
                }
              }
            }
          }
        }
      ],
      "schema:geo": {
        "@id": "https://data.datatourisme.fr/aefcb595-00ce-3272-ba99-ca7dd6aea00d",
        "schema:latitude": "48.878144",
        "schema:longitude": "2.695722",
        "@type": [
          "schema:GeoCoordinates"
        ]
      },
      "schema:openingHoursSpecification": [
        {
          "@id": "https://data.datatourisme.fr/18c3f229-b963-317b-be4f-dbc473a5fbcb",
          "schema:validFrom": "2023-01-01T00:00:00",
          "schema:validThrough": "2023-12-31T23:59:59",
          "@type": [
            "schema:OpeningHoursSpecification"
          ],
          "additionalInformation": {
            "de": [
              "Nur nach Vereinbarung"
            ],
            "en": [
              "By appointment only"
            ],
            "it": [
              "Solo su appuntamento"
            ],
            "fr": [
              "Uniquement sur rendez-vous"
            ],
            "es": [
              "Sólo con cita previa"
            ],
            "nl": [
              "Alleen op afspraak"
            ]
          },
          "hasTranslatedProperty": [
            {
              "@id": "https://data.datatourisme.fr/0100c7c2-1977-3d80-b950-cae9d402b3a7",
              "dc:contributor": [
                "https://api.deepl.com/v2/translate"
              ],
              "rdf:language": [
                "de"
              ],
              "rdf:predicate": [
                "additionalInformation"
              ]
            },
            {
              "@id": "https://data.datatourisme.fr/56d7564e-18bb-3cae-88ac-f0fbc4136303",
              "dc:contributor": [
                "https://api.deepl.com/v2/translate"
              ],
              "rdf:language": [
                "en"
              ],
              "rdf:predicate": [
                "additionalInformation"
              ]
            },
            {
              "@id": "https://data.datatourisme.fr/6210c961-2f8e-3e72-b6f2-9a91e5ef47cd",
              "dc:contributor": [
                "https://api.deepl.com/v2/translate"
              ],
              "rdf:language": [
                "it"
              ],
              "rdf:predicate": [
                "additionalInformation"
              ]
            },
            {
              "@id": "https://data.datatourisme.fr/6535a02a-492a-3f13-99e0-bb36a48fd0e6",
              "dc:contributor": [
                "https://api.deepl.com/v2/translate"
              ],
              "rdf:language": [
                "nl"
              ],
              "rdf:predicate": [
                "additionalInformation"
              ]
            },
            {
              "@id": "https://data.datatourisme.fr/ebde48ca-2507-3b29-8aaf-9be8c8cb75b4",
              "dc:contributor": [
                "https://api.deepl.com/v2/translate"
              ],
              "rdf:language": [
                "es"
              ],
              "rdf:predicate": [
                "additionalInformation"
              ]
            }
          ]
        }
      ],
      "@type": [
        "schema:Place",
        "Place"
      ]
    }
  ],
  "isOwnedBy": [
    {
      "@id": "https://data.datatourisme.fr/aa5f63c7-f828-3b9c-bf4e-378b5e04afc7",
      "schema:email": [
        "agnes.allanou@marneetgondoire.fr",
        "anne.godin@marneetgondoire.fr"
      ],
      "schema:legalName": "Office de Tourisme de Marne et Gondoire",
      "@type": [
        "schema:Organization",
        "foaf:Agent",
        "Agent"
      ],
      "foaf:homepage": [
        "http://www.marneetgondoire-tourisme.fr/"
      ]
    }
  ],
  "lastUpdate": "2020-10-06",
  "lastUpdateDatatourisme": "2023-02-01T18:07:35.606Z"
}