{
  "@id": "https://data.datatourisme.fr/13/08d236f1-9efc-3333-8f41-89b4cd01d626",
  "dc:identifier": "4871442",
  "schema:endDate": [
    "2023-12-31"
  ],
  "schema:startDate": [
    "2023-01-01"
  ],
  "@type": [
    "schema:Event",
    "schema:SaleEvent",
    "EntertainmentAndEvent",
    "Market",
    "PointOfInterest",
    "SaleEvent"
  ],
  "rdfs:comment": {
    "de": [
      "Markt am Vormittag, Dienstag, Freitag und Sonntag"
    ],
    "en": [
      "Market in the morning, Tuesday, Friday and Sunday"
    ],
    "it": [
      "Mercato mattutino, martedì, venerdì e domenica"
    ],
    "fr": [
      "Marché le matin, mardi, vendredi et dimanche"
    ],
    "nl": [
      "Ochtendmarkt, dinsdag, vrijdag en zondag"
    ],
    "es": [
      "Mercado matutino, martes, viernes y domingo"
    ]
  },
  "rdfs:label": {
    "fr": [
      "Marché Place du Comte Haymon à Corbeil-Essonnes"
    ]
  },
  "hasBeenCreatedBy": {
    "@id": "https://data.datatourisme.fr/13/08fe2621-d8e7-36b0-aec0-da35256a998d",
    "dc:identifier": "1016",
    "schema:email": [
      "direction.tourismegpsses@orange.fr",
      "m.delvalle@tourismegps.com",
      "m.meneur@tourismegps.com",
      "m.pantin@tourismegps.com"
    ],
    "schema:legalName": "Office de Tourisme Grand Paris Sud Seine-Essonne-Sénart",
    "@type": [
      "schema:Organization",
      "foaf:Agent",
      "Agent"
    ],
    "foaf:homepage": [
      "https://tourisme-grandparissud.com/"
    ]
  },
  "hasBeenPublishedBy": [
    {
      "@id": "https://data.datatourisme.fr/8a9feb4b-2cbd-3d2c-b507-bd6c6776b23b",
      "schema:legalName": "Apidae Tourisme Scic SA - source : Apidae Tourisme",
      "@type": [
        "schema:Organization",
        "foaf:Agent",
        "Agent"
      ],
      "foaf:homepage": [
        "https://www.apidae-tourisme.com/"
      ]
    }
  ],
  "hasContact": [
    {
      "@id": "https://data.datatourisme.fr/7eb2da72-2101-335b-afd8-1df17f259e1d",
      "schema:telephone": [
        "+33 1 60 89 71 79"
      ],
      "@type": [
        "foaf:Agent",
        "Agent"
      ],
      "foaf:homepage": [
        "http://www.corbeil-essonnes.com/"
      ]
    }
  ],
  "hasDescription": [
    {
      "@id": "https://data.datatourisme.fr/997d7a95-8ad9-3587-9d55-011b40daef08",
      "@type": [
        "Description"
      ],
      "hasTranslatedProperty": [
        {
          "@id": "https://data.datatourisme.fr/47592459-37f3-39c9-9a7d-a366d58deb83",
          "dc:contributor": [
            "https://api.deepl.com/v2/translate"
          ],
          "rdf:language": [
            "nl"
          ],
          "rdf:predicate": [
            "shortDescription"
          ]
        },
        {
          "@id": "https://data.datatourisme.fr/48effd8b-6de4-39d8-badb-14ea30262361",
          "dc:contributor": [
            "https://api.deepl.com/v2/translate"
          ],
          "rdf:language": [
            "es"
          ],
          "rdf:predicate": [
            "shortDescription"
          ]
        },
        {
          "@id": "https://data.datatourisme.fr/6e058921-e48b-37a7-aa94-00e9531ebd9f",
          "dc:contributor": [
            "https://api.deepl.com/v2/translate"
          ],
          "rdf:language": [
            "it"
          ],
          "rdf:predicate": [
            "shortDescription"
          ]
        },
        {
          "@id": "https://data.datatourisme.fr/c5a4eb11-eaf9-3af3-ac8c-3529494ef1d6",
          "dc:contributor": [
            "https://api.deepl.com/v2/translate"
          ],
          "rdf:language": [
            "de"
          ],
          "rdf:predicate": [
            "shortDescription"
          ]
        },
        {
          "@id": "https://data.datatourisme.fr/f37fb192-785a-32c2-a0eb-a66d36cb1d11",
          "dc:contributor": [
            "https://api.deepl.com/v2/translate"
          ],
          "rdf:language": [
            "en"
          ],
          "rdf:predicate": [
            "shortDescription"
          ]
        }
      ],
      "shortDescription": {
        "de": [
          "Markt am Vormittag, Dienstag, Freitag und Sonntag"
        ],
        "en": [
          "Market in the morning, Tuesday, Friday and Sunday"
        ],
        "it": [
          "Mercato mattutino, martedì, venerdì e domenica"
        ],
        "fr": [
          "Marché le matin, mardi, vendredi et dimanche"
        ],
        "nl": [
          "Ochtendmarkt, dinsdag, vrijdag en zondag"
        ],
        "es": [
          "Mercado matutino, martes, viernes y domingo"
        ]
      }
    }
  ],
  "hasTranslatedProperty": [
    {
      "@id": "https://data.datatourisme.fr/42ca843e-7147-3a00-8662-16543e4b319d",
      "dc:contributor": [
        "https://api.deepl.com/v2/translate"
      ],
      "rdf:language": [
        "nl"
      ],
      "rdf:predicate": [
        {
          "@id": "rdfs:comment"
        }
      ]
    },
    {
      "@id": "https://data.datatourisme.fr/63a07b50-ca39-37fa-b27c-938e6422e6e2",
      "dc:contributor": [
        "https://api.deepl.com/v2/translate"
      ],
      "rdf:language": [
        "de"
      ],
      "rdf:predicate": [
        {
          "@id": "rdfs:comment"
        }
      ]
    },
    {
      "@id": "https://data.datatourisme.fr/78b7f34f-89b8-3488-9296-f75b0dbcf5b4",
      "dc:contributor": [
        "https://api.deepl.com/v2/translate"
      ],
      "rdf:language": [
        "es"
      ],
      "rdf:predicate": [
        {
          "@id": "rdfs:comment"
        }
      ]
    },
    {
      "@id": "https://data.datatourisme.fr/c22cf725-6aaf-38b4-a27d-f4022c789f69",
      "dc:contributor": [
        "https://api.deepl.com/v2/translate"
      ],
      "rdf:language": [
        "en"
      ],
      "rdf:predicate": [
        {
          "@id": "rdfs:comment"
        }
      ]
    },
    {
      "@id": "https://data.datatourisme.fr/ea02eff9-f483-379a-9868-adf815461f4f",
      "dc:contributor": [
        "https://api.deepl.com/v2/translate"
      ],
      "rdf:language": [
        "it"
      ],
      "rdf:predicate": [
        {
          "@id": "rdfs:comment"
        }
      ]
    }
  ],
  "isLocatedAt": [
    {
      "@id": "https://data.datatourisme.fr/ee842936-8f19-3d06-9bf0-1184393267bb",
      "schema:address": [
        {
          "@id": "https://data.datatourisme.fr/43d759e4-00f1-30e3-b714-a22abbd93ec8",
          "schema:addressLocality": "Corbeil-Essonnes",
          "schema:postalCode": "91100",
          "schema:streetAddress": [
            "Place du Comte Haymon"
          ],
          "@type": [
            "schema:PostalAddress",
            "PostalAddress"
          ],
          "hasAddressCity": {
            "@id": "kb:91174",
            "@type": [
              "City"
            ],
            "rdfs:label": {
              "de": [
                "Corbeil-Essonnes"
              ],
              "pt": [
                "Corbeil-Essonnes"
              ],
              "en": [
                "Corbeil-Essonnes"
              ],
              "it": [
                "Corbeil-Essonnes"
              ],
              "fr": [
                "Corbeil-Essonnes"
              ],
              "nl": [
                "Corbeil-Essonnes"
              ],
              "es": [
                "Corbeil-Essonnes"
              ]
            },
            "insee": "91174",
            "isPartOfDepartment": {
              "@id": "kb:France1191",
              "@type": [
                "Department"
              ],
              "rdfs:label": {
                "de": [
                  "Essonne"
                ],
                "pt": [
                  "Essonne"
                ],
                "en": [
                  "Essonne"
                ],
                "it": [
                  "Essonne"
                ],
                "fr": [
                  "Essonne"
                ],
                "nl": [
                  "Essonne"
                ],
                "es": [
                  "Essonne"
                ]
              },
              "insee": "91",
              "isPartOfRegion": {
                "@id": "kb:France11",
                "@type": [
                  "Region"
                ],
                "rdfs:label": {
                  "de": [
                    "Île-de-France"
                  ],
                  "pt": [
                    "Île-de-France"
                  ],
                  "en": [
                    "Île-de-France"
                  ],
                  "it": [
                    "Île-de-France"
                  ],
                  "fr": [
                    "Île-de-France"
                  ],
                  "nl": [
                    "Île-de-France"
                  ],
                  "es": [
                    "Île-de-France"
                  ]
                },
                "insee": "11",
                "isPartOfCountry": {
                  "@id": "kb:France",
                  "@type": [
                    "schema:Country"
                  ],
                  "rdfs:label": {
                    "de": [
                      "France",
                      "Frankreich"
                    ],
                    "pt": [
                      "França",
                      "France"
                    ],
                    "en": [
                      "France"
                    ],
                    "it": [
                      "France",
                      "Francia"
                    ],
                    "fr": [
                      "France"
                    ],
                    "nl": [
                      "France",
                      "Frankrijk"
                    ],
                    "es": [
                      "France",
                      "Francia"
                    ]
                  }
                }
              }
            }
          }
        }
      ],
      "schema:geo": {
        "@id": "https://data.datatourisme.fr/a0ce98c8-bf0c-32de-b78d-e64390383462",
        "schema:latitude": "48.612755",
        "schema:longitude": "2.481977",
        "@type": [
          "schema:GeoCoordinates"
        ]
      },
      "schema:openingHoursSpecification": [
        {
          "@id": "https://data.datatourisme.fr/59d25a09-d5bc-3b4e-8fff-c4c253bcff7c",
          "schema:closes": "13:00:00",
          "schema:opens": "08:00:00",
          "schema:validFrom": "2023-01-01T00:00:00",
          "schema:validThrough": "2023-12-31T23:59:59",
          "@type": [
            "schema:OpeningHoursSpecification"
          ]
        }
      ],
      "@type": [
        "schema:Place",
        "Place"
      ]
    }
  ],
  "isOwnedBy": [
    {
      "@id": "https://data.datatourisme.fr/637365d0-1279-3996-b918-645e6232b2bf",
      "schema:email": [
        "direction.tourismegpsses@orange.fr",
        "m.delvalle@tourismegps.com",
        "m.meneur@tourismegps.com",
        "m.pantin@tourismegps.com"
      ],
      "schema:legalName": "Office de Tourisme Grand Paris Sud Seine-Essonne-Sénart",
      "@type": [
        "schema:Organization",
        "foaf:Agent",
        "Agent"
      ],
      "foaf:homepage": [
        "https://tourisme-grandparissud.com/"
      ]
    }
  ],
  "lastUpdate": "2021-12-06",
  "lastUpdateDatatourisme": "2023-02-01T18:07:36.124Z",
  "takesPlaceAt": [
    {
      "@id": "https://data.datatourisme.fr/f80f1d1e-0a26-39ca-9596-bb4986366036",
      "@type": [
        "Period",
        "RecurrentPeriod"
      ],
      "appliesOnDay": [
        {
          "@id": "schema:Monday",
          "@type": [
            "schema:DayOfWeek"
          ],
          "rdfs:label": {
            "de": [
              "Montag"
            ],
            "pt": [
              "Segunda-feira"
            ],
            "en": [
              "Monday"
            ],
            "it": [
              "Lunedì"
            ],
            "fr": [
              "Lundi"
            ],
            "nl": [
              "Maandag"
            ],
            "es": [
              "Lunes"
            ]
          }
        },
        {
          "@id": "schema:Saturday",
          "@type": [
            "schema:DayOfWeek"
          ],
          "rdfs:label": {
            "de": [
              "Samstag"
            ],
            "pt": [
              "Sábado"
            ],
            "en": [
              "Saturday"
            ],
            "it": [
              "Sabato"
            ],
            "fr": [
              "Samedi"
            ],
            "nl": [
              "Zaterdag"
            ],
            "es": [
              "Sábado"
            ]
          }
        },
        {
          "@id": "schema:Thursday",
          "@type": [
            "schema:DayOfWeek"
          ],
          "rdfs:label": {
            "de": [
              "Donnerstag"
            ],
            "pt": [
              "Quinta-feira"
            ],
            "en": [
              "Thursday"
            ],
            "it": [
              "Giovedì"
            ],
            "fr": [
              "Jeudi"
            ],
            "es": [
              "Jueves"
            ],
            "nl": [
              "Donderdag"
            ]
          }
        },
        {
          "@id": "schema:Wednesday",
          "@type": [
            "schema:DayOfWeek"
          ],
          "rdfs:label": {
            "de": [
              "Mittwoch"
            ],
            "pt": [
              "Quarta-feira"
            ],
            "en": [
              "Wednesday"
            ],
            "it": [
              "Mercoledì"
            ],
            "fr": [
              "Mercredi"
            ],
            "nl": [
              "Woensdag"
            ],
            "es": [
              "Miércoles"
            ]
          }
        }
      ],
      "endDate": "2023-12-31",
      "endTime": "13:00:00",
      "startDate": "2023-01-01",
      "startTime": "08:00:00"
    }
  ]
}