{
  "@id": "https://data.datatourisme.fr/13/0880b80f-96d9-3dda-9bb1-c4049f8991e3",
  "dc:identifier": "6100361",
  "@type": [
    "schema:LocalBusiness",
    "CraftsmanShop",
    "PlaceOfInterest",
    "PointOfInterest",
    "Store"
  ],
  "rdfs:comment": {
    "de": [
      "Ihr Universum ist farbenfroh, Papier wird schick und trendy!"
    ],
    "en": [
      "His universe is colorful, the paper becomes chic and trendy!"
    ],
    "it": [
      "Il suo mondo è colorato, la carta diventa chic e di tendenza!"
    ],
    "fr": [
      "Son univers est coloré, le papier devient chic et branché !"
    ],
    "es": [
      "Su mundo es colorido, el papel se convierte en algo chic y moderno"
    ],
    "nl": [
      "Haar wereld is kleurrijk, papier wordt chic en trendy!"
    ]
  },
  "rdfs:label": {
    "fr": [
      "Marjo-rie pliée en 4"
    ]
  },
  "hasBeenCreatedBy": {
    "@id": "https://data.datatourisme.fr/13/6b180037-abbe-3ea9-91d8-b1232f8a8ca9",
    "dc:identifier": "1013",
    "schema:email": [
      "ca.gicquel@essonnetourisme.com",
      "d.senoalves@essonnetourisme.com"
    ],
    "schema:legalName": "Comité départemental du tourisme de l'Essonne",
    "@type": [
      "schema:Organization",
      "foaf:Agent",
      "Agent"
    ],
    "foaf:homepage": [
      "http://essonnetourisme.com/"
    ]
  },
  "hasBeenPublishedBy": [
    {
      "@id": "https://data.datatourisme.fr/8a9feb4b-2cbd-3d2c-b507-bd6c6776b23b",
      "schema:legalName": "Apidae Tourisme Scic SA - source : Apidae Tourisme",
      "@type": [
        "schema:Organization",
        "foaf:Agent",
        "Agent"
      ],
      "foaf:homepage": [
        "https://www.apidae-tourisme.com/"
      ]
    }
  ],
  "hasContact": [
    {
      "@id": "https://data.datatourisme.fr/de78ed11-1e8c-336e-974e-febdefbe5c99",
      "schema:email": [
        "contact@marjo-rie-pliee-en4.fr"
      ],
      "schema:telephone": [
        "+33 6 46 11 98 59"
      ],
      "@type": [
        "foaf:Agent",
        "Agent"
      ],
      "foaf:homepage": [
        "https://marjo-rie-pliee-en4.fr/"
      ]
    }
  ],
  "hasDescription": [
    {
      "@id": "https://data.datatourisme.fr/6db420df-ebba-32d8-bdce-69e0e7a8bfc0",
      "@type": [
        "Description"
      ],
      "hasTranslatedProperty": [
        {
          "@id": "https://data.datatourisme.fr/366f593d-5a55-327b-a13e-7b01567b116f",
          "dc:contributor": [
            "https://api.deepl.com/v2/translate"
          ],
          "rdf:language": [
            "es"
          ],
          "rdf:predicate": [
            "shortDescription"
          ]
        },
        {
          "@id": "https://data.datatourisme.fr/60cf2977-3ae9-3818-b633-06328ce7088b",
          "dc:contributor": [
            "https://api.deepl.com/v2/translate"
          ],
          "rdf:language": [
            "nl"
          ],
          "rdf:predicate": [
            "shortDescription"
          ]
        },
        {
          "@id": "https://data.datatourisme.fr/6ff8e6cb-2821-3fc4-a31e-bd642f42381c",
          "dc:contributor": [
            "https://api.deepl.com/v2/translate"
          ],
          "rdf:language": [
            "de"
          ],
          "rdf:predicate": [
            "shortDescription"
          ]
        },
        {
          "@id": "https://data.datatourisme.fr/c3522f58-c81d-37b4-8953-3e8f59105e63",
          "dc:contributor": [
            "https://api.deepl.com/v2/translate"
          ],
          "rdf:language": [
            "it"
          ],
          "rdf:predicate": [
            "shortDescription"
          ]
        },
        {
          "@id": "https://data.datatourisme.fr/cc0dd206-a1b6-3615-b633-2c8887dbc5e1",
          "dc:contributor": [
            "https://api.deepl.com/v2/translate"
          ],
          "rdf:language": [
            "en"
          ],
          "rdf:predicate": [
            "shortDescription"
          ]
        }
      ],
      "shortDescription": {
        "de": [
          "Ihr Universum ist farbenfroh, Papier wird schick und trendy!"
        ],
        "en": [
          "His universe is colorful, the paper becomes chic and trendy!"
        ],
        "it": [
          "Il suo mondo è colorato, la carta diventa chic e di tendenza!"
        ],
        "fr": [
          "Son univers est coloré, le papier devient chic et branché !"
        ],
        "es": [
          "Su mundo es colorido, el papel se convierte en algo chic y moderno"
        ],
        "nl": [
          "Haar wereld is kleurrijk, papier wordt chic en trendy!"
        ]
      }
    }
  ],
  "hasTranslatedProperty": [
    {
      "@id": "https://data.datatourisme.fr/443d2de9-68d5-371a-ac29-c11745046525",
      "dc:contributor": [
        "https://api.deepl.com/v2/translate"
      ],
      "rdf:language": [
        "es"
      ],
      "rdf:predicate": [
        {
          "@id": "rdfs:comment"
        }
      ]
    },
    {
      "@id": "https://data.datatourisme.fr/49ed9cc2-2c7f-3ea3-b436-7bb0b9334bbc",
      "dc:contributor": [
        "https://api.deepl.com/v2/translate"
      ],
      "rdf:language": [
        "nl"
      ],
      "rdf:predicate": [
        {
          "@id": "rdfs:comment"
        }
      ]
    },
    {
      "@id": "https://data.datatourisme.fr/6b2c7736-d5f0-3c05-b240-0ed8ffa2fd48",
      "dc:contributor": [
        "https://api.deepl.com/v2/translate"
      ],
      "rdf:language": [
        "it"
      ],
      "rdf:predicate": [
        {
          "@id": "rdfs:comment"
        }
      ]
    },
    {
      "@id": "https://data.datatourisme.fr/c7dc5620-3de2-306c-8bae-8e52d3c08fa6",
      "dc:contributor": [
        "https://api.deepl.com/v2/translate"
      ],
      "rdf:language": [
        "en"
      ],
      "rdf:predicate": [
        {
          "@id": "rdfs:comment"
        }
      ]
    },
    {
      "@id": "https://data.datatourisme.fr/fee474c3-fe1f-3424-b8ba-20e370e69cef",
      "dc:contributor": [
        "https://api.deepl.com/v2/translate"
      ],
      "rdf:language": [
        "de"
      ],
      "rdf:predicate": [
        {
          "@id": "rdfs:comment"
        }
      ]
    }
  ],
  "isLocatedAt": [
    {
      "@id": "https://data.datatourisme.fr/cc144576-44d8-350c-97c2-838759af1011",
      "schema:address": [
        {
          "@id": "https://data.datatourisme.fr/0d963aea-71aa-3db6-be29-b5c3e5a56980",
          "schema:addressLocality": "Lardy",
          "schema:postalCode": "91510",
          "schema:streetAddress": [
            "62 Grande Rue"
          ],
          "@type": [
            "schema:PostalAddress",
            "PostalAddress"
          ],
          "hasAddressCity": {
            "@id": "kb:91330",
            "@type": [
              "City"
            ],
            "rdfs:label": {
              "de": [
                "Lardy"
              ],
              "pt": [
                "Lardy"
              ],
              "en": [
                "Lardy"
              ],
              "it": [
                "Lardy"
              ],
              "fr": [
                "Lardy"
              ],
              "nl": [
                "Lardy"
              ],
              "es": [
                "Lardy"
              ]
            },
            "insee": "91330",
            "isPartOfDepartment": {
              "@id": "kb:France1191",
              "@type": [
                "Department"
              ],
              "rdfs:label": {
                "de": [
                  "Essonne"
                ],
                "pt": [
                  "Essonne"
                ],
                "en": [
                  "Essonne"
                ],
                "it": [
                  "Essonne"
                ],
                "fr": [
                  "Essonne"
                ],
                "nl": [
                  "Essonne"
                ],
                "es": [
                  "Essonne"
                ]
              },
              "insee": "91",
              "isPartOfRegion": {
                "@id": "kb:France11",
                "@type": [
                  "Region"
                ],
                "rdfs:label": {
                  "de": [
                    "Île-de-France"
                  ],
                  "pt": [
                    "Île-de-France"
                  ],
                  "en": [
                    "Île-de-France"
                  ],
                  "it": [
                    "Île-de-France"
                  ],
                  "fr": [
                    "Île-de-France"
                  ],
                  "nl": [
                    "Île-de-France"
                  ],
                  "es": [
                    "Île-de-France"
                  ]
                },
                "insee": "11",
                "isPartOfCountry": {
                  "@id": "kb:France",
                  "@type": [
                    "schema:Country"
                  ],
                  "rdfs:label": {
                    "de": [
                      "France",
                      "Frankreich"
                    ],
                    "pt": [
                      "França",
                      "France"
                    ],
                    "en": [
                      "France"
                    ],
                    "it": [
                      "France",
                      "Francia"
                    ],
                    "fr": [
                      "France"
                    ],
                    "nl": [
                      "France",
                      "Frankrijk"
                    ],
                    "es": [
                      "France",
                      "Francia"
                    ]
                  }
                }
              }
            }
          }
        }
      ],
      "schema:geo": {
        "@id": "https://data.datatourisme.fr/c94a0b69-c9eb-31ec-b41a-c4db84550517",
        "schema:latitude": "48.519056",
        "schema:longitude": "2.263946",
        "@type": [
          "schema:GeoCoordinates"
        ]
      },
      "schema:openingHoursSpecification": [
        {
          "@id": "https://data.datatourisme.fr/f87e535a-636d-3343-ad63-8a03392e7511",
          "schema:validFrom": "2023-01-01T00:00:00",
          "schema:validThrough": "2023-12-31T23:59:59",
          "@type": [
            "schema:OpeningHoursSpecification"
          ]
        }
      ],
      "@type": [
        "schema:Place",
        "Place"
      ]
    }
  ],
  "isOwnedBy": [
    {
      "@id": "https://data.datatourisme.fr/df1ed81c-2924-3bf0-aaab-557628e84eab",
      "schema:email": [
        "ca.gicquel@essonnetourisme.com",
        "d.senoalves@essonnetourisme.com"
      ],
      "schema:legalName": "Comité départemental du tourisme de l'Essonne",
      "@type": [
        "schema:Organization",
        "foaf:Agent",
        "Agent"
      ],
      "foaf:homepage": [
        "http://essonnetourisme.com/"
      ]
    }
  ],
  "lastUpdate": "2022-06-13",
  "lastUpdateDatatourisme": "2023-02-01T18:07:36.009Z"
}