{
  "@id": "https://data.datatourisme.fr/13/0887d044-93b5-35ea-a65e-4e2c153aef3b",
  "dc:identifier": "4901112",
  "@type": [
    "Castle",
    "CulturalSite",
    "PlaceOfInterest",
    "PointOfInterest",
    "RemarkableBuilding"
  ],
  "rdfs:comment": {
    "de": [
      "Dieses kleine architektonische Juwel, das ganz zu Beginn des 20. Jahrhunderts erbaut wurde, erlebte viele kulturelle, festliche und historische Ereignisse, bevor es zum internationalen Gymnasium von Saint-Germain wurde und 1952 seine ersten Schüler begrüßte."
    ],
    "en": [
      "This architectural gem, built in the early 20th century, witnessed numerous cultural, festive and historical events before becoming the Lycée international de Saint-Germain, welcoming its first pupils in 1952."
    ],
    "it": [
      "Questo piccolo gioiello architettonico, costruito agli inizi del XX secolo, è stato testimone di molti eventi culturali, festivi e storici prima di diventare il Lycée International de Saint-Germain e accogliere i suoi primi studenti nel 1952."
    ],
    "fr": [
      "Ce petit bijou d'architecture construit au tout début du XXème siècle, a été le témoin de nombreux événements culturels, festifs et historiques avant de devenir le lycée international de Saint-Germain et d'y accueillir ses premiers élèves en 1952."
    ],
    "zh": [
      "这座始建于20世纪初的建筑瑰宝，见证了许多节日和历史文化事件，并在后来成为圣日耳曼国际中学，于1952年迎来学校的第一批学生。"
    ],
    "es": [
      "Esta pequeña joya arquitectónica, construida a principios del siglo XX, fue testigo de numerosos acontecimientos culturales, festivos e históricos, antes de convertirse en el Instituto Internacional de Saint-Germain y acoger a sus primeros estudiantes en 1952."
    ],
    "nl": [
      "Dit architecturale juweeltje werd gebouwd aan het begin van de 20e eeuw en is getuige geweest van vele culturele, feestelijke en historische evenementen, voordat het in 1952 het internationale lyceum van Saint-Germain werd en in dat jaar de eerste leerlingen ontving."
    ]
  },
  "rdfs:label": {
    "de": [
      "Ein wunderschönes Schloss in einem internationalen Gymnasium"
    ],
    "en": [
      "A splendid château that shares its history with an international lycée"
    ],
    "fr": [
      "Un sublime château ancré dans un lycée international"
    ],
    "zh": [
      "国际中学内的美丽城堡"
    ],
    "es": [
      "Un castillo sublime anclado en un instituto internacional"
    ],
    "nl": [
      "Een prachtig kasteel waar een internationaal lyceum in ligt"
    ]
  },
  "hasBeenCreatedBy": {
    "@id": "https://data.datatourisme.fr/13/1baff70e-2669-3837-a347-efd3a874a341",
    "dc:identifier": "1489",
    "schema:email": [
      "emilie.prai@saintgermainenlaye.fr",
      "emilie.rochat@seine-saintgermain.fr",
      "melissa.moreau@saintgermainenlaye.fr"
    ],
    "schema:legalName": "Office de Tourisme Intercommunal de Saint Germain Boucles de Seine",
    "@type": [
      "schema:Organization",
      "foaf:Agent",
      "Agent"
    ],
    "foaf:homepage": [
      "http://www.reservation.seine-saintgermain.fr/"
    ]
  },
  "hasBeenPublishedBy": [
    {
      "@id": "https://data.datatourisme.fr/8a9feb4b-2cbd-3d2c-b507-bd6c6776b23b",
      "schema:legalName": "Apidae Tourisme Scic SA - source : Apidae Tourisme",
      "@type": [
        "schema:Organization",
        "foaf:Agent",
        "Agent"
      ],
      "foaf:homepage": [
        "https://www.apidae-tourisme.com/"
      ]
    }
  ],
  "hasContact": [
    {
      "@id": "https://data.datatourisme.fr/a8523b97-592a-3f96-bb85-1b345a6c3962",
      "schema:email": [
        "0783549j@ac-versailles.fr"
      ],
      "schema:telephone": [
        "+33 1 39 10 94 11"
      ],
      "@type": [
        "foaf:Agent",
        "Agent"
      ],
      "foaf:homepage": [
        "http://www.lycee-international.ac-versailles.fr/"
      ]
    }
  ],
  "hasDescription": [
    {
      "@id": "https://data.datatourisme.fr/5523ce81-618c-3a31-b274-e69d8521c07e",
      "@type": [
        "Description"
      ],
      "hasTranslatedProperty": [
        {
          "@id": "https://data.datatourisme.fr/8cf8b276-65ea-3ad9-bfb8-5a3cbea39d06",
          "dc:contributor": [
            "https://api.deepl.com/v2/translate"
          ],
          "rdf:language": [
            "it"
          ],
          "rdf:predicate": [
            "shortDescription"
          ]
        }
      ],
      "shortDescription": {
        "de": [
          "Dieses kleine architektonische Juwel, das ganz zu Beginn des 20. Jahrhunderts erbaut wurde, erlebte viele kulturelle, festliche und historische Ereignisse, bevor es zum internationalen Gymnasium von Saint-Germain wurde und 1952 seine ersten Schüler begrüßte."
        ],
        "en": [
          "This architectural gem, built in the early 20th century, witnessed numerous cultural, festive and historical events before becoming the Lycée international de Saint-Germain, welcoming its first pupils in 1952."
        ],
        "it": [
          "Questo piccolo gioiello architettonico, costruito agli inizi del XX secolo, è stato testimone di molti eventi culturali, festivi e storici prima di diventare il Lycée International de Saint-Germain e accogliere i suoi primi studenti nel 1952."
        ],
        "fr": [
          "Ce petit bijou d'architecture construit au tout début du XXème siècle, a été le témoin de nombreux événements culturels, festifs et historiques avant de devenir le lycée international de Saint-Germain et d'y accueillir ses premiers élèves en 1952."
        ],
        "zh": [
          "这座始建于20世纪初的建筑瑰宝，见证了许多节日和历史文化事件，并在后来成为圣日耳曼国际中学，于1952年迎来学校的第一批学生。"
        ],
        "es": [
          "Esta pequeña joya arquitectónica, construida a principios del siglo XX, fue testigo de numerosos acontecimientos culturales, festivos e históricos, antes de convertirse en el Instituto Internacional de Saint-Germain y acoger a sus primeros estudiantes en 1952."
        ],
        "nl": [
          "Dit architecturale juweeltje werd gebouwd aan het begin van de 20e eeuw en is getuige geweest van vele culturele, feestelijke en historische evenementen, voordat het in 1952 het internationale lyceum van Saint-Germain werd en in dat jaar de eerste leerlingen ontving."
        ]
      }
    }
  ],
  "hasTheme": [
    {
      "@id": "kb:Culture",
      "@type": [
        "CulturalTheme"
      ],
      "rdfs:label": {
        "de": [
          "Kultur"
        ],
        "pt": [
          "Cultura"
        ],
        "en": [
          "Culture"
        ],
        "it": [
          "Cultura"
        ],
        "fr": [
          "Culture"
        ],
        "nl": [
          "Cultuur"
        ],
        "es": [
          "Cultura"
        ]
      }
    }
  ],
  "hasTranslatedProperty": [
    {
      "@id": "https://data.datatourisme.fr/1460a610-0eca-3164-8e89-d9f303c21f2f",
      "dc:contributor": [
        "https://api.deepl.com/v2/translate"
      ],
      "rdf:language": [
        "it"
      ],
      "rdf:predicate": [
        {
          "@id": "rdfs:comment"
        }
      ]
    }
  ],
  "isLocatedAt": [
    {
      "@id": "https://data.datatourisme.fr/7d7c4588-7865-3f14-8c24-aa455faf22d5",
      "schema:address": [
        {
          "@id": "https://data.datatourisme.fr/fc3fad26-ac52-308e-b581-ef9b25d174ee",
          "schema:addressLocality": "Saint-Germain-en-Laye",
          "schema:postalCode": "78100",
          "schema:streetAddress": [
            "2 rue du Fer à Cheval"
          ],
          "@type": [
            "schema:PostalAddress",
            "PostalAddress"
          ],
          "hasAddressCity": {
            "@id": "kb:78551",
            "@type": [
              "City"
            ],
            "rdfs:label": {
              "de": [
                "Saint-Germain-en-Laye"
              ],
              "pt": [
                "Saint-Germain-en-Laye"
              ],
              "en": [
                "Saint-Germain-en-Laye"
              ],
              "it": [
                "Saint-Germain-en-Laye"
              ],
              "fr": [
                "Saint-Germain-en-Laye"
              ],
              "nl": [
                "Saint-Germain-en-Laye"
              ],
              "es": [
                "Saint-Germain-en-Laye"
              ]
            },
            "insee": "78551",
            "isPartOfDepartment": {
              "@id": "kb:France1178",
              "@type": [
                "Department"
              ],
              "rdfs:label": {
                "de": [
                  "Yvelines"
                ],
                "pt": [
                  "Yvelines"
                ],
                "en": [
                  "Yvelines"
                ],
                "it": [
                  "Yvelines"
                ],
                "fr": [
                  "Yvelines"
                ],
                "nl": [
                  "Yvelines"
                ],
                "es": [
                  "Yvelines"
                ]
              },
              "insee": "78",
              "isPartOfRegion": {
                "@id": "kb:France11",
                "@type": [
                  "Region"
                ],
                "rdfs:label": {
                  "de": [
                    "Île-de-France"
                  ],
                  "pt": [
                    "Île-de-France"
                  ],
                  "en": [
                    "Île-de-France"
                  ],
                  "it": [
                    "Île-de-France"
                  ],
                  "fr": [
                    "Île-de-France"
                  ],
                  "nl": [
                    "Île-de-France"
                  ],
                  "es": [
                    "Île-de-France"
                  ]
                },
                "insee": "11",
                "isPartOfCountry": {
                  "@id": "kb:France",
                  "@type": [
                    "schema:Country"
                  ],
                  "rdfs:label": {
                    "de": [
                      "France",
                      "Frankreich"
                    ],
                    "pt": [
                      "França",
                      "France"
                    ],
                    "en": [
                      "France"
                    ],
                    "it": [
                      "France",
                      "Francia"
                    ],
                    "fr": [
                      "France"
                    ],
                    "nl": [
                      "France",
                      "Frankrijk"
                    ],
                    "es": [
                      "France",
                      "Francia"
                    ]
                  }
                }
              }
            }
          }
        }
      ],
      "schema:geo": {
        "@id": "https://data.datatourisme.fr/4fa5ba50-fd4c-311c-812c-c846f0e9e66a",
        "schema:latitude": "48.896322",
        "schema:longitude": "2.062217",
        "@type": [
          "schema:GeoCoordinates"
        ]
      },
      "schema:openingHoursSpecification": [
        {
          "@id": "https://data.datatourisme.fr/4b53c912-9053-34ed-a007-960df4cd86b6",
          "schema:validFrom": "2023-01-01T00:00:00",
          "schema:validThrough": "2023-12-31T23:59:59",
          "@type": [
            "schema:OpeningHoursSpecification"
          ],
          "additionalInformation": {
            "de": [
              "Ein Ort, der den kulturellen Aktivitäten der Schüler des Lycée International de Saint-Germain-en-Laye gewidmet ist"
            ],
            "en": [
              "Place dedicated to the cultural activities of the students of the Lycée International de Saint-Germain-en-Laye"
            ],
            "it": [
              "Spazio dedicato alle attività culturali degli studenti del Lycée International de Saint-Germain-en-Laye"
            ],
            "fr": [
              "Lieu dédié aux activités culturelles des élèves du Lycée International de Saint-Germain-en-Laye"
            ],
            "nl": [
              "Plaats gewijd aan de culturele activiteiten van de leerlingen van het Lycée International de Saint-Germain-en-Laye"
            ],
            "es": [
              "Lugar dedicado a las actividades culturales de los alumnos del Liceo Internacional de Saint-Germain-en-Laye"
            ]
          },
          "hasTranslatedProperty": [
            {
              "@id": "https://data.datatourisme.fr/4c7051cf-7bc5-32b7-a5b7-8dae3911eec9",
              "dc:contributor": [
                "https://api.deepl.com/v2/translate"
              ],
              "rdf:language": [
                "it"
              ],
              "rdf:predicate": [
                "additionalInformation"
              ]
            },
            {
              "@id": "https://data.datatourisme.fr/b67a935a-5aae-3053-8314-1ea1eb067e75",
              "dc:contributor": [
                "https://api.deepl.com/v2/translate"
              ],
              "rdf:language": [
                "nl"
              ],
              "rdf:predicate": [
                "additionalInformation"
              ]
            },
            {
              "@id": "https://data.datatourisme.fr/ed71e34c-397b-308a-af78-f6ec607c8fd3",
              "dc:contributor": [
                "https://api.deepl.com/v2/translate"
              ],
              "rdf:language": [
                "de"
              ],
              "rdf:predicate": [
                "additionalInformation"
              ]
            },
            {
              "@id": "https://data.datatourisme.fr/f71bfe09-5f54-3822-b5f6-ec9224f86c9e",
              "dc:contributor": [
                "https://api.deepl.com/v2/translate"
              ],
              "rdf:language": [
                "es"
              ],
              "rdf:predicate": [
                "additionalInformation"
              ]
            },
            {
              "@id": "https://data.datatourisme.fr/fd0bea0d-6c61-36ab-a976-72492ffdb513",
              "dc:contributor": [
                "https://api.deepl.com/v2/translate"
              ],
              "rdf:language": [
                "en"
              ],
              "rdf:predicate": [
                "additionalInformation"
              ]
            }
          ]
        }
      ],
      "@type": [
        "schema:Place",
        "Place"
      ]
    }
  ],
  "isOwnedBy": [
    {
      "@id": "https://data.datatourisme.fr/73484530-94e0-3b9c-86da-e2ddfa7df7ed",
      "schema:email": [
        "emilie.prai@saintgermainenlaye.fr",
        "emilie.rochat@seine-saintgermain.fr",
        "melissa.moreau@saintgermainenlaye.fr"
      ],
      "schema:legalName": "Office de Tourisme Intercommunal de Saint Germain Boucles de Seine",
      "@type": [
        "schema:Organization",
        "foaf:Agent",
        "Agent"
      ],
      "foaf:homepage": [
        "http://www.reservation.seine-saintgermain.fr/"
      ]
    }
  ],
  "lastUpdate": "2018-08-22",
  "lastUpdateDatatourisme": "2023-02-22T06:42:37.646Z"
}