{
  "@id": "https://data.datatourisme.fr/13/089ab61c-d67f-325b-be8a-e23354a72da3",
  "dc:identifier": "725118",
  "@type": [
    "schema:Accommodation",
    "schema:LodgingBusiness",
    "Accommodation",
    "PlaceOfInterest",
    "PointOfInterest"
  ],
  "rdfs:comment": {
    "de": [
      "Im Herzen der Wirtschafts- und Freizeitaktivitäten, nur wenige Minuten vom Disneyland® Paris Park entfernt, empfängt Sie die Résidence Rive Gauche in aller Geselligkeit."
    ],
    "en": [
      "In the heart of the economic and leisure activities, a few minutes from the Disneyland® Paris Park, the Résidence Rive Gauche welcomes you in a friendly atmosphere."
    ],
    "it": [
      "Nel cuore delle attività economiche e ricreative, a pochi minuti da Disneyland® Paris, il Résidence Rive Gauche vi accoglie in un'atmosfera amichevole."
    ],
    "fr": [
      "Au coeur des activités économiques et de loisirs, à quelques minutes du Parc Disneyland® Paris, la Résidence Rive Gauche vous accueille en toute convivialité."
    ],
    "nl": [
      "In het hart van economische en recreatieve activiteiten, op een paar minuten van Disneyland® Parijs, verwelkomt Résidence Rive Gauche u in een vriendelijke sfeer."
    ],
    "es": [
      "En el corazón de las actividades económicas y de ocio, a pocos minutos de Disneyland® París, la Résidence Rive Gauche le da la bienvenida en un ambiente acogedor."
    ]
  },
  "rdfs:label": {
    "fr": [
      "Sejours et Affaires Rive Gauche"
    ]
  },
  "hasBeenCreatedBy": {
    "@id": "https://data.datatourisme.fr/13/cc1aa436-2771-38f6-9cda-703991069eaf",
    "dc:identifier": "977",
    "schema:email": [
      "aurore.luneau@attractivite77.fr",
      "marie.dussouchaut@attractivite77.fr",
      "webmaster@attractivite77.fr"
    ],
    "schema:legalName": "Seine et Marne Attractivité",
    "@type": [
      "schema:Organization",
      "foaf:Agent",
      "Agent"
    ],
    "foaf:homepage": [
      "https://www.seineetmarnevivreengrand.fr/"
    ]
  },
  "hasBeenPublishedBy": [
    {
      "@id": "https://data.datatourisme.fr/1db24fc4-b534-39bf-bdaf-152c6f98730e",
      "schema:legalName": "Seine et Marne Attractivité - source : Apidae Tourisme",
      "@type": [
        "schema:Organization",
        "foaf:Agent",
        "Agent"
      ],
      "foaf:homepage": [
        "https://www.apidae-tourisme.com/"
      ]
    }
  ],
  "hasContact": [
    {
      "@id": "https://data.datatourisme.fr/a422f278-e129-3466-be70-562c9e56dea3",
      "schema:email": [
        "valdeurope.rivegauche@sejours-affaires.fr"
      ],
      "schema:telephone": [
        "+33 1 60 42 67 56"
      ],
      "@type": [
        "foaf:Agent",
        "Agent"
      ],
      "foaf:homepage": [
        "http://www.sejours-affaires.com/"
      ]
    }
  ],
  "hasDescription": [
    {
      "@id": "https://data.datatourisme.fr/8a653413-617c-3dd4-b80e-c8110204ca3b",
      "@type": [
        "Description"
      ],
      "hasTranslatedProperty": [
        {
          "@id": "https://data.datatourisme.fr/4c17af44-c96c-3e46-af83-ee5f741b0656",
          "dc:contributor": [
            "https://api.deepl.com/v2/translate"
          ],
          "rdf:language": [
            "es"
          ],
          "rdf:predicate": [
            "shortDescription"
          ]
        },
        {
          "@id": "https://data.datatourisme.fr/8e1be908-1e30-3d67-883a-b6eb7b4345b3",
          "dc:contributor": [
            "https://api.deepl.com/v2/translate"
          ],
          "rdf:language": [
            "en"
          ],
          "rdf:predicate": [
            "shortDescription"
          ]
        },
        {
          "@id": "https://data.datatourisme.fr/99f6b081-f381-328c-a925-0d6d99765f77",
          "dc:contributor": [
            "https://api.deepl.com/v2/translate"
          ],
          "rdf:language": [
            "de"
          ],
          "rdf:predicate": [
            "shortDescription"
          ]
        },
        {
          "@id": "https://data.datatourisme.fr/b2b78903-6884-3ff8-ba29-b72e2f59d517",
          "dc:contributor": [
            "https://api.deepl.com/v2/translate"
          ],
          "rdf:language": [
            "nl"
          ],
          "rdf:predicate": [
            "shortDescription"
          ]
        },
        {
          "@id": "https://data.datatourisme.fr/faac25d0-55bd-3187-8880-f93602c576c2",
          "dc:contributor": [
            "https://api.deepl.com/v2/translate"
          ],
          "rdf:language": [
            "it"
          ],
          "rdf:predicate": [
            "shortDescription"
          ]
        }
      ],
      "shortDescription": {
        "de": [
          "Im Herzen der Wirtschafts- und Freizeitaktivitäten, nur wenige Minuten vom Disneyland® Paris Park entfernt, empfängt Sie die Résidence Rive Gauche in aller Geselligkeit."
        ],
        "en": [
          "In the heart of the economic and leisure activities, a few minutes from the Disneyland® Paris Park, the Résidence Rive Gauche welcomes you in a friendly atmosphere."
        ],
        "it": [
          "Nel cuore delle attività economiche e ricreative, a pochi minuti da Disneyland® Paris, il Résidence Rive Gauche vi accoglie in un'atmosfera amichevole."
        ],
        "fr": [
          "Au coeur des activités économiques et de loisirs, à quelques minutes du Parc Disneyland® Paris, la Résidence Rive Gauche vous accueille en toute convivialité."
        ],
        "nl": [
          "In het hart van economische en recreatieve activiteiten, op een paar minuten van Disneyland® Parijs, verwelkomt Résidence Rive Gauche u in een vriendelijke sfeer."
        ],
        "es": [
          "En el corazón de las actividades económicas y de ocio, a pocos minutos de Disneyland® París, la Résidence Rive Gauche le da la bienvenida en un ambiente acogedor."
        ]
      }
    }
  ],
  "hasTranslatedProperty": [
    {
      "@id": "https://data.datatourisme.fr/509959d6-763c-3e22-9f57-ddb4b9f1a15c",
      "dc:contributor": [
        "https://api.deepl.com/v2/translate"
      ],
      "rdf:language": [
        "es"
      ],
      "rdf:predicate": [
        {
          "@id": "rdfs:comment"
        }
      ]
    },
    {
      "@id": "https://data.datatourisme.fr/801c4df7-e87b-3a20-b3bb-11800cc1dd50",
      "dc:contributor": [
        "https://api.deepl.com/v2/translate"
      ],
      "rdf:language": [
        "en"
      ],
      "rdf:predicate": [
        {
          "@id": "rdfs:comment"
        }
      ]
    },
    {
      "@id": "https://data.datatourisme.fr/acc4eb36-9e01-36a6-af2d-a09ddda63654",
      "dc:contributor": [
        "https://api.deepl.com/v2/translate"
      ],
      "rdf:language": [
        "it"
      ],
      "rdf:predicate": [
        {
          "@id": "rdfs:comment"
        }
      ]
    },
    {
      "@id": "https://data.datatourisme.fr/ce7bf7e2-33ec-3fc3-963c-b8dec9a10551",
      "dc:contributor": [
        "https://api.deepl.com/v2/translate"
      ],
      "rdf:language": [
        "de"
      ],
      "rdf:predicate": [
        {
          "@id": "rdfs:comment"
        }
      ]
    },
    {
      "@id": "https://data.datatourisme.fr/d36f623b-9d8c-3565-934d-b7a606500273",
      "dc:contributor": [
        "https://api.deepl.com/v2/translate"
      ],
      "rdf:language": [
        "nl"
      ],
      "rdf:predicate": [
        {
          "@id": "rdfs:comment"
        }
      ]
    }
  ],
  "isLocatedAt": [
    {
      "@id": "https://data.datatourisme.fr/26f3ea8b-8fa5-362d-ba29-64e210bcb6d1",
      "schema:address": [
        {
          "@id": "https://data.datatourisme.fr/ef9128d5-d819-395a-9b0a-9ff5a3616846",
          "schema:addressLocality": "Serris",
          "schema:postalCode": "77700",
          "schema:streetAddress": [
            "20 cours du Danube"
          ],
          "@type": [
            "schema:PostalAddress",
            "PostalAddress"
          ],
          "hasAddressCity": {
            "@id": "kb:77449",
            "@type": [
              "City"
            ],
            "rdfs:label": {
              "de": [
                "Serris"
              ],
              "pt": [
                "Serris"
              ],
              "en": [
                "Serris"
              ],
              "it": [
                "Serris"
              ],
              "fr": [
                "Serris"
              ],
              "nl": [
                "Serris"
              ],
              "es": [
                "Serris"
              ]
            },
            "insee": "77449",
            "isPartOfDepartment": {
              "@id": "kb:France1177",
              "@type": [
                "Department"
              ],
              "rdfs:label": {
                "de": [
                  "Seine-et-Marne"
                ],
                "pt": [
                  "Seine-et-Marne"
                ],
                "en": [
                  "Seine-et-Marne"
                ],
                "it": [
                  "Seine-et-Marne"
                ],
                "fr": [
                  "Seine-et-Marne"
                ],
                "nl": [
                  "Seine-et-Marne"
                ],
                "es": [
                  "Seine-et-Marne"
                ]
              },
              "insee": "77",
              "isPartOfRegion": {
                "@id": "kb:France11",
                "@type": [
                  "Region"
                ],
                "rdfs:label": {
                  "de": [
                    "Île-de-France"
                  ],
                  "pt": [
                    "Île-de-France"
                  ],
                  "en": [
                    "Île-de-France"
                  ],
                  "it": [
                    "Île-de-France"
                  ],
                  "fr": [
                    "Île-de-France"
                  ],
                  "nl": [
                    "Île-de-France"
                  ],
                  "es": [
                    "Île-de-France"
                  ]
                },
                "insee": "11",
                "isPartOfCountry": {
                  "@id": "kb:France",
                  "@type": [
                    "schema:Country"
                  ],
                  "rdfs:label": {
                    "de": [
                      "France",
                      "Frankreich"
                    ],
                    "pt": [
                      "França",
                      "France"
                    ],
                    "en": [
                      "France"
                    ],
                    "it": [
                      "France",
                      "Francia"
                    ],
                    "fr": [
                      "France"
                    ],
                    "nl": [
                      "France",
                      "Frankrijk"
                    ],
                    "es": [
                      "France",
                      "Francia"
                    ]
                  }
                }
              }
            }
          }
        }
      ],
      "schema:geo": {
        "@id": "https://data.datatourisme.fr/abcd8bf2-c79b-3f18-a48a-5376d0f2c694",
        "schema:latitude": "48.856567",
        "schema:longitude": "2.778422",
        "@type": [
          "schema:GeoCoordinates"
        ]
      },
      "schema:openingHoursSpecification": [
        {
          "@id": "https://data.datatourisme.fr/f87e535a-636d-3343-ad63-8a03392e7511",
          "schema:validFrom": "2023-01-01T00:00:00",
          "schema:validThrough": "2023-12-31T23:59:59",
          "@type": [
            "schema:OpeningHoursSpecification"
          ]
        }
      ],
      "@type": [
        "schema:Place",
        "Place"
      ]
    }
  ],
  "isOwnedBy": [
    {
      "@id": "https://data.datatourisme.fr/a7bb87df-a9ed-3a59-b797-317824914af0",
      "schema:email": [
        "aurore.luneau@attractivite77.fr",
        "marie.dussouchaut@attractivite77.fr",
        "webmaster@attractivite77.fr"
      ],
      "schema:legalName": "Seine et Marne Attractivité",
      "@type": [
        "schema:Organization",
        "foaf:Agent",
        "Agent"
      ],
      "foaf:homepage": [
        "https://www.seineetmarnevivreengrand.fr/"
      ]
    }
  ],
  "lastUpdate": "2017-12-15",
  "lastUpdateDatatourisme": "2023-02-01T18:07:36.09Z"
}