{
  "@id": "https://data.datatourisme.fr/13/0894ee9e-8859-366a-8be8-255538047ec5",
  "dc:identifier": "744911",
  "@type": [
    "schema:FoodEstablishment",
    "FoodEstablishment",
    "PlaceOfInterest",
    "PointOfInterest"
  ],
  "rdfs:comment": {
    "de": [
      "Restaurant, Aperitif-Bar, Live-Konzert."
    ],
    "en": [
      "Restaurant, aperitif bar, live concert."
    ],
    "it": [
      "Ristorante, bar per aperitivi, concerti dal vivo."
    ],
    "fr": [
      "Restaurant, bar apéro, concert live."
    ],
    "es": [
      "Restaurante, bar de aperitivos, concierto en directo."
    ],
    "nl": [
      "Restaurant, aperitiefbar, live concert."
    ]
  },
  "rdfs:label": {
    "fr": [
      "Le Strep"
    ]
  },
  "hasBeenCreatedBy": {
    "@id": "https://data.datatourisme.fr/13/6b180037-abbe-3ea9-91d8-b1232f8a8ca9",
    "dc:identifier": "1013",
    "schema:email": [
      "ca.gicquel@essonnetourisme.com",
      "d.senoalves@essonnetourisme.com"
    ],
    "schema:legalName": "Comité départemental du tourisme de l'Essonne",
    "@type": [
      "schema:Organization",
      "foaf:Agent",
      "Agent"
    ],
    "foaf:homepage": [
      "http://essonnetourisme.com/"
    ]
  },
  "hasBeenPublishedBy": [
    {
      "@id": "https://data.datatourisme.fr/8a9feb4b-2cbd-3d2c-b507-bd6c6776b23b",
      "schema:legalName": "Apidae Tourisme Scic SA - source : Apidae Tourisme",
      "@type": [
        "schema:Organization",
        "foaf:Agent",
        "Agent"
      ],
      "foaf:homepage": [
        "https://www.apidae-tourisme.com/"
      ]
    }
  ],
  "hasContact": [
    {
      "@id": "https://data.datatourisme.fr/90a806f3-83e6-3ef5-9063-ee3b328eaefb",
      "schema:telephone": [
        "+33 1 69 92 11 20"
      ],
      "@type": [
        "foaf:Agent",
        "Agent"
      ]
    }
  ],
  "hasDescription": [
    {
      "@id": "https://data.datatourisme.fr/5264c5b4-3ff2-3626-9a7c-6b7f9cc01227",
      "@type": [
        "Description"
      ],
      "hasTranslatedProperty": [
        {
          "@id": "https://data.datatourisme.fr/2418cc5a-2377-3374-8bf3-32350df8b0db",
          "dc:contributor": [
            "https://api.deepl.com/v2/translate"
          ],
          "rdf:language": [
            "it"
          ],
          "rdf:predicate": [
            "shortDescription"
          ]
        },
        {
          "@id": "https://data.datatourisme.fr/418a82bb-d41a-364f-8b24-05b386b6886b",
          "dc:contributor": [
            "https://api.deepl.com/v2/translate"
          ],
          "rdf:language": [
            "nl"
          ],
          "rdf:predicate": [
            "shortDescription"
          ]
        },
        {
          "@id": "https://data.datatourisme.fr/9dbb0ebb-75d3-34a1-9e2c-fd4f42d47520",
          "dc:contributor": [
            "https://api.deepl.com/v2/translate"
          ],
          "rdf:language": [
            "es"
          ],
          "rdf:predicate": [
            "shortDescription"
          ]
        },
        {
          "@id": "https://data.datatourisme.fr/e2da39f9-729f-322c-91db-32a71ee35dce",
          "dc:contributor": [
            "https://api.deepl.com/v2/translate"
          ],
          "rdf:language": [
            "de"
          ],
          "rdf:predicate": [
            "shortDescription"
          ]
        },
        {
          "@id": "https://data.datatourisme.fr/e994eb78-1a12-3c22-953a-0d32ff536d41",
          "dc:contributor": [
            "https://api.deepl.com/v2/translate"
          ],
          "rdf:language": [
            "en"
          ],
          "rdf:predicate": [
            "shortDescription"
          ]
        }
      ],
      "shortDescription": {
        "de": [
          "Restaurant, Aperitif-Bar, Live-Konzert."
        ],
        "en": [
          "Restaurant, aperitif bar, live concert."
        ],
        "it": [
          "Ristorante, bar per aperitivi, concerti dal vivo."
        ],
        "fr": [
          "Restaurant, bar apéro, concert live."
        ],
        "es": [
          "Restaurante, bar de aperitivos, concierto en directo."
        ],
        "nl": [
          "Restaurant, aperitiefbar, live concert."
        ]
      }
    }
  ],
  "hasTranslatedProperty": [
    {
      "@id": "https://data.datatourisme.fr/2e6affc2-8472-3f4e-84cc-4c1f25a17871",
      "dc:contributor": [
        "https://api.deepl.com/v2/translate"
      ],
      "rdf:language": [
        "es"
      ],
      "rdf:predicate": [
        {
          "@id": "rdfs:comment"
        }
      ]
    },
    {
      "@id": "https://data.datatourisme.fr/4a3a917d-7a7a-3a91-bd0b-4d2817c13fc1",
      "dc:contributor": [
        "https://api.deepl.com/v2/translate"
      ],
      "rdf:language": [
        "en"
      ],
      "rdf:predicate": [
        {
          "@id": "rdfs:comment"
        }
      ]
    },
    {
      "@id": "https://data.datatourisme.fr/b6c320ce-b7f1-3195-ab82-f7ab8efcf7b7",
      "dc:contributor": [
        "https://api.deepl.com/v2/translate"
      ],
      "rdf:language": [
        "de"
      ],
      "rdf:predicate": [
        {
          "@id": "rdfs:comment"
        }
      ]
    },
    {
      "@id": "https://data.datatourisme.fr/c82fcb8e-4039-3c4d-bc92-71accec6f446",
      "dc:contributor": [
        "https://api.deepl.com/v2/translate"
      ],
      "rdf:language": [
        "it"
      ],
      "rdf:predicate": [
        {
          "@id": "rdfs:comment"
        }
      ]
    },
    {
      "@id": "https://data.datatourisme.fr/c973d525-442b-3f93-a66f-9fe6d7236f2e",
      "dc:contributor": [
        "https://api.deepl.com/v2/translate"
      ],
      "rdf:language": [
        "nl"
      ],
      "rdf:predicate": [
        {
          "@id": "rdfs:comment"
        }
      ]
    }
  ],
  "isLocatedAt": [
    {
      "@id": "https://data.datatourisme.fr/f63826d8-45d5-3422-891f-c1e496a3d531",
      "schema:address": [
        {
          "@id": "https://data.datatourisme.fr/567fbcc9-4db0-328b-afa9-d69814aad9e0",
          "schema:addressLocality": "Étréchy",
          "schema:postalCode": "91580",
          "schema:streetAddress": [
            "31 Grande Rue"
          ],
          "@type": [
            "schema:PostalAddress",
            "PostalAddress"
          ],
          "hasAddressCity": {
            "@id": "kb:91226",
            "@type": [
              "City"
            ],
            "rdfs:label": {
              "de": [
                "Étréchy"
              ],
              "pt": [
                "Étréchy"
              ],
              "en": [
                "Étréchy"
              ],
              "it": [
                "Étréchy"
              ],
              "fr": [
                "Étréchy"
              ],
              "nl": [
                "Étréchy"
              ],
              "es": [
                "Étréchy"
              ]
            },
            "insee": "91226",
            "isPartOfDepartment": {
              "@id": "kb:France1191",
              "@type": [
                "Department"
              ],
              "rdfs:label": {
                "de": [
                  "Essonne"
                ],
                "pt": [
                  "Essonne"
                ],
                "en": [
                  "Essonne"
                ],
                "it": [
                  "Essonne"
                ],
                "fr": [
                  "Essonne"
                ],
                "nl": [
                  "Essonne"
                ],
                "es": [
                  "Essonne"
                ]
              },
              "insee": "91",
              "isPartOfRegion": {
                "@id": "kb:France11",
                "@type": [
                  "Region"
                ],
                "rdfs:label": {
                  "de": [
                    "Île-de-France"
                  ],
                  "pt": [
                    "Île-de-France"
                  ],
                  "en": [
                    "Île-de-France"
                  ],
                  "it": [
                    "Île-de-France"
                  ],
                  "fr": [
                    "Île-de-France"
                  ],
                  "nl": [
                    "Île-de-France"
                  ],
                  "es": [
                    "Île-de-France"
                  ]
                },
                "insee": "11",
                "isPartOfCountry": {
                  "@id": "kb:France",
                  "@type": [
                    "schema:Country"
                  ],
                  "rdfs:label": {
                    "de": [
                      "France",
                      "Frankreich"
                    ],
                    "pt": [
                      "França",
                      "France"
                    ],
                    "en": [
                      "France"
                    ],
                    "it": [
                      "France",
                      "Francia"
                    ],
                    "fr": [
                      "France"
                    ],
                    "nl": [
                      "France",
                      "Frankrijk"
                    ],
                    "es": [
                      "France",
                      "Francia"
                    ]
                  }
                }
              }
            }
          }
        }
      ],
      "schema:geo": {
        "@id": "https://data.datatourisme.fr/c1b3c89e-c25f-3ec2-8c2b-b15f3ae811d4",
        "schema:latitude": "48.492834",
        "schema:longitude": "2.191431",
        "@type": [
          "schema:GeoCoordinates"
        ]
      },
      "schema:openingHoursSpecification": [
        {
          "@id": "https://data.datatourisme.fr/f87e535a-636d-3343-ad63-8a03392e7511",
          "schema:validFrom": "2023-01-01T00:00:00",
          "schema:validThrough": "2023-12-31T23:59:59",
          "@type": [
            "schema:OpeningHoursSpecification"
          ]
        }
      ],
      "@type": [
        "schema:Place",
        "Place"
      ]
    }
  ],
  "isOwnedBy": [
    {
      "@id": "https://data.datatourisme.fr/df1ed81c-2924-3bf0-aaab-557628e84eab",
      "schema:email": [
        "ca.gicquel@essonnetourisme.com",
        "d.senoalves@essonnetourisme.com"
      ],
      "schema:legalName": "Comité départemental du tourisme de l'Essonne",
      "@type": [
        "schema:Organization",
        "foaf:Agent",
        "Agent"
      ],
      "foaf:homepage": [
        "http://essonnetourisme.com/"
      ]
    }
  ],
  "lastUpdate": "2020-06-08",
  "lastUpdateDatatourisme": "2023-02-01T18:07:35.848Z"
}