{
  "@id": "https://data.datatourisme.fr/13/08555b4f-923f-36cb-a87a-9c887bdcf330",
  "dc:identifier": "726872",
  "@type": [
    "Church",
    "CulturalSite",
    "PlaceOfInterest",
    "PointOfInterest",
    "ReligiousSite"
  ],
  "rdfs:comment": {
    "de": [
      "Sie stammt aus dem 13. Jahrhundert und beherbergt eine Statue der Jungfrau mit Kind aus polychromem Holz und eine Statue des Schutzheiligen aus dem 13. oder 14."
    ],
    "en": [
      "Dating from the 13th century, it houses a polychrome wooden statue of the Virgin and Child and a statue of the patron saint dating from the 13th or 14th century."
    ],
    "it": [
      "Risalente al XIII secolo, ospita una statua della Vergine e del Bambino in legno policromo e una statua del santo patrono risalente al XIII o XIV secolo."
    ],
    "fr": [
      "Datée du XIIIe siècle, elle abrite une statue représentant la Vierge à l'Enfant en bois polychrome et une statue du saint patron datant du XIIIe ou XIVe siècle."
    ],
    "nl": [
      "Het dateert uit de 13e eeuw en herbergt een beeld van de Maagd en het Kind in polychroom hout en een beeld van de patroonheilige uit de 13e of 14e eeuw."
    ],
    "es": [
      "Data del siglo XIII y alberga una estatua de la Virgen con el Niño en madera policromada y una estatua de la patrona que data del siglo XIII o XIV."
    ]
  },
  "rdfs:label": {
    "fr": [
      "L'Eglise Saint-Géroche"
    ]
  },
  "hasBeenCreatedBy": {
    "@id": "https://data.datatourisme.fr/13/8b406655-4730-3dfa-a026-6346bdc1b202",
    "dc:identifier": "1090",
    "schema:email": [
      "claire.maury@cpb-tourisme.fr",
      "david.doctrinal@cpb-tourisme.fr",
      "mr.otpf@gmail.com",
      "thomas.touret@cpb-tourisme.fr"
    ],
    "schema:legalName": "Coulommiers Pays de Brie Tourisme",
    "@type": [
      "schema:Organization",
      "foaf:Agent",
      "Agent"
    ]
  },
  "hasBeenPublishedBy": [
    {
      "@id": "https://data.datatourisme.fr/1db24fc4-b534-39bf-bdaf-152c6f98730e",
      "schema:legalName": "Seine et Marne Attractivité - source : Apidae Tourisme",
      "@type": [
        "schema:Organization",
        "foaf:Agent",
        "Agent"
      ],
      "foaf:homepage": [
        "https://www.apidae-tourisme.com/"
      ]
    }
  ],
  "hasContact": [
    {
      "@id": "https://data.datatourisme.fr/74d5ba19-bcf7-3d6d-9197-bce3ac5ec832",
      "schema:telephone": [
        "+33 1 64 75 41 08"
      ],
      "@type": [
        "foaf:Agent",
        "Agent"
      ]
    }
  ],
  "hasDescription": [
    {
      "@id": "https://data.datatourisme.fr/3ac58db0-adb7-37fd-85cc-ffee3dbf5ce7",
      "@type": [
        "Description"
      ],
      "hasTranslatedProperty": [
        {
          "@id": "https://data.datatourisme.fr/2fb31aa8-b744-38e9-99ed-90514e400236",
          "dc:contributor": [
            "https://api.deepl.com/v2/translate"
          ],
          "rdf:language": [
            "es"
          ],
          "rdf:predicate": [
            "shortDescription"
          ]
        },
        {
          "@id": "https://data.datatourisme.fr/45da5e3a-064e-3fb8-9dac-8de02eae4ea3",
          "dc:contributor": [
            "https://api.deepl.com/v2/translate"
          ],
          "rdf:language": [
            "nl"
          ],
          "rdf:predicate": [
            "shortDescription"
          ]
        },
        {
          "@id": "https://data.datatourisme.fr/76a06c4e-c22a-3ee8-b9d9-91a41caf6a90",
          "dc:contributor": [
            "https://api.deepl.com/v2/translate"
          ],
          "rdf:language": [
            "en"
          ],
          "rdf:predicate": [
            "shortDescription"
          ]
        },
        {
          "@id": "https://data.datatourisme.fr/b985a50e-53da-3c74-8b58-28b4ddf8dce4",
          "dc:contributor": [
            "https://api.deepl.com/v2/translate"
          ],
          "rdf:language": [
            "it"
          ],
          "rdf:predicate": [
            "shortDescription"
          ]
        },
        {
          "@id": "https://data.datatourisme.fr/ff714b4d-c419-3536-8fce-65124dc1080b",
          "dc:contributor": [
            "https://api.deepl.com/v2/translate"
          ],
          "rdf:language": [
            "de"
          ],
          "rdf:predicate": [
            "shortDescription"
          ]
        }
      ],
      "shortDescription": {
        "de": [
          "Sie stammt aus dem 13. Jahrhundert und beherbergt eine Statue der Jungfrau mit Kind aus polychromem Holz und eine Statue des Schutzheiligen aus dem 13. oder 14."
        ],
        "en": [
          "Dating from the 13th century, it houses a polychrome wooden statue of the Virgin and Child and a statue of the patron saint dating from the 13th or 14th century."
        ],
        "it": [
          "Risalente al XIII secolo, ospita una statua della Vergine e del Bambino in legno policromo e una statua del santo patrono risalente al XIII o XIV secolo."
        ],
        "fr": [
          "Datée du XIIIe siècle, elle abrite une statue représentant la Vierge à l'Enfant en bois polychrome et une statue du saint patron datant du XIIIe ou XIVe siècle."
        ],
        "nl": [
          "Het dateert uit de 13e eeuw en herbergt een beeld van de Maagd en het Kind in polychroom hout en een beeld van de patroonheilige uit de 13e of 14e eeuw."
        ],
        "es": [
          "Data del siglo XIII y alberga una estatua de la Virgen con el Niño en madera policromada y una estatua de la patrona que data del siglo XIII o XIV."
        ]
      }
    }
  ],
  "hasTheme": [
    {
      "@id": "kb:Culture",
      "@type": [
        "CulturalTheme"
      ],
      "rdfs:label": {
        "de": [
          "Kultur"
        ],
        "pt": [
          "Cultura"
        ],
        "en": [
          "Culture"
        ],
        "it": [
          "Cultura"
        ],
        "fr": [
          "Culture"
        ],
        "nl": [
          "Cultuur"
        ],
        "es": [
          "Cultura"
        ]
      }
    }
  ],
  "hasTranslatedProperty": [
    {
      "@id": "https://data.datatourisme.fr/47a9f646-b99b-3b9c-9208-c92b75fd26b3",
      "dc:contributor": [
        "https://api.deepl.com/v2/translate"
      ],
      "rdf:language": [
        "en"
      ],
      "rdf:predicate": [
        {
          "@id": "rdfs:comment"
        }
      ]
    },
    {
      "@id": "https://data.datatourisme.fr/79f5ffa8-d932-3145-86c7-a87ac65d0baa",
      "dc:contributor": [
        "https://api.deepl.com/v2/translate"
      ],
      "rdf:language": [
        "es"
      ],
      "rdf:predicate": [
        {
          "@id": "rdfs:comment"
        }
      ]
    },
    {
      "@id": "https://data.datatourisme.fr/b9272eba-11b0-367e-bc22-05d9a77803d5",
      "dc:contributor": [
        "https://api.deepl.com/v2/translate"
      ],
      "rdf:language": [
        "it"
      ],
      "rdf:predicate": [
        {
          "@id": "rdfs:comment"
        }
      ]
    },
    {
      "@id": "https://data.datatourisme.fr/e7b93dd9-41a0-35c7-bf85-af5abb8b56bf",
      "dc:contributor": [
        "https://api.deepl.com/v2/translate"
      ],
      "rdf:language": [
        "nl"
      ],
      "rdf:predicate": [
        {
          "@id": "rdfs:comment"
        }
      ]
    },
    {
      "@id": "https://data.datatourisme.fr/e80e6c45-9da3-3f7a-9d2f-b9d410a31657",
      "dc:contributor": [
        "https://api.deepl.com/v2/translate"
      ],
      "rdf:language": [
        "de"
      ],
      "rdf:predicate": [
        {
          "@id": "rdfs:comment"
        }
      ]
    }
  ],
  "isLocatedAt": [
    {
      "@id": "https://data.datatourisme.fr/683e73a1-ebc5-3d7f-a3e5-24dc6dcdbccc",
      "schema:address": [
        {
          "@id": "https://data.datatourisme.fr/5773323c-12cc-39db-9386-984ea04cab6c",
          "schema:addressLocality": "Dagny",
          "schema:postalCode": "77320",
          "schema:streetAddress": [
            "Grande Rue"
          ],
          "@type": [
            "schema:PostalAddress",
            "PostalAddress"
          ],
          "hasAddressCity": {
            "@id": "kb:77151",
            "@type": [
              "City"
            ],
            "rdfs:label": {
              "de": [
                "Dagny"
              ],
              "pt": [
                "Dagny"
              ],
              "en": [
                "Dagny"
              ],
              "it": [
                "Dagny"
              ],
              "fr": [
                "Dagny"
              ],
              "nl": [
                "Dagny"
              ],
              "es": [
                "Dagny"
              ]
            },
            "insee": "77151",
            "isPartOfDepartment": {
              "@id": "kb:France1177",
              "@type": [
                "Department"
              ],
              "rdfs:label": {
                "de": [
                  "Seine-et-Marne"
                ],
                "pt": [
                  "Seine-et-Marne"
                ],
                "en": [
                  "Seine-et-Marne"
                ],
                "it": [
                  "Seine-et-Marne"
                ],
                "fr": [
                  "Seine-et-Marne"
                ],
                "nl": [
                  "Seine-et-Marne"
                ],
                "es": [
                  "Seine-et-Marne"
                ]
              },
              "insee": "77",
              "isPartOfRegion": {
                "@id": "kb:France11",
                "@type": [
                  "Region"
                ],
                "rdfs:label": {
                  "de": [
                    "Île-de-France"
                  ],
                  "pt": [
                    "Île-de-France"
                  ],
                  "en": [
                    "Île-de-France"
                  ],
                  "it": [
                    "Île-de-France"
                  ],
                  "fr": [
                    "Île-de-France"
                  ],
                  "nl": [
                    "Île-de-France"
                  ],
                  "es": [
                    "Île-de-France"
                  ]
                },
                "insee": "11",
                "isPartOfCountry": {
                  "@id": "kb:France",
                  "@type": [
                    "schema:Country"
                  ],
                  "rdfs:label": {
                    "de": [
                      "France",
                      "Frankreich"
                    ],
                    "pt": [
                      "França",
                      "France"
                    ],
                    "en": [
                      "France"
                    ],
                    "it": [
                      "France",
                      "Francia"
                    ],
                    "fr": [
                      "France"
                    ],
                    "nl": [
                      "France",
                      "Frankrijk"
                    ],
                    "es": [
                      "France",
                      "Francia"
                    ]
                  }
                }
              }
            }
          }
        }
      ],
      "schema:geo": {
        "@id": "https://data.datatourisme.fr/dce6c402-ba78-3188-ab87-f942a9fd2844",
        "schema:latitude": "48.720933",
        "schema:longitude": "3.173001",
        "@type": [
          "schema:GeoCoordinates"
        ]
      },
      "schema:openingHoursSpecification": [
        {
          "@id": "https://data.datatourisme.fr/f87e535a-636d-3343-ad63-8a03392e7511",
          "schema:validFrom": "2023-01-01T00:00:00",
          "schema:validThrough": "2023-12-31T23:59:59",
          "@type": [
            "schema:OpeningHoursSpecification"
          ]
        }
      ],
      "@type": [
        "schema:Place",
        "Place"
      ]
    }
  ],
  "isOwnedBy": [
    {
      "@id": "https://data.datatourisme.fr/72eda36d-0d5f-3c94-bfbb-0340e5d22f78",
      "schema:email": [
        "claire.maury@cpb-tourisme.fr",
        "david.doctrinal@cpb-tourisme.fr"
      ],
      "schema:legalName": "Coulommiers Pays de Brie Tourisme",
      "@type": [
        "schema:Organization",
        "foaf:Agent",
        "Agent"
      ]
    }
  ],
  "lastUpdate": "2019-06-03",
  "lastUpdateDatatourisme": "2023-05-03T05:53:56.561Z"
}