{
  "@id": "https://data.datatourisme.fr/13/08f87be7-f58e-3e37-bb93-c19e85dad983",
  "dc:identifier": "731987",
  "@type": [
    "schema:FoodEstablishment",
    "FoodEstablishment",
    "PlaceOfInterest",
    "PointOfInterest"
  ],
  "rdfs:comment": {
    "en": [
      "Kebab"
    ],
    "fr": [
      "Kebab"
    ]
  },
  "rdfs:label": {
    "en": [
      "Istanbul"
    ],
    "fr": [
      "Istanbul"
    ]
  },
  "hasBeenCreatedBy": {
    "@id": "https://data.datatourisme.fr/13/4f16c818-875d-3fcb-a867-c7bdc89be7eb",
    "dc:identifier": "1085",
    "schema:email": [
      "d.gougetdelandres@millylaforet-tourisme.com"
    ],
    "schema:legalName": "Office de Tourisme de Milly-la-Forêt",
    "@type": [
      "schema:Organization",
      "foaf:Agent",
      "Agent"
    ]
  },
  "hasBeenPublishedBy": [
    {
      "@id": "https://data.datatourisme.fr/8a9feb4b-2cbd-3d2c-b507-bd6c6776b23b",
      "schema:legalName": "Apidae Tourisme Scic SA - source : Apidae Tourisme",
      "@type": [
        "schema:Organization",
        "foaf:Agent",
        "Agent"
      ],
      "foaf:homepage": [
        "https://www.apidae-tourisme.com/"
      ]
    }
  ],
  "hasContact": [
    {
      "@id": "https://data.datatourisme.fr/9b167bc3-5f7b-3114-92b1-84360a6809c0",
      "schema:telephone": [
        "+33 1 64 98 66 11"
      ],
      "@type": [
        "foaf:Agent",
        "Agent"
      ]
    }
  ],
  "hasDescription": [
    {
      "@id": "https://data.datatourisme.fr/c953bd77-483d-3f5d-b02f-e34c5a9542c1",
      "@type": [
        "Description"
      ],
      "shortDescription": {
        "en": [
          "Kebab"
        ],
        "fr": [
          "Kebab"
        ]
      }
    }
  ],
  "isLocatedAt": [
    {
      "@id": "https://data.datatourisme.fr/9c31dcb2-4eee-3eac-a79a-df92a50af05e",
      "schema:address": [
        {
          "@id": "https://data.datatourisme.fr/31490d79-40ae-3708-b8ea-8fe910c119d1",
          "schema:addressLocality": "Milly-la-Forêt",
          "schema:postalCode": "91490",
          "schema:streetAddress": [
            "34 rue Jean Cocteau"
          ],
          "@type": [
            "schema:PostalAddress",
            "PostalAddress"
          ],
          "hasAddressCity": {
            "@id": "kb:91405",
            "@type": [
              "City"
            ],
            "rdfs:label": {
              "de": [
                "Milly-la-Forêt"
              ],
              "pt": [
                "Milly-la-Forêt"
              ],
              "en": [
                "Milly-la-Forêt"
              ],
              "it": [
                "Milly-la-Forêt"
              ],
              "fr": [
                "Milly-la-Forêt"
              ],
              "nl": [
                "Milly-la-Forêt"
              ],
              "es": [
                "Milly-la-Forêt"
              ]
            },
            "insee": "91405",
            "isPartOfDepartment": {
              "@id": "kb:France1191",
              "@type": [
                "Department"
              ],
              "rdfs:label": {
                "de": [
                  "Essonne"
                ],
                "pt": [
                  "Essonne"
                ],
                "en": [
                  "Essonne"
                ],
                "it": [
                  "Essonne"
                ],
                "fr": [
                  "Essonne"
                ],
                "nl": [
                  "Essonne"
                ],
                "es": [
                  "Essonne"
                ]
              },
              "insee": "91",
              "isPartOfRegion": {
                "@id": "kb:France11",
                "@type": [
                  "Region"
                ],
                "rdfs:label": {
                  "de": [
                    "Île-de-France"
                  ],
                  "pt": [
                    "Île-de-France"
                  ],
                  "en": [
                    "Île-de-France"
                  ],
                  "it": [
                    "Île-de-France"
                  ],
                  "fr": [
                    "Île-de-France"
                  ],
                  "nl": [
                    "Île-de-France"
                  ],
                  "es": [
                    "Île-de-France"
                  ]
                },
                "insee": "11",
                "isPartOfCountry": {
                  "@id": "kb:France",
                  "@type": [
                    "schema:Country"
                  ],
                  "rdfs:label": {
                    "de": [
                      "France",
                      "Frankreich"
                    ],
                    "pt": [
                      "França",
                      "France"
                    ],
                    "en": [
                      "France"
                    ],
                    "it": [
                      "France",
                      "Francia"
                    ],
                    "fr": [
                      "France"
                    ],
                    "nl": [
                      "France",
                      "Frankrijk"
                    ],
                    "es": [
                      "France",
                      "Francia"
                    ]
                  }
                }
              }
            }
          }
        }
      ],
      "schema:geo": {
        "@id": "https://data.datatourisme.fr/eea92421-90a0-33ba-9688-640bd5b988fb",
        "schema:latitude": "48.401942",
        "schema:longitude": "2.46967",
        "@type": [
          "schema:GeoCoordinates"
        ]
      },
      "schema:openingHoursSpecification": [
        {
          "@id": "https://data.datatourisme.fr/f87e535a-636d-3343-ad63-8a03392e7511",
          "schema:validFrom": "2023-01-01T00:00:00",
          "schema:validThrough": "2023-12-31T23:59:59",
          "@type": [
            "schema:OpeningHoursSpecification"
          ]
        }
      ],
      "@type": [
        "schema:Place",
        "Place"
      ]
    }
  ],
  "isOwnedBy": [
    {
      "@id": "https://data.datatourisme.fr/ba14239d-77c2-3f22-8840-5bca53349549",
      "schema:email": [
        "d.gougetdelandres@millylaforet-tourisme.com"
      ],
      "schema:legalName": "Office de Tourisme de Milly-la-Forêt",
      "@type": [
        "schema:Organization",
        "foaf:Agent",
        "Agent"
      ]
    }
  ],
  "lastUpdate": "2022-09-20",
  "lastUpdateDatatourisme": "2023-02-01T18:07:35.687Z"
}