{
  "@id": "https://data.datatourisme.fr/13/0849e542-8f38-39da-b75a-872f8bdf793b",
  "dc:identifier": "727170",
  "@type": [
    "CityHeritage",
    "CulturalSite",
    "PlaceOfInterest",
    "PointOfInterest"
  ],
  "rdfs:comment": {
    "de": [
      "Thomery und seine Weinbergmauern"
    ],
    "en": [
      "Thomery and its vineyard walls"
    ],
    "it": [
      "Thomery e i suoi vigneti"
    ],
    "fr": [
      "Thomery et ses murs de vignes"
    ],
    "es": [
      "Thomery y sus muros de viñedos"
    ],
    "nl": [
      "Thomery en zijn wijngaardmuren"
    ]
  },
  "rdfs:label": {
    "en": [
      "Thomery"
    ],
    "fr": [
      "Thomery"
    ]
  },
  "owl:sameAs": [
    "http://www.wikidata.org/entity/Q2212285"
  ],
  "hasBeenCreatedBy": {
    "@id": "https://data.datatourisme.fr/13/84f0f204-82cd-37e5-aaca-f7364a643d33",
    "dc:identifier": "1640",
    "schema:email": [
      "fabrizia.brun@ccmsl.com",
      "marie.striebel@ccmsl.com",
      "tourisme@ccmsl.com"
    ],
    "schema:legalName": "Communauté de Communes Moret Seine et Loing",
    "@type": [
      "schema:Organization",
      "foaf:Agent",
      "Agent"
    ],
    "foaf:homepage": [
      "http://www.ccmsl.fr/"
    ]
  },
  "hasBeenPublishedBy": [
    {
      "@id": "https://data.datatourisme.fr/1db24fc4-b534-39bf-bdaf-152c6f98730e",
      "schema:legalName": "Seine et Marne Attractivité - source : Apidae Tourisme",
      "@type": [
        "schema:Organization",
        "foaf:Agent",
        "Agent"
      ],
      "foaf:homepage": [
        "https://www.apidae-tourisme.com/"
      ]
    }
  ],
  "hasContact": [
    {
      "@id": "https://data.datatourisme.fr/97f3f6c2-e149-342f-8d25-b5ec710bf355",
      "schema:telephone": [
        "+33 1 60 70 41 66",
        "+33 1 64 70 51 65"
      ],
      "@type": [
        "foaf:Agent",
        "Agent"
      ],
      "foaf:homepage": [
        "http://www.msl-tourisme.fr/",
        "https://www.thomery.fr/"
      ]
    }
  ],
  "hasDescription": [
    {
      "@id": "https://data.datatourisme.fr/c330091b-518b-3bf0-86a6-366004c5c741",
      "@type": [
        "Description"
      ],
      "hasTranslatedProperty": [
        {
          "@id": "https://data.datatourisme.fr/0e5fa6a6-d945-3b40-a63c-ede1489ca48a",
          "dc:contributor": [
            "https://api.deepl.com/v2/translate"
          ],
          "rdf:language": [
            "nl"
          ],
          "rdf:predicate": [
            "shortDescription"
          ]
        },
        {
          "@id": "https://data.datatourisme.fr/12e25298-40ed-3017-9a83-4a5ec2e22f90",
          "dc:contributor": [
            "https://api.deepl.com/v2/translate"
          ],
          "rdf:language": [
            "en"
          ],
          "rdf:predicate": [
            "shortDescription"
          ]
        },
        {
          "@id": "https://data.datatourisme.fr/520b3e2d-2181-3495-9d99-2988c1b5e0a9",
          "dc:contributor": [
            "https://api.deepl.com/v2/translate"
          ],
          "rdf:language": [
            "de"
          ],
          "rdf:predicate": [
            "shortDescription"
          ]
        },
        {
          "@id": "https://data.datatourisme.fr/81e69094-be86-3bae-8d97-9a25250b7ff5",
          "dc:contributor": [
            "https://api.deepl.com/v2/translate"
          ],
          "rdf:language": [
            "es"
          ],
          "rdf:predicate": [
            "shortDescription"
          ]
        },
        {
          "@id": "https://data.datatourisme.fr/a2b8da6c-68f7-38e9-94d2-c4d3d46fbae0",
          "dc:contributor": [
            "https://api.deepl.com/v2/translate"
          ],
          "rdf:language": [
            "it"
          ],
          "rdf:predicate": [
            "shortDescription"
          ]
        }
      ],
      "shortDescription": {
        "de": [
          "Thomery und seine Weinbergmauern"
        ],
        "en": [
          "Thomery and its vineyard walls"
        ],
        "it": [
          "Thomery e i suoi vigneti"
        ],
        "fr": [
          "Thomery et ses murs de vignes"
        ],
        "es": [
          "Thomery y sus muros de viñedos"
        ],
        "nl": [
          "Thomery en zijn wijngaardmuren"
        ]
      }
    }
  ],
  "hasRepresentation": [
    {
      "@id": "https://data.datatourisme.fr/09ac9d04-67b3-3575-ae46-709c2b0ef82f",
      "ebucore:hasAnnotation": [
        {
          "@id": "https://data.datatourisme.fr/0dc64d67-9f41-32a2-b177-71de05b2d2ce",
          "ebucore:isCoveredBy": "CC BY-SA 3.0",
          "ebucore:title": [
            "Thomery - Église Saint-Amand - 2"
          ],
          "@type": [
            "ebucore:Annotation"
          ],
          "credits": [
            "<span class=\"int-own-work\" lang=\"fr\">Travail personnel</span>"
          ]
        }
      ],
      "ebucore:hasRelatedResource": [
        {
          "@id": "https://data.datatourisme.fr/76d768e9-7d65-3288-bc45-ebabfc2e31a4",
          "ebucore:fileSize": [
            748829
          ],
          "ebucore:hasMimeType": [
            {
              "@id": "kb:JPEG",
              "@type": [
                "ebucore:MimeType"
              ],
              "rdfs:comment": {
                "de": [
                  "JPEG-Bild"
                ],
                "pt": [
                  "Imagem JPEG"
                ],
                "en": [
                  "JPEG image file"
                ],
                "it": [
                  "Immagine JPEG"
                ],
                "fr": [
                  "Image JPEG"
                ],
                "nl": [
                  "JPEG-afbeelding"
                ],
                "es": [
                  "Imagen JPEG"
                ]
              },
              "rdfs:label": {
                "de": [
                  "image/jpeg"
                ],
                "pt": [
                  "image/jpeg"
                ],
                "en": [
                  "image/jpeg"
                ],
                "it": [
                  "image/jpeg"
                ],
                "fr": [
                  "image/jpeg"
                ],
                "nl": [
                  "image/jpeg"
                ],
                "es": [
                  "image/jpeg"
                ]
              }
            }
          ],
          "ebucore:height": 2048,
          "ebucore:locator": [
            "https://upload.wikimedia.org/wikipedia/commons/d/de/Thomery_-_%C3%89glise_Saint-Amand_-_2.jpg"
          ],
          "ebucore:width": 1536,
          "@type": [
            "ebucore:Resource"
          ]
        }
      ],
      "@type": [
        "ebucore:EditorialObject"
      ]
    }
  ],
  "hasTheme": [
    {
      "@id": "kb:Culture",
      "@type": [
        "CulturalTheme"
      ],
      "rdfs:label": {
        "de": [
          "Kultur"
        ],
        "pt": [
          "Cultura"
        ],
        "en": [
          "Culture"
        ],
        "it": [
          "Cultura"
        ],
        "fr": [
          "Culture"
        ],
        "nl": [
          "Cultuur"
        ],
        "es": [
          "Cultura"
        ]
      }
    }
  ],
  "hasTranslatedProperty": [
    {
      "@id": "https://data.datatourisme.fr/254e1a1e-cfff-3665-a033-0e39fe690b92",
      "dc:contributor": [
        "https://api.deepl.com/v2/translate"
      ],
      "rdf:language": [
        "nl"
      ],
      "rdf:predicate": [
        {
          "@id": "rdfs:comment"
        }
      ]
    },
    {
      "@id": "https://data.datatourisme.fr/3dcb9423-22a2-3736-8eb8-89fd523b4507",
      "dc:contributor": [
        "https://api.deepl.com/v2/translate"
      ],
      "rdf:language": [
        "de"
      ],
      "rdf:predicate": [
        {
          "@id": "rdfs:comment"
        }
      ]
    },
    {
      "@id": "https://data.datatourisme.fr/58165e33-036d-3483-8cf9-89753e42bac8",
      "dc:contributor": [
        "https://api.deepl.com/v2/translate"
      ],
      "rdf:language": [
        "es"
      ],
      "rdf:predicate": [
        {
          "@id": "rdfs:comment"
        }
      ]
    },
    {
      "@id": "https://data.datatourisme.fr/5bc41930-808e-323a-8d4a-8c346f28fa24",
      "dc:contributor": [
        "https://api.deepl.com/v2/translate"
      ],
      "rdf:language": [
        "en"
      ],
      "rdf:predicate": [
        {
          "@id": "rdfs:comment"
        }
      ]
    },
    {
      "@id": "https://data.datatourisme.fr/f186cc02-5ed0-3956-80e2-ee4160670c05",
      "dc:contributor": [
        "https://api.deepl.com/v2/translate"
      ],
      "rdf:language": [
        "it"
      ],
      "rdf:predicate": [
        {
          "@id": "rdfs:comment"
        }
      ]
    }
  ],
  "isLocatedAt": [
    {
      "@id": "https://data.datatourisme.fr/f1ebc7f6-73be-3c9a-91f8-95241aab04fa",
      "schema:address": [
        {
          "@id": "https://data.datatourisme.fr/1a98a99c-28bf-353c-adf7-0cf705cdd5d9",
          "schema:addressLocality": "Thomery",
          "schema:postalCode": "77139",
          "@type": [
            "schema:PostalAddress",
            "PostalAddress"
          ],
          "hasAddressCity": {
            "@id": "kb:77463",
            "@type": [
              "City"
            ],
            "rdfs:label": {
              "de": [
                "Thomery"
              ],
              "pt": [
                "Thomery"
              ],
              "en": [
                "Thomery"
              ],
              "it": [
                "Thomery"
              ],
              "fr": [
                "Thomery"
              ],
              "nl": [
                "Thomery"
              ],
              "es": [
                "Thomery"
              ]
            },
            "insee": "77463",
            "isPartOfDepartment": {
              "@id": "kb:France1177",
              "@type": [
                "Department"
              ],
              "rdfs:label": {
                "de": [
                  "Seine-et-Marne"
                ],
                "pt": [
                  "Seine-et-Marne"
                ],
                "en": [
                  "Seine-et-Marne"
                ],
                "it": [
                  "Seine-et-Marne"
                ],
                "fr": [
                  "Seine-et-Marne"
                ],
                "nl": [
                  "Seine-et-Marne"
                ],
                "es": [
                  "Seine-et-Marne"
                ]
              },
              "insee": "77",
              "isPartOfRegion": {
                "@id": "kb:France11",
                "@type": [
                  "Region"
                ],
                "rdfs:label": {
                  "de": [
                    "Île-de-France"
                  ],
                  "pt": [
                    "Île-de-France"
                  ],
                  "en": [
                    "Île-de-France"
                  ],
                  "it": [
                    "Île-de-France"
                  ],
                  "fr": [
                    "Île-de-France"
                  ],
                  "nl": [
                    "Île-de-France"
                  ],
                  "es": [
                    "Île-de-France"
                  ]
                },
                "insee": "11",
                "isPartOfCountry": {
                  "@id": "kb:France",
                  "@type": [
                    "schema:Country"
                  ],
                  "rdfs:label": {
                    "de": [
                      "France",
                      "Frankreich"
                    ],
                    "pt": [
                      "França",
                      "France"
                    ],
                    "en": [
                      "France"
                    ],
                    "it": [
                      "France",
                      "Francia"
                    ],
                    "fr": [
                      "France"
                    ],
                    "nl": [
                      "France",
                      "Frankrijk"
                    ],
                    "es": [
                      "France",
                      "Francia"
                    ]
                  }
                }
              }
            }
          }
        }
      ],
      "schema:geo": {
        "@id": "https://data.datatourisme.fr/5da5638a-37af-3860-9ef4-8cff22e1b6fe",
        "schema:latitude": "48.409154",
        "schema:longitude": "2.784672",
        "@type": [
          "schema:GeoCoordinates"
        ]
      },
      "schema:openingHoursSpecification": [
        {
          "@id": "https://data.datatourisme.fr/f87e535a-636d-3343-ad63-8a03392e7511",
          "schema:validFrom": "2023-01-01T00:00:00",
          "schema:validThrough": "2023-12-31T23:59:59",
          "@type": [
            "schema:OpeningHoursSpecification"
          ]
        }
      ],
      "@type": [
        "schema:Place",
        "Place"
      ]
    }
  ],
  "isOwnedBy": [
    {
      "@id": "https://data.datatourisme.fr/08b8ab08-0996-31c4-860c-8528c50622ec",
      "schema:email": [
        "fabrizia.brun@ccmsl.com",
        "marie.striebel@ccmsl.com",
        "tourisme@ccmsl.com"
      ],
      "schema:legalName": "Communauté de Communes Moret Seine et Loing",
      "@type": [
        "schema:Organization",
        "foaf:Agent",
        "Agent"
      ],
      "foaf:homepage": [
        "http://www.ccmsl.fr/"
      ]
    }
  ],
  "lastUpdate": "2021-04-20",
  "lastUpdateDatatourisme": "2023-05-26T05:53:38.479Z"
}