{
  "@id": "https://data.datatourisme.fr/13/089d8f28-4837-3224-9505-e318d1863c16",
  "dc:identifier": "731039",
  "@type": [
    "schema:Accommodation",
    "schema:FoodEstablishment",
    "schema:Hotel",
    "schema:LodgingBusiness",
    "schema:Restaurant",
    "Accommodation",
    "FoodEstablishment",
    "Hotel",
    "HotelRestaurant",
    "HotelTrade",
    "PlaceOfInterest",
    "PointOfInterest",
    "Restaurant"
  ],
  "rdfs:comment": {
    "de": [
      "Komplett renoviertes 4-Sterne-Hotel in der Gegend von Courtaboeuf in der Nähe von Paris und Saclay."
    ],
    "en": [
      "A fully-renovated, 4-star hotel located in the Courtaboeuf district near Paris and Saclay."
    ],
    "it": [
      "Hotel 4 stelle situato nella zona di Courtaboeuf, vicino a Parigi e Saclay, completamente rinnovato."
    ],
    "fr": [
      "Hôtel 4 étoiles situé dans la zone de Courtaboeuf à proximité de Paris et Saclay, entièrement rénové."
    ],
    "nl": [
      "Viersterrenhotel in de wijk Courtaboeuf in de buurt van Parijs en Saclay, volledig gerenoveerd."
    ],
    "es": [
      "Hotel de 4 estrellas situado en la zona de Courtaboeuf, cerca de París y Saclay, completamente renovado."
    ]
  },
  "rdfs:label": {
    "fr": [
      "Hôtel Mercure Paris Sud Les Ulis Courtaboeuf"
    ]
  },
  "hasBeenCreatedBy": {
    "@id": "https://data.datatourisme.fr/13/e034fb6b-66aa-3c1d-88f4-45ddfb08da98",
    "dc:identifier": "1233",
    "schema:email": [
      "d.trioux@destination-paris-saclay.com"
    ],
    "schema:legalName": "Destination Paris-Saclay",
    "@type": [
      "schema:Organization",
      "foaf:Agent",
      "Agent"
    ],
    "foaf:homepage": [
      "https://www.destination-paris-saclay.com/"
    ]
  },
  "hasBeenPublishedBy": [
    {
      "@id": "https://data.datatourisme.fr/8a9feb4b-2cbd-3d2c-b507-bd6c6776b23b",
      "schema:legalName": "Apidae Tourisme Scic SA - source : Apidae Tourisme",
      "@type": [
        "schema:Organization",
        "foaf:Agent",
        "Agent"
      ],
      "foaf:homepage": [
        "https://www.apidae-tourisme.com/"
      ]
    }
  ],
  "hasContact": [
    {
      "@id": "https://data.datatourisme.fr/29fd89f3-b4da-3c97-a1f0-f49fb1f5f130",
      "schema:email": [
        "h0376@accor.com"
      ],
      "schema:telephone": [
        "+33 1 69 07 63 96"
      ],
      "@type": [
        "foaf:Agent",
        "Agent"
      ],
      "foaf:homepage": [
        "https://www.accorhotels.com/fr/hotel-0376-hotel-mercure-paris-sud-les-ulis-courtaboeuf/index.shtml"
      ]
    }
  ],
  "hasDescription": [
    {
      "@id": "https://data.datatourisme.fr/d988843b-05ed-36f4-a7a7-e5c66b1245f9",
      "@type": [
        "Description"
      ],
      "hasTranslatedProperty": [
        {
          "@id": "https://data.datatourisme.fr/1ed06e51-387b-3c2e-aa64-75e0ee981d98",
          "dc:contributor": [
            "https://api.deepl.com/v2/translate"
          ],
          "rdf:language": [
            "es"
          ],
          "rdf:predicate": [
            "shortDescription"
          ]
        },
        {
          "@id": "https://data.datatourisme.fr/43a4a58f-e785-3665-929b-1ce27c28ec08",
          "dc:contributor": [
            "https://api.deepl.com/v2/translate"
          ],
          "rdf:language": [
            "it"
          ],
          "rdf:predicate": [
            "shortDescription"
          ]
        },
        {
          "@id": "https://data.datatourisme.fr/b7724cbb-6e6d-3b9a-8a01-db7918e19155",
          "dc:contributor": [
            "https://api.deepl.com/v2/translate"
          ],
          "rdf:language": [
            "de"
          ],
          "rdf:predicate": [
            "shortDescription"
          ]
        },
        {
          "@id": "https://data.datatourisme.fr/d49d5b13-0f6b-3d83-9779-0f6b5e13ec1c",
          "dc:contributor": [
            "https://api.deepl.com/v2/translate"
          ],
          "rdf:language": [
            "nl"
          ],
          "rdf:predicate": [
            "shortDescription"
          ]
        }
      ],
      "shortDescription": {
        "de": [
          "Komplett renoviertes 4-Sterne-Hotel in der Gegend von Courtaboeuf in der Nähe von Paris und Saclay."
        ],
        "en": [
          "A fully-renovated, 4-star hotel located in the Courtaboeuf district near Paris and Saclay."
        ],
        "it": [
          "Hotel 4 stelle situato nella zona di Courtaboeuf, vicino a Parigi e Saclay, completamente rinnovato."
        ],
        "fr": [
          "Hôtel 4 étoiles situé dans la zone de Courtaboeuf à proximité de Paris et Saclay, entièrement rénové."
        ],
        "nl": [
          "Viersterrenhotel in de wijk Courtaboeuf in de buurt van Parijs en Saclay, volledig gerenoveerd."
        ],
        "es": [
          "Hotel de 4 estrellas situado en la zona de Courtaboeuf, cerca de París y Saclay, completamente renovado."
        ]
      }
    }
  ],
  "hasTranslatedProperty": [
    {
      "@id": "https://data.datatourisme.fr/56775b06-473d-3734-8625-da86214d91ed",
      "dc:contributor": [
        "https://api.deepl.com/v2/translate"
      ],
      "rdf:language": [
        "it"
      ],
      "rdf:predicate": [
        {
          "@id": "rdfs:comment"
        }
      ]
    },
    {
      "@id": "https://data.datatourisme.fr/6d9cc242-1590-3609-8814-080f08a4b0c7",
      "dc:contributor": [
        "https://api.deepl.com/v2/translate"
      ],
      "rdf:language": [
        "es"
      ],
      "rdf:predicate": [
        {
          "@id": "rdfs:comment"
        }
      ]
    },
    {
      "@id": "https://data.datatourisme.fr/9c16ef37-9b66-3809-aaf4-25d84bc3f56a",
      "dc:contributor": [
        "https://api.deepl.com/v2/translate"
      ],
      "rdf:language": [
        "nl"
      ],
      "rdf:predicate": [
        {
          "@id": "rdfs:comment"
        }
      ]
    },
    {
      "@id": "https://data.datatourisme.fr/b753154d-25d3-3ba6-958f-f20e933e745b",
      "dc:contributor": [
        "https://api.deepl.com/v2/translate"
      ],
      "rdf:language": [
        "de"
      ],
      "rdf:predicate": [
        {
          "@id": "rdfs:comment"
        }
      ]
    }
  ],
  "isLocatedAt": [
    {
      "@id": "https://data.datatourisme.fr/7d2ff89c-14f1-3cb4-8263-da81ba291315",
      "schema:address": [
        {
          "@id": "https://data.datatourisme.fr/06d2abf9-6ffd-3daa-b484-b9f2cbe6df97",
          "schema:addressLocality": "Les Ulis",
          "schema:postalCode": "91940",
          "schema:streetAddress": [
            "3 rue du Rio Salado"
          ],
          "@type": [
            "schema:PostalAddress",
            "PostalAddress"
          ],
          "hasAddressCity": {
            "@id": "kb:91692",
            "@type": [
              "City"
            ],
            "rdfs:label": {
              "de": [
                "Les Ulis"
              ],
              "pt": [
                "Les Ulis"
              ],
              "en": [
                "Les Ulis"
              ],
              "it": [
                "Les Ulis"
              ],
              "fr": [
                "Les Ulis"
              ],
              "nl": [
                "Les Ulis"
              ],
              "es": [
                "Les Ulis"
              ]
            },
            "insee": "91692",
            "isPartOfDepartment": {
              "@id": "kb:France1191",
              "@type": [
                "Department"
              ],
              "rdfs:label": {
                "de": [
                  "Essonne"
                ],
                "pt": [
                  "Essonne"
                ],
                "en": [
                  "Essonne"
                ],
                "it": [
                  "Essonne"
                ],
                "fr": [
                  "Essonne"
                ],
                "nl": [
                  "Essonne"
                ],
                "es": [
                  "Essonne"
                ]
              },
              "insee": "91",
              "isPartOfRegion": {
                "@id": "kb:France11",
                "@type": [
                  "Region"
                ],
                "rdfs:label": {
                  "de": [
                    "Île-de-France"
                  ],
                  "pt": [
                    "Île-de-France"
                  ],
                  "en": [
                    "Île-de-France"
                  ],
                  "it": [
                    "Île-de-France"
                  ],
                  "fr": [
                    "Île-de-France"
                  ],
                  "nl": [
                    "Île-de-France"
                  ],
                  "es": [
                    "Île-de-France"
                  ]
                },
                "insee": "11",
                "isPartOfCountry": {
                  "@id": "kb:France",
                  "@type": [
                    "schema:Country"
                  ],
                  "rdfs:label": {
                    "de": [
                      "France",
                      "Frankreich"
                    ],
                    "pt": [
                      "França",
                      "France"
                    ],
                    "en": [
                      "France"
                    ],
                    "it": [
                      "France",
                      "Francia"
                    ],
                    "fr": [
                      "France"
                    ],
                    "nl": [
                      "France",
                      "Frankrijk"
                    ],
                    "es": [
                      "France",
                      "Francia"
                    ]
                  }
                }
              }
            }
          }
        }
      ],
      "schema:geo": {
        "@id": "https://data.datatourisme.fr/7fb80832-8610-3fe9-860c-bd66116fdcd1",
        "schema:latitude": "48.67923",
        "schema:longitude": "2.199096",
        "@type": [
          "schema:GeoCoordinates"
        ]
      },
      "schema:openingHoursSpecification": [
        {
          "@id": "https://data.datatourisme.fr/73775a91-3660-338c-9c09-bb6eb61dd4d0",
          "schema:validFrom": "2023-01-01T00:00:00",
          "schema:validThrough": "2023-01-01T23:59:59",
          "@type": [
            "schema:OpeningHoursSpecification"
          ]
        }
      ],
      "@type": [
        "schema:Place",
        "Place"
      ]
    }
  ],
  "isOwnedBy": [
    {
      "@id": "https://data.datatourisme.fr/d87037ec-223f-3b91-8276-b2fe7d28f333",
      "schema:email": [
        "d.trioux@destination-paris-saclay.com"
      ],
      "schema:legalName": "Destination Paris-Saclay",
      "@type": [
        "schema:Organization",
        "foaf:Agent",
        "Agent"
      ],
      "foaf:homepage": [
        "https://www.destination-paris-saclay.com/"
      ]
    }
  ],
  "lastUpdate": "2023-01-27",
  "lastUpdateDatatourisme": "2023-05-30T05:49:20.253Z",
  "offers": [
    {
      "@id": "https://data.datatourisme.fr/867e22c6-ddc3-362c-ab6d-66e67b7174be",
      "schema:priceSpecification": [
        {
          "@id": "https://data.datatourisme.fr/0b3c6509-1746-387a-8e9f-ee89c05ad86f",
          "schema:maxPrice": [
            "10",
            "17.9",
            "250"
          ],
          "schema:minPrice": [
            "10",
            "10.9",
            "125"
          ],
          "schema:priceCurrency": "EUR",
          "@type": [
            "schema:PriceSpecification",
            "PriceSpecification"
          ],
          "appliesOnPeriod": [
            {
              "@id": "https://data.datatourisme.fr/5a0291bd-3393-3f99-9dee-caf6526d39b9",
              "@type": [
                "Period"
              ],
              "endDate": "2024-01-01",
              "startDate": "2023-01-01"
            }
          ]
        }
      ],
      "@type": [
        "schema:Offer",
        "Offer"
      ]
    }
  ]
}