{
  "@id": "https://data.datatourisme.fr/13/05febbcb-6f97-3d46-acf5-fcc2e82fba6a",
  "dc:identifier": "5417413",
  "@type": [
    "CulturalSite",
    "PlaceOfInterest",
    "PointOfInterest"
  ],
  "rdfs:comment": {
    "de": [
      "Eines der wenigen Backsteinhäuser in Maisons-Laffitte in Anlehnung an den Stil Ludwigs XIII. zu Ehren des Architekten der Mansart-Häuser. Seine Akoladenleisten sowie die Oberlichter mit Pinakeln und Dreipassgiebeln bilden eine neogotische Dekoration."
    ],
    "en": [
      "One of the rare brick houses of Maisons-Laffitte in reference to the Louis XIII style in homage to the architect of the Mansart houses. Its mouldings in accolade as well as the dormer windows with pinnacles and three-lobed pediments constitute a neo-gothic decor."
    ],
    "it": [
      "Una delle poche case in mattoni di Maisons-Laffitte in riferimento allo stile Luigi XIII, in omaggio all'architetto delle case Mansard. Le modanature a mensola, gli abbaini a pinnacolo e i frontoni trilobati costituiscono un decoro neogotico."
    ],
    "fr": [
      "Une des rares maisons en briques de Maisons-Laffitte en référence au style Louis XIII en hommage à l'architecte des maisons Mansart. Ses moulures en accolade ainsi que les lucarnes à pinacles et frontons trilobés constituent un décor néo-gothique."
    ],
    "es": [
      "Una de las pocas casas de ladrillo de Maisons-Laffitte en referencia al estilo Luis XIII en homenaje al arquitecto de las casas Mansard. Sus molduras de tirantes, así como las buhardillas con pináculos y los frontones trilobulados, constituyen una decoración neogótica."
    ],
    "nl": [
      "Een van de weinige bakstenen huizen in Maisons-Laffitte in verwijzing naar de Louis XIII stijl als eerbetoon aan de architect van de Mansard huizen. Het lijstwerk en de dakkapellen met pinakels en frontons met drie lussen vormen een neogotisch decor."
    ]
  },
  "rdfs:label": {
    "fr": [
      "Maison néo-gothique"
    ]
  },
  "hasBeenCreatedBy": {
    "@id": "https://data.datatourisme.fr/13/d72fbbcc-d9fe-34c3-a14f-85d225a046f4",
    "dc:identifier": "1592",
    "schema:email": [
      "commercial@tourisme-maisonslaffitte.fr",
      "communication@tourisme-maisonslaffitte.fr",
      "contact@tourisme-maisonslaffitte.fr",
      "groupes@tourisme-maisonslaffitte.fr"
    ],
    "schema:legalName": "Office de Tourisme de Maisons-Laffitte",
    "@type": [
      "schema:Organization",
      "foaf:Agent",
      "Agent"
    ],
    "foaf:homepage": [
      "http://www.tourisme-maisonslaffitte.fr/"
    ]
  },
  "hasBeenPublishedBy": [
    {
      "@id": "https://data.datatourisme.fr/8a9feb4b-2cbd-3d2c-b507-bd6c6776b23b",
      "schema:legalName": "Apidae Tourisme Scic SA - source : Apidae Tourisme",
      "@type": [
        "schema:Organization",
        "foaf:Agent",
        "Agent"
      ],
      "foaf:homepage": [
        "https://www.apidae-tourisme.com/"
      ]
    }
  ],
  "hasContact": [
    {
      "@id": "https://data.datatourisme.fr/e8967c7d-a9c3-3cff-8ddc-add0c29ff78d",
      "schema:email": [
        "accueil@tourisme-maisonslaffitte.fr"
      ],
      "schema:telephone": [
        "+33 1 39 62 63 64"
      ],
      "@type": [
        "foaf:Agent",
        "Agent"
      ],
      "foaf:homepage": [
        "http://www.tourisme-maisonslaffitte.fr/"
      ]
    }
  ],
  "hasDescription": [
    {
      "@id": "https://data.datatourisme.fr/1b99a965-bc3f-3134-aa79-07e748ab38d4",
      "@type": [
        "Description"
      ],
      "hasTranslatedProperty": [
        {
          "@id": "https://data.datatourisme.fr/02d6fa03-0323-36f6-ad05-120dee953f9e",
          "dc:contributor": [
            "https://api.deepl.com/v2/translate"
          ],
          "rdf:language": [
            "en"
          ],
          "rdf:predicate": [
            "shortDescription"
          ]
        },
        {
          "@id": "https://data.datatourisme.fr/2f908343-3bea-32af-9492-d4aa2abd59a2",
          "dc:contributor": [
            "https://api.deepl.com/v2/translate"
          ],
          "rdf:language": [
            "de"
          ],
          "rdf:predicate": [
            "shortDescription"
          ]
        },
        {
          "@id": "https://data.datatourisme.fr/32797ffc-9b85-393e-85d0-5065e463e679",
          "dc:contributor": [
            "https://api.deepl.com/v2/translate"
          ],
          "rdf:language": [
            "es"
          ],
          "rdf:predicate": [
            "shortDescription"
          ]
        },
        {
          "@id": "https://data.datatourisme.fr/602289e0-4abd-3dea-9d01-6e616e88fad0",
          "dc:contributor": [
            "https://api.deepl.com/v2/translate"
          ],
          "rdf:language": [
            "nl"
          ],
          "rdf:predicate": [
            "shortDescription"
          ]
        },
        {
          "@id": "https://data.datatourisme.fr/9f008c35-45d9-335f-bbe7-87817c31b250",
          "dc:contributor": [
            "https://api.deepl.com/v2/translate"
          ],
          "rdf:language": [
            "it"
          ],
          "rdf:predicate": [
            "shortDescription"
          ]
        }
      ],
      "shortDescription": {
        "de": [
          "Eines der wenigen Backsteinhäuser in Maisons-Laffitte in Anlehnung an den Stil Ludwigs XIII. zu Ehren des Architekten der Mansart-Häuser. Seine Akoladenleisten sowie die Oberlichter mit Pinakeln und Dreipassgiebeln bilden eine neogotische Dekoration."
        ],
        "en": [
          "One of the rare brick houses of Maisons-Laffitte in reference to the Louis XIII style in homage to the architect of the Mansart houses. Its mouldings in accolade as well as the dormer windows with pinnacles and three-lobed pediments constitute a neo-gothic decor."
        ],
        "it": [
          "Una delle poche case in mattoni di Maisons-Laffitte in riferimento allo stile Luigi XIII, in omaggio all'architetto delle case Mansard. Le modanature a mensola, gli abbaini a pinnacolo e i frontoni trilobati costituiscono un decoro neogotico."
        ],
        "fr": [
          "Une des rares maisons en briques de Maisons-Laffitte en référence au style Louis XIII en hommage à l'architecte des maisons Mansart. Ses moulures en accolade ainsi que les lucarnes à pinacles et frontons trilobés constituent un décor néo-gothique."
        ],
        "es": [
          "Una de las pocas casas de ladrillo de Maisons-Laffitte en referencia al estilo Luis XIII en homenaje al arquitecto de las casas Mansard. Sus molduras de tirantes, así como las buhardillas con pináculos y los frontones trilobulados, constituyen una decoración neogótica."
        ],
        "nl": [
          "Een van de weinige bakstenen huizen in Maisons-Laffitte in verwijzing naar de Louis XIII stijl als eerbetoon aan de architect van de Mansard huizen. Het lijstwerk en de dakkapellen met pinakels en frontons met drie lussen vormen een neogotisch decor."
        ]
      }
    }
  ],
  "hasTheme": [
    {
      "@id": "kb:Culture",
      "@type": [
        "CulturalTheme"
      ],
      "rdfs:label": {
        "de": [
          "Kultur"
        ],
        "pt": [
          "Cultura"
        ],
        "en": [
          "Culture"
        ],
        "it": [
          "Cultura"
        ],
        "fr": [
          "Culture"
        ],
        "nl": [
          "Cultuur"
        ],
        "es": [
          "Cultura"
        ]
      }
    }
  ],
  "hasTranslatedProperty": [
    {
      "@id": "https://data.datatourisme.fr/23ed3a6e-d6b3-322f-9260-4d49a56e44d3",
      "dc:contributor": [
        "https://api.deepl.com/v2/translate"
      ],
      "rdf:language": [
        "en"
      ],
      "rdf:predicate": [
        {
          "@id": "rdfs:comment"
        }
      ]
    },
    {
      "@id": "https://data.datatourisme.fr/51db3ca3-3076-37b7-a899-713fe898e303",
      "dc:contributor": [
        "https://api.deepl.com/v2/translate"
      ],
      "rdf:language": [
        "es"
      ],
      "rdf:predicate": [
        {
          "@id": "rdfs:comment"
        }
      ]
    },
    {
      "@id": "https://data.datatourisme.fr/65b68305-a02a-3d67-90d7-0c0be795f038",
      "dc:contributor": [
        "https://api.deepl.com/v2/translate"
      ],
      "rdf:language": [
        "it"
      ],
      "rdf:predicate": [
        {
          "@id": "rdfs:comment"
        }
      ]
    },
    {
      "@id": "https://data.datatourisme.fr/7008a19e-719a-35da-9b71-9e06296ef774",
      "dc:contributor": [
        "https://api.deepl.com/v2/translate"
      ],
      "rdf:language": [
        "de"
      ],
      "rdf:predicate": [
        {
          "@id": "rdfs:comment"
        }
      ]
    },
    {
      "@id": "https://data.datatourisme.fr/b42f911d-f89d-325e-bd42-37ca514a2aa3",
      "dc:contributor": [
        "https://api.deepl.com/v2/translate"
      ],
      "rdf:language": [
        "nl"
      ],
      "rdf:predicate": [
        {
          "@id": "rdfs:comment"
        }
      ]
    }
  ],
  "isLocatedAt": [
    {
      "@id": "https://data.datatourisme.fr/fee982da-d64c-320b-9d50-9950f253fd2a",
      "schema:address": [
        {
          "@id": "https://data.datatourisme.fr/030110c6-d205-3cc4-8df5-40e99343354a",
          "schema:addressLocality": "Maisons-Laffitte",
          "schema:postalCode": "78600",
          "schema:streetAddress": [
            "10 avenue Albine"
          ],
          "@type": [
            "schema:PostalAddress",
            "PostalAddress"
          ],
          "hasAddressCity": {
            "@id": "kb:78358",
            "@type": [
              "City"
            ],
            "rdfs:label": {
              "de": [
                "Maisons-Laffitte"
              ],
              "pt": [
                "Maisons-Laffitte"
              ],
              "en": [
                "Maisons-Laffitte"
              ],
              "it": [
                "Maisons-Laffitte"
              ],
              "fr": [
                "Maisons-Laffitte"
              ],
              "nl": [
                "Maisons-Laffitte"
              ],
              "es": [
                "Maisons-Laffitte"
              ]
            },
            "insee": "78358",
            "isPartOfDepartment": {
              "@id": "kb:France1178",
              "@type": [
                "Department"
              ],
              "rdfs:label": {
                "de": [
                  "Yvelines"
                ],
                "pt": [
                  "Yvelines"
                ],
                "en": [
                  "Yvelines"
                ],
                "it": [
                  "Yvelines"
                ],
                "fr": [
                  "Yvelines"
                ],
                "nl": [
                  "Yvelines"
                ],
                "es": [
                  "Yvelines"
                ]
              },
              "insee": "78",
              "isPartOfRegion": {
                "@id": "kb:France11",
                "@type": [
                  "Region"
                ],
                "rdfs:label": {
                  "de": [
                    "Île-de-France"
                  ],
                  "pt": [
                    "Île-de-France"
                  ],
                  "en": [
                    "Île-de-France"
                  ],
                  "it": [
                    "Île-de-France"
                  ],
                  "fr": [
                    "Île-de-France"
                  ],
                  "nl": [
                    "Île-de-France"
                  ],
                  "es": [
                    "Île-de-France"
                  ]
                },
                "insee": "11",
                "isPartOfCountry": {
                  "@id": "kb:France",
                  "@type": [
                    "schema:Country"
                  ],
                  "rdfs:label": {
                    "de": [
                      "France",
                      "Frankreich"
                    ],
                    "pt": [
                      "França",
                      "France"
                    ],
                    "en": [
                      "France"
                    ],
                    "it": [
                      "France",
                      "Francia"
                    ],
                    "fr": [
                      "France"
                    ],
                    "nl": [
                      "France",
                      "Frankrijk"
                    ],
                    "es": [
                      "France",
                      "Francia"
                    ]
                  }
                }
              }
            }
          }
        }
      ],
      "schema:geo": {
        "@id": "https://data.datatourisme.fr/126bce8d-a142-32ca-a390-d7402e16e82c",
        "schema:latitude": "48.951106",
        "schema:longitude": "2.146932",
        "@type": [
          "schema:GeoCoordinates"
        ]
      },
      "schema:openingHoursSpecification": [
        {
          "@id": "https://data.datatourisme.fr/395ede87-244a-32e1-ae6d-e73125986d03",
          "schema:validFrom": "2023-01-01T00:00:00",
          "schema:validThrough": "2023-12-31T23:59:59",
          "@type": [
            "schema:OpeningHoursSpecification"
          ],
          "additionalInformation": {
            "de": [
              "Nicht besuchbar, sichtbar von der Straße und bei Führungen durch den Park."
            ],
            "en": [
              "Non-visitable, visible from the street and during guided tours of the park."
            ],
            "it": [
              "Non visitabile, visibile dalla strada e durante le visite guidate del parco."
            ],
            "fr": [
              "Non visitable, visible depuis la rue et lors des visites guidées du parc."
            ],
            "es": [
              "No visitable, visible desde la calle y durante las visitas guiadas al parque."
            ],
            "nl": [
              "Niet te bezoeken, zichtbaar vanaf de straat en tijdens rondleidingen door het park."
            ]
          },
          "hasTranslatedProperty": [
            {
              "@id": "https://data.datatourisme.fr/28690bfa-1eab-3e9d-8d43-fb225607c234",
              "dc:contributor": [
                "https://api.deepl.com/v2/translate"
              ],
              "rdf:language": [
                "de"
              ],
              "rdf:predicate": [
                "additionalInformation"
              ]
            },
            {
              "@id": "https://data.datatourisme.fr/40362570-77e1-3685-bbd4-997e6a29867b",
              "dc:contributor": [
                "https://api.deepl.com/v2/translate"
              ],
              "rdf:language": [
                "it"
              ],
              "rdf:predicate": [
                "additionalInformation"
              ]
            },
            {
              "@id": "https://data.datatourisme.fr/6669e2f5-7cf0-315c-b198-326cd5f3a0af",
              "dc:contributor": [
                "https://api.deepl.com/v2/translate"
              ],
              "rdf:language": [
                "es"
              ],
              "rdf:predicate": [
                "additionalInformation"
              ]
            },
            {
              "@id": "https://data.datatourisme.fr/6961b68a-fcda-3b47-a627-6c98ec71b8f6",
              "dc:contributor": [
                "https://api.deepl.com/v2/translate"
              ],
              "rdf:language": [
                "en"
              ],
              "rdf:predicate": [
                "additionalInformation"
              ]
            },
            {
              "@id": "https://data.datatourisme.fr/ab3eb9f8-151e-35a2-9e96-338ad3bde043",
              "dc:contributor": [
                "https://api.deepl.com/v2/translate"
              ],
              "rdf:language": [
                "nl"
              ],
              "rdf:predicate": [
                "additionalInformation"
              ]
            }
          ]
        }
      ],
      "@type": [
        "schema:Place",
        "Place"
      ]
    }
  ],
  "isOwnedBy": [
    {
      "@id": "https://data.datatourisme.fr/78d7093d-a9e3-379e-ac44-b41b246b1202",
      "schema:email": [
        "commercial@tourisme-maisonslaffitte.fr",
        "communication@tourisme-maisonslaffitte.fr",
        "contact@tourisme-maisonslaffitte.fr",
        "groupes@tourisme-maisonslaffitte.fr"
      ],
      "schema:legalName": "Office de Tourisme de Maisons-Laffitte",
      "@type": [
        "schema:Organization",
        "foaf:Agent",
        "Agent"
      ],
      "foaf:homepage": [
        "http://www.tourisme-maisonslaffitte.fr/"
      ]
    }
  ],
  "lastUpdate": "2021-02-09",
  "lastUpdateDatatourisme": "2023-04-26T06:24:45.773Z"
}