{
  "@id": "https://data.datatourisme.fr/13/05be0d4d-b4f5-37a7-810f-72bed4bc4e31",
  "dc:identifier": "847849",
  "@type": [
    "schema:FoodEstablishment",
    "FoodEstablishment",
    "PlaceOfInterest",
    "PointOfInterest"
  ],
  "rdfs:comment": {
    "de": [
      "Laden Sie sich selbst an den Tisch der Maharadschas ein!"
    ],
    "en": [
      "Invite yourself to the Maharajas' table!"
    ],
    "it": [
      "Invitatevi al tavolo dei Maharaja!"
    ],
    "fr": [
      "Invitez-vous à la table des Maharajas!"
    ],
    "nl": [
      "Nodig jezelf uit aan de tafel van de Maharadja's!"
    ],
    "es": [
      "Invítese a la mesa de los maharajás"
    ]
  },
  "rdfs:label": {
    "fr": [
      "Restaurant Le Chemin d'Himalaya"
    ]
  },
  "hasBeenCreatedBy": {
    "@id": "https://data.datatourisme.fr/13/08fe2621-d8e7-36b0-aec0-da35256a998d",
    "dc:identifier": "1016",
    "schema:email": [
      "direction.tourismegpsses@orange.fr",
      "m.delvalle@tourismegps.com",
      "m.meneur@tourismegps.com",
      "m.pantin@tourismegps.com"
    ],
    "schema:legalName": "Office de Tourisme Grand Paris Sud Seine-Essonne-Sénart",
    "@type": [
      "schema:Organization",
      "foaf:Agent",
      "Agent"
    ],
    "foaf:homepage": [
      "https://tourisme-grandparissud.com/"
    ]
  },
  "hasBeenPublishedBy": [
    {
      "@id": "https://data.datatourisme.fr/8a9feb4b-2cbd-3d2c-b507-bd6c6776b23b",
      "schema:legalName": "Apidae Tourisme Scic SA - source : Apidae Tourisme",
      "@type": [
        "schema:Organization",
        "foaf:Agent",
        "Agent"
      ],
      "foaf:homepage": [
        "https://www.apidae-tourisme.com/"
      ]
    }
  ],
  "hasContact": [
    {
      "@id": "https://data.datatourisme.fr/9492990e-b346-3376-8e35-e7765a9db512",
      "schema:email": [
        "chemindehimalaya.evry@gmail.com"
      ],
      "schema:telephone": [
        "+33 1 60 77 87 45"
      ],
      "@type": [
        "foaf:Agent",
        "Agent"
      ],
      "foaf:homepage": [
        "http://www.chemindehimalaya.fr/www/index.html"
      ]
    }
  ],
  "hasDescription": [
    {
      "@id": "https://data.datatourisme.fr/76434307-8a2a-3c65-9d5f-08880b22b443",
      "@type": [
        "Description"
      ],
      "hasTranslatedProperty": [
        {
          "@id": "https://data.datatourisme.fr/10d3154a-5840-3057-be0c-b29404f65812",
          "dc:contributor": [
            "https://api.deepl.com/v2/translate"
          ],
          "rdf:language": [
            "es"
          ],
          "rdf:predicate": [
            "shortDescription"
          ]
        },
        {
          "@id": "https://data.datatourisme.fr/1180d524-a5eb-3577-a864-4eb14307fa3b",
          "dc:contributor": [
            "https://api.deepl.com/v2/translate"
          ],
          "rdf:language": [
            "en"
          ],
          "rdf:predicate": [
            "shortDescription"
          ]
        },
        {
          "@id": "https://data.datatourisme.fr/214521e3-7024-3755-86de-6670344876d4",
          "dc:contributor": [
            "https://api.deepl.com/v2/translate"
          ],
          "rdf:language": [
            "nl"
          ],
          "rdf:predicate": [
            "shortDescription"
          ]
        },
        {
          "@id": "https://data.datatourisme.fr/4827623f-f39a-3054-a37e-68dbed21f2b9",
          "dc:contributor": [
            "https://api.deepl.com/v2/translate"
          ],
          "rdf:language": [
            "de"
          ],
          "rdf:predicate": [
            "shortDescription"
          ]
        },
        {
          "@id": "https://data.datatourisme.fr/fdd68d69-4bc5-3556-a051-689e47a70470",
          "dc:contributor": [
            "https://api.deepl.com/v2/translate"
          ],
          "rdf:language": [
            "it"
          ],
          "rdf:predicate": [
            "shortDescription"
          ]
        }
      ],
      "shortDescription": {
        "de": [
          "Laden Sie sich selbst an den Tisch der Maharadschas ein!"
        ],
        "en": [
          "Invite yourself to the Maharajas' table!"
        ],
        "it": [
          "Invitatevi al tavolo dei Maharaja!"
        ],
        "fr": [
          "Invitez-vous à la table des Maharajas!"
        ],
        "nl": [
          "Nodig jezelf uit aan de tafel van de Maharadja's!"
        ],
        "es": [
          "Invítese a la mesa de los maharajás"
        ]
      }
    }
  ],
  "hasTranslatedProperty": [
    {
      "@id": "https://data.datatourisme.fr/0c2f57b0-edda-3085-8dc5-95b16e92971c",
      "dc:contributor": [
        "https://api.deepl.com/v2/translate"
      ],
      "rdf:language": [
        "es"
      ],
      "rdf:predicate": [
        {
          "@id": "rdfs:comment"
        }
      ]
    },
    {
      "@id": "https://data.datatourisme.fr/2e53728a-f1f0-3c6c-a43f-193ef3f32b82",
      "dc:contributor": [
        "https://api.deepl.com/v2/translate"
      ],
      "rdf:language": [
        "en"
      ],
      "rdf:predicate": [
        {
          "@id": "rdfs:comment"
        }
      ]
    },
    {
      "@id": "https://data.datatourisme.fr/2f01912e-aabf-31ba-875b-2397065f89eb",
      "dc:contributor": [
        "https://api.deepl.com/v2/translate"
      ],
      "rdf:language": [
        "de"
      ],
      "rdf:predicate": [
        {
          "@id": "rdfs:comment"
        }
      ]
    },
    {
      "@id": "https://data.datatourisme.fr/42008088-0c32-30da-acc5-a5a92b2f1d64",
      "dc:contributor": [
        "https://api.deepl.com/v2/translate"
      ],
      "rdf:language": [
        "nl"
      ],
      "rdf:predicate": [
        {
          "@id": "rdfs:comment"
        }
      ]
    },
    {
      "@id": "https://data.datatourisme.fr/ab1c9470-6db0-3d2b-a84f-78e84a7ba9cd",
      "dc:contributor": [
        "https://api.deepl.com/v2/translate"
      ],
      "rdf:language": [
        "it"
      ],
      "rdf:predicate": [
        {
          "@id": "rdfs:comment"
        }
      ]
    }
  ],
  "isLocatedAt": [
    {
      "@id": "https://data.datatourisme.fr/ade612cf-b54a-34cf-a380-025d256c85e7",
      "schema:address": [
        {
          "@id": "https://data.datatourisme.fr/7a2ae509-e926-368f-956d-c33776e31146",
          "schema:addressLocality": "Évry-Courcouronnes",
          "schema:postalCode": "91000",
          "schema:streetAddress": [
            "12/14 Cour Monseigneur Romero",
            "Évry"
          ],
          "@type": [
            "schema:PostalAddress",
            "PostalAddress"
          ],
          "hasAddressCity": {
            "@id": "kb:91228",
            "@type": [
              "City"
            ],
            "rdfs:label": {
              "de": [
                "Évry-Courcouronnes"
              ],
              "pt": [
                "Évry-Courcouronnes"
              ],
              "en": [
                "Évry-Courcouronnes"
              ],
              "it": [
                "Évry-Courcouronnes"
              ],
              "fr": [
                "Évry-Courcouronnes"
              ],
              "nl": [
                "Évry-Courcouronnes"
              ],
              "es": [
                "Évry-Courcouronnes"
              ]
            },
            "insee": "91228",
            "isPartOfDepartment": {
              "@id": "kb:France1191",
              "@type": [
                "Department"
              ],
              "rdfs:label": {
                "de": [
                  "Essonne"
                ],
                "pt": [
                  "Essonne"
                ],
                "en": [
                  "Essonne"
                ],
                "it": [
                  "Essonne"
                ],
                "fr": [
                  "Essonne"
                ],
                "nl": [
                  "Essonne"
                ],
                "es": [
                  "Essonne"
                ]
              },
              "insee": "91",
              "isPartOfRegion": {
                "@id": "kb:France11",
                "@type": [
                  "Region"
                ],
                "rdfs:label": {
                  "de": [
                    "Île-de-France"
                  ],
                  "pt": [
                    "Île-de-France"
                  ],
                  "en": [
                    "Île-de-France"
                  ],
                  "it": [
                    "Île-de-France"
                  ],
                  "fr": [
                    "Île-de-France"
                  ],
                  "nl": [
                    "Île-de-France"
                  ],
                  "es": [
                    "Île-de-France"
                  ]
                },
                "insee": "11",
                "isPartOfCountry": {
                  "@id": "kb:France",
                  "@type": [
                    "schema:Country"
                  ],
                  "rdfs:label": {
                    "de": [
                      "France",
                      "Frankreich"
                    ],
                    "pt": [
                      "França",
                      "France"
                    ],
                    "en": [
                      "France"
                    ],
                    "it": [
                      "France",
                      "Francia"
                    ],
                    "fr": [
                      "France"
                    ],
                    "nl": [
                      "France",
                      "Frankrijk"
                    ],
                    "es": [
                      "France",
                      "Francia"
                    ]
                  }
                }
              }
            }
          }
        }
      ],
      "schema:geo": {
        "@id": "https://data.datatourisme.fr/8514160b-0a9a-3212-9fab-451ad28ed062",
        "schema:latitude": "48.622896",
        "schema:longitude": "2.428693",
        "@type": [
          "schema:GeoCoordinates"
        ]
      },
      "schema:openingHoursSpecification": [
        {
          "@id": "https://data.datatourisme.fr/a4cd9096-ebb1-3be5-a95f-56446b8fefab",
          "schema:validFrom": "2023-01-01T00:00:00",
          "schema:validThrough": "2023-12-31T23:59:59",
          "@type": [
            "schema:OpeningHoursSpecification"
          ],
          "additionalInformation": {
            "de": [
              "Montag bis Donnerstag von 12:00 bis 14:30 und von 19:00 bis 23:00\r\nFreitag und Samstag von 12:00 bis 14:30 und von 19:00 bis 23:30"
            ],
            "en": [
              "Monday to Thursday from 12:00 to 14:30 and from 19:00 to 23:00\r\nFriday and Saturday from 12:00 to 14:30 and from 19:00 to 23:30"
            ],
            "it": [
              "Dal lunedì al giovedì dalle 12:00 alle 14:30 e dalle 19:00 alle 23:00\r\nVenerdì e sabato dalle 12:00 alle 14:30 e dalle 19:00 alle 23:30"
            ],
            "fr": [
              "Du lundi au jeudi de 12:00 à 14:30 et de 19:00 à 23:00\r\nVendredi et samedi de 12:00 à 14:30 et de 19:00 à 23:30"
            ],
            "nl": [
              "Maandag t/m donderdag van 12:00 tot 14:30 uur en van 19:00 tot 23:00 uur\r\nVrijdag en zaterdag van 12:00 tot 14:30 uur en van 19:00 tot 23:30 uur"
            ],
            "es": [
              "De lunes a jueves de 12:00 a 14:30 y de 19:00 a 23:00\r\nViernes y sábado de 12:00 a 14:30 y de 19:00 a 23:30"
            ]
          },
          "hasTranslatedProperty": [
            {
              "@id": "https://data.datatourisme.fr/46259d7f-51f8-3f9d-8b3e-4995be218899",
              "dc:contributor": [
                "https://api.deepl.com/v2/translate"
              ],
              "rdf:language": [
                "de"
              ],
              "rdf:predicate": [
                "additionalInformation"
              ]
            },
            {
              "@id": "https://data.datatourisme.fr/6b721b9e-cd16-3d92-9363-aa9aefcfe851",
              "dc:contributor": [
                "https://api.deepl.com/v2/translate"
              ],
              "rdf:language": [
                "nl"
              ],
              "rdf:predicate": [
                "additionalInformation"
              ]
            },
            {
              "@id": "https://data.datatourisme.fr/79a9b74f-e5ea-309e-adc4-867181f27069",
              "dc:contributor": [
                "https://api.deepl.com/v2/translate"
              ],
              "rdf:language": [
                "it"
              ],
              "rdf:predicate": [
                "additionalInformation"
              ]
            },
            {
              "@id": "https://data.datatourisme.fr/c81a5b81-9e51-3642-93a3-5f83bee8cfcf",
              "dc:contributor": [
                "https://api.deepl.com/v2/translate"
              ],
              "rdf:language": [
                "en"
              ],
              "rdf:predicate": [
                "additionalInformation"
              ]
            },
            {
              "@id": "https://data.datatourisme.fr/f75b2e48-3503-397b-a5f5-007c964d2a35",
              "dc:contributor": [
                "https://api.deepl.com/v2/translate"
              ],
              "rdf:language": [
                "es"
              ],
              "rdf:predicate": [
                "additionalInformation"
              ]
            }
          ]
        }
      ],
      "@type": [
        "schema:Place",
        "Place"
      ]
    }
  ],
  "isOwnedBy": [
    {
      "@id": "https://data.datatourisme.fr/637365d0-1279-3996-b918-645e6232b2bf",
      "schema:email": [
        "direction.tourismegpsses@orange.fr",
        "m.delvalle@tourismegps.com",
        "m.meneur@tourismegps.com",
        "m.pantin@tourismegps.com"
      ],
      "schema:legalName": "Office de Tourisme Grand Paris Sud Seine-Essonne-Sénart",
      "@type": [
        "schema:Organization",
        "foaf:Agent",
        "Agent"
      ],
      "foaf:homepage": [
        "https://tourisme-grandparissud.com/"
      ]
    }
  ],
  "lastUpdate": "2021-12-02",
  "lastUpdateDatatourisme": "2023-02-01T18:07:36.252Z"
}