{
  "@id": "https://data.datatourisme.fr/13/05e95127-c199-38d6-a324-452ee42e5ae2",
  "dc:identifier": "5390585",
  "@type": [
    "schema:FoodEstablishment",
    "FoodEstablishment",
    "PlaceOfInterest",
    "PointOfInterest"
  ],
  "rdfs:label": {
    "fr": [
      "Rajastan"
    ]
  },
  "hasBeenCreatedBy": {
    "@id": "https://data.datatourisme.fr/13/8b406655-4730-3dfa-a026-6346bdc1b202",
    "dc:identifier": "1090",
    "schema:email": [
      "claire.maury@cpb-tourisme.fr",
      "david.doctrinal@cpb-tourisme.fr",
      "mr.otpf@gmail.com",
      "thomas.touret@cpb-tourisme.fr"
    ],
    "schema:legalName": "Coulommiers Pays de Brie Tourisme",
    "@type": [
      "schema:Organization",
      "foaf:Agent",
      "Agent"
    ]
  },
  "hasBeenPublishedBy": [
    {
      "@id": "https://data.datatourisme.fr/1db24fc4-b534-39bf-bdaf-152c6f98730e",
      "schema:legalName": "Seine et Marne Attractivité - source : Apidae Tourisme",
      "@type": [
        "schema:Organization",
        "foaf:Agent",
        "Agent"
      ],
      "foaf:homepage": [
        "https://www.apidae-tourisme.com/"
      ]
    }
  ],
  "hasContact": [
    {
      "@id": "https://data.datatourisme.fr/8ddf0612-70f7-3833-a9cd-c3dde894c38b",
      "schema:telephone": [
        "+33 1 64 03 60 31"
      ],
      "@type": [
        "foaf:Agent",
        "Agent"
      ],
      "foaf:homepage": [
        "http://www.rajastan77.com/index.php"
      ]
    }
  ],
  "isLocatedAt": [
    {
      "@id": "https://data.datatourisme.fr/e8cbc345-404f-3af8-b582-9a47064e6e94",
      "schema:address": [
        {
          "@id": "https://data.datatourisme.fr/86a27766-263e-3e32-aef8-3fb441eee217",
          "schema:addressLocality": "Coulommiers",
          "schema:postalCode": "77120",
          "schema:streetAddress": [
            "19 rue du Marché"
          ],
          "@type": [
            "schema:PostalAddress",
            "PostalAddress"
          ],
          "hasAddressCity": {
            "@id": "kb:77131",
            "@type": [
              "City"
            ],
            "rdfs:label": {
              "de": [
                "Coulommiers"
              ],
              "pt": [
                "Coulommiers"
              ],
              "en": [
                "Coulommiers"
              ],
              "it": [
                "Coulommiers"
              ],
              "fr": [
                "Coulommiers"
              ],
              "nl": [
                "Coulommiers"
              ],
              "es": [
                "Coulommiers"
              ]
            },
            "insee": "77131",
            "isPartOfDepartment": {
              "@id": "kb:France1177",
              "@type": [
                "Department"
              ],
              "rdfs:label": {
                "de": [
                  "Seine-et-Marne"
                ],
                "pt": [
                  "Seine-et-Marne"
                ],
                "en": [
                  "Seine-et-Marne"
                ],
                "it": [
                  "Seine-et-Marne"
                ],
                "fr": [
                  "Seine-et-Marne"
                ],
                "nl": [
                  "Seine-et-Marne"
                ],
                "es": [
                  "Seine-et-Marne"
                ]
              },
              "insee": "77",
              "isPartOfRegion": {
                "@id": "kb:France11",
                "@type": [
                  "Region"
                ],
                "rdfs:label": {
                  "de": [
                    "Île-de-France"
                  ],
                  "pt": [
                    "Île-de-France"
                  ],
                  "en": [
                    "Île-de-France"
                  ],
                  "it": [
                    "Île-de-France"
                  ],
                  "fr": [
                    "Île-de-France"
                  ],
                  "nl": [
                    "Île-de-France"
                  ],
                  "es": [
                    "Île-de-France"
                  ]
                },
                "insee": "11",
                "isPartOfCountry": {
                  "@id": "kb:France",
                  "@type": [
                    "schema:Country"
                  ],
                  "rdfs:label": {
                    "de": [
                      "France",
                      "Frankreich"
                    ],
                    "pt": [
                      "França",
                      "France"
                    ],
                    "en": [
                      "France"
                    ],
                    "it": [
                      "France",
                      "Francia"
                    ],
                    "fr": [
                      "France"
                    ],
                    "nl": [
                      "France",
                      "Frankrijk"
                    ],
                    "es": [
                      "France",
                      "Francia"
                    ]
                  }
                }
              }
            }
          }
        }
      ],
      "schema:geo": {
        "@id": "https://data.datatourisme.fr/8873bfb8-42a0-374d-bf04-be2dcae3b388",
        "schema:latitude": "48.813968",
        "schema:longitude": "3.084217",
        "@type": [
          "schema:GeoCoordinates"
        ]
      },
      "schema:openingHoursSpecification": [
        {
          "@id": "https://data.datatourisme.fr/18699f5b-70cd-3f42-99e4-ae605988cf9a",
          "schema:validFrom": "2023-01-01T00:00:00",
          "schema:validThrough": "2023-12-31T23:59:59",
          "@type": [
            "schema:OpeningHoursSpecification"
          ],
          "additionalInformation": {
            "de": [
              "Von 12:00 bis 14:30 Uhr und von 19:00 bis 23:00 Uhr"
            ],
            "en": [
              "From 12h00 to 14h30 and from 19h00 to 23h00"
            ],
            "it": [
              "Dalle 12:00 alle 14:30 e dalle 19:00 alle 23:00"
            ],
            "fr": [
              "De 12h00 à 14h30 et de 19h00 à 23h00"
            ],
            "nl": [
              "Van 12:00 tot 14:30 uur en van 19:00 tot 23:00 uur"
            ],
            "es": [
              "De 12:00 a 14:30 y de 19:00 a 23:00"
            ]
          },
          "hasTranslatedProperty": [
            {
              "@id": "https://data.datatourisme.fr/0bc92b01-83b4-36bb-863f-fbe824d0d18c",
              "dc:contributor": [
                "https://api.deepl.com/v2/translate"
              ],
              "rdf:language": [
                "en"
              ],
              "rdf:predicate": [
                "additionalInformation"
              ]
            },
            {
              "@id": "https://data.datatourisme.fr/1a1c686b-8269-3ff5-9a2e-8abf47ec72aa",
              "dc:contributor": [
                "https://api.deepl.com/v2/translate"
              ],
              "rdf:language": [
                "it"
              ],
              "rdf:predicate": [
                "additionalInformation"
              ]
            },
            {
              "@id": "https://data.datatourisme.fr/1faf4f42-0c00-3ebd-9ef3-a10e292219ae",
              "dc:contributor": [
                "https://api.deepl.com/v2/translate"
              ],
              "rdf:language": [
                "de"
              ],
              "rdf:predicate": [
                "additionalInformation"
              ]
            },
            {
              "@id": "https://data.datatourisme.fr/2ad09e47-2ea8-3081-90bf-04c4b7233ade",
              "dc:contributor": [
                "https://api.deepl.com/v2/translate"
              ],
              "rdf:language": [
                "es"
              ],
              "rdf:predicate": [
                "additionalInformation"
              ]
            },
            {
              "@id": "https://data.datatourisme.fr/84bb00de-be12-376b-ba1b-2ae2cecaae4b",
              "dc:contributor": [
                "https://api.deepl.com/v2/translate"
              ],
              "rdf:language": [
                "nl"
              ],
              "rdf:predicate": [
                "additionalInformation"
              ]
            }
          ]
        }
      ],
      "@type": [
        "schema:Place",
        "Place"
      ]
    }
  ],
  "isOwnedBy": [
    {
      "@id": "https://data.datatourisme.fr/43ac2456-f590-3a0c-82d0-8fc8783db265",
      "schema:email": [
        "david.doctrinal@cpb-tourisme.fr",
        "mr.otpf@gmail.com",
        "thomas.touret@cpb-tourisme.fr"
      ],
      "schema:legalName": "Coulommiers Pays de Brie Tourisme",
      "@type": [
        "schema:Organization",
        "foaf:Agent",
        "Agent"
      ]
    }
  ],
  "lastUpdate": "2019-11-18",
  "lastUpdateDatatourisme": "2023-02-01T18:07:35.818Z"
}