{
  "@id": "https://data.datatourisme.fr/13/05cfdf55-de69-330e-9a3a-bb34cc98bd25",
  "dc:identifier": "4797595",
  "@type": [
    "schema:Accommodation",
    "schema:FoodEstablishment",
    "schema:Hotel",
    "schema:LodgingBusiness",
    "schema:Restaurant",
    "Accommodation",
    "FoodEstablishment",
    "Hotel",
    "HotelRestaurant",
    "HotelTrade",
    "PlaceOfInterest",
    "PointOfInterest",
    "Restaurant"
  ],
  "rdfs:comment": {
    "de": [
      "Das 3-Sterne-Hotel \"Le Parc\" ist die ideale Unterkunft in der Nähe von Versailles und Saint-Germain-en-Laye und nur einen Katzensprung vom Park \"Parc de Marly-le-Roi\" entfernt."
    ],
    "en": [
      "Le Parc is a 3-star hotel ideally located for a visit to Versailles or Saint-Germain-en-Laye, and just a stone's throw from the Parc de Marly-le-Roi."
    ],
    "it": [
      "L'Hotel Le Parc, 3 stelle, è un luogo ideale per soggiornare vicino a Versailles e Saint-Germain-en-Laye e a pochi passi dal Parc de Marly-le-Roi."
    ],
    "fr": [
      "L'hôtel 3 étoiles Le Parc est un lieu idéal pour séjourner à proximité de Versailles et de Saint-Germain-en-Laye et à quelques pas du Parc de Marly-le-Roi."
    ],
    "zh": [
      "三星级Hôtel Le Parc酒店是凡尔赛和圣日耳曼昂莱附近的理想居所，酒店距离Parc de Marly-le-Roi公园仅几步之遥。"
    ],
    "es": [
      "El hotel Le Parc de 3 estrellas es un lugar ideal para alojarse cerca de Versalles y Saint-Germain-en-Laye, a unos cuantos pasos del parque Marly-le-Roi."
    ],
    "nl": [
      "3-sterrenhotel Le Parc is de ideale plek om vlakbij Versailles en Saint-Germain-en-Laye te verblijven en in twee stappen in het park van Marly-le-Roi te zijn."
    ]
  },
  "rdfs:label": {
    "de": [
      "Hotel \"Le Parc\""
    ],
    "en": [
      "Hôtel Le Parc"
    ],
    "fr": [
      "Hôtel Le Parc"
    ],
    "nl": [
      "Hotel Le Parc"
    ],
    "es": [
      "Hotel Le Parc"
    ],
    "zh": [
      "Hôtel Le Parc酒店"
    ]
  },
  "hasBeenCreatedBy": {
    "@id": "https://data.datatourisme.fr/13/1baff70e-2669-3837-a347-efd3a874a341",
    "dc:identifier": "1489",
    "schema:email": [
      "emilie.prai@saintgermainenlaye.fr",
      "emilie.rochat@seine-saintgermain.fr",
      "melissa.moreau@saintgermainenlaye.fr"
    ],
    "schema:legalName": "Office de Tourisme Intercommunal de Saint Germain Boucles de Seine",
    "@type": [
      "schema:Organization",
      "foaf:Agent",
      "Agent"
    ],
    "foaf:homepage": [
      "http://www.reservation.seine-saintgermain.fr/"
    ]
  },
  "hasBeenPublishedBy": [
    {
      "@id": "https://data.datatourisme.fr/8a9feb4b-2cbd-3d2c-b507-bd6c6776b23b",
      "schema:legalName": "Apidae Tourisme Scic SA - source : Apidae Tourisme",
      "@type": [
        "schema:Organization",
        "foaf:Agent",
        "Agent"
      ],
      "foaf:homepage": [
        "https://www.apidae-tourisme.com/"
      ]
    }
  ],
  "hasContact": [
    {
      "@id": "https://data.datatourisme.fr/4337d55d-3bba-3cff-ba37-e3da2389ffd3",
      "schema:telephone": [
        "+33 1 39 58 47 29"
      ],
      "@type": [
        "foaf:Agent",
        "Agent"
      ],
      "foaf:homepage": [
        "https://leparcmarly.fr/"
      ]
    }
  ],
  "hasDescription": [
    {
      "@id": "https://data.datatourisme.fr/6513c785-50e9-3937-8f8a-3068259d615e",
      "@type": [
        "Description"
      ],
      "hasTranslatedProperty": [
        {
          "@id": "https://data.datatourisme.fr/d73a3cd7-ad5a-33c7-95f1-2b6a5670423e",
          "dc:contributor": [
            "https://api.deepl.com/v2/translate"
          ],
          "rdf:language": [
            "it"
          ],
          "rdf:predicate": [
            "shortDescription"
          ]
        }
      ],
      "shortDescription": {
        "de": [
          "Das 3-Sterne-Hotel \"Le Parc\" ist die ideale Unterkunft in der Nähe von Versailles und Saint-Germain-en-Laye und nur einen Katzensprung vom Park \"Parc de Marly-le-Roi\" entfernt."
        ],
        "en": [
          "Le Parc is a 3-star hotel ideally located for a visit to Versailles or Saint-Germain-en-Laye, and just a stone's throw from the Parc de Marly-le-Roi."
        ],
        "it": [
          "L'Hotel Le Parc, 3 stelle, è un luogo ideale per soggiornare vicino a Versailles e Saint-Germain-en-Laye e a pochi passi dal Parc de Marly-le-Roi."
        ],
        "fr": [
          "L'hôtel 3 étoiles Le Parc est un lieu idéal pour séjourner à proximité de Versailles et de Saint-Germain-en-Laye et à quelques pas du Parc de Marly-le-Roi."
        ],
        "zh": [
          "三星级Hôtel Le Parc酒店是凡尔赛和圣日耳曼昂莱附近的理想居所，酒店距离Parc de Marly-le-Roi公园仅几步之遥。"
        ],
        "es": [
          "El hotel Le Parc de 3 estrellas es un lugar ideal para alojarse cerca de Versalles y Saint-Germain-en-Laye, a unos cuantos pasos del parque Marly-le-Roi."
        ],
        "nl": [
          "3-sterrenhotel Le Parc is de ideale plek om vlakbij Versailles en Saint-Germain-en-Laye te verblijven en in twee stappen in het park van Marly-le-Roi te zijn."
        ]
      }
    }
  ],
  "hasTranslatedProperty": [
    {
      "@id": "https://data.datatourisme.fr/eb9b002d-f426-328a-a026-b317a4e0d55f",
      "dc:contributor": [
        "https://api.deepl.com/v2/translate"
      ],
      "rdf:language": [
        "it"
      ],
      "rdf:predicate": [
        {
          "@id": "rdfs:comment"
        }
      ]
    }
  ],
  "isLocatedAt": [
    {
      "@id": "https://data.datatourisme.fr/0391eb41-16cb-367c-8824-9e6484048ed4",
      "schema:address": [
        {
          "@id": "https://data.datatourisme.fr/f873266a-2070-3d96-b055-88ce9eb1c05b",
          "schema:addressLocality": "Marly-le-Roi",
          "schema:postalCode": "78160",
          "schema:streetAddress": [
            "29 Grande Rue"
          ],
          "@type": [
            "schema:PostalAddress",
            "PostalAddress"
          ],
          "hasAddressCity": {
            "@id": "kb:78372",
            "@type": [
              "City"
            ],
            "rdfs:label": {
              "de": [
                "Marly-le-Roi"
              ],
              "pt": [
                "Marly-le-Roi"
              ],
              "en": [
                "Marly-le-Roi"
              ],
              "it": [
                "Marly-le-Roi"
              ],
              "fr": [
                "Marly-le-Roi"
              ],
              "nl": [
                "Marly-le-Roi"
              ],
              "es": [
                "Marly-le-Roi"
              ]
            },
            "insee": "78372",
            "isPartOfDepartment": {
              "@id": "kb:France1178",
              "@type": [
                "Department"
              ],
              "rdfs:label": {
                "de": [
                  "Yvelines"
                ],
                "pt": [
                  "Yvelines"
                ],
                "en": [
                  "Yvelines"
                ],
                "it": [
                  "Yvelines"
                ],
                "fr": [
                  "Yvelines"
                ],
                "nl": [
                  "Yvelines"
                ],
                "es": [
                  "Yvelines"
                ]
              },
              "insee": "78",
              "isPartOfRegion": {
                "@id": "kb:France11",
                "@type": [
                  "Region"
                ],
                "rdfs:label": {
                  "de": [
                    "Île-de-France"
                  ],
                  "pt": [
                    "Île-de-France"
                  ],
                  "en": [
                    "Île-de-France"
                  ],
                  "it": [
                    "Île-de-France"
                  ],
                  "fr": [
                    "Île-de-France"
                  ],
                  "nl": [
                    "Île-de-France"
                  ],
                  "es": [
                    "Île-de-France"
                  ]
                },
                "insee": "11",
                "isPartOfCountry": {
                  "@id": "kb:France",
                  "@type": [
                    "schema:Country"
                  ],
                  "rdfs:label": {
                    "de": [
                      "France",
                      "Frankreich"
                    ],
                    "pt": [
                      "França",
                      "France"
                    ],
                    "en": [
                      "France"
                    ],
                    "it": [
                      "France",
                      "Francia"
                    ],
                    "fr": [
                      "France"
                    ],
                    "nl": [
                      "France",
                      "Frankrijk"
                    ],
                    "es": [
                      "France",
                      "Francia"
                    ]
                  }
                }
              }
            }
          }
        }
      ],
      "schema:geo": {
        "@id": "https://data.datatourisme.fr/854fcc43-0387-3adb-837d-7390f84ba458",
        "schema:latitude": "48.866257",
        "schema:longitude": "2.095311",
        "@type": [
          "schema:GeoCoordinates"
        ]
      },
      "schema:openingHoursSpecification": [
        {
          "@id": "https://data.datatourisme.fr/d4e4d7eb-553a-3c67-b0e7-602adf512d08",
          "schema:closes": "23:00:00",
          "schema:opens": "07:00:00",
          "schema:validFrom": "2023-01-01T00:00:00",
          "schema:validThrough": "2023-12-31T23:59:59",
          "@type": [
            "schema:OpeningHoursSpecification"
          ]
        }
      ],
      "@type": [
        "schema:Place",
        "Place"
      ]
    }
  ],
  "isOwnedBy": [
    {
      "@id": "https://data.datatourisme.fr/73484530-94e0-3b9c-86da-e2ddfa7df7ed",
      "schema:email": [
        "emilie.prai@saintgermainenlaye.fr",
        "emilie.rochat@seine-saintgermain.fr",
        "melissa.moreau@saintgermainenlaye.fr"
      ],
      "schema:legalName": "Office de Tourisme Intercommunal de Saint Germain Boucles de Seine",
      "@type": [
        "schema:Organization",
        "foaf:Agent",
        "Agent"
      ],
      "foaf:homepage": [
        "http://www.reservation.seine-saintgermain.fr/"
      ]
    }
  ],
  "lastUpdate": "2022-08-08",
  "lastUpdateDatatourisme": "2023-02-01T18:07:35.919Z"
}