{
  "@id": "https://data.datatourisme.fr/13/05aeeb5e-fc3c-363e-9fad-c69fe9cfc49d",
  "dc:identifier": "5121739",
  "@type": [
    "schema:FoodEstablishment",
    "schema:Winery",
    "BistroOrWineBar",
    "FoodEstablishment",
    "PlaceOfInterest",
    "PointOfInterest",
    "SportsAndLeisurePlace"
  ],
  "rdfs:label": {
    "fr": [
      "L'Herbarium"
    ]
  },
  "hasBeenCreatedBy": {
    "@id": "https://data.datatourisme.fr/13/03e0704b-5690-32de-a186-1dc3ad3316c9",
    "dc:identifier": "1019",
    "schema:email": [
      "bgeigle@visitparisregion.com",
      "hcaldo@visitparisregion.com",
      "mtanaskovic@visitparisregion.com"
    ],
    "schema:legalName": "Comité Régional du Tourisme Paris Ile de France",
    "@type": [
      "schema:Organization",
      "foaf:Agent",
      "Agent"
    ],
    "foaf:homepage": [
      "http://www.visitparisregion.com/"
    ]
  },
  "hasBeenPublishedBy": [
    {
      "@id": "https://data.datatourisme.fr/8a9feb4b-2cbd-3d2c-b507-bd6c6776b23b",
      "schema:legalName": "Apidae Tourisme Scic SA - source : Apidae Tourisme",
      "@type": [
        "schema:Organization",
        "foaf:Agent",
        "Agent"
      ],
      "foaf:homepage": [
        "https://www.apidae-tourisme.com/"
      ]
    }
  ],
  "hasContact": [
    {
      "@id": "https://data.datatourisme.fr/188138f2-88a5-3805-9500-18e491521310",
      "@type": [
        "foaf:Agent",
        "Agent"
      ],
      "foaf:homepage": [
        "https://www.hotelnational.paris/"
      ]
    }
  ],
  "isLocatedAt": [
    {
      "@id": "https://data.datatourisme.fr/73469463-9fcb-34bb-8ba3-f925c970e346",
      "schema:address": [
        {
          "@id": "https://data.datatourisme.fr/eb3bb796-a65c-339d-8a5b-bf3f0bd88e2f",
          "schema:addressLocality": "Paris 3e Arrondissement",
          "schema:postalCode": "75003",
          "schema:streetAddress": [
            "243 rue Saint-Martin"
          ],
          "@type": [
            "schema:PostalAddress",
            "PostalAddress"
          ],
          "hasAddressCity": {
            "@id": "kb:75103",
            "@type": [
              "City"
            ],
            "rdfs:label": {
              "de": [
                "Paris 3e Arrondissement"
              ],
              "pt": [
                "Paris 3e Arrondissement"
              ],
              "en": [
                "Paris 3e Arrondissement"
              ],
              "it": [
                "Paris 3e Arrondissement"
              ],
              "fr": [
                "Paris 3e Arrondissement"
              ],
              "nl": [
                "Paris 3e Arrondissement"
              ],
              "es": [
                "Paris 3e Arrondissement"
              ]
            },
            "insee": "75103",
            "isPartOfDepartment": {
              "@id": "kb:France1175",
              "@type": [
                "Department"
              ],
              "rdfs:label": {
                "de": [
                  "Paris"
                ],
                "pt": [
                  "Paris"
                ],
                "en": [
                  "Paris"
                ],
                "it": [
                  "Paris"
                ],
                "fr": [
                  "Paris"
                ],
                "nl": [
                  "Paris"
                ],
                "es": [
                  "Paris"
                ]
              },
              "insee": "75",
              "isPartOfRegion": {
                "@id": "kb:France11",
                "@type": [
                  "Region"
                ],
                "rdfs:label": {
                  "de": [
                    "Île-de-France"
                  ],
                  "pt": [
                    "Île-de-France"
                  ],
                  "en": [
                    "Île-de-France"
                  ],
                  "it": [
                    "Île-de-France"
                  ],
                  "fr": [
                    "Île-de-France"
                  ],
                  "nl": [
                    "Île-de-France"
                  ],
                  "es": [
                    "Île-de-France"
                  ]
                },
                "insee": "11",
                "isPartOfCountry": {
                  "@id": "kb:France",
                  "@type": [
                    "schema:Country"
                  ],
                  "rdfs:label": {
                    "de": [
                      "France",
                      "Frankreich"
                    ],
                    "pt": [
                      "França",
                      "France"
                    ],
                    "en": [
                      "France"
                    ],
                    "it": [
                      "France",
                      "Francia"
                    ],
                    "fr": [
                      "France"
                    ],
                    "nl": [
                      "France",
                      "Frankrijk"
                    ],
                    "es": [
                      "France",
                      "Francia"
                    ]
                  }
                }
              }
            }
          }
        }
      ],
      "schema:geo": {
        "@id": "https://data.datatourisme.fr/0626b53f-9162-31f0-bac7-aeb3f9c09081",
        "schema:latitude": "48.865764",
        "schema:longitude": "2.353198",
        "@type": [
          "schema:GeoCoordinates"
        ]
      },
      "schema:openingHoursSpecification": [
        {
          "@id": "https://data.datatourisme.fr/0aa943ae-e241-3bb3-abbc-549786979251",
          "schema:closes": "02:00:00",
          "schema:opens": "18:30:00",
          "schema:validFrom": "2023-01-01T00:00:00",
          "schema:validThrough": "2023-12-31T23:59:59",
          "@type": [
            "schema:OpeningHoursSpecification"
          ]
        }
      ],
      "@type": [
        "schema:Place",
        "Place"
      ]
    }
  ],
  "isOwnedBy": [
    {
      "@id": "https://data.datatourisme.fr/26ecd6f0-563c-356a-b0f9-ad3ec17effc4",
      "schema:email": [
        "bgeigle@visitparisregion.com",
        "hcaldo@visitparisregion.com",
        "mtanaskovic@visitparisregion.com"
      ],
      "schema:legalName": "Comité Régional du Tourisme Paris Ile de France",
      "@type": [
        "schema:Organization",
        "foaf:Agent",
        "Agent"
      ],
      "foaf:homepage": [
        "http://www.visitparisregion.com/"
      ]
    }
  ],
  "lastUpdate": "2020-10-16",
  "lastUpdateDatatourisme": "2023-05-30T05:49:20.348Z"
}