{
  "@id": "https://data.datatourisme.fr/13/05307395-7ce8-3714-8145-ef6330e8e24e",
  "dc:identifier": "4908654",
  "@type": [
    "schema:FoodEstablishment",
    "FoodEstablishment",
    "PlaceOfInterest",
    "PointOfInterest"
  ],
  "rdfs:comment": {
    "de": [
      "Das Restaurant \"Les rives de la courtille\" am Ufer der Seine mit seinen Balkonen, Balustraden und Verkleidungen ist eine genaue Kopie der Wasserbahnhöfe, die es in der zweiten Hälfte des 19. Jahrhunderts auf der Insel gab."
    ],
    "en": [
      "The restaurant \"Les rives de la courtille\" located on the banks of the Seine, with its balconies, balustrades and cladding, is an exact copy of the water stations that existed on the island during the second half of the 19th century."
    ],
    "it": [
      "Il ristorante \"Les rives de la courtille\", situato sulle rive della Senna, con i suoi balconi, le balaustre e i rivestimenti, è una copia carbone delle stazioni idriche che esistevano sull'isola nella seconda metà del XIX secolo."
    ],
    "fr": [
      "Le restaurant « Les rives de la courtille » situé sur les bords de Seine, avec ses balcons, ses balustrades et ses bardages est une copie conforme des gares d'eau qui existaient sur l'île durant la seconde moitié du XIX° siècle."
    ],
    "zh": [
      "坐落在塞纳河畔的Rives de la Courtille餐厅如同十九世纪下半叶岛上水站的复制，餐厅的阳台、栏杆和隔板都像极了昔日的水站。"
    ],
    "nl": [
      "Het restaurant \"Les rives de la courtille\", gelegen aan de oevers van de Seine, is met zijn balkons, balustrades en bekleding een kopie van de waterstations die in de tweede helft van de 19e eeuw op het eiland bestonden."
    ],
    "es": [
      "El restaurante \"Les rives de la courtille\", situado a orillas del Sena, con sus balcones, balaustradas y revestimientos, es un calco de las estaciones acuáticas que existían en la isla durante la segunda mitad del siglo XIX."
    ]
  },
  "rdfs:label": {
    "fr": [
      "Les Rives de la Courtille"
    ],
    "zh": [
      "Rives de la Courtille餐厅"
    ]
  },
  "hasBeenCreatedBy": {
    "@id": "https://data.datatourisme.fr/13/1baff70e-2669-3837-a347-efd3a874a341",
    "dc:identifier": "1489",
    "schema:email": [
      "emilie.prai@saintgermainenlaye.fr",
      "emilie.rochat@seine-saintgermain.fr",
      "melissa.moreau@saintgermainenlaye.fr"
    ],
    "schema:legalName": "Office de Tourisme Intercommunal de Saint Germain Boucles de Seine",
    "@type": [
      "schema:Organization",
      "foaf:Agent",
      "Agent"
    ],
    "foaf:homepage": [
      "http://www.reservation.seine-saintgermain.fr/"
    ]
  },
  "hasBeenPublishedBy": [
    {
      "@id": "https://data.datatourisme.fr/8a9feb4b-2cbd-3d2c-b507-bd6c6776b23b",
      "schema:legalName": "Apidae Tourisme Scic SA - source : Apidae Tourisme",
      "@type": [
        "schema:Organization",
        "foaf:Agent",
        "Agent"
      ],
      "foaf:homepage": [
        "https://www.apidae-tourisme.com/"
      ]
    }
  ],
  "hasContact": [
    {
      "@id": "https://data.datatourisme.fr/7145718c-c8b4-300f-8748-f388022a2f4a",
      "schema:email": [
        "lesrivesdelacourtille@yahoo.fr"
      ],
      "schema:telephone": [
        "+33 1 34 80 92 62"
      ],
      "@type": [
        "foaf:Agent",
        "Agent"
      ],
      "foaf:homepage": [
        "http://www.lesrivesdelacourtille.fr/"
      ]
    }
  ],
  "hasDescription": [
    {
      "@id": "https://data.datatourisme.fr/03e21de9-7ddd-3d49-94fa-bdfb50a3b335",
      "@type": [
        "Description"
      ],
      "hasTranslatedProperty": [
        {
          "@id": "https://data.datatourisme.fr/1ea84d78-ee16-3185-b499-6204a86b3667",
          "dc:contributor": [
            "https://api.deepl.com/v2/translate"
          ],
          "rdf:language": [
            "nl"
          ],
          "rdf:predicate": [
            "shortDescription"
          ]
        },
        {
          "@id": "https://data.datatourisme.fr/594db32b-25be-3d5e-8de1-6ae3e8b1938c",
          "dc:contributor": [
            "https://api.deepl.com/v2/translate"
          ],
          "rdf:language": [
            "en"
          ],
          "rdf:predicate": [
            "shortDescription"
          ]
        },
        {
          "@id": "https://data.datatourisme.fr/5c3cff67-2578-30df-b555-4542ea1222a2",
          "dc:contributor": [
            "https://api.deepl.com/v2/translate"
          ],
          "rdf:language": [
            "es"
          ],
          "rdf:predicate": [
            "shortDescription"
          ]
        },
        {
          "@id": "https://data.datatourisme.fr/98c01400-6797-356b-ac07-bbc6e6265537",
          "dc:contributor": [
            "https://api.deepl.com/v2/translate"
          ],
          "rdf:language": [
            "de"
          ],
          "rdf:predicate": [
            "shortDescription"
          ]
        },
        {
          "@id": "https://data.datatourisme.fr/e8565ede-49bd-3273-a976-1dddd8364c6b",
          "dc:contributor": [
            "https://api.deepl.com/v2/translate"
          ],
          "rdf:language": [
            "it"
          ],
          "rdf:predicate": [
            "shortDescription"
          ]
        }
      ],
      "shortDescription": {
        "de": [
          "Das Restaurant \"Les rives de la courtille\" am Ufer der Seine mit seinen Balkonen, Balustraden und Verkleidungen ist eine genaue Kopie der Wasserbahnhöfe, die es in der zweiten Hälfte des 19. Jahrhunderts auf der Insel gab."
        ],
        "en": [
          "The restaurant \"Les rives de la courtille\" located on the banks of the Seine, with its balconies, balustrades and cladding, is an exact copy of the water stations that existed on the island during the second half of the 19th century."
        ],
        "it": [
          "Il ristorante \"Les rives de la courtille\", situato sulle rive della Senna, con i suoi balconi, le balaustre e i rivestimenti, è una copia carbone delle stazioni idriche che esistevano sull'isola nella seconda metà del XIX secolo."
        ],
        "fr": [
          "Le restaurant « Les rives de la courtille » situé sur les bords de Seine, avec ses balcons, ses balustrades et ses bardages est une copie conforme des gares d'eau qui existaient sur l'île durant la seconde moitié du XIX° siècle."
        ],
        "zh": [
          "坐落在塞纳河畔的Rives de la Courtille餐厅如同十九世纪下半叶岛上水站的复制，餐厅的阳台、栏杆和隔板都像极了昔日的水站。"
        ],
        "nl": [
          "Het restaurant \"Les rives de la courtille\", gelegen aan de oevers van de Seine, is met zijn balkons, balustrades en bekleding een kopie van de waterstations die in de tweede helft van de 19e eeuw op het eiland bestonden."
        ],
        "es": [
          "El restaurante \"Les rives de la courtille\", situado a orillas del Sena, con sus balcones, balaustradas y revestimientos, es un calco de las estaciones acuáticas que existían en la isla durante la segunda mitad del siglo XIX."
        ]
      }
    }
  ],
  "hasTranslatedProperty": [
    {
      "@id": "https://data.datatourisme.fr/39658b1d-4874-3273-ab25-9fbbb228f480",
      "dc:contributor": [
        "https://api.deepl.com/v2/translate"
      ],
      "rdf:language": [
        "it"
      ],
      "rdf:predicate": [
        {
          "@id": "rdfs:comment"
        }
      ]
    },
    {
      "@id": "https://data.datatourisme.fr/8aecba8e-fd24-3748-a1be-90c9004004bd",
      "dc:contributor": [
        "https://api.deepl.com/v2/translate"
      ],
      "rdf:language": [
        "de"
      ],
      "rdf:predicate": [
        {
          "@id": "rdfs:comment"
        }
      ]
    },
    {
      "@id": "https://data.datatourisme.fr/a707362e-07f2-3c7e-ba0a-0dad29592cf8",
      "dc:contributor": [
        "https://api.deepl.com/v2/translate"
      ],
      "rdf:language": [
        "nl"
      ],
      "rdf:predicate": [
        {
          "@id": "rdfs:comment"
        }
      ]
    },
    {
      "@id": "https://data.datatourisme.fr/d1e342f4-b8a7-3ad5-8f61-bb89e483807b",
      "dc:contributor": [
        "https://api.deepl.com/v2/translate"
      ],
      "rdf:language": [
        "en"
      ],
      "rdf:predicate": [
        {
          "@id": "rdfs:comment"
        }
      ]
    },
    {
      "@id": "https://data.datatourisme.fr/d580de47-b69f-3e94-bc31-f1f8e71c186f",
      "dc:contributor": [
        "https://api.deepl.com/v2/translate"
      ],
      "rdf:language": [
        "es"
      ],
      "rdf:predicate": [
        {
          "@id": "rdfs:comment"
        }
      ]
    }
  ],
  "isLocatedAt": [
    {
      "@id": "https://data.datatourisme.fr/914d1300-ba11-3d1b-ad79-1987f3eba3fb",
      "schema:address": [
        {
          "@id": "https://data.datatourisme.fr/21a136f7-8b35-3fe0-bbfe-20c8be3c2330",
          "schema:addressLocality": "Chatou",
          "schema:postalCode": "78400",
          "schema:streetAddress": [
            "Rue du bac",
            "Île des Impressionnistes"
          ],
          "@type": [
            "schema:PostalAddress",
            "PostalAddress"
          ],
          "hasAddressCity": {
            "@id": "kb:78146",
            "@type": [
              "City"
            ],
            "rdfs:label": {
              "de": [
                "Chatou"
              ],
              "pt": [
                "Chatou"
              ],
              "en": [
                "Chatou"
              ],
              "it": [
                "Chatou"
              ],
              "fr": [
                "Chatou"
              ],
              "nl": [
                "Chatou"
              ],
              "es": [
                "Chatou"
              ]
            },
            "insee": "78146",
            "isPartOfDepartment": {
              "@id": "kb:France1178",
              "@type": [
                "Department"
              ],
              "rdfs:label": {
                "de": [
                  "Yvelines"
                ],
                "pt": [
                  "Yvelines"
                ],
                "en": [
                  "Yvelines"
                ],
                "it": [
                  "Yvelines"
                ],
                "fr": [
                  "Yvelines"
                ],
                "nl": [
                  "Yvelines"
                ],
                "es": [
                  "Yvelines"
                ]
              },
              "insee": "78",
              "isPartOfRegion": {
                "@id": "kb:France11",
                "@type": [
                  "Region"
                ],
                "rdfs:label": {
                  "de": [
                    "Île-de-France"
                  ],
                  "pt": [
                    "Île-de-France"
                  ],
                  "en": [
                    "Île-de-France"
                  ],
                  "it": [
                    "Île-de-France"
                  ],
                  "fr": [
                    "Île-de-France"
                  ],
                  "nl": [
                    "Île-de-France"
                  ],
                  "es": [
                    "Île-de-France"
                  ]
                },
                "insee": "11",
                "isPartOfCountry": {
                  "@id": "kb:France",
                  "@type": [
                    "schema:Country"
                  ],
                  "rdfs:label": {
                    "de": [
                      "France",
                      "Frankreich"
                    ],
                    "pt": [
                      "França",
                      "France"
                    ],
                    "en": [
                      "France"
                    ],
                    "it": [
                      "France",
                      "Francia"
                    ],
                    "fr": [
                      "France"
                    ],
                    "nl": [
                      "France",
                      "Frankrijk"
                    ],
                    "es": [
                      "France",
                      "Francia"
                    ]
                  }
                }
              }
            }
          }
        }
      ],
      "schema:geo": {
        "@id": "https://data.datatourisme.fr/e78c8d1f-3dee-381d-89aa-736b589d92a9",
        "schema:latitude": "48.890219",
        "schema:longitude": "2.163849",
        "@type": [
          "schema:GeoCoordinates"
        ]
      },
      "schema:openingHoursSpecification": [
        {
          "@id": "https://data.datatourisme.fr/4d09b71c-f28d-300b-8038-8e0c2e4132cd",
          "schema:validFrom": "2023-01-01T00:00:00",
          "schema:validThrough": "2023-12-31T23:59:59",
          "@type": [
            "schema:OpeningHoursSpecification"
          ],
          "additionalInformation": {
            "de": [
              "Dienstag bis Samstag: 12h-14h / 18h30-22h30\r\nMontag und Sonntag: 12h-14h"
            ],
            "en": [
              "Tuesday to Saturday: 12h-14h / 18h30-22h30\r\nMonday and Sunday: 12h-14h"
            ],
            "it": [
              "Da martedì a sabato: 12.00-14.00 / 18.30-22.30\r\nLunedì e domenica: 12.00-14.00"
            ],
            "fr": [
              "Mardi au samedi : 12h-14h / 18h30-22h30\r\nLundi et dimanche : 12h-14h"
            ],
            "nl": [
              "Dinsdag tot zaterdag: 12u-22u / 18u30-10u30\r\nMaandag en zondag: 12u tot 14u"
            ],
            "es": [
              "De martes a sábado: de 12:00 a 14:00 horas / de 18:30 a 22:30 horas\r\nLunes y domingo: de 12 a 14 horas"
            ]
          },
          "hasTranslatedProperty": [
            {
              "@id": "https://data.datatourisme.fr/26210ed0-9f7f-3070-b417-75b2904a3be6",
              "dc:contributor": [
                "https://api.deepl.com/v2/translate"
              ],
              "rdf:language": [
                "it"
              ],
              "rdf:predicate": [
                "additionalInformation"
              ]
            },
            {
              "@id": "https://data.datatourisme.fr/2aa0b8f3-3a06-321e-852c-10fc22a83980",
              "dc:contributor": [
                "https://api.deepl.com/v2/translate"
              ],
              "rdf:language": [
                "en"
              ],
              "rdf:predicate": [
                "additionalInformation"
              ]
            },
            {
              "@id": "https://data.datatourisme.fr/62a10256-cf7f-3f2e-bad6-3fc06d4cbe33",
              "dc:contributor": [
                "https://api.deepl.com/v2/translate"
              ],
              "rdf:language": [
                "nl"
              ],
              "rdf:predicate": [
                "additionalInformation"
              ]
            },
            {
              "@id": "https://data.datatourisme.fr/84e9ae3e-e273-3e5d-bfe1-95781ea3d745",
              "dc:contributor": [
                "https://api.deepl.com/v2/translate"
              ],
              "rdf:language": [
                "es"
              ],
              "rdf:predicate": [
                "additionalInformation"
              ]
            },
            {
              "@id": "https://data.datatourisme.fr/bea994aa-82a9-3fcb-a935-5cc1f7569465",
              "dc:contributor": [
                "https://api.deepl.com/v2/translate"
              ],
              "rdf:language": [
                "de"
              ],
              "rdf:predicate": [
                "additionalInformation"
              ]
            }
          ]
        }
      ],
      "@type": [
        "schema:Place",
        "Place"
      ]
    }
  ],
  "isOwnedBy": [
    {
      "@id": "https://data.datatourisme.fr/73484530-94e0-3b9c-86da-e2ddfa7df7ed",
      "schema:email": [
        "emilie.prai@saintgermainenlaye.fr",
        "emilie.rochat@seine-saintgermain.fr",
        "melissa.moreau@saintgermainenlaye.fr"
      ],
      "schema:legalName": "Office de Tourisme Intercommunal de Saint Germain Boucles de Seine",
      "@type": [
        "schema:Organization",
        "foaf:Agent",
        "Agent"
      ],
      "foaf:homepage": [
        "http://www.reservation.seine-saintgermain.fr/"
      ]
    }
  ],
  "lastUpdate": "2023-04-19",
  "lastUpdateDatatourisme": "2023-04-20T05:49:28.269Z"
}