{
  "@id": "https://data.datatourisme.fr/13/058f94e4-cdea-36bb-81e4-091e266985f6",
  "dc:identifier": "731050",
  "@type": [
    "schema:Accommodation",
    "schema:Hotel",
    "schema:LodgingBusiness",
    "Accommodation",
    "Hotel",
    "HotelTrade",
    "PlaceOfInterest",
    "PointOfInterest"
  ],
  "rdfs:comment": {
    "de": [
      "Das ibis budget Grigny Centre liegt in der Nähe der Autobahn A6, 25 km von Paris und 2 Gehminuten vom RER-Bahnhof Grigny Centre auf der Linie D entfernt. Es bietet geräumige Zimmer mit Flachbildfernseher."
    ],
    "en": [
      "The ibis budget Grigny Centre is located close to the A6 motorway, 25 km from Paris and 2 minutes walk from the Grigny Centre RER station on line D. It offers spacious rooms with flat-screen TV."
    ],
    "it": [
      "L'ibis budget Grigny Centre si trova vicino all'autostrada A6, a 25 km da Parigi e a 2 minuti a piedi dalla stazione RER di Grigny Centre, sulla linea D. Offre camere spaziose con TV a schermo piatto."
    ],
    "fr": [
      "L'ibis budget Grigny Centre est situé à proximité de l'autoroute A6, à 25 km de Paris et à 2 minutes à pied de la gare RER de Grigny Centre, sur la ligne D. Il propose des chambres spacieuses avec télévision à écran plat."
    ],
    "nl": [
      "Het ibis budget Grigny Centre ligt vlak bij de snelweg A6, op 25 km van Parijs en op 2 minuten lopen van het RER-station Grigny Centre op lijn D. Het biedt ruime kamers met een flatscreen-tv."
    ],
    "es": [
      "El ibis budget Grigny Centre está situado cerca de la autopista A6, a 25 km de París y a 2 minutos a pie de la estación RER Grigny Centre de la línea D. Ofrece amplias habitaciones con TV de pantalla plana."
    ]
  },
  "rdfs:label": {
    "fr": [
      "Hôtel ibis budget Grigny Centre"
    ]
  },
  "hasBeenCreatedBy": {
    "@id": "https://data.datatourisme.fr/13/08fe2621-d8e7-36b0-aec0-da35256a998d",
    "dc:identifier": "1016",
    "schema:email": [
      "direction.tourismegpsses@orange.fr",
      "m.delvalle@tourismegps.com",
      "m.meneur@tourismegps.com",
      "m.pantin@tourismegps.com"
    ],
    "schema:legalName": "Office de Tourisme Grand Paris Sud Seine-Essonne-Sénart",
    "@type": [
      "schema:Organization",
      "foaf:Agent",
      "Agent"
    ],
    "foaf:homepage": [
      "https://tourisme-grandparissud.com/"
    ]
  },
  "hasBeenPublishedBy": [
    {
      "@id": "https://data.datatourisme.fr/8a9feb4b-2cbd-3d2c-b507-bd6c6776b23b",
      "schema:legalName": "Apidae Tourisme Scic SA - source : Apidae Tourisme",
      "@type": [
        "schema:Organization",
        "foaf:Agent",
        "Agent"
      ],
      "foaf:homepage": [
        "https://www.apidae-tourisme.com/"
      ]
    }
  ],
  "hasContact": [
    {
      "@id": "https://data.datatourisme.fr/330efebc-6d8b-3119-a119-b634b28ac1e6",
      "schema:telephone": [
        "+33 892 70 74 12"
      ],
      "@type": [
        "foaf:Agent",
        "Agent"
      ],
      "foaf:homepage": [
        "http://www.ibis.com/fr/hotel-A048-ibis-budget-grigny-centre/index.shtml"
      ]
    }
  ],
  "hasDescription": [
    {
      "@id": "https://data.datatourisme.fr/d0309a56-107f-3df4-b2cd-f4ee64650968",
      "@type": [
        "Description"
      ],
      "hasTranslatedProperty": [
        {
          "@id": "https://data.datatourisme.fr/033ae502-84d2-3c57-b7ca-7b9425cb3a85",
          "dc:contributor": [
            "https://api.deepl.com/v2/translate"
          ],
          "rdf:language": [
            "it"
          ],
          "rdf:predicate": [
            "shortDescription"
          ]
        },
        {
          "@id": "https://data.datatourisme.fr/10176842-0737-3d99-bdd6-660c3bbac5aa",
          "dc:contributor": [
            "https://api.deepl.com/v2/translate"
          ],
          "rdf:language": [
            "de"
          ],
          "rdf:predicate": [
            "shortDescription"
          ]
        },
        {
          "@id": "https://data.datatourisme.fr/35e46a19-0e5d-3cc3-9651-2de812512df5",
          "dc:contributor": [
            "https://api.deepl.com/v2/translate"
          ],
          "rdf:language": [
            "es"
          ],
          "rdf:predicate": [
            "shortDescription"
          ]
        },
        {
          "@id": "https://data.datatourisme.fr/75b3547f-623f-3d1d-944f-1908c8c13ed2",
          "dc:contributor": [
            "https://api.deepl.com/v2/translate"
          ],
          "rdf:language": [
            "en"
          ],
          "rdf:predicate": [
            "shortDescription"
          ]
        },
        {
          "@id": "https://data.datatourisme.fr/9ee0dcd0-557e-3fd4-bc8d-1bcceb1e8c9b",
          "dc:contributor": [
            "https://api.deepl.com/v2/translate"
          ],
          "rdf:language": [
            "nl"
          ],
          "rdf:predicate": [
            "shortDescription"
          ]
        }
      ],
      "shortDescription": {
        "de": [
          "Das ibis budget Grigny Centre liegt in der Nähe der Autobahn A6, 25 km von Paris und 2 Gehminuten vom RER-Bahnhof Grigny Centre auf der Linie D entfernt. Es bietet geräumige Zimmer mit Flachbildfernseher."
        ],
        "en": [
          "The ibis budget Grigny Centre is located close to the A6 motorway, 25 km from Paris and 2 minutes walk from the Grigny Centre RER station on line D. It offers spacious rooms with flat-screen TV."
        ],
        "it": [
          "L'ibis budget Grigny Centre si trova vicino all'autostrada A6, a 25 km da Parigi e a 2 minuti a piedi dalla stazione RER di Grigny Centre, sulla linea D. Offre camere spaziose con TV a schermo piatto."
        ],
        "fr": [
          "L'ibis budget Grigny Centre est situé à proximité de l'autoroute A6, à 25 km de Paris et à 2 minutes à pied de la gare RER de Grigny Centre, sur la ligne D. Il propose des chambres spacieuses avec télévision à écran plat."
        ],
        "nl": [
          "Het ibis budget Grigny Centre ligt vlak bij de snelweg A6, op 25 km van Parijs en op 2 minuten lopen van het RER-station Grigny Centre op lijn D. Het biedt ruime kamers met een flatscreen-tv."
        ],
        "es": [
          "El ibis budget Grigny Centre está situado cerca de la autopista A6, a 25 km de París y a 2 minutos a pie de la estación RER Grigny Centre de la línea D. Ofrece amplias habitaciones con TV de pantalla plana."
        ]
      }
    }
  ],
  "hasTranslatedProperty": [
    {
      "@id": "https://data.datatourisme.fr/33c4bfe7-22cf-397c-9215-14cb2b754e3d",
      "dc:contributor": [
        "https://api.deepl.com/v2/translate"
      ],
      "rdf:language": [
        "it"
      ],
      "rdf:predicate": [
        {
          "@id": "rdfs:comment"
        }
      ]
    },
    {
      "@id": "https://data.datatourisme.fr/4bffba31-0699-30a6-a987-4e109f9e1912",
      "dc:contributor": [
        "https://api.deepl.com/v2/translate"
      ],
      "rdf:language": [
        "de"
      ],
      "rdf:predicate": [
        {
          "@id": "rdfs:comment"
        }
      ]
    },
    {
      "@id": "https://data.datatourisme.fr/50d2f68f-c542-33ba-9b3a-80728c856a57",
      "dc:contributor": [
        "https://api.deepl.com/v2/translate"
      ],
      "rdf:language": [
        "es"
      ],
      "rdf:predicate": [
        {
          "@id": "rdfs:comment"
        }
      ]
    },
    {
      "@id": "https://data.datatourisme.fr/5445a11a-b146-3a29-86d8-0b0cd6d45c7d",
      "dc:contributor": [
        "https://api.deepl.com/v2/translate"
      ],
      "rdf:language": [
        "en"
      ],
      "rdf:predicate": [
        {
          "@id": "rdfs:comment"
        }
      ]
    },
    {
      "@id": "https://data.datatourisme.fr/64d21934-f219-3459-8362-6da4242d7c49",
      "dc:contributor": [
        "https://api.deepl.com/v2/translate"
      ],
      "rdf:language": [
        "nl"
      ],
      "rdf:predicate": [
        {
          "@id": "rdfs:comment"
        }
      ]
    }
  ],
  "isLocatedAt": [
    {
      "@id": "https://data.datatourisme.fr/d7f023ee-b25d-33fb-89c7-7a1dc23bd8ae",
      "schema:address": [
        {
          "@id": "https://data.datatourisme.fr/5c1176bf-8973-3633-a0eb-b60903dbcd45",
          "schema:addressLocality": "Grigny",
          "schema:postalCode": "91350",
          "schema:streetAddress": [
            "10 Avenue des Tuileries"
          ],
          "@type": [
            "schema:PostalAddress",
            "PostalAddress"
          ],
          "hasAddressCity": {
            "@id": "kb:91286",
            "@type": [
              "City"
            ],
            "rdfs:label": {
              "de": [
                "Grigny"
              ],
              "pt": [
                "Grigny"
              ],
              "en": [
                "Grigny"
              ],
              "it": [
                "Grigny"
              ],
              "fr": [
                "Grigny"
              ],
              "nl": [
                "Grigny"
              ],
              "es": [
                "Grigny"
              ]
            },
            "insee": "91286",
            "isPartOfDepartment": {
              "@id": "kb:France1191",
              "@type": [
                "Department"
              ],
              "rdfs:label": {
                "de": [
                  "Essonne"
                ],
                "pt": [
                  "Essonne"
                ],
                "en": [
                  "Essonne"
                ],
                "it": [
                  "Essonne"
                ],
                "fr": [
                  "Essonne"
                ],
                "nl": [
                  "Essonne"
                ],
                "es": [
                  "Essonne"
                ]
              },
              "insee": "91",
              "isPartOfRegion": {
                "@id": "kb:France11",
                "@type": [
                  "Region"
                ],
                "rdfs:label": {
                  "de": [
                    "Île-de-France"
                  ],
                  "pt": [
                    "Île-de-France"
                  ],
                  "en": [
                    "Île-de-France"
                  ],
                  "it": [
                    "Île-de-France"
                  ],
                  "fr": [
                    "Île-de-France"
                  ],
                  "nl": [
                    "Île-de-France"
                  ],
                  "es": [
                    "Île-de-France"
                  ]
                },
                "insee": "11",
                "isPartOfCountry": {
                  "@id": "kb:France",
                  "@type": [
                    "schema:Country"
                  ],
                  "rdfs:label": {
                    "de": [
                      "France",
                      "Frankreich"
                    ],
                    "pt": [
                      "França",
                      "France"
                    ],
                    "en": [
                      "France"
                    ],
                    "it": [
                      "France",
                      "Francia"
                    ],
                    "fr": [
                      "France"
                    ],
                    "nl": [
                      "France",
                      "Frankrijk"
                    ],
                    "es": [
                      "France",
                      "Francia"
                    ]
                  }
                }
              }
            }
          }
        }
      ],
      "schema:geo": {
        "@id": "https://data.datatourisme.fr/0da2c3f9-3e42-3d67-8e8e-3d7af473acab",
        "schema:latitude": "48.651045",
        "schema:longitude": "2.394643",
        "@type": [
          "schema:GeoCoordinates"
        ]
      },
      "schema:openingHoursSpecification": [
        {
          "@id": "https://data.datatourisme.fr/9c579aba-aa76-35db-9150-6b2df98caab2",
          "schema:validFrom": "2023-01-01T00:00:00",
          "schema:validThrough": "2023-12-31T23:59:59",
          "@type": [
            "schema:OpeningHoursSpecification"
          ],
          "additionalInformation": {
            "fr": [
              "24/24"
            ]
          }
        }
      ],
      "@type": [
        "schema:Place",
        "Place"
      ]
    }
  ],
  "isOwnedBy": [
    {
      "@id": "https://data.datatourisme.fr/637365d0-1279-3996-b918-645e6232b2bf",
      "schema:email": [
        "direction.tourismegpsses@orange.fr",
        "m.delvalle@tourismegps.com",
        "m.meneur@tourismegps.com",
        "m.pantin@tourismegps.com"
      ],
      "schema:legalName": "Office de Tourisme Grand Paris Sud Seine-Essonne-Sénart",
      "@type": [
        "schema:Organization",
        "foaf:Agent",
        "Agent"
      ],
      "foaf:homepage": [
        "https://tourisme-grandparissud.com/"
      ]
    }
  ],
  "lastUpdate": "2021-12-08",
  "lastUpdateDatatourisme": "2023-02-01T18:07:35.79Z"
}