{
  "@id": "https://data.datatourisme.fr/13/055b5b55-9ccb-3260-b7af-c4138ad68e90",
  "dc:identifier": "881439",
  "@type": [
    "schema:LocalBusiness",
    "CraftsmanShop",
    "PlaceOfInterest",
    "PointOfInterest",
    "Store"
  ],
  "rdfs:comment": {
    "de": [
      "Lustrerie - Goldschmiedekunst\r\nEin Unternehmen, das technologische Innovation und althergebrachtes Know-how miteinander verbindet."
    ],
    "en": [
      "Chandelier - Goldsmithing\r\nA company that combines technological innovation and ancestral know-how."
    ],
    "it": [
      "Cancelleria - Oreficeria\r\nUn'azienda che unisce innovazione tecnologica e know-how ancestrale."
    ],
    "fr": [
      "Lustrerie - Orfèvrerie. \r\nUne entreprise qui combine innovation technologique et savoir-faire ancestral."
    ],
    "es": [
      "Chandlery - Goldsmiths\r\nUna empresa que combina la innovación tecnológica y el saber hacer ancestral."
    ],
    "nl": [
      "Chandlery - Goldsmiths\r\nEen bedrijf dat technologische innovatie en voorouderlijke knowhow combineert."
    ]
  },
  "rdfs:label": {
    "fr": [
      "Parain-Repoussage"
    ]
  },
  "hasBeenCreatedBy": {
    "@id": "https://data.datatourisme.fr/13/3806734b-256c-37e4-9ec2-c6bffa26d9e7",
    "dc:identifier": "1028",
    "schema:email": [
      "agnes.allanou@marneetgondoire.fr",
      "anne.godin@marneetgondoire.fr"
    ],
    "schema:legalName": "Office de Tourisme de Marne et Gondoire",
    "@type": [
      "schema:Organization",
      "foaf:Agent",
      "Agent"
    ],
    "foaf:homepage": [
      "http://www.marneetgondoire-tourisme.fr/"
    ]
  },
  "hasBeenPublishedBy": [
    {
      "@id": "https://data.datatourisme.fr/1db24fc4-b534-39bf-bdaf-152c6f98730e",
      "schema:legalName": "Seine et Marne Attractivité - source : Apidae Tourisme",
      "@type": [
        "schema:Organization",
        "foaf:Agent",
        "Agent"
      ],
      "foaf:homepage": [
        "https://www.apidae-tourisme.com/"
      ]
    }
  ],
  "hasContact": [
    {
      "@id": "https://data.datatourisme.fr/4428962b-d4cb-3192-8f8b-4de6892f5d42",
      "schema:email": [
        "francis.parain@free.fr"
      ],
      "schema:telephone": [
        "+33 1 64 02 07 86"
      ],
      "@type": [
        "foaf:Agent",
        "Agent"
      ],
      "foaf:homepage": [
        "http://www.parain-repoussage.com/"
      ]
    }
  ],
  "hasDescription": [
    {
      "@id": "https://data.datatourisme.fr/2d50b514-a1cf-3601-bfb4-9de0fe39aa37",
      "@type": [
        "Description"
      ],
      "hasTranslatedProperty": [
        {
          "@id": "https://data.datatourisme.fr/2f61e0f9-3090-3736-96ad-cbdb759967d4",
          "dc:contributor": [
            "https://api.deepl.com/v2/translate"
          ],
          "rdf:language": [
            "it"
          ],
          "rdf:predicate": [
            "shortDescription"
          ]
        },
        {
          "@id": "https://data.datatourisme.fr/8c87ab85-f6a1-3737-b62d-d651d83062db",
          "dc:contributor": [
            "https://api.deepl.com/v2/translate"
          ],
          "rdf:language": [
            "en"
          ],
          "rdf:predicate": [
            "shortDescription"
          ]
        },
        {
          "@id": "https://data.datatourisme.fr/9b993752-26fe-3cb4-85d2-b7156f2b9f09",
          "dc:contributor": [
            "https://api.deepl.com/v2/translate"
          ],
          "rdf:language": [
            "de"
          ],
          "rdf:predicate": [
            "shortDescription"
          ]
        },
        {
          "@id": "https://data.datatourisme.fr/c3348030-43c4-3212-a941-335f48e42374",
          "dc:contributor": [
            "https://api.deepl.com/v2/translate"
          ],
          "rdf:language": [
            "es"
          ],
          "rdf:predicate": [
            "shortDescription"
          ]
        },
        {
          "@id": "https://data.datatourisme.fr/cdadc744-9d8b-34e5-a0c0-d9a6b2756428",
          "dc:contributor": [
            "https://api.deepl.com/v2/translate"
          ],
          "rdf:language": [
            "nl"
          ],
          "rdf:predicate": [
            "shortDescription"
          ]
        }
      ],
      "shortDescription": {
        "de": [
          "Lustrerie - Goldschmiedekunst\r\nEin Unternehmen, das technologische Innovation und althergebrachtes Know-how miteinander verbindet."
        ],
        "en": [
          "Chandelier - Goldsmithing\r\nA company that combines technological innovation and ancestral know-how."
        ],
        "it": [
          "Cancelleria - Oreficeria\r\nUn'azienda che unisce innovazione tecnologica e know-how ancestrale."
        ],
        "fr": [
          "Lustrerie - Orfèvrerie. \r\nUne entreprise qui combine innovation technologique et savoir-faire ancestral."
        ],
        "es": [
          "Chandlery - Goldsmiths\r\nUna empresa que combina la innovación tecnológica y el saber hacer ancestral."
        ],
        "nl": [
          "Chandlery - Goldsmiths\r\nEen bedrijf dat technologische innovatie en voorouderlijke knowhow combineert."
        ]
      }
    }
  ],
  "hasTranslatedProperty": [
    {
      "@id": "https://data.datatourisme.fr/1b773883-15b9-3fa8-a7fe-935fa2923670",
      "dc:contributor": [
        "https://api.deepl.com/v2/translate"
      ],
      "rdf:language": [
        "de"
      ],
      "rdf:predicate": [
        {
          "@id": "rdfs:comment"
        }
      ]
    },
    {
      "@id": "https://data.datatourisme.fr/600ce540-df18-31f1-a1dc-b39945a9722d",
      "dc:contributor": [
        "https://api.deepl.com/v2/translate"
      ],
      "rdf:language": [
        "en"
      ],
      "rdf:predicate": [
        {
          "@id": "rdfs:comment"
        }
      ]
    },
    {
      "@id": "https://data.datatourisme.fr/635da19c-6e41-3216-a7ac-466d7b5f8208",
      "dc:contributor": [
        "https://api.deepl.com/v2/translate"
      ],
      "rdf:language": [
        "it"
      ],
      "rdf:predicate": [
        {
          "@id": "rdfs:comment"
        }
      ]
    },
    {
      "@id": "https://data.datatourisme.fr/88b5f986-0f5e-324b-8cd0-9855c66437d9",
      "dc:contributor": [
        "https://api.deepl.com/v2/translate"
      ],
      "rdf:language": [
        "es"
      ],
      "rdf:predicate": [
        {
          "@id": "rdfs:comment"
        }
      ]
    },
    {
      "@id": "https://data.datatourisme.fr/e6ec66ac-f4ae-32e0-92bf-8ac96b27ead7",
      "dc:contributor": [
        "https://api.deepl.com/v2/translate"
      ],
      "rdf:language": [
        "nl"
      ],
      "rdf:predicate": [
        {
          "@id": "rdfs:comment"
        }
      ]
    }
  ],
  "isLocatedAt": [
    {
      "@id": "https://data.datatourisme.fr/569814ed-349a-35f4-8012-9929bb85fe7c",
      "schema:address": [
        {
          "@id": "https://data.datatourisme.fr/27b15aaa-1059-3c44-862b-7723ff612138",
          "schema:addressLocality": "Chanteloup-en-Brie",
          "schema:postalCode": "77600",
          "schema:streetAddress": [
            "3 rue des Terres Fortes",
            "Parc Artisanal des Gassets"
          ],
          "@type": [
            "schema:PostalAddress",
            "PostalAddress"
          ],
          "hasAddressCity": {
            "@id": "kb:77085",
            "@type": [
              "City"
            ],
            "rdfs:label": {
              "de": [
                "Chanteloup-en-Brie"
              ],
              "pt": [
                "Chanteloup-en-Brie"
              ],
              "en": [
                "Chanteloup-en-Brie"
              ],
              "it": [
                "Chanteloup-en-Brie"
              ],
              "fr": [
                "Chanteloup-en-Brie"
              ],
              "nl": [
                "Chanteloup-en-Brie"
              ],
              "es": [
                "Chanteloup-en-Brie"
              ]
            },
            "insee": "77085",
            "isPartOfDepartment": {
              "@id": "kb:France1177",
              "@type": [
                "Department"
              ],
              "rdfs:label": {
                "de": [
                  "Seine-et-Marne"
                ],
                "pt": [
                  "Seine-et-Marne"
                ],
                "en": [
                  "Seine-et-Marne"
                ],
                "it": [
                  "Seine-et-Marne"
                ],
                "fr": [
                  "Seine-et-Marne"
                ],
                "nl": [
                  "Seine-et-Marne"
                ],
                "es": [
                  "Seine-et-Marne"
                ]
              },
              "insee": "77",
              "isPartOfRegion": {
                "@id": "kb:France11",
                "@type": [
                  "Region"
                ],
                "rdfs:label": {
                  "de": [
                    "Île-de-France"
                  ],
                  "pt": [
                    "Île-de-France"
                  ],
                  "en": [
                    "Île-de-France"
                  ],
                  "it": [
                    "Île-de-France"
                  ],
                  "fr": [
                    "Île-de-France"
                  ],
                  "nl": [
                    "Île-de-France"
                  ],
                  "es": [
                    "Île-de-France"
                  ]
                },
                "insee": "11",
                "isPartOfCountry": {
                  "@id": "kb:France",
                  "@type": [
                    "schema:Country"
                  ],
                  "rdfs:label": {
                    "de": [
                      "France",
                      "Frankreich"
                    ],
                    "pt": [
                      "França",
                      "France"
                    ],
                    "en": [
                      "France"
                    ],
                    "it": [
                      "France",
                      "Francia"
                    ],
                    "fr": [
                      "France"
                    ],
                    "nl": [
                      "France",
                      "Frankrijk"
                    ],
                    "es": [
                      "France",
                      "Francia"
                    ]
                  }
                }
              }
            }
          }
        }
      ],
      "schema:geo": {
        "@id": "https://data.datatourisme.fr/38badc5a-8643-399f-896d-1c77be2e3da3",
        "schema:latitude": "48.853975",
        "schema:longitude": "2.741525",
        "@type": [
          "schema:GeoCoordinates"
        ]
      },
      "schema:openingHoursSpecification": [
        {
          "@id": "https://data.datatourisme.fr/f56dfd52-007c-3277-aa23-b0ec4faf0a4d",
          "schema:validFrom": "2023-01-01T00:00:00",
          "schema:validThrough": "2023-12-31T23:59:59",
          "@type": [
            "schema:OpeningHoursSpecification"
          ],
          "additionalInformation": {
            "de": [
              "Nur nach vorheriger Absprache\r\nKann nicht besichtigt werden"
            ],
            "en": [
              "By appointment only\r\nCannot be visited"
            ],
            "it": [
              "Solo su appuntamento\r\nDa non visitare"
            ],
            "fr": [
              "Uniquement sur rendez-vous\r\nNe se visite pas"
            ],
            "es": [
              "Sólo con cita previa\r\nNo se puede visitar"
            ],
            "nl": [
              "Alleen op afspraak\r\nNiet te bezoeken"
            ]
          },
          "hasTranslatedProperty": [
            {
              "@id": "https://data.datatourisme.fr/42a0ecf8-159c-302d-904a-fb06ca83437e",
              "dc:contributor": [
                "https://api.deepl.com/v2/translate"
              ],
              "rdf:language": [
                "nl"
              ],
              "rdf:predicate": [
                "additionalInformation"
              ]
            },
            {
              "@id": "https://data.datatourisme.fr/4764343c-fe84-3b84-974c-7edfadb30940",
              "dc:contributor": [
                "https://api.deepl.com/v2/translate"
              ],
              "rdf:language": [
                "it"
              ],
              "rdf:predicate": [
                "additionalInformation"
              ]
            },
            {
              "@id": "https://data.datatourisme.fr/645d5df1-ae99-3325-b3f7-ad937ffb6ecd",
              "dc:contributor": [
                "https://api.deepl.com/v2/translate"
              ],
              "rdf:language": [
                "en"
              ],
              "rdf:predicate": [
                "additionalInformation"
              ]
            },
            {
              "@id": "https://data.datatourisme.fr/66c510d2-6ba7-30cc-8ca8-d824cf70b2c1",
              "dc:contributor": [
                "https://api.deepl.com/v2/translate"
              ],
              "rdf:language": [
                "es"
              ],
              "rdf:predicate": [
                "additionalInformation"
              ]
            },
            {
              "@id": "https://data.datatourisme.fr/9fd66091-b583-3171-ab77-b38d400d19f0",
              "dc:contributor": [
                "https://api.deepl.com/v2/translate"
              ],
              "rdf:language": [
                "de"
              ],
              "rdf:predicate": [
                "additionalInformation"
              ]
            }
          ]
        }
      ],
      "@type": [
        "schema:Place",
        "Place"
      ]
    }
  ],
  "isOwnedBy": [
    {
      "@id": "https://data.datatourisme.fr/aa5f63c7-f828-3b9c-bf4e-378b5e04afc7",
      "schema:email": [
        "agnes.allanou@marneetgondoire.fr",
        "anne.godin@marneetgondoire.fr"
      ],
      "schema:legalName": "Office de Tourisme de Marne et Gondoire",
      "@type": [
        "schema:Organization",
        "foaf:Agent",
        "Agent"
      ],
      "foaf:homepage": [
        "http://www.marneetgondoire-tourisme.fr/"
      ]
    }
  ],
  "lastUpdate": "2020-11-05",
  "lastUpdateDatatourisme": "2023-02-01T18:07:36.068Z"
}