{
  "@id": "https://data.datatourisme.fr/13/0561471b-0c30-30b0-98e7-7ed3f1598361",
  "dc:identifier": "4886409",
  "@type": [
    "schema:Library",
    "CulturalSite",
    "Library",
    "PlaceOfInterest",
    "PointOfInterest",
    "SportsAndLeisurePlace"
  ],
  "rdfs:comment": {
    "de": [
      "Die Mediathek Maupassant empfängt ihre Nutzer während des Einschlusses im \"Biblio-Drive\". Es genügt, die Mediathek per E-Mail oder Telefon zu kontaktieren und die Dokumente anzugeben, die man ausleihen möchte."
    ],
    "en": [
      "An entirely modernised facility devoted to literature, art, cinema, music and games for children and adults."
    ],
    "it": [
      "La mediateca Maupassant accoglie i suoi utenti durante la chiusura, in \"biblio-drive\". È sufficiente contattare la biblioteca via e-mail o telefono e indicare i documenti che si desidera prendere in prestito."
    ],
    "fr": [
      "La médiathèque Maupassant accueille ses usagers pendant le confinement, en \"biblio-drive\". Il suffit de contacter la médiathèque par mail ou par téléphone et d'indiquer les documents que l'on souhaite emprunter."
    ],
    "es": [
      "La mediateca de Maupassant acoge a sus usuarios durante el cierre, en \"biblio-drive\". Sólo tiene que ponerse en contacto con la biblioteca por correo electrónico o por teléfono e indicar los documentos que desea tomar prestados."
    ],
    "nl": [
      "De mediatheek Maupassant ontvangt haar gebruikers tijdens de lockdown, in \"biblio-drive\". U hoeft alleen maar per e-mail of telefoon contact op te nemen met de bibliotheek en aan te geven welke documenten u wilt lenen."
    ]
  },
  "rdfs:label": {
    "en": [
      "Guy de Maupassant Media Library"
    ],
    "fr": [
      "Médiathèque Guy de Maupassant"
    ]
  },
  "hasBeenCreatedBy": {
    "@id": "https://data.datatourisme.fr/13/1baff70e-2669-3837-a347-efd3a874a341",
    "dc:identifier": "1489",
    "schema:email": [
      "emilie.prai@saintgermainenlaye.fr",
      "emilie.rochat@seine-saintgermain.fr",
      "melissa.moreau@saintgermainenlaye.fr"
    ],
    "schema:legalName": "Office de Tourisme Intercommunal de Saint Germain Boucles de Seine",
    "@type": [
      "schema:Organization",
      "foaf:Agent",
      "Agent"
    ],
    "foaf:homepage": [
      "http://www.reservation.seine-saintgermain.fr/"
    ]
  },
  "hasBeenPublishedBy": [
    {
      "@id": "https://data.datatourisme.fr/8a9feb4b-2cbd-3d2c-b507-bd6c6776b23b",
      "schema:legalName": "Apidae Tourisme Scic SA - source : Apidae Tourisme",
      "@type": [
        "schema:Organization",
        "foaf:Agent",
        "Agent"
      ],
      "foaf:homepage": [
        "https://www.apidae-tourisme.com/"
      ]
    }
  ],
  "hasContact": [
    {
      "@id": "https://data.datatourisme.fr/755d8b9d-df00-38ea-88c5-b260f7a7521a",
      "schema:email": [
        "mediatheque.maupassant@mairie-bezons.fr"
      ],
      "schema:telephone": [
        "+33 1 79 87 64 00"
      ],
      "@type": [
        "foaf:Agent",
        "Agent"
      ],
      "foaf:homepage": [
        "http://mediatheque.ville-bezons.fr/"
      ]
    }
  ],
  "hasDescription": [
    {
      "@id": "https://data.datatourisme.fr/836195ac-2101-3be9-969e-c77f97f89c22",
      "@type": [
        "Description"
      ],
      "hasTranslatedProperty": [
        {
          "@id": "https://data.datatourisme.fr/1fbe4c77-015d-3f85-b88d-0a515f99a1d6",
          "dc:contributor": [
            "https://api.deepl.com/v2/translate"
          ],
          "rdf:language": [
            "es"
          ],
          "rdf:predicate": [
            "shortDescription"
          ]
        },
        {
          "@id": "https://data.datatourisme.fr/962ccab9-23c2-3f78-afcd-376096cc92ff",
          "dc:contributor": [
            "https://api.deepl.com/v2/translate"
          ],
          "rdf:language": [
            "nl"
          ],
          "rdf:predicate": [
            "shortDescription"
          ]
        },
        {
          "@id": "https://data.datatourisme.fr/9b4046e7-65eb-3264-9a6d-901f5aafadf8",
          "dc:contributor": [
            "https://api.deepl.com/v2/translate"
          ],
          "rdf:language": [
            "de"
          ],
          "rdf:predicate": [
            "shortDescription"
          ]
        },
        {
          "@id": "https://data.datatourisme.fr/cf3f8975-97f3-3b91-89c9-c1e248e45030",
          "dc:contributor": [
            "https://api.deepl.com/v2/translate"
          ],
          "rdf:language": [
            "it"
          ],
          "rdf:predicate": [
            "shortDescription"
          ]
        }
      ],
      "shortDescription": {
        "de": [
          "Die Mediathek Maupassant empfängt ihre Nutzer während des Einschlusses im \"Biblio-Drive\". Es genügt, die Mediathek per E-Mail oder Telefon zu kontaktieren und die Dokumente anzugeben, die man ausleihen möchte."
        ],
        "en": [
          "An entirely modernised facility devoted to literature, art, cinema, music and games for children and adults."
        ],
        "it": [
          "La mediateca Maupassant accoglie i suoi utenti durante la chiusura, in \"biblio-drive\". È sufficiente contattare la biblioteca via e-mail o telefono e indicare i documenti che si desidera prendere in prestito."
        ],
        "fr": [
          "La médiathèque Maupassant accueille ses usagers pendant le confinement, en \"biblio-drive\". Il suffit de contacter la médiathèque par mail ou par téléphone et d'indiquer les documents que l'on souhaite emprunter."
        ],
        "es": [
          "La mediateca de Maupassant acoge a sus usuarios durante el cierre, en \"biblio-drive\". Sólo tiene que ponerse en contacto con la biblioteca por correo electrónico o por teléfono e indicar los documentos que desea tomar prestados."
        ],
        "nl": [
          "De mediatheek Maupassant ontvangt haar gebruikers tijdens de lockdown, in \"biblio-drive\". U hoeft alleen maar per e-mail of telefoon contact op te nemen met de bibliotheek en aan te geven welke documenten u wilt lenen."
        ]
      }
    }
  ],
  "hasTranslatedProperty": [
    {
      "@id": "https://data.datatourisme.fr/2027f7cc-62ae-3505-9aa8-8dbfc3eecb3e",
      "dc:contributor": [
        "https://api.deepl.com/v2/translate"
      ],
      "rdf:language": [
        "nl"
      ],
      "rdf:predicate": [
        {
          "@id": "rdfs:comment"
        }
      ]
    },
    {
      "@id": "https://data.datatourisme.fr/376a4061-596d-31d5-8a62-8182005bc7cb",
      "dc:contributor": [
        "https://api.deepl.com/v2/translate"
      ],
      "rdf:language": [
        "it"
      ],
      "rdf:predicate": [
        {
          "@id": "rdfs:comment"
        }
      ]
    },
    {
      "@id": "https://data.datatourisme.fr/863db093-aed9-3e81-9a00-74703f727054",
      "dc:contributor": [
        "https://api.deepl.com/v2/translate"
      ],
      "rdf:language": [
        "de"
      ],
      "rdf:predicate": [
        {
          "@id": "rdfs:comment"
        }
      ]
    },
    {
      "@id": "https://data.datatourisme.fr/cf864482-7caa-30d5-a1ea-c611947d2ed9",
      "dc:contributor": [
        "https://api.deepl.com/v2/translate"
      ],
      "rdf:language": [
        "es"
      ],
      "rdf:predicate": [
        {
          "@id": "rdfs:comment"
        }
      ]
    }
  ],
  "isLocatedAt": [
    {
      "@id": "https://data.datatourisme.fr/a0a5dafa-f964-3e1b-ad14-b1addd35f8df",
      "schema:address": [
        {
          "@id": "https://data.datatourisme.fr/cfa3108d-d96c-35cd-aaa3-ad4357c531c9",
          "schema:addressLocality": "Bezons",
          "schema:postalCode": "95870",
          "schema:streetAddress": [
            "64 Rue Edouard Vaillant"
          ],
          "@type": [
            "schema:PostalAddress",
            "PostalAddress"
          ],
          "hasAddressCity": {
            "@id": "kb:95063",
            "@type": [
              "City"
            ],
            "rdfs:label": {
              "de": [
                "Bezons"
              ],
              "pt": [
                "Bezons"
              ],
              "en": [
                "Bezons"
              ],
              "it": [
                "Bezons"
              ],
              "fr": [
                "Bezons"
              ],
              "nl": [
                "Bezons"
              ],
              "es": [
                "Bezons"
              ]
            },
            "insee": "95063",
            "isPartOfDepartment": {
              "@id": "kb:France1195",
              "@type": [
                "Department"
              ],
              "rdfs:label": {
                "de": [
                  "Val-d'Oise"
                ],
                "pt": [
                  "Val-d'Oise"
                ],
                "en": [
                  "Val-d'Oise"
                ],
                "it": [
                  "Val-d'Oise"
                ],
                "fr": [
                  "Val-d'Oise"
                ],
                "nl": [
                  "Val-d'Oise"
                ],
                "es": [
                  "Val-d'Oise"
                ]
              },
              "insee": "95",
              "isPartOfRegion": {
                "@id": "kb:France11",
                "@type": [
                  "Region"
                ],
                "rdfs:label": {
                  "de": [
                    "Île-de-France"
                  ],
                  "pt": [
                    "Île-de-France"
                  ],
                  "en": [
                    "Île-de-France"
                  ],
                  "it": [
                    "Île-de-France"
                  ],
                  "fr": [
                    "Île-de-France"
                  ],
                  "nl": [
                    "Île-de-France"
                  ],
                  "es": [
                    "Île-de-France"
                  ]
                },
                "insee": "11",
                "isPartOfCountry": {
                  "@id": "kb:France",
                  "@type": [
                    "schema:Country"
                  ],
                  "rdfs:label": {
                    "de": [
                      "France",
                      "Frankreich"
                    ],
                    "pt": [
                      "França",
                      "France"
                    ],
                    "en": [
                      "France"
                    ],
                    "it": [
                      "France",
                      "Francia"
                    ],
                    "fr": [
                      "France"
                    ],
                    "nl": [
                      "France",
                      "Frankrijk"
                    ],
                    "es": [
                      "France",
                      "Francia"
                    ]
                  }
                }
              }
            }
          }
        }
      ],
      "schema:geo": {
        "@id": "https://data.datatourisme.fr/8a20ef78-d9dc-3976-a250-b653cccc5ec5",
        "schema:latitude": "48.92716",
        "schema:longitude": "2.214753",
        "@type": [
          "schema:GeoCoordinates"
        ]
      },
      "schema:openingHoursSpecification": [
        {
          "@id": "https://data.datatourisme.fr/32a4a0ee-fbc3-3d5c-bc38-a43044d133c9",
          "schema:closes": "18:30:00",
          "schema:opens": "14:00:00",
          "schema:validFrom": "2023-01-01T00:00:00",
          "schema:validThrough": "2023-12-31T23:59:59",
          "@type": [
            "schema:OpeningHoursSpecification"
          ],
          "additionalInformation": {
            "de": [
              "Dienstag: 14h-18h30\r\nMittwoch: 10:00-12:00 Uhr und 14:00-18:30 Uhr\r\nFreitag: 14h-18h30\r\nSamstag: 10h-12h30 und 14h-18h30\r\nSehen Sie sich den Online-Katalog auf dem Blog der Mediathek an."
            ],
            "en": [
              "Tuesday: 2:00 pm - 6:30 pm\r\nWednesday: 10am-12pm and 2pm-6.30pm\r\nFriday: 2:00 pm - 6:30 pm\r\nSaturday: 10am-12.30pm and 2pm-6.30pm\r\nConsult the online catalogue on the media library blog."
            ],
            "it": [
              "Martedì: 14:00-18:30\r\nMercoledì: 10.00-12.00 e 14.00-18.30\r\nVenerdì: 14-18.30\r\nSabato: 10.00-12.30 e 14.00-18.30\r\nConsultate il catalogo online sul blog della mediateca."
            ],
            "fr": [
              "Mardi : 14h-18h30\r\nMercredi : 10h-12h et 14h-18h30\r\nVendredi : 14h-18h30\r\nSamedi : 10h-12h30 et 14h-18h30\r\nConsultez le catalogue en ligne sur le blog de la médiathèque."
            ],
            "es": [
              "Martes: 14:00-18:30\r\nMiércoles: de 10:00 a 12:00 y de 14:00 a 18:30\r\nViernes: 2-6.30pm\r\nSábado: 10:00-12:30 y 14:00-18:30\r\nConsulte el catálogo en línea en el blog de la mediateca."
            ],
            "nl": [
              "Dinsdag: 14:00-18:30\r\nWoensdag: 10-12 uur en 14-18.30 uur\r\nVrijdag: 14-18.30 uur\r\nZaterdag: 10.00-12.30 uur en 14.00-18.30 uur\r\nRaadpleeg de online catalogus op de blog van de mediatheek."
            ]
          },
          "hasTranslatedProperty": [
            {
              "@id": "https://data.datatourisme.fr/1d46a24f-5eaa-341d-938f-3bb80acc0ba0",
              "dc:contributor": [
                "https://api.deepl.com/v2/translate"
              ],
              "rdf:language": [
                "de"
              ],
              "rdf:predicate": [
                "additionalInformation"
              ]
            },
            {
              "@id": "https://data.datatourisme.fr/2d104d43-121f-326d-a8fb-972305084a6f",
              "dc:contributor": [
                "https://api.deepl.com/v2/translate"
              ],
              "rdf:language": [
                "nl"
              ],
              "rdf:predicate": [
                "additionalInformation"
              ]
            },
            {
              "@id": "https://data.datatourisme.fr/5b09cbc8-3da3-3603-aa49-b21a91acb758",
              "dc:contributor": [
                "https://api.deepl.com/v2/translate"
              ],
              "rdf:language": [
                "es"
              ],
              "rdf:predicate": [
                "additionalInformation"
              ]
            },
            {
              "@id": "https://data.datatourisme.fr/688738fc-704b-306f-84ad-1ac83f589b51",
              "dc:contributor": [
                "https://api.deepl.com/v2/translate"
              ],
              "rdf:language": [
                "en"
              ],
              "rdf:predicate": [
                "additionalInformation"
              ]
            },
            {
              "@id": "https://data.datatourisme.fr/c18e7012-310e-330e-bdda-617abb333ffc",
              "dc:contributor": [
                "https://api.deepl.com/v2/translate"
              ],
              "rdf:language": [
                "it"
              ],
              "rdf:predicate": [
                "additionalInformation"
              ]
            }
          ]
        }
      ],
      "@type": [
        "schema:Place",
        "Place"
      ]
    }
  ],
  "isOwnedBy": [
    {
      "@id": "https://data.datatourisme.fr/73484530-94e0-3b9c-86da-e2ddfa7df7ed",
      "schema:email": [
        "emilie.prai@saintgermainenlaye.fr",
        "emilie.rochat@seine-saintgermain.fr",
        "melissa.moreau@saintgermainenlaye.fr"
      ],
      "schema:legalName": "Office de Tourisme Intercommunal de Saint Germain Boucles de Seine",
      "@type": [
        "schema:Organization",
        "foaf:Agent",
        "Agent"
      ],
      "foaf:homepage": [
        "http://www.reservation.seine-saintgermain.fr/"
      ]
    }
  ],
  "lastUpdate": "2020-11-04",
  "lastUpdateDatatourisme": "2023-02-01T18:07:35.599Z"
}