{
  "@id": "https://data.datatourisme.fr/13/057a66be-4dfb-3adf-8fe8-2e9e58de2ef9",
  "dc:identifier": "5281900",
  "@type": [
    "schema:LocalBusiness",
    "schema:Museum",
    "CulturalSite",
    "DefenceSite",
    "Museum",
    "PlaceOfInterest",
    "PointOfInterest"
  ],
  "rdfs:comment": {
    "de": [
      "Das neue Museum der Befreiung von Paris - General Leclerc Museum - Jean Moulin Museum öffnet seine Türen auf dem Place Denfert-Rochereau, einem höchst symbolischen Ort der Schlacht um Paris."
    ],
    "en": [
      "The new Liberation Museum of Paris - General Leclerc's Museum - Jean Moulin Museum opens its doors on the Denfert-Rochereau square, a highly symbolic place of the battle of Paris."
    ],
    "it": [
      "Il nuovo Museo della Liberazione di Parigi - Museo Generale Leclerc - Museo Jean Moulin apre le sue porte in Place Denfert-Rochereau, un luogo altamente simbolico della battaglia di Parigi."
    ],
    "fr": [
      "Le nouveau musée de la Libération de Paris - musée du général Leclerc - musée Jean Moulin ouvre ses portes sur la place Denfert-Rochereau, lieu hautement symbolique de la bataille de Paris."
    ],
    "nl": [
      "Het nieuwe Museum voor de bevrijding van Parijs - Museum General Leclerc - Jean Moulin opent zijn deuren op de Place Denfert-Rochereau, een zeer symbolische plaats van de Slag om Parijs."
    ],
    "es": [
      "El nuevo Museo de la Liberación de París - Museo General Leclerc - Museo Jean Moulin abre sus puertas en la plaza Denfert-Rochereau, lugar altamente simbólico de la batalla de París."
    ]
  },
  "rdfs:label": {
    "fr": [
      "Musée de la Libération de Paris - musée du Général Leclerc - musée Jean Moulin"
    ]
  },
  "owl:sameAs": [
    "http://www.wikidata.org/entity/Q85854194"
  ],
  "hasBeenCreatedBy": {
    "@id": "https://data.datatourisme.fr/13/03e0704b-5690-32de-a186-1dc3ad3316c9",
    "dc:identifier": "1019",
    "schema:email": [
      "bgeigle@visitparisregion.com",
      "hcaldo@visitparisregion.com",
      "mtanaskovic@visitparisregion.com"
    ],
    "schema:legalName": "Comité Régional du Tourisme Paris Ile de France",
    "@type": [
      "schema:Organization",
      "foaf:Agent",
      "Agent"
    ],
    "foaf:homepage": [
      "http://www.visitparisregion.com/"
    ]
  },
  "hasBeenPublishedBy": [
    {
      "@id": "https://data.datatourisme.fr/8a9feb4b-2cbd-3d2c-b507-bd6c6776b23b",
      "schema:legalName": "Apidae Tourisme Scic SA - source : Apidae Tourisme",
      "@type": [
        "schema:Organization",
        "foaf:Agent",
        "Agent"
      ],
      "foaf:homepage": [
        "https://www.apidae-tourisme.com/"
      ]
    }
  ],
  "hasContact": [
    {
      "@id": "https://data.datatourisme.fr/acff3895-6ed0-3e18-b45e-11332d72d9c1",
      "schema:telephone": [
        "+33 1 71 28 34 70"
      ],
      "@type": [
        "foaf:Agent",
        "Agent"
      ],
      "foaf:homepage": [
        "https://www.museeliberation-leclerc-moulin.paris.fr/"
      ]
    }
  ],
  "hasDescription": [
    {
      "@id": "https://data.datatourisme.fr/b501a4fb-d645-30e3-9604-cb3c63edee89",
      "@type": [
        "Description"
      ],
      "hasTranslatedProperty": [
        {
          "@id": "https://data.datatourisme.fr/04d14c59-63df-33e2-bfdc-22358a456b2d",
          "dc:contributor": [
            "https://api.deepl.com/v2/translate"
          ],
          "rdf:language": [
            "nl"
          ],
          "rdf:predicate": [
            "shortDescription"
          ]
        },
        {
          "@id": "https://data.datatourisme.fr/2f5ded91-d43d-35a8-b31d-2a180f983f9c",
          "dc:contributor": [
            "https://api.deepl.com/v2/translate"
          ],
          "rdf:language": [
            "en"
          ],
          "rdf:predicate": [
            "shortDescription"
          ]
        },
        {
          "@id": "https://data.datatourisme.fr/99e31360-96c9-394a-bed0-8ed1f67e6610",
          "dc:contributor": [
            "https://api.deepl.com/v2/translate"
          ],
          "rdf:language": [
            "it"
          ],
          "rdf:predicate": [
            "shortDescription"
          ]
        },
        {
          "@id": "https://data.datatourisme.fr/c7b54bd2-9ff8-3492-b2c1-8044f1695ceb",
          "dc:contributor": [
            "https://api.deepl.com/v2/translate"
          ],
          "rdf:language": [
            "es"
          ],
          "rdf:predicate": [
            "shortDescription"
          ]
        },
        {
          "@id": "https://data.datatourisme.fr/ed9ad91e-5479-3c9f-8b3a-ad0edb1f9427",
          "dc:contributor": [
            "https://api.deepl.com/v2/translate"
          ],
          "rdf:language": [
            "de"
          ],
          "rdf:predicate": [
            "shortDescription"
          ]
        }
      ],
      "shortDescription": {
        "de": [
          "Das neue Museum der Befreiung von Paris - General Leclerc Museum - Jean Moulin Museum öffnet seine Türen auf dem Place Denfert-Rochereau, einem höchst symbolischen Ort der Schlacht um Paris."
        ],
        "en": [
          "The new Liberation Museum of Paris - General Leclerc's Museum - Jean Moulin Museum opens its doors on the Denfert-Rochereau square, a highly symbolic place of the battle of Paris."
        ],
        "it": [
          "Il nuovo Museo della Liberazione di Parigi - Museo Generale Leclerc - Museo Jean Moulin apre le sue porte in Place Denfert-Rochereau, un luogo altamente simbolico della battaglia di Parigi."
        ],
        "fr": [
          "Le nouveau musée de la Libération de Paris - musée du général Leclerc - musée Jean Moulin ouvre ses portes sur la place Denfert-Rochereau, lieu hautement symbolique de la bataille de Paris."
        ],
        "nl": [
          "Het nieuwe Museum voor de bevrijding van Parijs - Museum General Leclerc - Jean Moulin opent zijn deuren op de Place Denfert-Rochereau, een zeer symbolische plaats van de Slag om Parijs."
        ],
        "es": [
          "El nuevo Museo de la Liberación de París - Museo General Leclerc - Museo Jean Moulin abre sus puertas en la plaza Denfert-Rochereau, lugar altamente simbólico de la batalla de París."
        ]
      }
    }
  ],
  "hasRepresentation": [
    {
      "@id": "https://data.datatourisme.fr/0b9d93a9-b6a2-3ab6-a29e-b84b5ee49ce2",
      "ebucore:hasAnnotation": [
        {
          "@id": "https://data.datatourisme.fr/d7b76f2c-d470-3df0-9b2b-3366e2e3c4b8",
          "ebucore:isCoveredBy": "CC BY-SA 3.0",
          "ebucore:title": [
            "Barrière d'Enfer, place Denfert-Rochereau, Paris 03"
          ],
          "@type": [
            "ebucore:Annotation"
          ],
          "credits": [
            "<p><a href=\"//commons.wikimedia.org/wiki/User:Coyau\" title=\"User:Coyau\">Coyau</a>\n</p>"
          ]
        }
      ],
      "ebucore:hasRelatedResource": [
        {
          "@id": "https://data.datatourisme.fr/e5b1c92e-6e8b-3a46-98f2-44ac9c46121d",
          "ebucore:fileSize": [
            6351055
          ],
          "ebucore:hasMimeType": [
            {
              "@id": "kb:JPEG",
              "@type": [
                "ebucore:MimeType"
              ],
              "rdfs:comment": {
                "de": [
                  "JPEG-Bild"
                ],
                "pt": [
                  "Imagem JPEG"
                ],
                "en": [
                  "JPEG image file"
                ],
                "it": [
                  "Immagine JPEG"
                ],
                "fr": [
                  "Image JPEG"
                ],
                "nl": [
                  "JPEG-afbeelding"
                ],
                "es": [
                  "Imagen JPEG"
                ]
              },
              "rdfs:label": {
                "de": [
                  "image/jpeg"
                ],
                "pt": [
                  "image/jpeg"
                ],
                "en": [
                  "image/jpeg"
                ],
                "it": [
                  "image/jpeg"
                ],
                "fr": [
                  "image/jpeg"
                ],
                "nl": [
                  "image/jpeg"
                ],
                "es": [
                  "image/jpeg"
                ]
              }
            }
          ],
          "ebucore:height": 2000,
          "ebucore:locator": [
            "https://upload.wikimedia.org/wikipedia/commons/e/ee/Barri%C3%A8re_d%27Enfer%2C_place_Denfert-Rochereau%2C_Paris_03.jpg"
          ],
          "ebucore:width": 5479,
          "@type": [
            "ebucore:Resource"
          ]
        }
      ],
      "@type": [
        "ebucore:EditorialObject"
      ]
    }
  ],
  "hasTheme": [
    {
      "@id": "kb:Culture",
      "@type": [
        "CulturalTheme"
      ],
      "rdfs:label": {
        "de": [
          "Kultur"
        ],
        "pt": [
          "Cultura"
        ],
        "en": [
          "Culture"
        ],
        "it": [
          "Cultura"
        ],
        "fr": [
          "Culture"
        ],
        "nl": [
          "Cultuur"
        ],
        "es": [
          "Cultura"
        ]
      }
    }
  ],
  "hasTranslatedProperty": [
    {
      "@id": "https://data.datatourisme.fr/041543ca-cf7e-369b-8bce-860ef6793043",
      "dc:contributor": [
        "https://api.deepl.com/v2/translate"
      ],
      "rdf:language": [
        "nl"
      ],
      "rdf:predicate": [
        {
          "@id": "rdfs:comment"
        }
      ]
    },
    {
      "@id": "https://data.datatourisme.fr/3c867333-4684-3296-9665-c9a103471dfb",
      "dc:contributor": [
        "https://api.deepl.com/v2/translate"
      ],
      "rdf:language": [
        "it"
      ],
      "rdf:predicate": [
        {
          "@id": "rdfs:comment"
        }
      ]
    },
    {
      "@id": "https://data.datatourisme.fr/655fff68-db32-3208-b933-fbc7adb64e7a",
      "dc:contributor": [
        "https://api.deepl.com/v2/translate"
      ],
      "rdf:language": [
        "de"
      ],
      "rdf:predicate": [
        {
          "@id": "rdfs:comment"
        }
      ]
    },
    {
      "@id": "https://data.datatourisme.fr/727a2d9f-d4a6-3e86-aec7-6fa2c5f439f6",
      "dc:contributor": [
        "https://api.deepl.com/v2/translate"
      ],
      "rdf:language": [
        "es"
      ],
      "rdf:predicate": [
        {
          "@id": "rdfs:comment"
        }
      ]
    },
    {
      "@id": "https://data.datatourisme.fr/cf79e0dd-91b8-393d-9d8e-06cf871ede22",
      "dc:contributor": [
        "https://api.deepl.com/v2/translate"
      ],
      "rdf:language": [
        "en"
      ],
      "rdf:predicate": [
        {
          "@id": "rdfs:comment"
        }
      ]
    }
  ],
  "isLocatedAt": [
    {
      "@id": "https://data.datatourisme.fr/8a777f19-1a1d-3ae3-b9a6-d38cbd304ba8",
      "schema:address": [
        {
          "@id": "https://data.datatourisme.fr/d6a4a307-5d79-3d62-8230-f7aadbb7ba36",
          "schema:addressLocality": "Paris 14e Arrondissement",
          "schema:postalCode": "75014",
          "schema:streetAddress": [
            "4, avenue du Colonel Rol Tanguy Place Denfert-Rochereau"
          ],
          "@type": [
            "schema:PostalAddress",
            "PostalAddress"
          ],
          "hasAddressCity": {
            "@id": "kb:75114",
            "@type": [
              "City"
            ],
            "rdfs:label": {
              "de": [
                "Paris 14e Arrondissement"
              ],
              "pt": [
                "Paris 14e Arrondissement"
              ],
              "en": [
                "Paris 14e Arrondissement"
              ],
              "it": [
                "Paris 14e Arrondissement"
              ],
              "fr": [
                "Paris 14e Arrondissement"
              ],
              "nl": [
                "Paris 14e Arrondissement"
              ],
              "es": [
                "Paris 14e Arrondissement"
              ]
            },
            "insee": "75114",
            "isPartOfDepartment": {
              "@id": "kb:France1175",
              "@type": [
                "Department"
              ],
              "rdfs:label": {
                "de": [
                  "Paris"
                ],
                "pt": [
                  "Paris"
                ],
                "en": [
                  "Paris"
                ],
                "it": [
                  "Paris"
                ],
                "fr": [
                  "Paris"
                ],
                "nl": [
                  "Paris"
                ],
                "es": [
                  "Paris"
                ]
              },
              "insee": "75",
              "isPartOfRegion": {
                "@id": "kb:France11",
                "@type": [
                  "Region"
                ],
                "rdfs:label": {
                  "de": [
                    "Île-de-France"
                  ],
                  "pt": [
                    "Île-de-France"
                  ],
                  "en": [
                    "Île-de-France"
                  ],
                  "it": [
                    "Île-de-France"
                  ],
                  "fr": [
                    "Île-de-France"
                  ],
                  "nl": [
                    "Île-de-France"
                  ],
                  "es": [
                    "Île-de-France"
                  ]
                },
                "insee": "11",
                "isPartOfCountry": {
                  "@id": "kb:France",
                  "@type": [
                    "schema:Country"
                  ],
                  "rdfs:label": {
                    "de": [
                      "France",
                      "Frankreich"
                    ],
                    "pt": [
                      "França",
                      "France"
                    ],
                    "en": [
                      "France"
                    ],
                    "it": [
                      "France",
                      "Francia"
                    ],
                    "fr": [
                      "France"
                    ],
                    "nl": [
                      "France",
                      "Frankrijk"
                    ],
                    "es": [
                      "France",
                      "Francia"
                    ]
                  }
                }
              }
            }
          }
        }
      ],
      "schema:geo": {
        "@id": "https://data.datatourisme.fr/931a0788-db25-32c3-86cb-05ad1b1bcda7",
        "schema:latitude": "48.83411",
        "schema:longitude": "2.331621",
        "@type": [
          "schema:GeoCoordinates"
        ]
      },
      "schema:openingHoursSpecification": [
        {
          "@id": "https://data.datatourisme.fr/2204e611-4690-395c-9e7d-6c09e12def8b",
          "schema:closes": "18:00:00",
          "schema:opens": "10:00:00",
          "schema:validFrom": "2023-01-01T00:00:00",
          "schema:validThrough": "2023-12-31T23:59:59",
          "@type": [
            "schema:OpeningHoursSpecification"
          ],
          "additionalInformation": {
            "de": [
              "Letzter Einlass um 17:30 Uhr, Schließung der Räume um 17:45 Uhr."
            ],
            "en": [
              "Last access at 5:30 pm, closing of the rooms at 5:45 pm."
            ],
            "it": [
              "Ultimo accesso alle 17.30, chiusura delle sale alle 17.45."
            ],
            "fr": [
              "Dernier accès à 17h30, fermeture des salles à 17h45."
            ],
            "es": [
              "Último acceso a las 17:30, las salas cierran a las 17:45."
            ],
            "nl": [
              "Laatste toegang om 17.30 uur, kamers sluiten om 17.45 uur."
            ]
          },
          "hasTranslatedProperty": [
            {
              "@id": "https://data.datatourisme.fr/6bb016eb-00d8-3454-8d24-43b12ca0f59b",
              "dc:contributor": [
                "https://api.deepl.com/v2/translate"
              ],
              "rdf:language": [
                "nl"
              ],
              "rdf:predicate": [
                "additionalInformation"
              ]
            },
            {
              "@id": "https://data.datatourisme.fr/9229477f-6407-35e3-95cf-41f7c7e41a7e",
              "dc:contributor": [
                "https://api.deepl.com/v2/translate"
              ],
              "rdf:language": [
                "es"
              ],
              "rdf:predicate": [
                "additionalInformation"
              ]
            },
            {
              "@id": "https://data.datatourisme.fr/b600ffb7-b3ce-3407-b7aa-8aae40701cc6",
              "dc:contributor": [
                "https://api.deepl.com/v2/translate"
              ],
              "rdf:language": [
                "en"
              ],
              "rdf:predicate": [
                "additionalInformation"
              ]
            },
            {
              "@id": "https://data.datatourisme.fr/e138c5df-083e-3276-9ccf-52ae319c6d6a",
              "dc:contributor": [
                "https://api.deepl.com/v2/translate"
              ],
              "rdf:language": [
                "de"
              ],
              "rdf:predicate": [
                "additionalInformation"
              ]
            },
            {
              "@id": "https://data.datatourisme.fr/fda51d93-64be-387d-b2e7-8677cad60530",
              "dc:contributor": [
                "https://api.deepl.com/v2/translate"
              ],
              "rdf:language": [
                "it"
              ],
              "rdf:predicate": [
                "additionalInformation"
              ]
            }
          ]
        }
      ],
      "@type": [
        "schema:Place",
        "Place"
      ]
    }
  ],
  "isOwnedBy": [
    {
      "@id": "https://data.datatourisme.fr/26ecd6f0-563c-356a-b0f9-ad3ec17effc4",
      "schema:email": [
        "bgeigle@visitparisregion.com",
        "hcaldo@visitparisregion.com",
        "mtanaskovic@visitparisregion.com"
      ],
      "schema:legalName": "Comité Régional du Tourisme Paris Ile de France",
      "@type": [
        "schema:Organization",
        "foaf:Agent",
        "Agent"
      ],
      "foaf:homepage": [
        "http://www.visitparisregion.com/"
      ]
    }
  ],
  "lastUpdate": "2021-11-09",
  "lastUpdateDatatourisme": "2023-05-30T05:49:20.282Z"
}