{
  "@id": "https://data.datatourisme.fr/13/05d3eaf8-c44d-3cfc-94a1-3af7b93d3d35",
  "dc:identifier": "5535678",
  "@type": [
    "schema:FoodEstablishment",
    "FoodEstablishment",
    "PlaceOfInterest",
    "PointOfInterest"
  ],
  "rdfs:comment": {
    "de": [
      "Le K'méléon, eine Café-Brasserie, die sich in Rambouillet befindet."
    ],
    "en": [
      "Le K'méléon, a café-brasserie located in Rambouillet."
    ],
    "it": [
      "Il K'méléon, un caffè-brasserie situato a Rambouillet."
    ],
    "fr": [
      "Le K'méléon, café-brasserie située à Rambouillet."
    ],
    "es": [
      "El K'méléon, un café-brasserie situado en Rambouillet."
    ],
    "nl": [
      "De K'méléon, een café-brasserie in Rambouillet."
    ]
  },
  "rdfs:label": {
    "fr": [
      "Le K'méléon"
    ]
  },
  "hasBeenCreatedBy": {
    "@id": "https://data.datatourisme.fr/13/4e9cec1f-5830-3645-9111-d63e24f3b8ef",
    "dc:identifier": "1556",
    "schema:email": [
      "c.imbert@rt78.fr",
      "c.vallet@rt78.fr",
      "m.suray@rt78.fr",
      "s.bertoncini@rt78.fr"
    ],
    "schema:legalName": "Rambouillet Territoires",
    "@type": [
      "schema:Organization",
      "foaf:Agent",
      "Agent"
    ],
    "foaf:homepage": [
      "http://www.rambouillet-tourisme.fr/"
    ]
  },
  "hasBeenPublishedBy": [
    {
      "@id": "https://data.datatourisme.fr/8a9feb4b-2cbd-3d2c-b507-bd6c6776b23b",
      "schema:legalName": "Apidae Tourisme Scic SA - source : Apidae Tourisme",
      "@type": [
        "schema:Organization",
        "foaf:Agent",
        "Agent"
      ],
      "foaf:homepage": [
        "https://www.apidae-tourisme.com/"
      ]
    }
  ],
  "hasContact": [
    {
      "@id": "https://data.datatourisme.fr/0286e7a1-7fb1-3f9b-880b-fc3c99cda7e4",
      "schema:telephone": [
        "+33 1 30 41 37 58"
      ],
      "@type": [
        "foaf:Agent",
        "Agent"
      ]
    }
  ],
  "hasDescription": [
    {
      "@id": "https://data.datatourisme.fr/b0435849-8ac0-31f5-894b-c80f787e1523",
      "@type": [
        "Description"
      ],
      "hasTranslatedProperty": [
        {
          "@id": "https://data.datatourisme.fr/3c81aa6a-41f2-3673-be8e-adfc4e237436",
          "dc:contributor": [
            "https://api.deepl.com/v2/translate"
          ],
          "rdf:language": [
            "it"
          ],
          "rdf:predicate": [
            "shortDescription"
          ]
        },
        {
          "@id": "https://data.datatourisme.fr/4ffdea30-78ee-390d-aaa9-3d3d49f1b0c3",
          "dc:contributor": [
            "https://api.deepl.com/v2/translate"
          ],
          "rdf:language": [
            "nl"
          ],
          "rdf:predicate": [
            "shortDescription"
          ]
        },
        {
          "@id": "https://data.datatourisme.fr/76437b12-b386-3601-ae54-4fa6760a5d66",
          "dc:contributor": [
            "https://api.deepl.com/v2/translate"
          ],
          "rdf:language": [
            "de"
          ],
          "rdf:predicate": [
            "shortDescription"
          ]
        },
        {
          "@id": "https://data.datatourisme.fr/7cfd8933-59e2-38e2-98af-3175f9c94d67",
          "dc:contributor": [
            "https://api.deepl.com/v2/translate"
          ],
          "rdf:language": [
            "en"
          ],
          "rdf:predicate": [
            "shortDescription"
          ]
        },
        {
          "@id": "https://data.datatourisme.fr/ab34f808-9f59-3fe2-8560-08fec05b5792",
          "dc:contributor": [
            "https://api.deepl.com/v2/translate"
          ],
          "rdf:language": [
            "es"
          ],
          "rdf:predicate": [
            "shortDescription"
          ]
        }
      ],
      "shortDescription": {
        "de": [
          "Le K'méléon, eine Café-Brasserie, die sich in Rambouillet befindet."
        ],
        "en": [
          "Le K'méléon, a café-brasserie located in Rambouillet."
        ],
        "it": [
          "Il K'méléon, un caffè-brasserie situato a Rambouillet."
        ],
        "fr": [
          "Le K'méléon, café-brasserie située à Rambouillet."
        ],
        "es": [
          "El K'méléon, un café-brasserie situado en Rambouillet."
        ],
        "nl": [
          "De K'méléon, een café-brasserie in Rambouillet."
        ]
      }
    }
  ],
  "hasTheme": [
    {
      "@id": "kb:MediterraneanCuisine",
      "@type": [
        "CuisineCategory"
      ],
      "rdfs:label": {
        "de": [
          "Mediterrane Küche"
        ],
        "pt": [
          "Cozinha mediterrânica"
        ],
        "en": [
          "Mediterranean cuisine"
        ],
        "it": [
          "Cucina mediterranea"
        ],
        "fr": [
          "Cuisine méditerranéenne"
        ],
        "nl": [
          "Mediterrane keuken"
        ],
        "es": [
          "Cocina mediterránea"
        ]
      }
    }
  ],
  "hasTranslatedProperty": [
    {
      "@id": "https://data.datatourisme.fr/51044a16-b424-3f3b-a214-1dd9aa064cae",
      "dc:contributor": [
        "https://api.deepl.com/v2/translate"
      ],
      "rdf:language": [
        "it"
      ],
      "rdf:predicate": [
        {
          "@id": "rdfs:comment"
        }
      ]
    },
    {
      "@id": "https://data.datatourisme.fr/82e755c8-ab76-3a88-b72d-fa97577140d7",
      "dc:contributor": [
        "https://api.deepl.com/v2/translate"
      ],
      "rdf:language": [
        "en"
      ],
      "rdf:predicate": [
        {
          "@id": "rdfs:comment"
        }
      ]
    },
    {
      "@id": "https://data.datatourisme.fr/8c25d333-80b3-3c63-8fa0-7e8c817c71c3",
      "dc:contributor": [
        "https://api.deepl.com/v2/translate"
      ],
      "rdf:language": [
        "nl"
      ],
      "rdf:predicate": [
        {
          "@id": "rdfs:comment"
        }
      ]
    },
    {
      "@id": "https://data.datatourisme.fr/df3401e2-222d-30b9-a414-fac41abd297a",
      "dc:contributor": [
        "https://api.deepl.com/v2/translate"
      ],
      "rdf:language": [
        "es"
      ],
      "rdf:predicate": [
        {
          "@id": "rdfs:comment"
        }
      ]
    },
    {
      "@id": "https://data.datatourisme.fr/e0c096b1-05d3-3faa-8e23-beaebdf782da",
      "dc:contributor": [
        "https://api.deepl.com/v2/translate"
      ],
      "rdf:language": [
        "de"
      ],
      "rdf:predicate": [
        {
          "@id": "rdfs:comment"
        }
      ]
    }
  ],
  "isLocatedAt": [
    {
      "@id": "https://data.datatourisme.fr/865a3577-2a5a-3a6b-b887-315bb8f382bc",
      "schema:address": [
        {
          "@id": "https://data.datatourisme.fr/2b5499b5-268c-3211-9bd2-56fa297e225c",
          "schema:addressLocality": "Rambouillet",
          "schema:postalCode": "78120",
          "schema:streetAddress": [
            "54 Rue de Groussay"
          ],
          "@type": [
            "schema:PostalAddress",
            "PostalAddress"
          ],
          "hasAddressCity": {
            "@id": "kb:78517",
            "@type": [
              "City"
            ],
            "rdfs:label": {
              "de": [
                "Rambouillet"
              ],
              "pt": [
                "Rambouillet"
              ],
              "en": [
                "Rambouillet"
              ],
              "it": [
                "Rambouillet"
              ],
              "fr": [
                "Rambouillet"
              ],
              "nl": [
                "Rambouillet"
              ],
              "es": [
                "Rambouillet"
              ]
            },
            "insee": "78517",
            "isPartOfDepartment": {
              "@id": "kb:France1178",
              "@type": [
                "Department"
              ],
              "rdfs:label": {
                "de": [
                  "Yvelines"
                ],
                "pt": [
                  "Yvelines"
                ],
                "en": [
                  "Yvelines"
                ],
                "it": [
                  "Yvelines"
                ],
                "fr": [
                  "Yvelines"
                ],
                "nl": [
                  "Yvelines"
                ],
                "es": [
                  "Yvelines"
                ]
              },
              "insee": "78",
              "isPartOfRegion": {
                "@id": "kb:France11",
                "@type": [
                  "Region"
                ],
                "rdfs:label": {
                  "de": [
                    "Île-de-France"
                  ],
                  "pt": [
                    "Île-de-France"
                  ],
                  "en": [
                    "Île-de-France"
                  ],
                  "it": [
                    "Île-de-France"
                  ],
                  "fr": [
                    "Île-de-France"
                  ],
                  "nl": [
                    "Île-de-France"
                  ],
                  "es": [
                    "Île-de-France"
                  ]
                },
                "insee": "11",
                "isPartOfCountry": {
                  "@id": "kb:France",
                  "@type": [
                    "schema:Country"
                  ],
                  "rdfs:label": {
                    "de": [
                      "France",
                      "Frankreich"
                    ],
                    "pt": [
                      "França",
                      "France"
                    ],
                    "en": [
                      "France"
                    ],
                    "it": [
                      "France",
                      "Francia"
                    ],
                    "fr": [
                      "France"
                    ],
                    "nl": [
                      "France",
                      "Frankrijk"
                    ],
                    "es": [
                      "France",
                      "Francia"
                    ]
                  }
                }
              }
            }
          }
        }
      ],
      "schema:geo": {
        "@id": "https://data.datatourisme.fr/b441bf89-30a9-311d-bc1d-ae2341841b41",
        "schema:latitude": "48.653278",
        "schema:longitude": "1.820156",
        "@type": [
          "schema:GeoCoordinates"
        ]
      },
      "schema:openingHoursSpecification": [
        {
          "@id": "https://data.datatourisme.fr/d9bd4c2f-427e-3394-8625-51aaa40346ce",
          "schema:validFrom": "2023-01-01T00:00:00",
          "schema:validThrough": "2023-12-31T23:59:59",
          "@type": [
            "schema:OpeningHoursSpecification"
          ],
          "additionalInformation": {
            "de": [
              "Täglich geöffnet außer Samstagmittag, Sonntag und an Feiertagen."
            ],
            "en": [
              "Open every day except Saturday lunchtime, Sunday and public holidays."
            ],
            "it": [
              "Aperto tutti i giorni tranne il sabato a pranzo, la domenica e i giorni festivi."
            ],
            "fr": [
              "Ouvert tous les jours sauf le samedi midi, le dimanche et les jours fériés."
            ],
            "nl": [
              "Alle dagen geopend behalve zaterdagmiddag, zondag en feestdagen."
            ],
            "es": [
              "Abierto todos los días excepto los sábados al mediodía, los domingos y los días festivos."
            ]
          },
          "hasTranslatedProperty": [
            {
              "@id": "https://data.datatourisme.fr/02bf72cc-7925-32cd-a6ab-5b7a8fabbd7b",
              "dc:contributor": [
                "https://api.deepl.com/v2/translate"
              ],
              "rdf:language": [
                "it"
              ],
              "rdf:predicate": [
                "additionalInformation"
              ]
            },
            {
              "@id": "https://data.datatourisme.fr/0e1eb907-0f89-3d6e-9067-317570bccc7a",
              "dc:contributor": [
                "https://api.deepl.com/v2/translate"
              ],
              "rdf:language": [
                "de"
              ],
              "rdf:predicate": [
                "additionalInformation"
              ]
            },
            {
              "@id": "https://data.datatourisme.fr/5b5a8212-0eb5-3eb6-8a3c-bd53aebea0b3",
              "dc:contributor": [
                "https://api.deepl.com/v2/translate"
              ],
              "rdf:language": [
                "en"
              ],
              "rdf:predicate": [
                "additionalInformation"
              ]
            },
            {
              "@id": "https://data.datatourisme.fr/c17946e9-e1b2-3c12-b789-ccda8ff3e9bf",
              "dc:contributor": [
                "https://api.deepl.com/v2/translate"
              ],
              "rdf:language": [
                "es"
              ],
              "rdf:predicate": [
                "additionalInformation"
              ]
            },
            {
              "@id": "https://data.datatourisme.fr/e553f00c-260b-3b5b-a096-48df5b97a106",
              "dc:contributor": [
                "https://api.deepl.com/v2/translate"
              ],
              "rdf:language": [
                "nl"
              ],
              "rdf:predicate": [
                "additionalInformation"
              ]
            }
          ]
        }
      ],
      "@type": [
        "schema:Place",
        "Place"
      ]
    }
  ],
  "isOwnedBy": [
    {
      "@id": "https://data.datatourisme.fr/04fa6b61-d065-3c16-99a0-584372c27ac7",
      "schema:email": [
        "c.imbert@rt78.fr",
        "m.suray@rt78.fr",
        "s.bertoncini@rt78.fr"
      ],
      "schema:legalName": "Rambouillet Territoires",
      "@type": [
        "schema:Organization",
        "foaf:Agent",
        "Agent"
      ],
      "foaf:homepage": [
        "http://www.rambouillet-tourisme.fr/"
      ]
    }
  ],
  "lastUpdate": "2020-12-17",
  "lastUpdateDatatourisme": "2023-02-01T18:07:35.668Z",
  "offers": [
    {
      "@id": "https://data.datatourisme.fr/c1dde85a-25e5-3884-978f-3096a4a73fc1",
      "schema:priceSpecification": [
        {
          "@id": "https://data.datatourisme.fr/e697ea0b-ee17-3267-9348-fa291dcadde2",
          "schema:minPrice": [
            "10"
          ],
          "schema:priceCurrency": "EUR",
          "@type": [
            "schema:PriceSpecification",
            "PriceSpecification"
          ],
          "appliesOnPeriod": [
            {
              "@id": "https://data.datatourisme.fr/5714d2b4-e37d-3b81-a7fb-3e46a0efbefb",
              "@type": [
                "Period"
              ],
              "endDate": "2020-12-31",
              "startDate": "2020-01-01"
            }
          ]
        }
      ],
      "@type": [
        "schema:Offer",
        "Offer"
      ]
    }
  ],
  "providesCuisineOfType": [
    {
      "@id": "kb:MediterraneanCuisine",
      "@type": [
        "CuisineCategory"
      ],
      "rdfs:label": {
        "de": [
          "Mediterrane Küche"
        ],
        "pt": [
          "Cozinha mediterrânica"
        ],
        "en": [
          "Mediterranean cuisine"
        ],
        "it": [
          "Cucina mediterranea"
        ],
        "fr": [
          "Cuisine méditerranéenne"
        ],
        "nl": [
          "Mediterrane keuken"
        ],
        "es": [
          "Cocina mediterránea"
        ]
      }
    }
  ]
}