{
  "@id": "https://data.datatourisme.fr/13/054da2e8-3eb0-378f-bfa6-4a0f7cca6a22",
  "dc:identifier": "6478187",
  "schema:endDate": [
    "2023-06-04"
  ],
  "schema:startDate": [
    "2023-06-03"
  ],
  "@type": [
    "schema:Event",
    "schema:ExhibitionEvent",
    "schema:MusicEvent",
    "Concert",
    "CulturalEvent",
    "EntertainmentAndEvent",
    "Exhibition",
    "PointOfInterest"
  ],
  "rdfs:comment": {
    "de": [
      "Verpassen Sie nicht diesen unumgänglichen Termin, bei dem Sie zahlreiche Privatgärten entdecken können, darunter drei, die in diesem Jahr neu sind!\r\n\r\nAuf dem Programm stehen auch zahlreiche Konzerte im Rahmen des nationalen Themas \"Musik im Garten\" sowie Ausstellungen,"
    ],
    "en": [
      "Don't miss this not-to-be-missed event that will allow you to discover many private gardens, including three new ones this year!\r\n\r\nOn the program, many concerts within the framework of the national theme \"Music in the garden\", as well as exhibitions,"
    ],
    "it": [
      "Non perdetevi questo evento imperdibile che vi permetterà di scoprire molti giardini privati, tra cui tre nuovi quest'anno!\r\n\r\nIl programma prevede numerosi concerti nell'ambito del tema nazionale \"Musica in giardino\", oltre a mostre,"
    ],
    "fr": [
      "Ne manquez pas ce rendez-vous incontournable qui vous fera découvrir de nombreux jardins privés, dont trois inédits cette année! \r\n\r\nAu programme, de nombreux concerts dans le cadre de la thématique nationale \"Musique au jardin\", ainsi que des expositions,"
    ],
    "nl": [
      "U mag dit niet te missen evenement niet missen. U kunt er vele privétuinen ontdekken, waaronder dit jaar drie nieuwe!\r\n\r\nOp het programma staan talrijke concerten in het kader van het nationale thema \"Muziek in de tuin\" en tentoonstellingen,"
    ],
    "es": [
      "No se pierda esta cita ineludible que le permitirá descubrir numerosos jardines privados, ¡incluidos tres nuevos este año!\r\n\r\nEl programa incluye numerosos conciertos en el marco del tema nacional \"Música en el jardín\", así como exposiciones,"
    ]
  },
  "rdfs:label": {
    "fr": [
      "Rendez-Vous aux Jardins 2023 à Pontoise"
    ]
  },
  "hasBeenCreatedBy": {
    "@id": "https://data.datatourisme.fr/13/766d856e-f1a6-302f-93d8-94415e6bfa0e",
    "dc:identifier": "1014",
    "schema:email": [
      "andrea.duperon@ville-argenteuil.fr",
      "c.carreras@valdoise-tourisme.com",
      "j.blain@valdoise-tourisme.com",
      "m.bachelery@valdoise-tourisme.com",
      "s.benchikh@valdoise-tourisme.com"
    ],
    "schema:legalName": "Val d'Oise Tourisme",
    "@type": [
      "schema:Organization",
      "foaf:Agent",
      "Agent"
    ],
    "foaf:homepage": [
      "https://www.valdoise-tourisme.com/"
    ]
  },
  "hasBeenPublishedBy": [
    {
      "@id": "https://data.datatourisme.fr/8a9feb4b-2cbd-3d2c-b507-bd6c6776b23b",
      "schema:legalName": "Apidae Tourisme Scic SA - source : Apidae Tourisme",
      "@type": [
        "schema:Organization",
        "foaf:Agent",
        "Agent"
      ],
      "foaf:homepage": [
        "https://www.apidae-tourisme.com/"
      ]
    }
  ],
  "hasContact": [
    {
      "@id": "https://data.datatourisme.fr/74209eb6-9c57-3843-a46f-253e7d9a3423",
      "schema:email": [
        "carrepatrimoine@ville-pontoise.fr"
      ],
      "schema:telephone": [
        "+33 1 34 43 35 77"
      ],
      "@type": [
        "foaf:Agent",
        "Agent"
      ],
      "foaf:homepage": [
        "https://www.ville-pontoise.fr/",
        "https://www.ville-pontoise.fr/les-rendez-vous-aux-jardins-2023-pontoise"
      ]
    }
  ],
  "hasDescription": [
    {
      "@id": "https://data.datatourisme.fr/c4339668-9527-32fa-99c7-f0fcd2665398",
      "@type": [
        "Description"
      ],
      "hasTranslatedProperty": [
        {
          "@id": "https://data.datatourisme.fr/0624f3fd-f82d-3b3d-aad8-d8904ca9c5ed",
          "dc:contributor": [
            "https://api.deepl.com/v2/translate"
          ],
          "rdf:language": [
            "es"
          ],
          "rdf:predicate": [
            "shortDescription"
          ]
        },
        {
          "@id": "https://data.datatourisme.fr/0d79393b-ed1c-3ac2-8d5e-0a612661bfbe",
          "dc:contributor": [
            "https://api.deepl.com/v2/translate"
          ],
          "rdf:language": [
            "de"
          ],
          "rdf:predicate": [
            "shortDescription"
          ]
        },
        {
          "@id": "https://data.datatourisme.fr/a4883bf6-8e16-3042-9c0f-1ae8f7daf9cc",
          "dc:contributor": [
            "https://api.deepl.com/v2/translate"
          ],
          "rdf:language": [
            "en"
          ],
          "rdf:predicate": [
            "shortDescription"
          ]
        },
        {
          "@id": "https://data.datatourisme.fr/d41cfb77-b654-3a74-9a51-e63265b1585f",
          "dc:contributor": [
            "https://api.deepl.com/v2/translate"
          ],
          "rdf:language": [
            "nl"
          ],
          "rdf:predicate": [
            "shortDescription"
          ]
        },
        {
          "@id": "https://data.datatourisme.fr/ede9b76d-4864-340f-b94a-4520732c835f",
          "dc:contributor": [
            "https://api.deepl.com/v2/translate"
          ],
          "rdf:language": [
            "it"
          ],
          "rdf:predicate": [
            "shortDescription"
          ]
        }
      ],
      "shortDescription": {
        "de": [
          "Verpassen Sie nicht diesen unumgänglichen Termin, bei dem Sie zahlreiche Privatgärten entdecken können, darunter drei, die in diesem Jahr neu sind!\r\n\r\nAuf dem Programm stehen auch zahlreiche Konzerte im Rahmen des nationalen Themas \"Musik im Garten\" sowie Ausstellungen,"
        ],
        "en": [
          "Don't miss this not-to-be-missed event that will allow you to discover many private gardens, including three new ones this year!\r\n\r\nOn the program, many concerts within the framework of the national theme \"Music in the garden\", as well as exhibitions,"
        ],
        "it": [
          "Non perdetevi questo evento imperdibile che vi permetterà di scoprire molti giardini privati, tra cui tre nuovi quest'anno!\r\n\r\nIl programma prevede numerosi concerti nell'ambito del tema nazionale \"Musica in giardino\", oltre a mostre,"
        ],
        "fr": [
          "Ne manquez pas ce rendez-vous incontournable qui vous fera découvrir de nombreux jardins privés, dont trois inédits cette année! \r\n\r\nAu programme, de nombreux concerts dans le cadre de la thématique nationale \"Musique au jardin\", ainsi que des expositions,"
        ],
        "nl": [
          "U mag dit niet te missen evenement niet missen. U kunt er vele privétuinen ontdekken, waaronder dit jaar drie nieuwe!\r\n\r\nOp het programma staan talrijke concerten in het kader van het nationale thema \"Muziek in de tuin\" en tentoonstellingen,"
        ],
        "es": [
          "No se pierda esta cita ineludible que le permitirá descubrir numerosos jardines privados, ¡incluidos tres nuevos este año!\r\n\r\nEl programa incluye numerosos conciertos en el marco del tema nacional \"Música en el jardín\", así como exposiciones,"
        ]
      }
    }
  ],
  "hasTranslatedProperty": [
    {
      "@id": "https://data.datatourisme.fr/6e655d16-10d4-3b9a-ba38-1aaebadf0f69",
      "dc:contributor": [
        "https://api.deepl.com/v2/translate"
      ],
      "rdf:language": [
        "es"
      ],
      "rdf:predicate": [
        {
          "@id": "rdfs:comment"
        }
      ]
    },
    {
      "@id": "https://data.datatourisme.fr/78e7be13-c405-3717-8e84-b8899d585b99",
      "dc:contributor": [
        "https://api.deepl.com/v2/translate"
      ],
      "rdf:language": [
        "nl"
      ],
      "rdf:predicate": [
        {
          "@id": "rdfs:comment"
        }
      ]
    },
    {
      "@id": "https://data.datatourisme.fr/cc348dcd-92f1-3d7e-87a5-f1d583d60ac6",
      "dc:contributor": [
        "https://api.deepl.com/v2/translate"
      ],
      "rdf:language": [
        "de"
      ],
      "rdf:predicate": [
        {
          "@id": "rdfs:comment"
        }
      ]
    },
    {
      "@id": "https://data.datatourisme.fr/f3cd16cf-35bb-32e3-9730-58aade02e569",
      "dc:contributor": [
        "https://api.deepl.com/v2/translate"
      ],
      "rdf:language": [
        "en"
      ],
      "rdf:predicate": [
        {
          "@id": "rdfs:comment"
        }
      ]
    },
    {
      "@id": "https://data.datatourisme.fr/f4aeeda6-5d78-3b51-adf6-32eeda2b8671",
      "dc:contributor": [
        "https://api.deepl.com/v2/translate"
      ],
      "rdf:language": [
        "it"
      ],
      "rdf:predicate": [
        {
          "@id": "rdfs:comment"
        }
      ]
    }
  ],
  "isLocatedAt": [
    {
      "@id": "https://data.datatourisme.fr/4fd84315-4284-3cf3-b1d2-eed45ce136f0",
      "schema:address": [
        {
          "@id": "https://data.datatourisme.fr/47bc9a46-60b9-3f61-8945-94e3fec7c08d",
          "schema:addressLocality": "Pontoise",
          "schema:postalCode": "95300",
          "schema:streetAddress": [
            "Carré Patrimoine",
            "Impasse Tavet"
          ],
          "@type": [
            "schema:PostalAddress",
            "PostalAddress"
          ],
          "hasAddressCity": {
            "@id": "kb:95500",
            "@type": [
              "City"
            ],
            "rdfs:label": {
              "de": [
                "Pontoise"
              ],
              "pt": [
                "Pontoise"
              ],
              "en": [
                "Pontoise"
              ],
              "it": [
                "Pontoise"
              ],
              "fr": [
                "Pontoise"
              ],
              "nl": [
                "Pontoise"
              ],
              "es": [
                "Pontoise"
              ]
            },
            "insee": "95500",
            "isPartOfDepartment": {
              "@id": "kb:France1195",
              "@type": [
                "Department"
              ],
              "rdfs:label": {
                "de": [
                  "Val-d'Oise"
                ],
                "pt": [
                  "Val-d'Oise"
                ],
                "en": [
                  "Val-d'Oise"
                ],
                "it": [
                  "Val-d'Oise"
                ],
                "fr": [
                  "Val-d'Oise"
                ],
                "nl": [
                  "Val-d'Oise"
                ],
                "es": [
                  "Val-d'Oise"
                ]
              },
              "insee": "95",
              "isPartOfRegion": {
                "@id": "kb:France11",
                "@type": [
                  "Region"
                ],
                "rdfs:label": {
                  "de": [
                    "Île-de-France"
                  ],
                  "pt": [
                    "Île-de-France"
                  ],
                  "en": [
                    "Île-de-France"
                  ],
                  "it": [
                    "Île-de-France"
                  ],
                  "fr": [
                    "Île-de-France"
                  ],
                  "nl": [
                    "Île-de-France"
                  ],
                  "es": [
                    "Île-de-France"
                  ]
                },
                "insee": "11",
                "isPartOfCountry": {
                  "@id": "kb:France",
                  "@type": [
                    "schema:Country"
                  ],
                  "rdfs:label": {
                    "de": [
                      "France",
                      "Frankreich"
                    ],
                    "pt": [
                      "França",
                      "France"
                    ],
                    "en": [
                      "France"
                    ],
                    "it": [
                      "France",
                      "Francia"
                    ],
                    "fr": [
                      "France"
                    ],
                    "nl": [
                      "France",
                      "Frankrijk"
                    ],
                    "es": [
                      "France",
                      "Francia"
                    ]
                  }
                }
              }
            }
          }
        }
      ],
      "schema:geo": {
        "@id": "https://data.datatourisme.fr/9fa718ec-8ac9-31bd-8b96-8c201ac81139",
        "schema:latitude": "49.050978",
        "schema:longitude": "2.098061",
        "@type": [
          "schema:GeoCoordinates"
        ]
      },
      "schema:openingHoursSpecification": [
        {
          "@id": "https://data.datatourisme.fr/79672f61-26c9-346d-bd24-92b648d70da2",
          "schema:closes": "18:00:00",
          "schema:opens": "10:00:00",
          "schema:validFrom": "2023-06-03T00:00:00",
          "schema:validThrough": "2023-06-04T23:59:59",
          "@type": [
            "schema:OpeningHoursSpecification"
          ]
        }
      ],
      "@type": [
        "schema:Place",
        "Place"
      ]
    }
  ],
  "isOwnedBy": [
    {
      "@id": "https://data.datatourisme.fr/23940bd2-9731-38c7-a10e-636c62e84fbb",
      "schema:email": [
        "m.bachelery@valdoise-tourisme.com",
        "s.benchikh@valdoise-tourisme.com"
      ],
      "schema:legalName": "Val d'Oise Tourisme",
      "@type": [
        "schema:Organization",
        "foaf:Agent",
        "Agent"
      ],
      "foaf:homepage": [
        "https://www.valdoise-tourisme.com/"
      ]
    }
  ],
  "lastUpdate": "2023-05-26",
  "lastUpdateDatatourisme": "2023-05-27T05:51:42.182Z",
  "takesPlaceAt": [
    {
      "@id": "https://data.datatourisme.fr/e43c07b8-46cc-38ce-a9d4-d65e37df42e0",
      "@type": [
        "Period"
      ],
      "endDate": "2023-06-04",
      "endTime": "18:00:00",
      "startDate": "2023-06-03",
      "startTime": "10:00:00"
    }
  ]
}