{
  "@id": "https://data.datatourisme.fr/13/056fd6fc-a5b1-31eb-96da-ce3cfe1edb16",
  "dc:identifier": "5377047",
  "@type": [
    "schema:FoodEstablishment",
    "FoodEstablishment",
    "PlaceOfInterest",
    "PointOfInterest"
  ],
  "rdfs:comment": {
    "de": [
      "Die französische Gastronomie hat eine neue Adresse, denn in Paris-Charles de Gaulle wird ein Restaurant eröffnet, das von Guy Martin, dem Sternekoch des Grand Véfour, entworfen wurde!"
    ],
    "en": [
      "French gastronomy has a new address with the opening in Paris-Charles de Gaulle of a restaurant imagined by Guy Martin, the starred chef of the Grand Véfour!"
    ],
    "it": [
      "La gastronomia francese ha un nuovo indirizzo con l'apertura a Paris-Charles de Gaulle di un ristorante progettato da Guy Martin, lo chef stellato del Grand Véfour!"
    ],
    "fr": [
      "La gastronomie française compte une nouvelle adresse avec l’ouverture à Paris-Charles de Gaulle d’un restaurant imaginé par Guy Martin, le chef étoilé du Grand Véfour !"
    ],
    "es": [
      "La gastronomía francesa tiene una nueva dirección con la apertura en el París-Charles de Gaulle de un restaurante diseñado por Guy Martin, ¡el chef estrella del Grand Véfour!"
    ],
    "nl": [
      "De Franse gastronomie heeft een nieuw adres met de opening in Parijs-Charles de Gaulle van een restaurant ontworpen door Guy Martin, de sterrenchef van de Grand Véfour!"
    ]
  },
  "rdfs:label": {
    "fr": [
      "I Love Paris by Guy Martin"
    ]
  },
  "hasBeenCreatedBy": {
    "@id": "https://data.datatourisme.fr/13/7810ccd4-1bf2-3faa-a2c4-e1f20db70a71",
    "dc:identifier": "1272",
    "schema:email": [
      "afertah@ville-roissy95.fr",
      "csebban@ville-roissy95.fr",
      "mlegris@ville-roissy95.fr"
    ],
    "schema:legalName": "Office de Tourisme Grand Roissy",
    "@type": [
      "schema:Organization",
      "foaf:Agent",
      "Agent"
    ],
    "foaf:homepage": [
      "https://www.grand-roissy-tourisme.com/"
    ]
  },
  "hasBeenPublishedBy": [
    {
      "@id": "https://data.datatourisme.fr/8a9feb4b-2cbd-3d2c-b507-bd6c6776b23b",
      "schema:legalName": "Apidae Tourisme Scic SA - source : Apidae Tourisme",
      "@type": [
        "schema:Organization",
        "foaf:Agent",
        "Agent"
      ],
      "foaf:homepage": [
        "https://www.apidae-tourisme.com/"
      ]
    }
  ],
  "hasContact": [
    {
      "@id": "https://data.datatourisme.fr/cac4c212-4913-35a6-9bcb-4208e42fe509",
      "schema:telephone": [
        "+33 1 74 25 03 04"
      ],
      "@type": [
        "foaf:Agent",
        "Agent"
      ]
    }
  ],
  "hasDescription": [
    {
      "@id": "https://data.datatourisme.fr/a8b8bfcf-ce2a-395e-b398-c29b598e3bf1",
      "@type": [
        "Description"
      ],
      "hasTranslatedProperty": [
        {
          "@id": "https://data.datatourisme.fr/2fd0c708-c995-34cb-92f2-3ee0a9a75483",
          "dc:contributor": [
            "https://api.deepl.com/v2/translate"
          ],
          "rdf:language": [
            "es"
          ],
          "rdf:predicate": [
            "shortDescription"
          ]
        },
        {
          "@id": "https://data.datatourisme.fr/b199644d-b976-3ac4-85ad-001d08ace10d",
          "dc:contributor": [
            "https://api.deepl.com/v2/translate"
          ],
          "rdf:language": [
            "it"
          ],
          "rdf:predicate": [
            "shortDescription"
          ]
        },
        {
          "@id": "https://data.datatourisme.fr/b55fb593-ad96-380d-aaaf-984ca23901e5",
          "dc:contributor": [
            "https://api.deepl.com/v2/translate"
          ],
          "rdf:language": [
            "nl"
          ],
          "rdf:predicate": [
            "shortDescription"
          ]
        },
        {
          "@id": "https://data.datatourisme.fr/cec9f611-c2dc-3fa8-865c-7dc62a757268",
          "dc:contributor": [
            "https://api.deepl.com/v2/translate"
          ],
          "rdf:language": [
            "de"
          ],
          "rdf:predicate": [
            "shortDescription"
          ]
        },
        {
          "@id": "https://data.datatourisme.fr/f0cfcf68-edeb-3cd0-8660-b7ede872e986",
          "dc:contributor": [
            "https://api.deepl.com/v2/translate"
          ],
          "rdf:language": [
            "en"
          ],
          "rdf:predicate": [
            "shortDescription"
          ]
        }
      ],
      "shortDescription": {
        "de": [
          "Die französische Gastronomie hat eine neue Adresse, denn in Paris-Charles de Gaulle wird ein Restaurant eröffnet, das von Guy Martin, dem Sternekoch des Grand Véfour, entworfen wurde!"
        ],
        "en": [
          "French gastronomy has a new address with the opening in Paris-Charles de Gaulle of a restaurant imagined by Guy Martin, the starred chef of the Grand Véfour!"
        ],
        "it": [
          "La gastronomia francese ha un nuovo indirizzo con l'apertura a Paris-Charles de Gaulle di un ristorante progettato da Guy Martin, lo chef stellato del Grand Véfour!"
        ],
        "fr": [
          "La gastronomie française compte une nouvelle adresse avec l’ouverture à Paris-Charles de Gaulle d’un restaurant imaginé par Guy Martin, le chef étoilé du Grand Véfour !"
        ],
        "es": [
          "La gastronomía francesa tiene una nueva dirección con la apertura en el París-Charles de Gaulle de un restaurante diseñado por Guy Martin, ¡el chef estrella del Grand Véfour!"
        ],
        "nl": [
          "De Franse gastronomie heeft een nieuw adres met de opening in Parijs-Charles de Gaulle van een restaurant ontworpen door Guy Martin, de sterrenchef van de Grand Véfour!"
        ]
      }
    }
  ],
  "hasTranslatedProperty": [
    {
      "@id": "https://data.datatourisme.fr/07c2d5ac-fd26-323b-b845-79ed08826e4d",
      "dc:contributor": [
        "https://api.deepl.com/v2/translate"
      ],
      "rdf:language": [
        "en"
      ],
      "rdf:predicate": [
        {
          "@id": "rdfs:comment"
        }
      ]
    },
    {
      "@id": "https://data.datatourisme.fr/367b85fd-66f7-3b8c-93ea-ce55f2331230",
      "dc:contributor": [
        "https://api.deepl.com/v2/translate"
      ],
      "rdf:language": [
        "de"
      ],
      "rdf:predicate": [
        {
          "@id": "rdfs:comment"
        }
      ]
    },
    {
      "@id": "https://data.datatourisme.fr/3779cfbc-9fce-3885-b74c-9d5762cf8d60",
      "dc:contributor": [
        "https://api.deepl.com/v2/translate"
      ],
      "rdf:language": [
        "it"
      ],
      "rdf:predicate": [
        {
          "@id": "rdfs:comment"
        }
      ]
    },
    {
      "@id": "https://data.datatourisme.fr/8286c866-7419-33f1-a3c4-fca624758aa2",
      "dc:contributor": [
        "https://api.deepl.com/v2/translate"
      ],
      "rdf:language": [
        "nl"
      ],
      "rdf:predicate": [
        {
          "@id": "rdfs:comment"
        }
      ]
    },
    {
      "@id": "https://data.datatourisme.fr/f26e422d-4673-352b-a9fc-12aefacc5155",
      "dc:contributor": [
        "https://api.deepl.com/v2/translate"
      ],
      "rdf:language": [
        "es"
      ],
      "rdf:predicate": [
        {
          "@id": "rdfs:comment"
        }
      ]
    }
  ],
  "isLocatedAt": [
    {
      "@id": "https://data.datatourisme.fr/7f62a8d5-06b0-3316-8206-f025276daced",
      "schema:address": [
        {
          "@id": "https://data.datatourisme.fr/4522a590-69f0-32ad-8b44-73b81e558cd1",
          "schema:addressLocality": "Roissy-en-France",
          "schema:postalCode": "95700",
          "schema:streetAddress": [
            "Aéroport Charles De Gaulle, Terminal 2E",
            "Portes L (Niveau 1, zone privée coté pistes)"
          ],
          "@type": [
            "schema:PostalAddress",
            "PostalAddress"
          ],
          "hasAddressCity": {
            "@id": "kb:95527",
            "@type": [
              "City"
            ],
            "rdfs:label": {
              "de": [
                "Roissy-en-France"
              ],
              "pt": [
                "Roissy-en-France"
              ],
              "en": [
                "Roissy-en-France"
              ],
              "it": [
                "Roissy-en-France"
              ],
              "fr": [
                "Roissy-en-France"
              ],
              "nl": [
                "Roissy-en-France"
              ],
              "es": [
                "Roissy-en-France"
              ]
            },
            "insee": "95527",
            "isPartOfDepartment": {
              "@id": "kb:France1195",
              "@type": [
                "Department"
              ],
              "rdfs:label": {
                "de": [
                  "Val-d'Oise"
                ],
                "pt": [
                  "Val-d'Oise"
                ],
                "en": [
                  "Val-d'Oise"
                ],
                "it": [
                  "Val-d'Oise"
                ],
                "fr": [
                  "Val-d'Oise"
                ],
                "nl": [
                  "Val-d'Oise"
                ],
                "es": [
                  "Val-d'Oise"
                ]
              },
              "insee": "95",
              "isPartOfRegion": {
                "@id": "kb:France11",
                "@type": [
                  "Region"
                ],
                "rdfs:label": {
                  "de": [
                    "Île-de-France"
                  ],
                  "pt": [
                    "Île-de-France"
                  ],
                  "en": [
                    "Île-de-France"
                  ],
                  "it": [
                    "Île-de-France"
                  ],
                  "fr": [
                    "Île-de-France"
                  ],
                  "nl": [
                    "Île-de-France"
                  ],
                  "es": [
                    "Île-de-France"
                  ]
                },
                "insee": "11",
                "isPartOfCountry": {
                  "@id": "kb:France",
                  "@type": [
                    "schema:Country"
                  ],
                  "rdfs:label": {
                    "de": [
                      "France",
                      "Frankreich"
                    ],
                    "pt": [
                      "França",
                      "France"
                    ],
                    "en": [
                      "France"
                    ],
                    "it": [
                      "France",
                      "Francia"
                    ],
                    "fr": [
                      "France"
                    ],
                    "nl": [
                      "France",
                      "Frankrijk"
                    ],
                    "es": [
                      "France",
                      "Francia"
                    ]
                  }
                }
              }
            }
          }
        }
      ],
      "schema:geo": {
        "@id": "https://data.datatourisme.fr/04c958bb-5469-340c-9334-33db43c22f87",
        "schema:latitude": "49.002833",
        "schema:longitude": "2.578136",
        "@type": [
          "schema:GeoCoordinates"
        ]
      },
      "schema:openingHoursSpecification": [
        {
          "@id": "https://data.datatourisme.fr/2177db4e-95e7-34e7-9ae7-477070ea1050",
          "schema:validFrom": "2023-01-01T00:00:00",
          "schema:validThrough": "2023-12-31T23:59:59",
          "@type": [
            "schema:OpeningHoursSpecification"
          ],
          "additionalInformation": {
            "de": [
              "Montag bis Sonntag von 05:30 bis 23:30 Uhr"
            ],
            "en": [
              "Monday to Sunday from 5:30 am to 11:30 pm"
            ],
            "it": [
              "Da lunedì a domenica dalle 05:30 alle 23:30"
            ],
            "fr": [
              "Du lundi au dimanche de 05h30 à 23h30"
            ],
            "nl": [
              "Maandag tot zondag van 05:30 tot 23:30 uur"
            ],
            "es": [
              "De lunes a domingo de 05:30 a 23:30"
            ]
          },
          "hasTranslatedProperty": [
            {
              "@id": "https://data.datatourisme.fr/61f31753-f755-3eeb-bffd-2f883853839b",
              "dc:contributor": [
                "https://api.deepl.com/v2/translate"
              ],
              "rdf:language": [
                "en"
              ],
              "rdf:predicate": [
                "additionalInformation"
              ]
            },
            {
              "@id": "https://data.datatourisme.fr/be7371aa-2aaf-3101-a3c7-4e3589b56d9c",
              "dc:contributor": [
                "https://api.deepl.com/v2/translate"
              ],
              "rdf:language": [
                "nl"
              ],
              "rdf:predicate": [
                "additionalInformation"
              ]
            },
            {
              "@id": "https://data.datatourisme.fr/c5907931-2462-3092-a297-dafb5c8a843b",
              "dc:contributor": [
                "https://api.deepl.com/v2/translate"
              ],
              "rdf:language": [
                "de"
              ],
              "rdf:predicate": [
                "additionalInformation"
              ]
            },
            {
              "@id": "https://data.datatourisme.fr/d24463c9-3c45-3c7a-995c-908e05a1c11d",
              "dc:contributor": [
                "https://api.deepl.com/v2/translate"
              ],
              "rdf:language": [
                "it"
              ],
              "rdf:predicate": [
                "additionalInformation"
              ]
            },
            {
              "@id": "https://data.datatourisme.fr/ffcca82a-c222-3b65-88a2-fb1a6d9bcfd4",
              "dc:contributor": [
                "https://api.deepl.com/v2/translate"
              ],
              "rdf:language": [
                "es"
              ],
              "rdf:predicate": [
                "additionalInformation"
              ]
            }
          ]
        }
      ],
      "@type": [
        "schema:Place",
        "Place"
      ]
    }
  ],
  "isOwnedBy": [
    {
      "@id": "https://data.datatourisme.fr/818ba162-886f-3d2a-a3d0-b535923ee594",
      "schema:email": [
        "afertah@ville-roissy95.fr",
        "csebban@ville-roissy95.fr",
        "mlegris@ville-roissy95.fr"
      ],
      "schema:legalName": "Office de Tourisme Grand Roissy",
      "@type": [
        "schema:Organization",
        "foaf:Agent",
        "Agent"
      ],
      "foaf:homepage": [
        "https://www.grand-roissy-tourisme.com/"
      ]
    }
  ],
  "lastUpdate": "2022-06-23",
  "lastUpdateDatatourisme": "2023-02-01T18:07:35.82Z",
  "offers": [
    {
      "@id": "https://data.datatourisme.fr/37056cff-e9e0-3879-b832-04742770fddf",
      "schema:priceSpecification": [
        {
          "@id": "https://data.datatourisme.fr/b0ef656e-474e-3884-8c97-a2742ee64d9e",
          "schema:maxPrice": [
            "34"
          ],
          "schema:minPrice": [
            "12"
          ],
          "schema:priceCurrency": "EUR",
          "@type": [
            "schema:PriceSpecification",
            "PriceSpecification"
          ],
          "appliesOnPeriod": [
            {
              "@id": "https://data.datatourisme.fr/5714d2b4-e37d-3b81-a7fb-3e46a0efbefb",
              "@type": [
                "Period"
              ],
              "endDate": "2020-12-31",
              "startDate": "2020-01-01"
            }
          ]
        }
      ],
      "@type": [
        "schema:Offer",
        "Offer"
      ]
    }
  ]
}