{
  "@id": "https://data.datatourisme.fr/13/0013de10-4c1d-3e9f-8b79-9c0a9699b737",
  "dc:identifier": "730960",
  "@type": [
    "schema:AmusementPark",
    "schema:CivicStructure",
    "PlaceOfInterest",
    "PlayArea",
    "PointOfInterest",
    "SportsAndLeisurePlace",
    "ThemePark"
  ],
  "rdfs:comment": {
    "de": [
      "Dundee Parc: Ihr Multi-Freizeitbereich!\r\nGrenzenlose Sensationen und Abenteuer für alle!\r\nErleben Sie eine einzigartige Erfahrung mit mehr als 2.500 m² an Aktivitäten in einem überdachten, beheizten und klimatisierten Bereich!"
    ],
    "en": [
      "Dundee Parc : Your Multi-leisure area !\r\nUnlimited sensations and adventures for all!\r\nLive a unique experience with more than 2,500 m² of activities, in a covered, heated and air-conditioned space!"
    ],
    "it": [
      "Dundee Parc: il vostro spazio multifunzionale!\r\nSensazioni e avventure senza limiti per tutti!\r\nGodetevi un'esperienza unica con oltre 2.500 m² di attività, in un'area coperta, riscaldata e climatizzata!"
    ],
    "fr": [
      "Dundee Parc : Votre espace Multi-loisirs !\r\nDes sensations et aventures sans limites pour tous !\r\nVivez une expérience unique avec plus de 2 500 m² d’activités, en espace couvert, chauffé et climatisé !"
    ],
    "es": [
      "Dundee Parc: ¡su espacio polivalente!\r\n¡Sensaciones y aventuras sin límites para todos!\r\nDisfrute de una experiencia única con más de 2.500 m² de actividades, en un espacio cubierto, con calefacción y aire acondicionado"
    ],
    "nl": [
      "Dundee Parc: Uw multifunctionele ruimte!\r\nSensaties en avonturen zonder grenzen voor iedereen!\r\nGeniet van een unieke ervaring met meer dan 2.500 m² activiteiten, in een overdekte, verwarmde en geklimatiseerde ruimte!"
    ]
  },
  "rdfs:label": {
    "fr": [
      "Dundee Parc"
    ]
  },
  "hasBeenCreatedBy": {
    "@id": "https://data.datatourisme.fr/13/08fe2621-d8e7-36b0-aec0-da35256a998d",
    "dc:identifier": "1016",
    "schema:email": [
      "direction.tourismegpsses@orange.fr",
      "m.delvalle@tourismegps.com",
      "m.meneur@tourismegps.com",
      "m.pantin@tourismegps.com"
    ],
    "schema:legalName": "Office de Tourisme Grand Paris Sud Seine-Essonne-Sénart",
    "@type": [
      "schema:Organization",
      "foaf:Agent",
      "Agent"
    ],
    "foaf:homepage": [
      "https://tourisme-grandparissud.com/"
    ]
  },
  "hasBeenPublishedBy": [
    {
      "@id": "https://data.datatourisme.fr/8a9feb4b-2cbd-3d2c-b507-bd6c6776b23b",
      "schema:legalName": "Apidae Tourisme Scic SA - source : Apidae Tourisme",
      "@type": [
        "schema:Organization",
        "foaf:Agent",
        "Agent"
      ],
      "foaf:homepage": [
        "https://www.apidae-tourisme.com/"
      ]
    }
  ],
  "hasContact": [
    {
      "@id": "https://data.datatourisme.fr/da5038f8-9b82-35c7-add8-137da8265069",
      "schema:email": [
        "contact@dundee-parc.fr"
      ],
      "schema:telephone": [
        "+33 9 67 15 86 63"
      ],
      "@type": [
        "foaf:Agent",
        "Agent"
      ],
      "foaf:homepage": [
        "http://www.dundee-parc.fr/"
      ]
    }
  ],
  "hasDescription": [
    {
      "@id": "https://data.datatourisme.fr/5857ddae-86a2-3532-a99d-a72932377b09",
      "@type": [
        "Description"
      ],
      "hasTranslatedProperty": [
        {
          "@id": "https://data.datatourisme.fr/24efdb2a-c201-30db-a521-019e04efaba2",
          "dc:contributor": [
            "https://api.deepl.com/v2/translate"
          ],
          "rdf:language": [
            "en"
          ],
          "rdf:predicate": [
            "shortDescription"
          ]
        },
        {
          "@id": "https://data.datatourisme.fr/75aee823-4f22-3da7-9a4e-f0b794d80adc",
          "dc:contributor": [
            "https://api.deepl.com/v2/translate"
          ],
          "rdf:language": [
            "it"
          ],
          "rdf:predicate": [
            "shortDescription"
          ]
        },
        {
          "@id": "https://data.datatourisme.fr/75af44a1-f96c-3502-858a-5262da649c68",
          "dc:contributor": [
            "https://api.deepl.com/v2/translate"
          ],
          "rdf:language": [
            "de"
          ],
          "rdf:predicate": [
            "shortDescription"
          ]
        },
        {
          "@id": "https://data.datatourisme.fr/9bbeb99b-00af-3d7b-a46a-96b3f7ff7cf7",
          "dc:contributor": [
            "https://api.deepl.com/v2/translate"
          ],
          "rdf:language": [
            "es"
          ],
          "rdf:predicate": [
            "shortDescription"
          ]
        },
        {
          "@id": "https://data.datatourisme.fr/cd3b8853-d42d-3208-b0a3-7a1ed753dc52",
          "dc:contributor": [
            "https://api.deepl.com/v2/translate"
          ],
          "rdf:language": [
            "nl"
          ],
          "rdf:predicate": [
            "shortDescription"
          ]
        }
      ],
      "shortDescription": {
        "de": [
          "Dundee Parc: Ihr Multi-Freizeitbereich!\r\nGrenzenlose Sensationen und Abenteuer für alle!\r\nErleben Sie eine einzigartige Erfahrung mit mehr als 2.500 m² an Aktivitäten in einem überdachten, beheizten und klimatisierten Bereich!"
        ],
        "en": [
          "Dundee Parc : Your Multi-leisure area !\r\nUnlimited sensations and adventures for all!\r\nLive a unique experience with more than 2,500 m² of activities, in a covered, heated and air-conditioned space!"
        ],
        "it": [
          "Dundee Parc: il vostro spazio multifunzionale!\r\nSensazioni e avventure senza limiti per tutti!\r\nGodetevi un'esperienza unica con oltre 2.500 m² di attività, in un'area coperta, riscaldata e climatizzata!"
        ],
        "fr": [
          "Dundee Parc : Votre espace Multi-loisirs !\r\nDes sensations et aventures sans limites pour tous !\r\nVivez une expérience unique avec plus de 2 500 m² d’activités, en espace couvert, chauffé et climatisé !"
        ],
        "es": [
          "Dundee Parc: ¡su espacio polivalente!\r\n¡Sensaciones y aventuras sin límites para todos!\r\nDisfrute de una experiencia única con más de 2.500 m² de actividades, en un espacio cubierto, con calefacción y aire acondicionado"
        ],
        "nl": [
          "Dundee Parc: Uw multifunctionele ruimte!\r\nSensaties en avonturen zonder grenzen voor iedereen!\r\nGeniet van een unieke ervaring met meer dan 2.500 m² activiteiten, in een overdekte, verwarmde en geklimatiseerde ruimte!"
        ]
      }
    }
  ],
  "hasTranslatedProperty": [
    {
      "@id": "https://data.datatourisme.fr/13b72e12-8ce3-3dd0-918c-917147f273fb",
      "dc:contributor": [
        "https://api.deepl.com/v2/translate"
      ],
      "rdf:language": [
        "es"
      ],
      "rdf:predicate": [
        {
          "@id": "rdfs:comment"
        }
      ]
    },
    {
      "@id": "https://data.datatourisme.fr/7ec78d26-a79a-304d-8c54-4adbb3ff9d2b",
      "dc:contributor": [
        "https://api.deepl.com/v2/translate"
      ],
      "rdf:language": [
        "en"
      ],
      "rdf:predicate": [
        {
          "@id": "rdfs:comment"
        }
      ]
    },
    {
      "@id": "https://data.datatourisme.fr/8eac01b2-7035-3530-ba5f-781c64c428a5",
      "dc:contributor": [
        "https://api.deepl.com/v2/translate"
      ],
      "rdf:language": [
        "nl"
      ],
      "rdf:predicate": [
        {
          "@id": "rdfs:comment"
        }
      ]
    },
    {
      "@id": "https://data.datatourisme.fr/d0626c40-0998-319e-8650-a95cf6d3f982",
      "dc:contributor": [
        "https://api.deepl.com/v2/translate"
      ],
      "rdf:language": [
        "de"
      ],
      "rdf:predicate": [
        {
          "@id": "rdfs:comment"
        }
      ]
    },
    {
      "@id": "https://data.datatourisme.fr/fe792f50-4624-390a-a42b-f6a271fbd3b0",
      "dc:contributor": [
        "https://api.deepl.com/v2/translate"
      ],
      "rdf:language": [
        "it"
      ],
      "rdf:predicate": [
        {
          "@id": "rdfs:comment"
        }
      ]
    }
  ],
  "isLocatedAt": [
    {
      "@id": "https://data.datatourisme.fr/5736859d-1dc7-3493-9367-57f2e1d1012a",
      "schema:address": [
        {
          "@id": "https://data.datatourisme.fr/97113916-6a99-342b-b94b-3e44b406f06c",
          "schema:addressLocality": "Corbeil-Essonnes",
          "schema:postalCode": "91100",
          "schema:streetAddress": [
            "24 avenue Paul Maintenant",
            "A la jonction de l'autoroute A6 et La Francilienne, sortie 33"
          ],
          "@type": [
            "schema:PostalAddress",
            "PostalAddress"
          ],
          "hasAddressCity": {
            "@id": "kb:91174",
            "@type": [
              "City"
            ],
            "rdfs:label": {
              "de": [
                "Corbeil-Essonnes"
              ],
              "pt": [
                "Corbeil-Essonnes"
              ],
              "en": [
                "Corbeil-Essonnes"
              ],
              "it": [
                "Corbeil-Essonnes"
              ],
              "fr": [
                "Corbeil-Essonnes"
              ],
              "nl": [
                "Corbeil-Essonnes"
              ],
              "es": [
                "Corbeil-Essonnes"
              ]
            },
            "insee": "91174",
            "isPartOfDepartment": {
              "@id": "kb:France1191",
              "@type": [
                "Department"
              ],
              "rdfs:label": {
                "de": [
                  "Essonne"
                ],
                "pt": [
                  "Essonne"
                ],
                "en": [
                  "Essonne"
                ],
                "it": [
                  "Essonne"
                ],
                "fr": [
                  "Essonne"
                ],
                "nl": [
                  "Essonne"
                ],
                "es": [
                  "Essonne"
                ]
              },
              "insee": "91",
              "isPartOfRegion": {
                "@id": "kb:France11",
                "@type": [
                  "Region"
                ],
                "rdfs:label": {
                  "de": [
                    "Île-de-France"
                  ],
                  "pt": [
                    "Île-de-France"
                  ],
                  "en": [
                    "Île-de-France"
                  ],
                  "it": [
                    "Île-de-France"
                  ],
                  "fr": [
                    "Île-de-France"
                  ],
                  "nl": [
                    "Île-de-France"
                  ],
                  "es": [
                    "Île-de-France"
                  ]
                },
                "insee": "11",
                "isPartOfCountry": {
                  "@id": "kb:France",
                  "@type": [
                    "schema:Country"
                  ],
                  "rdfs:label": {
                    "de": [
                      "France",
                      "Frankreich"
                    ],
                    "pt": [
                      "França",
                      "France"
                    ],
                    "en": [
                      "France"
                    ],
                    "it": [
                      "France",
                      "Francia"
                    ],
                    "fr": [
                      "France"
                    ],
                    "nl": [
                      "France",
                      "Frankrijk"
                    ],
                    "es": [
                      "France",
                      "Francia"
                    ]
                  }
                }
              }
            }
          }
        }
      ],
      "schema:geo": {
        "@id": "https://data.datatourisme.fr/4176c506-cc9e-337d-b486-cd9e951feebb",
        "schema:latitude": "48.609601",
        "schema:longitude": "2.449124",
        "@type": [
          "schema:GeoCoordinates"
        ]
      },
      "schema:openingHoursSpecification": [
        {
          "@id": "https://data.datatourisme.fr/f87e535a-636d-3343-ad63-8a03392e7511",
          "schema:validFrom": "2023-01-01T00:00:00",
          "schema:validThrough": "2023-12-31T23:59:59",
          "@type": [
            "schema:OpeningHoursSpecification"
          ]
        }
      ],
      "@type": [
        "schema:Place",
        "Place"
      ]
    }
  ],
  "isOwnedBy": [
    {
      "@id": "https://data.datatourisme.fr/637365d0-1279-3996-b918-645e6232b2bf",
      "schema:email": [
        "direction.tourismegpsses@orange.fr",
        "m.delvalle@tourismegps.com",
        "m.meneur@tourismegps.com",
        "m.pantin@tourismegps.com"
      ],
      "schema:legalName": "Office de Tourisme Grand Paris Sud Seine-Essonne-Sénart",
      "@type": [
        "schema:Organization",
        "foaf:Agent",
        "Agent"
      ],
      "foaf:homepage": [
        "https://tourisme-grandparissud.com/"
      ]
    }
  ],
  "lastUpdate": "2022-10-20",
  "lastUpdateDatatourisme": "2023-05-30T05:49:20.263Z",
  "offers": [
    {
      "@id": "https://data.datatourisme.fr/ab459a43-5340-334a-b539-760cee16cf77",
      "schema:priceSpecification": [
        {
          "@id": "https://data.datatourisme.fr/3cffad15-97da-3524-9f2c-37638bb2e180",
          "schema:minPrice": [
            "9"
          ],
          "schema:priceCurrency": "EUR",
          "@type": [
            "schema:PriceSpecification",
            "PriceSpecification"
          ],
          "appliesOnPeriod": [
            {
              "@id": "https://data.datatourisme.fr/7410be00-ef25-3af2-bd96-7819d148586f",
              "@type": [
                "Period"
              ],
              "endDate": "2021-12-31",
              "startDate": "2021-01-01"
            }
          ]
        }
      ],
      "@type": [
        "schema:Offer",
        "Offer"
      ]
    }
  ]
}