{
  "@id": "https://data.datatourisme.fr/13/00006084-c3d9-3d90-8a22-e0a70f5c119a",
  "dc:identifier": "4636128",
  "@type": [
    "schema:LocalBusiness",
    "schema:Museum",
    "CulturalSite",
    "Museum",
    "PlaceOfInterest",
    "PointOfInterest"
  ],
  "rdfs:comment": {
    "de": [
      "Das nur wenige Kilometer von Paris entfernte Vallée-aux-Loups bot Chateaubriand 1807 eine Bleibe abseits der politischen Bühne, die er für eine Weile verließ, nachdem er im Mercure de France einen Artikel veröffentlicht hatte, in dem er Napoleons Despotismus geißelte."
    ],
    "en": [
      "Located a few kilometres from Paris, the Vallée-aux-Loups offered Chateaubriand in 1807 a home away from the political scene, which he left for a time after publishing an article in the Mercure de France castigating Napoleon's despotism."
    ],
    "it": [
      "Nel 1807, la Vallée-aux-Loups, a pochi chilometri da Parigi, offrì a Chateaubriand una casa lontana dalla scena politica, che lasciò per un certo periodo dopo aver pubblicato un articolo sul Mercure de France che criticava il dispotismo di Napoleone."
    ],
    "fr": [
      "Située à quelques kilomètres de Paris, la Vallée-aux-Loups offre à Chateaubriand en 1807 une demeure à l’écart de la scène politique qu’il quitte pour un temps après avoir publié dans le Mercure de France un article fustigeant le despotisme de Napoléon."
    ],
    "es": [
      "En 1807, el Vallée-aux-Loups, a pocos kilómetros de París, ofreció a Chateaubriand un hogar alejado de la escena política, que abandonó durante un tiempo tras publicar un artículo en el Mercure de France criticando el despotismo de Napoleón."
    ],
    "nl": [
      "De Vallée-aux-Loups, gelegen op enkele kilometers van Parijs, bood Chateaubriand in 1807 een thuis weg van het politieke toneel, dat hij een tijdlang verliet na de publicatie van een artikel in de Mercure de France waarin hij het despotisme van Napoleon bekritiseerde."
    ]
  },
  "rdfs:label": {
    "fr": [
      "La Maison de Chateaubriand"
    ]
  },
  "owl:sameAs": [
    "http://www.wikidata.org/entity/Q2509432"
  ],
  "hasBeenCreatedBy": {
    "@id": "https://data.datatourisme.fr/13/5a142a55-461d-3fef-816a-cfb927fee0bd",
    "dc:identifier": "1710",
    "schema:email": [
      "ebasset@yvelines.fr",
      "tourisme@yvelines.fr"
    ],
    "schema:legalName": "Conseil Départemental des Yvelines",
    "@type": [
      "schema:Organization",
      "foaf:Agent",
      "Agent"
    ]
  },
  "hasBeenPublishedBy": [
    {
      "@id": "https://data.datatourisme.fr/8a9feb4b-2cbd-3d2c-b507-bd6c6776b23b",
      "schema:legalName": "Apidae Tourisme Scic SA - source : Apidae Tourisme",
      "@type": [
        "schema:Organization",
        "foaf:Agent",
        "Agent"
      ],
      "foaf:homepage": [
        "https://www.apidae-tourisme.com/"
      ]
    }
  ],
  "hasContact": [
    {
      "@id": "https://data.datatourisme.fr/70b9d513-c3ba-3d20-9ebb-e016c6aa8401",
      "schema:telephone": [
        "+33 1 55 52 13 00"
      ],
      "@type": [
        "foaf:Agent",
        "Agent"
      ],
      "foaf:homepage": [
        "http://maison-de-chateaubriand.hauts-de-seine.fr/web/chateaubriand/accueil"
      ]
    }
  ],
  "hasDescription": [
    {
      "@id": "https://data.datatourisme.fr/4b4427dc-0109-3a98-bad5-65a259b91272",
      "@type": [
        "Description"
      ],
      "hasTranslatedProperty": [
        {
          "@id": "https://data.datatourisme.fr/25616c4b-e96d-3f61-b251-7ea52e508737",
          "dc:contributor": [
            "https://api.deepl.com/v2/translate"
          ],
          "rdf:language": [
            "en"
          ],
          "rdf:predicate": [
            "shortDescription"
          ]
        },
        {
          "@id": "https://data.datatourisme.fr/43d72eb6-4099-3ffd-8e21-082c8f83398b",
          "dc:contributor": [
            "https://api.deepl.com/v2/translate"
          ],
          "rdf:language": [
            "es"
          ],
          "rdf:predicate": [
            "shortDescription"
          ]
        },
        {
          "@id": "https://data.datatourisme.fr/7dda9036-553f-34ce-a1d3-65a688655eb7",
          "dc:contributor": [
            "https://api.deepl.com/v2/translate"
          ],
          "rdf:language": [
            "it"
          ],
          "rdf:predicate": [
            "shortDescription"
          ]
        },
        {
          "@id": "https://data.datatourisme.fr/8f84592f-0e87-3b1d-93d5-870f4864204f",
          "dc:contributor": [
            "https://api.deepl.com/v2/translate"
          ],
          "rdf:language": [
            "nl"
          ],
          "rdf:predicate": [
            "shortDescription"
          ]
        },
        {
          "@id": "https://data.datatourisme.fr/abf34e8b-7cf5-31d6-a2ad-578e64c52dce",
          "dc:contributor": [
            "https://api.deepl.com/v2/translate"
          ],
          "rdf:language": [
            "de"
          ],
          "rdf:predicate": [
            "shortDescription"
          ]
        }
      ],
      "shortDescription": {
        "de": [
          "Das nur wenige Kilometer von Paris entfernte Vallée-aux-Loups bot Chateaubriand 1807 eine Bleibe abseits der politischen Bühne, die er für eine Weile verließ, nachdem er im Mercure de France einen Artikel veröffentlicht hatte, in dem er Napoleons Despotismus geißelte."
        ],
        "en": [
          "Located a few kilometres from Paris, the Vallée-aux-Loups offered Chateaubriand in 1807 a home away from the political scene, which he left for a time after publishing an article in the Mercure de France castigating Napoleon's despotism."
        ],
        "it": [
          "Nel 1807, la Vallée-aux-Loups, a pochi chilometri da Parigi, offrì a Chateaubriand una casa lontana dalla scena politica, che lasciò per un certo periodo dopo aver pubblicato un articolo sul Mercure de France che criticava il dispotismo di Napoleone."
        ],
        "fr": [
          "Située à quelques kilomètres de Paris, la Vallée-aux-Loups offre à Chateaubriand en 1807 une demeure à l’écart de la scène politique qu’il quitte pour un temps après avoir publié dans le Mercure de France un article fustigeant le despotisme de Napoléon."
        ],
        "es": [
          "En 1807, el Vallée-aux-Loups, a pocos kilómetros de París, ofreció a Chateaubriand un hogar alejado de la escena política, que abandonó durante un tiempo tras publicar un artículo en el Mercure de France criticando el despotismo de Napoleón."
        ],
        "nl": [
          "De Vallée-aux-Loups, gelegen op enkele kilometers van Parijs, bood Chateaubriand in 1807 een thuis weg van het politieke toneel, dat hij een tijdlang verliet na de publicatie van een artikel in de Mercure de France waarin hij het despotisme van Napoleon bekritiseerde."
        ]
      }
    }
  ],
  "hasRepresentation": [
    {
      "@id": "https://data.datatourisme.fr/efcdf291-0597-3ce8-a1a7-3479f737376a",
      "ebucore:hasAnnotation": [
        {
          "@id": "https://data.datatourisme.fr/093cda4e-3d3c-3feb-b2ab-b4554bf970b7",
          "ebucore:isCoveredBy": "CC BY-SA 3.0",
          "ebucore:title": [
            "Maison Chateaubriand Vallee-aux-Loups"
          ],
          "@type": [
            "ebucore:Annotation"
          ],
          "credits": [
            "Myrabella (https://commons.wikimedia.org/wiki/User:Myrabella)"
          ]
        }
      ],
      "ebucore:hasRelatedResource": [
        {
          "@id": "https://data.datatourisme.fr/83fb00e8-73ca-3cdf-8a7f-5b243d5d568b",
          "ebucore:fileSize": [
            8183409
          ],
          "ebucore:hasMimeType": [
            {
              "@id": "kb:JPEG",
              "@type": [
                "ebucore:MimeType"
              ],
              "rdfs:comment": {
                "de": [
                  "JPEG-Bild"
                ],
                "pt": [
                  "Imagem JPEG"
                ],
                "en": [
                  "JPEG image file"
                ],
                "it": [
                  "Immagine JPEG"
                ],
                "fr": [
                  "Image JPEG"
                ],
                "nl": [
                  "JPEG-afbeelding"
                ],
                "es": [
                  "Imagen JPEG"
                ]
              },
              "rdfs:label": {
                "de": [
                  "image/jpeg"
                ],
                "pt": [
                  "image/jpeg"
                ],
                "en": [
                  "image/jpeg"
                ],
                "it": [
                  "image/jpeg"
                ],
                "fr": [
                  "image/jpeg"
                ],
                "nl": [
                  "image/jpeg"
                ],
                "es": [
                  "image/jpeg"
                ]
              }
            }
          ],
          "ebucore:height": 2848,
          "ebucore:locator": [
            "https://upload.wikimedia.org/wikipedia/commons/c/c3/Maison_Chateaubriand_Vallee-aux-Loups.jpg"
          ],
          "ebucore:width": 4288,
          "@type": [
            "ebucore:Resource"
          ]
        }
      ],
      "@type": [
        "ebucore:EditorialObject"
      ]
    }
  ],
  "hasTheme": [
    {
      "@id": "kb:Culture",
      "@type": [
        "CulturalTheme"
      ],
      "rdfs:label": {
        "de": [
          "Kultur"
        ],
        "pt": [
          "Cultura"
        ],
        "en": [
          "Culture"
        ],
        "it": [
          "Cultura"
        ],
        "fr": [
          "Culture"
        ],
        "nl": [
          "Cultuur"
        ],
        "es": [
          "Cultura"
        ]
      }
    }
  ],
  "hasTranslatedProperty": [
    {
      "@id": "https://data.datatourisme.fr/3ea45810-0a9e-3ade-8e4e-39adc3237553",
      "dc:contributor": [
        "https://api.deepl.com/v2/translate"
      ],
      "rdf:language": [
        "de"
      ],
      "rdf:predicate": [
        {
          "@id": "rdfs:comment"
        }
      ]
    },
    {
      "@id": "https://data.datatourisme.fr/7b7d7a78-e0f6-3926-8197-a9b0b594f105",
      "dc:contributor": [
        "https://api.deepl.com/v2/translate"
      ],
      "rdf:language": [
        "es"
      ],
      "rdf:predicate": [
        {
          "@id": "rdfs:comment"
        }
      ]
    },
    {
      "@id": "https://data.datatourisme.fr/c9c69003-004b-3299-849f-1a36efd3b660",
      "dc:contributor": [
        "https://api.deepl.com/v2/translate"
      ],
      "rdf:language": [
        "nl"
      ],
      "rdf:predicate": [
        {
          "@id": "rdfs:comment"
        }
      ]
    },
    {
      "@id": "https://data.datatourisme.fr/e7f3a6f2-93c5-3a1f-93d7-4e39a278a196",
      "dc:contributor": [
        "https://api.deepl.com/v2/translate"
      ],
      "rdf:language": [
        "en"
      ],
      "rdf:predicate": [
        {
          "@id": "rdfs:comment"
        }
      ]
    },
    {
      "@id": "https://data.datatourisme.fr/eab099d4-d5b0-3c5d-8dd5-36f0f2918b7e",
      "dc:contributor": [
        "https://api.deepl.com/v2/translate"
      ],
      "rdf:language": [
        "it"
      ],
      "rdf:predicate": [
        {
          "@id": "rdfs:comment"
        }
      ]
    }
  ],
  "isLocatedAt": [
    {
      "@id": "https://data.datatourisme.fr/959495f6-14eb-3d00-ba61-c8c9588a9647",
      "schema:address": [
        {
          "@id": "https://data.datatourisme.fr/e98eef26-1e7c-383e-90ef-d7adf20599a2",
          "schema:addressLocality": "Châtenay-Malabry",
          "schema:postalCode": "92290",
          "schema:streetAddress": [
            "87 rue Chateaubriand"
          ],
          "@type": [
            "schema:PostalAddress",
            "PostalAddress"
          ],
          "hasAddressCity": {
            "@id": "kb:92019",
            "@type": [
              "City"
            ],
            "rdfs:label": {
              "de": [
                "Châtenay-Malabry"
              ],
              "pt": [
                "Châtenay-Malabry"
              ],
              "en": [
                "Châtenay-Malabry"
              ],
              "it": [
                "Châtenay-Malabry"
              ],
              "fr": [
                "Châtenay-Malabry"
              ],
              "nl": [
                "Châtenay-Malabry"
              ],
              "es": [
                "Châtenay-Malabry"
              ]
            },
            "insee": "92019",
            "isPartOfDepartment": {
              "@id": "kb:France1192",
              "@type": [
                "Department"
              ],
              "rdfs:label": {
                "de": [
                  "Hauts-de-Seine"
                ],
                "pt": [
                  "Hauts-de-Seine"
                ],
                "en": [
                  "Hauts-de-Seine"
                ],
                "it": [
                  "Hauts-de-Seine"
                ],
                "fr": [
                  "Hauts-de-Seine"
                ],
                "nl": [
                  "Hauts-de-Seine"
                ],
                "es": [
                  "Hauts-de-Seine"
                ]
              },
              "insee": "92",
              "isPartOfRegion": {
                "@id": "kb:France11",
                "@type": [
                  "Region"
                ],
                "rdfs:label": {
                  "de": [
                    "Île-de-France"
                  ],
                  "pt": [
                    "Île-de-France"
                  ],
                  "en": [
                    "Île-de-France"
                  ],
                  "it": [
                    "Île-de-France"
                  ],
                  "fr": [
                    "Île-de-France"
                  ],
                  "nl": [
                    "Île-de-France"
                  ],
                  "es": [
                    "Île-de-France"
                  ]
                },
                "insee": "11",
                "isPartOfCountry": {
                  "@id": "kb:France",
                  "@type": [
                    "schema:Country"
                  ],
                  "rdfs:label": {
                    "de": [
                      "France",
                      "Frankreich"
                    ],
                    "pt": [
                      "França",
                      "France"
                    ],
                    "en": [
                      "France"
                    ],
                    "it": [
                      "France",
                      "Francia"
                    ],
                    "fr": [
                      "France"
                    ],
                    "nl": [
                      "France",
                      "Frankrijk"
                    ],
                    "es": [
                      "France",
                      "Francia"
                    ]
                  }
                }
              }
            }
          }
        }
      ],
      "schema:geo": {
        "@id": "https://data.datatourisme.fr/33ff1ee9-8c06-34e4-82f2-28270c00c77f",
        "schema:latitude": "48.773223",
        "schema:longitude": "2.266922",
        "@type": [
          "schema:GeoCoordinates"
        ]
      },
      "schema:openingHoursSpecification": [
        {
          "@id": "https://data.datatourisme.fr/3cc0b06a-b06f-3181-8642-113409c4da57",
          "schema:closes": "17:00:00",
          "schema:opens": "10:00:00",
          "schema:validFrom": "2023-01-01T00:00:00",
          "schema:validThrough": "2023-12-31T23:59:59",
          "@type": [
            "schema:OpeningHoursSpecification"
          ],
          "additionalInformation": {
            "de": [
              "Von März bis Oktober: 10h- 12h und 13h - 18h30\r\nVon November bis Februar: 10h - 12h und 13h - 17h\r\nBibliothek geöffnet nach Vereinbarung Montag bis Donnerstag von 9-17 Uhr, Freitag von 9-16 Uhr."
            ],
            "en": [
              "From March to October: 10 am - 12 am and 1 pm - 6.30 pm\r\nFrom November to February: 10am - 12pm and 1pm - 5pm\r\nLibrary open by appointment Monday to Thursday from 9am to 5pm, Friday from 9am to 4pm."
            ],
            "it": [
              "Da marzo a ottobre: dalle 10.00 alle 12.00 e dalle 13.00 alle 18.30\r\nDa novembre a febbraio: dalle 10.00 alle 12.00 e dalle 13.00 alle 17.00\r\nBiblioteca aperta su appuntamento dal lunedì al giovedì dalle 9.00 alle 17.00, il venerdì dalle 9.00 alle 16.00."
            ],
            "fr": [
              "De mars à octobre : 10h- 12h et 13h - 18h30\r\nDe novembre à février : 10h - 12h et 13h - 17h \r\nBibliothèque ouverte sur rendez-vous du lundi au jeudi de 9h à 17h, le vendredi de 9h à 16h."
            ],
            "nl": [
              "Maart tot oktober: 10u - 12u en 13u - 18u30\r\nNovember tot februari: 10u - 12u en 13u - 17u\r\nBibliotheek open op afspraak van maandag tot donderdag van 9 tot 17 uur, vrijdag van 9 tot 16 uur."
            ],
            "es": [
              "De marzo a octubre: de 10:00 a 12:00 y de 13:00 a 18:30\r\nDe noviembre a febrero: de 10:00 a 12:00 y de 13:00 a 17:00\r\nLa biblioteca abre con cita previa de lunes a jueves de 9 a 17 horas, y los viernes de 9 a 16 horas."
            ]
          },
          "hasTranslatedProperty": [
            {
              "@id": "https://data.datatourisme.fr/00d3e0fd-4e0f-30e6-bc67-a903107ac566",
              "dc:contributor": [
                "https://api.deepl.com/v2/translate"
              ],
              "rdf:language": [
                "en"
              ],
              "rdf:predicate": [
                "additionalInformation"
              ]
            },
            {
              "@id": "https://data.datatourisme.fr/43380a7e-5655-392f-b760-e181b9df52c8",
              "dc:contributor": [
                "https://api.deepl.com/v2/translate"
              ],
              "rdf:language": [
                "es"
              ],
              "rdf:predicate": [
                "additionalInformation"
              ]
            },
            {
              "@id": "https://data.datatourisme.fr/76685872-cc15-3597-92c6-3ab999c38df3",
              "dc:contributor": [
                "https://api.deepl.com/v2/translate"
              ],
              "rdf:language": [
                "it"
              ],
              "rdf:predicate": [
                "additionalInformation"
              ]
            },
            {
              "@id": "https://data.datatourisme.fr/7d555992-ee81-3108-9d7f-9ac4d6aa848e",
              "dc:contributor": [
                "https://api.deepl.com/v2/translate"
              ],
              "rdf:language": [
                "de"
              ],
              "rdf:predicate": [
                "additionalInformation"
              ]
            },
            {
              "@id": "https://data.datatourisme.fr/bf54dcee-4349-3182-9664-73a6129d405c",
              "dc:contributor": [
                "https://api.deepl.com/v2/translate"
              ],
              "rdf:language": [
                "nl"
              ],
              "rdf:predicate": [
                "additionalInformation"
              ]
            }
          ]
        }
      ],
      "@type": [
        "schema:Place",
        "Place"
      ]
    }
  ],
  "isOwnedBy": [
    {
      "@id": "https://data.datatourisme.fr/51418642-d8c7-3896-8f4e-6e25435e4c26",
      "schema:email": [
        "ebasset@yvelines.fr",
        "tourisme@yvelines.fr"
      ],
      "schema:legalName": "Conseil Départemental des Yvelines",
      "@type": [
        "schema:Organization",
        "foaf:Agent",
        "Agent"
      ]
    }
  ],
  "lastUpdate": "2021-06-25",
  "lastUpdateDatatourisme": "2023-02-22T06:42:37.658Z"
}