{
  "@id": "https://data.datatourisme.fr/13/003719ca-30d6-3097-9e71-73787f633096",
  "dc:identifier": "727432",
  "@type": [
    "schema:Park",
    "CulturalSite",
    "ParkAndGarden",
    "PlaceOfInterest",
    "PointOfInterest"
  ],
  "rdfs:comment": {
    "de": [
      "Über die kleine Rue du Guet oder die Allée du jumelage gelangt man in den Parc de la Fontaine aux pigeons, heute ein wunderschönes Arboretum, in dem im Schatten zahlreicher Baumarten Ruhe und Entspannung herrschen."
    ],
    "en": [
      "By the small street of the Guet or the alley of the twinning, we enter the Park of the Fountain with the pigeons, today magnificent arboretum where calm and relaxation reigns in the shade of many species of trees."
    ],
    "it": [
      "Attraverso la piccola rue du Guet o l'allée du jumelage, si entra nel Parc de la Fontaine aux pigeons, oggi un magnifico arboreto dove regnano pace e relax all'ombra di numerose specie arboree."
    ],
    "fr": [
      "Par la petite rue du Guet ou l’allée du jumelage, on pénètre dans le Parc de la Fontaine aux pigeons, aujourd’hui magnifique arboretum où règne calme et détente à l’ombre de nombreuses essences d’arbres."
    ],
    "nl": [
      "Via de kleine rue du Guet of de allée du jumelage betreedt u het Parc de la Fontaine aux pigeons, tegenwoordig een prachtig arboretum waar rust en ontspanning heersen in de schaduw van talrijke boomsoorten."
    ],
    "es": [
      "A través de la pequeña rue du Guet o de la allée du jumelage, se entra en el Parque de la Fontaine aux pigeons, hoy un magnífico arboreto donde reinan la paz y la relajación a la sombra de numerosas especies de árboles."
    ]
  },
  "rdfs:label": {
    "fr": [
      "Le Parc de la Fontaine aux Pigeons"
    ]
  },
  "hasBeenCreatedBy": {
    "@id": "https://data.datatourisme.fr/13/8b406655-4730-3dfa-a026-6346bdc1b202",
    "dc:identifier": "1090",
    "schema:email": [
      "claire.maury@cpb-tourisme.fr",
      "david.doctrinal@cpb-tourisme.fr",
      "mr.otpf@gmail.com",
      "thomas.touret@cpb-tourisme.fr"
    ],
    "schema:legalName": "Coulommiers Pays de Brie Tourisme",
    "@type": [
      "schema:Organization",
      "foaf:Agent",
      "Agent"
    ]
  },
  "hasBeenPublishedBy": [
    {
      "@id": "https://data.datatourisme.fr/1db24fc4-b534-39bf-bdaf-152c6f98730e",
      "schema:legalName": "Seine et Marne Attractivité - source : Apidae Tourisme",
      "@type": [
        "schema:Organization",
        "foaf:Agent",
        "Agent"
      ],
      "foaf:homepage": [
        "https://www.apidae-tourisme.com/"
      ]
    }
  ],
  "hasContact": [
    {
      "@id": "https://data.datatourisme.fr/bb458e53-c830-3f9a-8592-cde1c83510f8",
      "schema:email": [
        "service-courrier@lfsj.fr"
      ],
      "schema:telephone": [
        "+33 1 60 22 25 63"
      ],
      "@type": [
        "foaf:Agent",
        "Agent"
      ],
      "foaf:homepage": [
        "http://www.coulommierspaysdebrie-tourisme.fr/"
      ]
    }
  ],
  "hasDescription": [
    {
      "@id": "https://data.datatourisme.fr/6c800af4-3b0a-37b1-a78b-d2866570e259",
      "@type": [
        "Description"
      ],
      "hasTranslatedProperty": [
        {
          "@id": "https://data.datatourisme.fr/00335f1b-4a1b-39a4-a234-1b6b4dd487c8",
          "dc:contributor": [
            "https://api.deepl.com/v2/translate"
          ],
          "rdf:language": [
            "de"
          ],
          "rdf:predicate": [
            "shortDescription"
          ]
        },
        {
          "@id": "https://data.datatourisme.fr/38be9bb0-7d02-3f19-94b8-b2b755befeeb",
          "dc:contributor": [
            "https://api.deepl.com/v2/translate"
          ],
          "rdf:language": [
            "es"
          ],
          "rdf:predicate": [
            "shortDescription"
          ]
        },
        {
          "@id": "https://data.datatourisme.fr/9ed1ae4a-7513-3ddf-846f-0e0265ffd66f",
          "dc:contributor": [
            "https://api.deepl.com/v2/translate"
          ],
          "rdf:language": [
            "it"
          ],
          "rdf:predicate": [
            "shortDescription"
          ]
        },
        {
          "@id": "https://data.datatourisme.fr/d1199290-234e-31ea-a1de-02aee9b78ece",
          "dc:contributor": [
            "https://api.deepl.com/v2/translate"
          ],
          "rdf:language": [
            "en"
          ],
          "rdf:predicate": [
            "shortDescription"
          ]
        },
        {
          "@id": "https://data.datatourisme.fr/dd775762-265f-31ef-87b5-6c5aefc0ec5a",
          "dc:contributor": [
            "https://api.deepl.com/v2/translate"
          ],
          "rdf:language": [
            "nl"
          ],
          "rdf:predicate": [
            "shortDescription"
          ]
        }
      ],
      "shortDescription": {
        "de": [
          "Über die kleine Rue du Guet oder die Allée du jumelage gelangt man in den Parc de la Fontaine aux pigeons, heute ein wunderschönes Arboretum, in dem im Schatten zahlreicher Baumarten Ruhe und Entspannung herrschen."
        ],
        "en": [
          "By the small street of the Guet or the alley of the twinning, we enter the Park of the Fountain with the pigeons, today magnificent arboretum where calm and relaxation reigns in the shade of many species of trees."
        ],
        "it": [
          "Attraverso la piccola rue du Guet o l'allée du jumelage, si entra nel Parc de la Fontaine aux pigeons, oggi un magnifico arboreto dove regnano pace e relax all'ombra di numerose specie arboree."
        ],
        "fr": [
          "Par la petite rue du Guet ou l’allée du jumelage, on pénètre dans le Parc de la Fontaine aux pigeons, aujourd’hui magnifique arboretum où règne calme et détente à l’ombre de nombreuses essences d’arbres."
        ],
        "nl": [
          "Via de kleine rue du Guet of de allée du jumelage betreedt u het Parc de la Fontaine aux pigeons, tegenwoordig een prachtig arboretum waar rust en ontspanning heersen in de schaduw van talrijke boomsoorten."
        ],
        "es": [
          "A través de la pequeña rue du Guet o de la allée du jumelage, se entra en el Parque de la Fontaine aux pigeons, hoy un magnífico arboreto donde reinan la paz y la relajación a la sombra de numerosas especies de árboles."
        ]
      }
    }
  ],
  "hasTheme": [
    {
      "@id": "kb:Culture",
      "@type": [
        "CulturalTheme"
      ],
      "rdfs:label": {
        "de": [
          "Kultur"
        ],
        "pt": [
          "Cultura"
        ],
        "en": [
          "Culture"
        ],
        "it": [
          "Cultura"
        ],
        "fr": [
          "Culture"
        ],
        "nl": [
          "Cultuur"
        ],
        "es": [
          "Cultura"
        ]
      }
    }
  ],
  "hasTranslatedProperty": [
    {
      "@id": "https://data.datatourisme.fr/10ff2e19-07be-3b27-9b19-71fe02a8c31a",
      "dc:contributor": [
        "https://api.deepl.com/v2/translate"
      ],
      "rdf:language": [
        "en"
      ],
      "rdf:predicate": [
        {
          "@id": "rdfs:comment"
        }
      ]
    },
    {
      "@id": "https://data.datatourisme.fr/37e47579-1064-3e3a-ab33-2ac54c89607d",
      "dc:contributor": [
        "https://api.deepl.com/v2/translate"
      ],
      "rdf:language": [
        "es"
      ],
      "rdf:predicate": [
        {
          "@id": "rdfs:comment"
        }
      ]
    },
    {
      "@id": "https://data.datatourisme.fr/461233ec-4f8c-3ed0-b057-0cfb58874104",
      "dc:contributor": [
        "https://api.deepl.com/v2/translate"
      ],
      "rdf:language": [
        "de"
      ],
      "rdf:predicate": [
        {
          "@id": "rdfs:comment"
        }
      ]
    },
    {
      "@id": "https://data.datatourisme.fr/4b030e51-f955-336f-a2ed-fc1f577b5822",
      "dc:contributor": [
        "https://api.deepl.com/v2/translate"
      ],
      "rdf:language": [
        "it"
      ],
      "rdf:predicate": [
        {
          "@id": "rdfs:comment"
        }
      ]
    },
    {
      "@id": "https://data.datatourisme.fr/bf0f2a51-932b-3357-a255-302b2449b192",
      "dc:contributor": [
        "https://api.deepl.com/v2/translate"
      ],
      "rdf:language": [
        "nl"
      ],
      "rdf:predicate": [
        {
          "@id": "rdfs:comment"
        }
      ]
    }
  ],
  "isLocatedAt": [
    {
      "@id": "https://data.datatourisme.fr/1ee4665b-7492-396d-80fc-8b42623902b8",
      "schema:address": [
        {
          "@id": "https://data.datatourisme.fr/a6ce17dd-9d14-3482-b6a4-cb7269d8bd5a",
          "schema:addressLocality": "La Ferté-sous-Jouarre",
          "schema:postalCode": "77260",
          "schema:streetAddress": [
            "Rue du Guet"
          ],
          "@type": [
            "schema:PostalAddress",
            "PostalAddress"
          ],
          "hasAddressCity": {
            "@id": "kb:77183",
            "@type": [
              "City"
            ],
            "rdfs:label": {
              "de": [
                "La Ferté-sous-Jouarre"
              ],
              "pt": [
                "La Ferté-sous-Jouarre"
              ],
              "en": [
                "La Ferté-sous-Jouarre"
              ],
              "it": [
                "La Ferté-sous-Jouarre"
              ],
              "fr": [
                "La Ferté-sous-Jouarre"
              ],
              "nl": [
                "La Ferté-sous-Jouarre"
              ],
              "es": [
                "La Ferté-sous-Jouarre"
              ]
            },
            "insee": "77183",
            "isPartOfDepartment": {
              "@id": "kb:France1177",
              "@type": [
                "Department"
              ],
              "rdfs:label": {
                "de": [
                  "Seine-et-Marne"
                ],
                "pt": [
                  "Seine-et-Marne"
                ],
                "en": [
                  "Seine-et-Marne"
                ],
                "it": [
                  "Seine-et-Marne"
                ],
                "fr": [
                  "Seine-et-Marne"
                ],
                "nl": [
                  "Seine-et-Marne"
                ],
                "es": [
                  "Seine-et-Marne"
                ]
              },
              "insee": "77",
              "isPartOfRegion": {
                "@id": "kb:France11",
                "@type": [
                  "Region"
                ],
                "rdfs:label": {
                  "de": [
                    "Île-de-France"
                  ],
                  "pt": [
                    "Île-de-France"
                  ],
                  "en": [
                    "Île-de-France"
                  ],
                  "it": [
                    "Île-de-France"
                  ],
                  "fr": [
                    "Île-de-France"
                  ],
                  "nl": [
                    "Île-de-France"
                  ],
                  "es": [
                    "Île-de-France"
                  ]
                },
                "insee": "11",
                "isPartOfCountry": {
                  "@id": "kb:France",
                  "@type": [
                    "schema:Country"
                  ],
                  "rdfs:label": {
                    "de": [
                      "France",
                      "Frankreich"
                    ],
                    "pt": [
                      "França",
                      "France"
                    ],
                    "en": [
                      "France"
                    ],
                    "it": [
                      "France",
                      "Francia"
                    ],
                    "fr": [
                      "France"
                    ],
                    "nl": [
                      "France",
                      "Frankrijk"
                    ],
                    "es": [
                      "France",
                      "Francia"
                    ]
                  }
                }
              }
            }
          }
        }
      ],
      "schema:geo": {
        "@id": "https://data.datatourisme.fr/9c5a372c-db65-3ab9-9937-4b5989829be3",
        "schema:latitude": "48.94461",
        "schema:longitude": "3.131418",
        "@type": [
          "schema:GeoCoordinates"
        ]
      },
      "schema:openingHoursSpecification": [
        {
          "@id": "https://data.datatourisme.fr/f87e535a-636d-3343-ad63-8a03392e7511",
          "schema:validFrom": "2023-01-01T00:00:00",
          "schema:validThrough": "2023-12-31T23:59:59",
          "@type": [
            "schema:OpeningHoursSpecification"
          ]
        }
      ],
      "@type": [
        "schema:Place",
        "Place"
      ]
    }
  ],
  "isOwnedBy": [
    {
      "@id": "https://data.datatourisme.fr/72eda36d-0d5f-3c94-bfbb-0340e5d22f78",
      "schema:email": [
        "claire.maury@cpb-tourisme.fr",
        "david.doctrinal@cpb-tourisme.fr"
      ],
      "schema:legalName": "Coulommiers Pays de Brie Tourisme",
      "@type": [
        "schema:Organization",
        "foaf:Agent",
        "Agent"
      ]
    }
  ],
  "lastUpdate": "2019-06-03",
  "lastUpdateDatatourisme": "2023-02-24T06:40:40.304Z"
}