{
  "@id": "https://data.datatourisme.fr/13/006d698e-8de9-33f7-91bf-7bbe455ef81d",
  "dc:identifier": "697453",
  "@type": [
    "CivilCemetery",
    "CulturalSite",
    "PlaceOfInterest",
    "PointOfInterest",
    "RemembranceSite"
  ],
  "rdfs:comment": {
    "de": [
      "Gainsbourg, Sartre, Baudelaire, Soutine: Der Friedhof Montparnasse ist die ewige Ruhestätte der Künstler."
    ],
    "en": [
      "Gainsbourg, Sartre, Baudelaire, Soutine: the Montparnasse cemetery is the eternal home of artists."
    ],
    "it": [
      "Gainsbourg, Sartre, Baudelaire, Soutine: il cimitero di Montparnasse è la casa eterna degli artisti."
    ],
    "fr": [
      "Gainsbourg, Sartre, Baudelaire, Soutine : le cimetière Montparnasse est la demeure éternelle des artistes."
    ],
    "nl": [
      "Gainsbourg, Sartre, Baudelaire, Soutine: het kerkhof van Montparnasse is het eeuwige thuis van kunstenaars."
    ],
    "es": [
      "Gainsbourg, Sartre, Baudelaire, Soutine: el cementerio de Montparnasse es el hogar eterno de los artistas."
    ]
  },
  "rdfs:label": {
    "en": [
      "Cimetière du Montparnasse"
    ],
    "fr": [
      "Cimetière du Montparnasse"
    ]
  },
  "owl:sameAs": [
    "http://www.wikidata.org/entity/Q272208"
  ],
  "hasBeenCreatedBy": {
    "@id": "https://data.datatourisme.fr/13/03e0704b-5690-32de-a186-1dc3ad3316c9",
    "dc:identifier": "1019",
    "schema:email": [
      "bgeigle@visitparisregion.com",
      "hcaldo@visitparisregion.com",
      "mtanaskovic@visitparisregion.com"
    ],
    "schema:legalName": "Comité Régional du Tourisme Paris Ile de France",
    "@type": [
      "schema:Organization",
      "foaf:Agent",
      "Agent"
    ],
    "foaf:homepage": [
      "http://www.visitparisregion.com/"
    ]
  },
  "hasBeenPublishedBy": [
    {
      "@id": "https://data.datatourisme.fr/8a9feb4b-2cbd-3d2c-b507-bd6c6776b23b",
      "schema:legalName": "Apidae Tourisme Scic SA - source : Apidae Tourisme",
      "@type": [
        "schema:Organization",
        "foaf:Agent",
        "Agent"
      ],
      "foaf:homepage": [
        "https://www.apidae-tourisme.com/"
      ]
    }
  ],
  "hasContact": [
    {
      "@id": "https://data.datatourisme.fr/9b5d068f-322b-30c6-8758-ed69ae05754f",
      "schema:telephone": [
        "+33 1 44 10 86 50"
      ],
      "@type": [
        "foaf:Agent",
        "Agent"
      ],
      "foaf:homepage": [
        "http://www.paris.fr/cimetieres"
      ]
    }
  ],
  "hasDescription": [
    {
      "@id": "https://data.datatourisme.fr/15ead171-2077-3545-a2ca-350bd90322cf",
      "@type": [
        "Description"
      ],
      "hasTranslatedProperty": [
        {
          "@id": "https://data.datatourisme.fr/23eca8d5-2a78-3461-a0b9-cf3658fadfab",
          "dc:contributor": [
            "https://api.deepl.com/v2/translate"
          ],
          "rdf:language": [
            "de"
          ],
          "rdf:predicate": [
            "shortDescription"
          ]
        },
        {
          "@id": "https://data.datatourisme.fr/2bafe6ee-dbec-33df-8aa8-8864b1dedeb2",
          "dc:contributor": [
            "https://api.deepl.com/v2/translate"
          ],
          "rdf:language": [
            "nl"
          ],
          "rdf:predicate": [
            "shortDescription"
          ]
        },
        {
          "@id": "https://data.datatourisme.fr/6bd0e82b-314b-3a90-a83b-8cb40e27c518",
          "dc:contributor": [
            "https://api.deepl.com/v2/translate"
          ],
          "rdf:language": [
            "it"
          ],
          "rdf:predicate": [
            "shortDescription"
          ]
        },
        {
          "@id": "https://data.datatourisme.fr/901c5381-885e-3e5c-a6d7-c6ce25c282e0",
          "dc:contributor": [
            "https://api.deepl.com/v2/translate"
          ],
          "rdf:language": [
            "es"
          ],
          "rdf:predicate": [
            "shortDescription"
          ]
        },
        {
          "@id": "https://data.datatourisme.fr/b77fc1f1-2d08-3a4f-924d-6d8133ed137b",
          "dc:contributor": [
            "https://api.deepl.com/v2/translate"
          ],
          "rdf:language": [
            "en"
          ],
          "rdf:predicate": [
            "shortDescription"
          ]
        }
      ],
      "shortDescription": {
        "de": [
          "Gainsbourg, Sartre, Baudelaire, Soutine: Der Friedhof Montparnasse ist die ewige Ruhestätte der Künstler."
        ],
        "en": [
          "Gainsbourg, Sartre, Baudelaire, Soutine: the Montparnasse cemetery is the eternal home of artists."
        ],
        "it": [
          "Gainsbourg, Sartre, Baudelaire, Soutine: il cimitero di Montparnasse è la casa eterna degli artisti."
        ],
        "fr": [
          "Gainsbourg, Sartre, Baudelaire, Soutine : le cimetière Montparnasse est la demeure éternelle des artistes."
        ],
        "nl": [
          "Gainsbourg, Sartre, Baudelaire, Soutine: het kerkhof van Montparnasse is het eeuwige thuis van kunstenaars."
        ],
        "es": [
          "Gainsbourg, Sartre, Baudelaire, Soutine: el cementerio de Montparnasse es el hogar eterno de los artistas."
        ]
      }
    }
  ],
  "hasRepresentation": [
    {
      "@id": "https://data.datatourisme.fr/70c3dc10-b4e9-316c-a3d9-9b81d370d3c2",
      "ebucore:hasAnnotation": [
        {
          "@id": "https://data.datatourisme.fr/4a601200-ac6c-3d30-90a8-f6093eb2fd07",
          "ebucore:isCoveredBy": "CC BY-SA 4.0",
          "ebucore:title": [
            "Cimetière du Montparnasse, 3 boulevard Edgar-Quinet, Paris 14e"
          ],
          "@type": [
            "ebucore:Annotation"
          ],
          "credits": [
            "Celette (https://commons.wikimedia.org/wiki/User:Celette)"
          ]
        }
      ],
      "ebucore:hasRelatedResource": [
        {
          "@id": "https://data.datatourisme.fr/2c044515-c79c-3d8b-857a-de7bec348427",
          "ebucore:fileSize": [
            9408868
          ],
          "ebucore:hasMimeType": [
            {
              "@id": "kb:JPEG",
              "@type": [
                "ebucore:MimeType"
              ],
              "rdfs:comment": {
                "de": [
                  "JPEG-Bild"
                ],
                "pt": [
                  "Imagem JPEG"
                ],
                "en": [
                  "JPEG image file"
                ],
                "it": [
                  "Immagine JPEG"
                ],
                "fr": [
                  "Image JPEG"
                ],
                "nl": [
                  "JPEG-afbeelding"
                ],
                "es": [
                  "Imagen JPEG"
                ]
              },
              "rdfs:label": {
                "de": [
                  "image/jpeg"
                ],
                "pt": [
                  "image/jpeg"
                ],
                "en": [
                  "image/jpeg"
                ],
                "it": [
                  "image/jpeg"
                ],
                "fr": [
                  "image/jpeg"
                ],
                "nl": [
                  "image/jpeg"
                ],
                "es": [
                  "image/jpeg"
                ]
              }
            }
          ],
          "ebucore:height": 3648,
          "ebucore:locator": [
            "https://upload.wikimedia.org/wikipedia/commons/7/7c/Cimeti%C3%A8re_du_Montparnasse%2C_3_boulevard_Edgar-Quinet%2C_Paris_14e.jpg"
          ],
          "ebucore:width": 5472,
          "@type": [
            "ebucore:Resource"
          ]
        }
      ],
      "@type": [
        "ebucore:EditorialObject"
      ]
    }
  ],
  "hasTheme": [
    {
      "@id": "kb:Culture",
      "@type": [
        "CulturalTheme"
      ],
      "rdfs:label": {
        "de": [
          "Kultur"
        ],
        "pt": [
          "Cultura"
        ],
        "en": [
          "Culture"
        ],
        "it": [
          "Cultura"
        ],
        "fr": [
          "Culture"
        ],
        "nl": [
          "Cultuur"
        ],
        "es": [
          "Cultura"
        ]
      }
    }
  ],
  "hasTranslatedProperty": [
    {
      "@id": "https://data.datatourisme.fr/15fa2270-e85f-386d-be87-fbdb227d4cc9",
      "dc:contributor": [
        "https://api.deepl.com/v2/translate"
      ],
      "rdf:language": [
        "it"
      ],
      "rdf:predicate": [
        {
          "@id": "rdfs:comment"
        }
      ]
    },
    {
      "@id": "https://data.datatourisme.fr/3964677d-442b-3b31-a8f1-532fd3eae7f2",
      "dc:contributor": [
        "https://api.deepl.com/v2/translate"
      ],
      "rdf:language": [
        "en"
      ],
      "rdf:predicate": [
        {
          "@id": "rdfs:comment"
        }
      ]
    },
    {
      "@id": "https://data.datatourisme.fr/60aacc3a-b8a8-39af-aa0b-ce68a67070e9",
      "dc:contributor": [
        "https://api.deepl.com/v2/translate"
      ],
      "rdf:language": [
        "es"
      ],
      "rdf:predicate": [
        {
          "@id": "rdfs:comment"
        }
      ]
    },
    {
      "@id": "https://data.datatourisme.fr/8f690add-af79-3eef-aff7-8a25e00344af",
      "dc:contributor": [
        "https://api.deepl.com/v2/translate"
      ],
      "rdf:language": [
        "de"
      ],
      "rdf:predicate": [
        {
          "@id": "rdfs:comment"
        }
      ]
    },
    {
      "@id": "https://data.datatourisme.fr/e3478644-73b8-3118-8c63-777f6b4965cc",
      "dc:contributor": [
        "https://api.deepl.com/v2/translate"
      ],
      "rdf:language": [
        "nl"
      ],
      "rdf:predicate": [
        {
          "@id": "rdfs:comment"
        }
      ]
    }
  ],
  "isLocatedAt": [
    {
      "@id": "https://data.datatourisme.fr/92cd28fc-c36f-30b0-bd13-2b23d4071699",
      "schema:address": [
        {
          "@id": "https://data.datatourisme.fr/f43c3022-26d3-3cc8-94a3-7fd5b159daac",
          "schema:addressLocality": "Paris 14e Arrondissement",
          "schema:postalCode": "75014",
          "schema:streetAddress": [
            "3 boulevard Edgar-Quinet"
          ],
          "@type": [
            "schema:PostalAddress",
            "PostalAddress"
          ],
          "hasAddressCity": {
            "@id": "kb:75114",
            "@type": [
              "City"
            ],
            "rdfs:label": {
              "de": [
                "Paris 14e Arrondissement"
              ],
              "pt": [
                "Paris 14e Arrondissement"
              ],
              "en": [
                "Paris 14e Arrondissement"
              ],
              "it": [
                "Paris 14e Arrondissement"
              ],
              "fr": [
                "Paris 14e Arrondissement"
              ],
              "nl": [
                "Paris 14e Arrondissement"
              ],
              "es": [
                "Paris 14e Arrondissement"
              ]
            },
            "insee": "75114",
            "isPartOfDepartment": {
              "@id": "kb:France1175",
              "@type": [
                "Department"
              ],
              "rdfs:label": {
                "de": [
                  "Paris"
                ],
                "pt": [
                  "Paris"
                ],
                "en": [
                  "Paris"
                ],
                "it": [
                  "Paris"
                ],
                "fr": [
                  "Paris"
                ],
                "nl": [
                  "Paris"
                ],
                "es": [
                  "Paris"
                ]
              },
              "insee": "75",
              "isPartOfRegion": {
                "@id": "kb:France11",
                "@type": [
                  "Region"
                ],
                "rdfs:label": {
                  "de": [
                    "Île-de-France"
                  ],
                  "pt": [
                    "Île-de-France"
                  ],
                  "en": [
                    "Île-de-France"
                  ],
                  "it": [
                    "Île-de-France"
                  ],
                  "fr": [
                    "Île-de-France"
                  ],
                  "nl": [
                    "Île-de-France"
                  ],
                  "es": [
                    "Île-de-France"
                  ]
                },
                "insee": "11",
                "isPartOfCountry": {
                  "@id": "kb:France",
                  "@type": [
                    "schema:Country"
                  ],
                  "rdfs:label": {
                    "de": [
                      "France",
                      "Frankreich"
                    ],
                    "pt": [
                      "França",
                      "France"
                    ],
                    "en": [
                      "France"
                    ],
                    "it": [
                      "France",
                      "Francia"
                    ],
                    "fr": [
                      "France"
                    ],
                    "nl": [
                      "France",
                      "Frankrijk"
                    ],
                    "es": [
                      "France",
                      "Francia"
                    ]
                  }
                }
              }
            }
          }
        }
      ],
      "schema:geo": {
        "@id": "https://data.datatourisme.fr/d6295a35-3e6f-3cdb-90de-8e16b0c50b18",
        "schema:latitude": "48.839292",
        "schema:longitude": "2.328444",
        "@type": [
          "schema:GeoCoordinates"
        ]
      },
      "schema:openingHoursSpecification": [
        {
          "@id": "https://data.datatourisme.fr/6e4ce092-f001-37a0-9679-8785a803175b",
          "schema:closes": "17:30:00",
          "schema:opens": "08:00:00",
          "schema:validFrom": "2023-11-06T00:00:00",
          "schema:validThrough": "2023-03-15T23:59:59",
          "@type": [
            "schema:OpeningHoursSpecification"
          ],
          "additionalInformation": {
            "de": [
              "Eröffnung um 8:30 Uhr am Samstag und 09:00 Uhr am Sonntag"
            ],
            "en": [
              "Open at 8:30 am on Saturday and 9:00 am on Sunday"
            ],
            "it": [
              "Apertura alle ore 8.30 il sabato e alle ore 9.00 la domenica"
            ],
            "fr": [
              "Ouverture à 8h30 le samedi et 09h00 le dimanche"
            ],
            "nl": [
              "Opening om 8.30 uur op zaterdag en 9.00 uur op zondag"
            ],
            "es": [
              "Apertura a las 8.30 horas el sábado y a las 9 horas el domingo"
            ]
          },
          "hasTranslatedProperty": [
            {
              "@id": "https://data.datatourisme.fr/1e5fac13-5bc3-352c-ae12-5e4cb1b6527d",
              "dc:contributor": [
                "https://api.deepl.com/v2/translate"
              ],
              "rdf:language": [
                "de"
              ],
              "rdf:predicate": [
                "additionalInformation"
              ]
            },
            {
              "@id": "https://data.datatourisme.fr/21e37e1e-1dd5-32d1-94e9-9577cc950641",
              "dc:contributor": [
                "https://api.deepl.com/v2/translate"
              ],
              "rdf:language": [
                "es"
              ],
              "rdf:predicate": [
                "additionalInformation"
              ]
            },
            {
              "@id": "https://data.datatourisme.fr/6ca34fbe-bd31-3e63-931f-44c14ddcdca3",
              "dc:contributor": [
                "https://api.deepl.com/v2/translate"
              ],
              "rdf:language": [
                "en"
              ],
              "rdf:predicate": [
                "additionalInformation"
              ]
            },
            {
              "@id": "https://data.datatourisme.fr/cc9c1f09-606c-32b2-9e91-a03c703ffc1b",
              "dc:contributor": [
                "https://api.deepl.com/v2/translate"
              ],
              "rdf:language": [
                "it"
              ],
              "rdf:predicate": [
                "additionalInformation"
              ]
            },
            {
              "@id": "https://data.datatourisme.fr/d5cfee8f-0577-3a74-a8c4-bf05d22c8780",
              "dc:contributor": [
                "https://api.deepl.com/v2/translate"
              ],
              "rdf:language": [
                "nl"
              ],
              "rdf:predicate": [
                "additionalInformation"
              ]
            }
          ]
        },
        {
          "@id": "https://data.datatourisme.fr/973c4e81-ed59-3f34-8dbf-2911b1af21d6",
          "schema:closes": "18:00:00",
          "schema:opens": "08:00:00",
          "schema:validFrom": "2023-03-16T00:00:00",
          "schema:validThrough": "2023-11-05T23:59:59",
          "@type": [
            "schema:OpeningHoursSpecification"
          ],
          "additionalInformation": {
            "de": [
              "Eröffnung um 8:30 Uhr am Samstag und 09:00 Uhr am Sonntag"
            ],
            "en": [
              "Open at 8:30 am on Saturday and 9:00 am on Sunday"
            ],
            "it": [
              "Apertura alle ore 8.30 il sabato e alle ore 9.00 la domenica"
            ],
            "fr": [
              "Ouverture à 8h30 le samedi et 09h00 le dimanche"
            ],
            "nl": [
              "Opening om 8.30 uur op zaterdag en 9.00 uur op zondag"
            ],
            "es": [
              "Apertura a las 8.30 horas el sábado y a las 9 horas el domingo"
            ]
          },
          "hasTranslatedProperty": [
            {
              "@id": "https://data.datatourisme.fr/590de8d1-36d2-3b4b-a753-a3d3e7e2f342",
              "dc:contributor": [
                "https://api.deepl.com/v2/translate"
              ],
              "rdf:language": [
                "en"
              ],
              "rdf:predicate": [
                "additionalInformation"
              ]
            },
            {
              "@id": "https://data.datatourisme.fr/6960d1c4-9233-376e-851b-ed7cd6716987",
              "dc:contributor": [
                "https://api.deepl.com/v2/translate"
              ],
              "rdf:language": [
                "es"
              ],
              "rdf:predicate": [
                "additionalInformation"
              ]
            },
            {
              "@id": "https://data.datatourisme.fr/74202982-b2ac-37e3-a6b1-fe87a4a951a8",
              "dc:contributor": [
                "https://api.deepl.com/v2/translate"
              ],
              "rdf:language": [
                "it"
              ],
              "rdf:predicate": [
                "additionalInformation"
              ]
            },
            {
              "@id": "https://data.datatourisme.fr/8359f588-fa11-3b1c-883d-86b77be5b531",
              "dc:contributor": [
                "https://api.deepl.com/v2/translate"
              ],
              "rdf:language": [
                "de"
              ],
              "rdf:predicate": [
                "additionalInformation"
              ]
            },
            {
              "@id": "https://data.datatourisme.fr/95983832-4301-3dd5-83d5-21019d8b6406",
              "dc:contributor": [
                "https://api.deepl.com/v2/translate"
              ],
              "rdf:language": [
                "nl"
              ],
              "rdf:predicate": [
                "additionalInformation"
              ]
            }
          ]
        }
      ],
      "@type": [
        "schema:Place",
        "Place"
      ]
    }
  ],
  "isOwnedBy": [
    {
      "@id": "https://data.datatourisme.fr/26ecd6f0-563c-356a-b0f9-ad3ec17effc4",
      "schema:email": [
        "bgeigle@visitparisregion.com",
        "hcaldo@visitparisregion.com",
        "mtanaskovic@visitparisregion.com"
      ],
      "schema:legalName": "Comité Régional du Tourisme Paris Ile de France",
      "@type": [
        "schema:Organization",
        "foaf:Agent",
        "Agent"
      ],
      "foaf:homepage": [
        "http://www.visitparisregion.com/"
      ]
    }
  ],
  "lastUpdate": "2019-05-29",
  "lastUpdateDatatourisme": "2023-05-30T05:49:20.252Z"
}