{
  "@id": "https://data.datatourisme.fr/13/007f684e-a1be-3b00-a6be-e82d3a186b30",
  "dc:identifier": "730186",
  "@type": [
    "schema:LocalBusiness",
    "PlaceOfInterest",
    "PointOfInterest",
    "TastingProvider"
  ],
  "rdfs:comment": {
    "de": [
      "Delphine und Benoit erwarten Sie im Obstgarten und in der neuen Pflückanlage in Saint-Soupplets. Tanken Sie Vitamine, probieren Sie die Qualität der Früchte und genießen Sie die Frische!"
    ],
    "en": [
      "Delphine and Benoit are waiting for you at the new picking of Saint-Soupplets. Take your share of vitamins, come taste the quality of the fruits and relish on freshness!"
    ],
    "it": [
      "Delphine e Benoit vi aspettano al frutteto e alla nuova raccolta di Saint-Soupplets. Fate il pieno di vitamine, venite ad assaggiare la qualità della frutta e godetevi la freschezza!"
    ],
    "fr": [
      "Delphine et Benoit vous attendent au verger et à la nouvelle cueillette de Saint-Soupplets. Faites le plein de vitamines, venez gouter la qualité des fruits et régalez-vous de fraicheur !"
    ],
    "es": [
      "Delphine y Benoit te esperan en el huerto y en la nueva recogida de Saint-Soupplets. Llénate de vitaminas, ven a probar la calidad de la fruta y disfruta de su frescura"
    ],
    "nl": [
      "Delphine en Benoit wachten op u in de boomgaard en bij de nieuwe pluk van Saint-Soupplets. Vul uw vitaminen aan, kom de kwaliteit van het fruit proeven en geniet van de versheid!"
    ]
  },
  "rdfs:label": {
    "en": [
      "Saint-Soupplets Orchard"
    ],
    "fr": [
      "Vergers de Saint Soupplets"
    ]
  },
  "hasBeenCreatedBy": {
    "@id": "https://data.datatourisme.fr/13/cc1aa436-2771-38f6-9cda-703991069eaf",
    "dc:identifier": "977",
    "schema:email": [
      "aurore.luneau@attractivite77.fr",
      "marie.dussouchaut@attractivite77.fr",
      "webmaster@attractivite77.fr"
    ],
    "schema:legalName": "Seine et Marne Attractivité",
    "@type": [
      "schema:Organization",
      "foaf:Agent",
      "Agent"
    ],
    "foaf:homepage": [
      "https://www.seineetmarnevivreengrand.fr/"
    ]
  },
  "hasBeenPublishedBy": [
    {
      "@id": "https://data.datatourisme.fr/1db24fc4-b534-39bf-bdaf-152c6f98730e",
      "schema:legalName": "Seine et Marne Attractivité - source : Apidae Tourisme",
      "@type": [
        "schema:Organization",
        "foaf:Agent",
        "Agent"
      ],
      "foaf:homepage": [
        "https://www.apidae-tourisme.com/"
      ]
    }
  ],
  "hasContact": [
    {
      "@id": "https://data.datatourisme.fr/715fc0b0-346c-3f89-b9f7-c2a8f2824fcb",
      "schema:email": [
        "delphine.maurice2@wanadoo.fr"
      ],
      "schema:telephone": [
        "+33 6 82 92 44 13"
      ],
      "@type": [
        "foaf:Agent",
        "Agent"
      ],
      "foaf:homepage": [
        "http://www.cueillette-saint-soupplets.jimdo.com/"
      ]
    }
  ],
  "hasDescription": [
    {
      "@id": "https://data.datatourisme.fr/588f0149-1b5e-3d36-8965-3a54d889945d",
      "@type": [
        "Description"
      ],
      "hasTranslatedProperty": [
        {
          "@id": "https://data.datatourisme.fr/0d7f55b7-59da-3097-b420-8b2225ba5e3f",
          "dc:contributor": [
            "https://api.deepl.com/v2/translate"
          ],
          "rdf:language": [
            "it"
          ],
          "rdf:predicate": [
            "shortDescription"
          ]
        },
        {
          "@id": "https://data.datatourisme.fr/0edac91e-37ee-33d2-9a35-912d8694c11f",
          "dc:contributor": [
            "https://api.deepl.com/v2/translate"
          ],
          "rdf:language": [
            "es"
          ],
          "rdf:predicate": [
            "shortDescription"
          ]
        },
        {
          "@id": "https://data.datatourisme.fr/591e8617-2e50-3fac-b34c-54d591535b62",
          "dc:contributor": [
            "https://api.deepl.com/v2/translate"
          ],
          "rdf:language": [
            "de"
          ],
          "rdf:predicate": [
            "shortDescription"
          ]
        },
        {
          "@id": "https://data.datatourisme.fr/f931ff49-2dd3-3093-a635-fdf3c6936ea3",
          "dc:contributor": [
            "https://api.deepl.com/v2/translate"
          ],
          "rdf:language": [
            "nl"
          ],
          "rdf:predicate": [
            "shortDescription"
          ]
        }
      ],
      "shortDescription": {
        "de": [
          "Delphine und Benoit erwarten Sie im Obstgarten und in der neuen Pflückanlage in Saint-Soupplets. Tanken Sie Vitamine, probieren Sie die Qualität der Früchte und genießen Sie die Frische!"
        ],
        "en": [
          "Delphine and Benoit are waiting for you at the new picking of Saint-Soupplets. Take your share of vitamins, come taste the quality of the fruits and relish on freshness!"
        ],
        "it": [
          "Delphine e Benoit vi aspettano al frutteto e alla nuova raccolta di Saint-Soupplets. Fate il pieno di vitamine, venite ad assaggiare la qualità della frutta e godetevi la freschezza!"
        ],
        "fr": [
          "Delphine et Benoit vous attendent au verger et à la nouvelle cueillette de Saint-Soupplets. Faites le plein de vitamines, venez gouter la qualité des fruits et régalez-vous de fraicheur !"
        ],
        "es": [
          "Delphine y Benoit te esperan en el huerto y en la nueva recogida de Saint-Soupplets. Llénate de vitaminas, ven a probar la calidad de la fruta y disfruta de su frescura"
        ],
        "nl": [
          "Delphine en Benoit wachten op u in de boomgaard en bij de nieuwe pluk van Saint-Soupplets. Vul uw vitaminen aan, kom de kwaliteit van het fruit proeven en geniet van de versheid!"
        ]
      }
    }
  ],
  "hasTranslatedProperty": [
    {
      "@id": "https://data.datatourisme.fr/0b92fb19-31bf-30b8-a0b6-7e958a8bb8f3",
      "dc:contributor": [
        "https://api.deepl.com/v2/translate"
      ],
      "rdf:language": [
        "es"
      ],
      "rdf:predicate": [
        {
          "@id": "rdfs:comment"
        }
      ]
    },
    {
      "@id": "https://data.datatourisme.fr/68d25f8d-2b8d-3f0a-bfb1-3211d708f32b",
      "dc:contributor": [
        "https://api.deepl.com/v2/translate"
      ],
      "rdf:language": [
        "it"
      ],
      "rdf:predicate": [
        {
          "@id": "rdfs:comment"
        }
      ]
    },
    {
      "@id": "https://data.datatourisme.fr/beb3c523-f018-3eb0-a9f4-e75c65222049",
      "dc:contributor": [
        "https://api.deepl.com/v2/translate"
      ],
      "rdf:language": [
        "nl"
      ],
      "rdf:predicate": [
        {
          "@id": "rdfs:comment"
        }
      ]
    },
    {
      "@id": "https://data.datatourisme.fr/cd349590-e0da-358d-b435-5d832a3db87b",
      "dc:contributor": [
        "https://api.deepl.com/v2/translate"
      ],
      "rdf:language": [
        "de"
      ],
      "rdf:predicate": [
        {
          "@id": "rdfs:comment"
        }
      ]
    }
  ],
  "isLocatedAt": [
    {
      "@id": "https://data.datatourisme.fr/924c618e-75c6-39a3-9b71-a8b18b08c221",
      "schema:address": [
        {
          "@id": "https://data.datatourisme.fr/4b859ebf-2c5d-37f3-ba63-2218cb1bc082",
          "schema:addressLocality": "Saint-Soupplets",
          "schema:postalCode": "77165",
          "schema:streetAddress": [
            "Route de Dammartin en Goële - D.401"
          ],
          "@type": [
            "schema:PostalAddress",
            "PostalAddress"
          ],
          "hasAddressCity": {
            "@id": "kb:77437",
            "@type": [
              "City"
            ],
            "rdfs:label": {
              "de": [
                "Saint-Soupplets"
              ],
              "pt": [
                "Saint-Soupplets"
              ],
              "en": [
                "Saint-Soupplets"
              ],
              "it": [
                "Saint-Soupplets"
              ],
              "fr": [
                "Saint-Soupplets"
              ],
              "nl": [
                "Saint-Soupplets"
              ],
              "es": [
                "Saint-Soupplets"
              ]
            },
            "insee": "77437",
            "isPartOfDepartment": {
              "@id": "kb:France1177",
              "@type": [
                "Department"
              ],
              "rdfs:label": {
                "de": [
                  "Seine-et-Marne"
                ],
                "pt": [
                  "Seine-et-Marne"
                ],
                "en": [
                  "Seine-et-Marne"
                ],
                "it": [
                  "Seine-et-Marne"
                ],
                "fr": [
                  "Seine-et-Marne"
                ],
                "nl": [
                  "Seine-et-Marne"
                ],
                "es": [
                  "Seine-et-Marne"
                ]
              },
              "insee": "77",
              "isPartOfRegion": {
                "@id": "kb:France11",
                "@type": [
                  "Region"
                ],
                "rdfs:label": {
                  "de": [
                    "Île-de-France"
                  ],
                  "pt": [
                    "Île-de-France"
                  ],
                  "en": [
                    "Île-de-France"
                  ],
                  "it": [
                    "Île-de-France"
                  ],
                  "fr": [
                    "Île-de-France"
                  ],
                  "nl": [
                    "Île-de-France"
                  ],
                  "es": [
                    "Île-de-France"
                  ]
                },
                "insee": "11",
                "isPartOfCountry": {
                  "@id": "kb:France",
                  "@type": [
                    "schema:Country"
                  ],
                  "rdfs:label": {
                    "de": [
                      "France",
                      "Frankreich"
                    ],
                    "pt": [
                      "França",
                      "France"
                    ],
                    "en": [
                      "France"
                    ],
                    "it": [
                      "France",
                      "Francia"
                    ],
                    "fr": [
                      "France"
                    ],
                    "nl": [
                      "France",
                      "Frankrijk"
                    ],
                    "es": [
                      "France",
                      "Francia"
                    ]
                  }
                }
              }
            }
          }
        }
      ],
      "schema:geo": {
        "@id": "https://data.datatourisme.fr/6cd77b8d-0c64-3122-89f1-d5f1d0858a63",
        "schema:latitude": "49.037474",
        "schema:longitude": "2.79475",
        "@type": [
          "schema:GeoCoordinates"
        ]
      },
      "schema:openingHoursSpecification": [
        {
          "@id": "https://data.datatourisme.fr/baf414b6-fc3a-3f97-8003-6dec4f58f8ee",
          "schema:validFrom": "2023-08-27T00:00:00",
          "schema:validThrough": "2023-11-11T23:59:59",
          "@type": [
            "schema:OpeningHoursSpecification"
          ],
          "additionalInformation": {
            "de": [
              "Unter der Woche von 14:00 bis 18:30 Uhr und am Wochenende von 10:00 bis 12:30 Uhr und von 14:00 bis 18:30 Uhr.\r\nVormittags für Schulen geöffnet."
            ],
            "en": [
              "Weekdays from 2pm to 6:30pm and weekends from 10am to 12:30pm and from 2pm to 6:30pm.\r\nOpen to schools in the morning."
            ],
            "it": [
              "Nei giorni feriali dalle 14:00 alle 18:30 e nei fine settimana dalle 10:00 alle 12:30 e dalle 14:00 alle 18:30.\r\nAperto alle scuole al mattino."
            ],
            "fr": [
              "En semaine de 14h à 18h30 et le week-end de 10h à 12h30 et de 14h à18h30.\r\nOuvert aux écoles le matin."
            ],
            "nl": [
              "Weekdagen van 14u tot 18u30 en weekends van 10u tot 12u30 en 14u tot 18u30.\r\nOpen voor scholen in de ochtend."
            ],
            "es": [
              "Los días laborables de 14 a 18:30 horas y los fines de semana de 10 a 12:30 y de 14 a 18:30 horas.\r\nAbierto a las escuelas por la mañana."
            ]
          },
          "hasTranslatedProperty": [
            {
              "@id": "https://data.datatourisme.fr/2d9823c9-cf6a-3e38-977b-4e1760506254",
              "dc:contributor": [
                "https://api.deepl.com/v2/translate"
              ],
              "rdf:language": [
                "it"
              ],
              "rdf:predicate": [
                "additionalInformation"
              ]
            },
            {
              "@id": "https://data.datatourisme.fr/e58c109f-a8b0-34e7-9133-fed897d84430",
              "dc:contributor": [
                "https://api.deepl.com/v2/translate"
              ],
              "rdf:language": [
                "en"
              ],
              "rdf:predicate": [
                "additionalInformation"
              ]
            },
            {
              "@id": "https://data.datatourisme.fr/f8f9b374-b1a7-31f4-990e-03d5d5f388a0",
              "dc:contributor": [
                "https://api.deepl.com/v2/translate"
              ],
              "rdf:language": [
                "es"
              ],
              "rdf:predicate": [
                "additionalInformation"
              ]
            },
            {
              "@id": "https://data.datatourisme.fr/fdd57b70-2fa7-3884-ae0c-b7a97880408f",
              "dc:contributor": [
                "https://api.deepl.com/v2/translate"
              ],
              "rdf:language": [
                "de"
              ],
              "rdf:predicate": [
                "additionalInformation"
              ]
            },
            {
              "@id": "https://data.datatourisme.fr/ff475bda-562e-31ac-a188-9398c5ef4ef5",
              "dc:contributor": [
                "https://api.deepl.com/v2/translate"
              ],
              "rdf:language": [
                "nl"
              ],
              "rdf:predicate": [
                "additionalInformation"
              ]
            }
          ]
        }
      ],
      "@type": [
        "schema:Place",
        "Place"
      ]
    }
  ],
  "isOwnedBy": [
    {
      "@id": "https://data.datatourisme.fr/0a16a979-e7d3-37b5-a303-9fab0095eaa9",
      "schema:email": [
        "aurore.luneau@attractivite77.fr",
        "marie.dussouchaut@attractivite77.fr"
      ],
      "schema:legalName": "Seine et Marne Attractivité",
      "@type": [
        "schema:Organization",
        "foaf:Agent",
        "Agent"
      ],
      "foaf:homepage": [
        "https://www.seineetmarnevivreengrand.fr/"
      ]
    }
  ],
  "lastUpdate": "2022-11-24",
  "lastUpdateDatatourisme": "2023-02-01T18:07:35.914Z"
}