{
  "@id": "https://data.datatourisme.fr/13/00e5d52a-a62c-3b34-9966-3241b60c5a6b",
  "dc:identifier": "5724811",
  "@type": [
    "PlaceOfInterest",
    "PointOfInterest",
    "SportsAndLeisurePlace"
  ],
  "rdfs:comment": {
    "de": [
      "Die Ferme du Moulin du Haubert ist ein Familienbetrieb, der von drei Brüdern und ihren Eltern geführt wird. Der Hof ist auf drei Hauptaktivitäten ausgerichtet: Landwirtschaft (Geflügel), Hofladen und Angeln (Teiche)."
    ],
    "en": [
      "La Ferme du Moulin du Haubert is a family farm run by 3 brothers and their parents. This farm is focused on 3 main activities which is: farming (poultry), a farm shop as well as fishing with the ponds."
    ],
    "it": [
      "La Ferme du Moulin du Haubert è un'azienda agricola a conduzione familiare gestita da 3 fratelli e dai loro genitori. L'azienda è incentrata su 3 attività principali: l'allevamento (pollame), lo spaccio aziendale e la pesca con gli stagni."
    ],
    "fr": [
      "La Ferme du Moulin du Haubert est une ferme familiale gérée par 3 frères et leurs parents. Cette ferme est axée sur 3 activités principales qui est : exploitation agricole (volailles), a boutique de la ferme ainsi que la pêche avec les étangs."
    ],
    "nl": [
      "La Ferme du Moulin du Haubert is een familieboerderij gerund door 3 broers en hun ouders. Deze boerderij draait om 3 hoofdactiviteiten: landbouw (pluimvee), de boerderijwinkel en vissen met de vijvers."
    ],
    "es": [
      "La Ferme du Moulin du Haubert es una granja familiar dirigida por 3 hermanos y sus padres. Esta granja se centra en 3 actividades principales que son: la agricultura (aves de corral), la tienda de la granja y la pesca con los estanques."
    ]
  },
  "rdfs:label": {
    "fr": [
      "Les étangs de la Ferme du Moulin d'Haubert"
    ]
  },
  "hasBeenCreatedBy": {
    "@id": "https://data.datatourisme.fr/13/3fb451ca-2e89-33a1-b095-b059d8705b15",
    "dc:identifier": "1522",
    "schema:email": [
      "anicoud@terres-de-seine.fr",
      "anne.perchec@gpseo.fr",
      "contact@terres-de-seine.fr",
      "estelle.rouille@gpseo.fr",
      "fbony@terres-de-seine.fr",
      "hillaryramanank@yahoo.fr",
      "vgateau@terres-de-seine.fr",
      "xcadilhac.oti.gpseo@gmail.com"
    ],
    "schema:legalName": "Communauté Urbaine Grand Paris Seine & Oise",
    "@type": [
      "schema:Organization",
      "foaf:Agent",
      "Agent"
    ],
    "foaf:homepage": [
      "https://www.insectes.org/",
      "https://www.terres-de-seine.fr/"
    ]
  },
  "hasBeenPublishedBy": [
    {
      "@id": "https://data.datatourisme.fr/8a9feb4b-2cbd-3d2c-b507-bd6c6776b23b",
      "schema:legalName": "Apidae Tourisme Scic SA - source : Apidae Tourisme",
      "@type": [
        "schema:Organization",
        "foaf:Agent",
        "Agent"
      ],
      "foaf:homepage": [
        "https://www.apidae-tourisme.com/"
      ]
    }
  ],
  "hasContact": [
    {
      "@id": "https://data.datatourisme.fr/4e4b81ca-5016-30b7-aab7-c2acf7449caf",
      "schema:email": [
        "ferme.du.haubert@orange.fr"
      ],
      "schema:telephone": [
        "+33 1 34 75 39 37"
      ],
      "@type": [
        "foaf:Agent",
        "Agent"
      ],
      "foaf:homepage": [
        "http://www.etang-ferme-haubert.fr/"
      ]
    }
  ],
  "hasDescription": [
    {
      "@id": "https://data.datatourisme.fr/c7a226cb-9c4c-3e4e-993f-5ba27580552f",
      "@type": [
        "Description"
      ],
      "hasTranslatedProperty": [
        {
          "@id": "https://data.datatourisme.fr/6a9c4829-218c-34a9-b784-dba5fe15794e",
          "dc:contributor": [
            "https://api.deepl.com/v2/translate"
          ],
          "rdf:language": [
            "es"
          ],
          "rdf:predicate": [
            "shortDescription"
          ]
        },
        {
          "@id": "https://data.datatourisme.fr/7d03b972-4733-3abe-bcb0-f5511bcc0ee1",
          "dc:contributor": [
            "https://api.deepl.com/v2/translate"
          ],
          "rdf:language": [
            "nl"
          ],
          "rdf:predicate": [
            "shortDescription"
          ]
        },
        {
          "@id": "https://data.datatourisme.fr/882d3dfe-ce58-322b-b9f2-ace941484328",
          "dc:contributor": [
            "https://api.deepl.com/v2/translate"
          ],
          "rdf:language": [
            "it"
          ],
          "rdf:predicate": [
            "shortDescription"
          ]
        },
        {
          "@id": "https://data.datatourisme.fr/b66e8e7f-975a-33cd-9d82-d4404b132a05",
          "dc:contributor": [
            "https://api.deepl.com/v2/translate"
          ],
          "rdf:language": [
            "en"
          ],
          "rdf:predicate": [
            "shortDescription"
          ]
        },
        {
          "@id": "https://data.datatourisme.fr/d685d482-73f3-3781-b8a4-bd91550b4bf2",
          "dc:contributor": [
            "https://api.deepl.com/v2/translate"
          ],
          "rdf:language": [
            "de"
          ],
          "rdf:predicate": [
            "shortDescription"
          ]
        }
      ],
      "shortDescription": {
        "de": [
          "Die Ferme du Moulin du Haubert ist ein Familienbetrieb, der von drei Brüdern und ihren Eltern geführt wird. Der Hof ist auf drei Hauptaktivitäten ausgerichtet: Landwirtschaft (Geflügel), Hofladen und Angeln (Teiche)."
        ],
        "en": [
          "La Ferme du Moulin du Haubert is a family farm run by 3 brothers and their parents. This farm is focused on 3 main activities which is: farming (poultry), a farm shop as well as fishing with the ponds."
        ],
        "it": [
          "La Ferme du Moulin du Haubert è un'azienda agricola a conduzione familiare gestita da 3 fratelli e dai loro genitori. L'azienda è incentrata su 3 attività principali: l'allevamento (pollame), lo spaccio aziendale e la pesca con gli stagni."
        ],
        "fr": [
          "La Ferme du Moulin du Haubert est une ferme familiale gérée par 3 frères et leurs parents. Cette ferme est axée sur 3 activités principales qui est : exploitation agricole (volailles), a boutique de la ferme ainsi que la pêche avec les étangs."
        ],
        "nl": [
          "La Ferme du Moulin du Haubert is een familieboerderij gerund door 3 broers en hun ouders. Deze boerderij draait om 3 hoofdactiviteiten: landbouw (pluimvee), de boerderijwinkel en vissen met de vijvers."
        ],
        "es": [
          "La Ferme du Moulin du Haubert es una granja familiar dirigida por 3 hermanos y sus padres. Esta granja se centra en 3 actividades principales que son: la agricultura (aves de corral), la tienda de la granja y la pesca con los estanques."
        ]
      }
    }
  ],
  "hasTheme": [
    {
      "@id": "kb:Fishing",
      "@type": [
        "SportsTheme"
      ],
      "rdfs:label": {
        "de": [
          "Fischerei"
        ],
        "pt": [
          "Pesca"
        ],
        "en": [
          "Fishing"
        ],
        "it": [
          "Pesca"
        ],
        "fr": [
          "Pêche"
        ],
        "nl": [
          "Visserij"
        ],
        "es": [
          "Pesca"
        ]
      }
    }
  ],
  "hasTranslatedProperty": [
    {
      "@id": "https://data.datatourisme.fr/3464b68f-39d2-3479-b14a-1933294f93ac",
      "dc:contributor": [
        "https://api.deepl.com/v2/translate"
      ],
      "rdf:language": [
        "it"
      ],
      "rdf:predicate": [
        {
          "@id": "rdfs:comment"
        }
      ]
    },
    {
      "@id": "https://data.datatourisme.fr/5c95ccbb-d34e-3e04-9e66-266742dc2c87",
      "dc:contributor": [
        "https://api.deepl.com/v2/translate"
      ],
      "rdf:language": [
        "es"
      ],
      "rdf:predicate": [
        {
          "@id": "rdfs:comment"
        }
      ]
    },
    {
      "@id": "https://data.datatourisme.fr/7e07bcaa-1c60-384b-970d-0da12ba3985e",
      "dc:contributor": [
        "https://api.deepl.com/v2/translate"
      ],
      "rdf:language": [
        "nl"
      ],
      "rdf:predicate": [
        {
          "@id": "rdfs:comment"
        }
      ]
    },
    {
      "@id": "https://data.datatourisme.fr/93d7d081-a959-38ab-a250-7e75ae6ceb26",
      "dc:contributor": [
        "https://api.deepl.com/v2/translate"
      ],
      "rdf:language": [
        "en"
      ],
      "rdf:predicate": [
        {
          "@id": "rdfs:comment"
        }
      ]
    },
    {
      "@id": "https://data.datatourisme.fr/94393a2c-9247-3a2d-9314-1c63203d4a58",
      "dc:contributor": [
        "https://api.deepl.com/v2/translate"
      ],
      "rdf:language": [
        "de"
      ],
      "rdf:predicate": [
        {
          "@id": "rdfs:comment"
        }
      ]
    }
  ],
  "isLocatedAt": [
    {
      "@id": "https://data.datatourisme.fr/a757cf2c-3c0e-3f9e-aae6-5436aabf2b46",
      "schema:address": [
        {
          "@id": "https://data.datatourisme.fr/d6697a57-6a27-3780-8514-e4d826128730",
          "schema:addressLocality": "Brueil-en-Vexin",
          "schema:postalCode": "78440",
          "schema:streetAddress": [
            "Rd 913 78440"
          ],
          "@type": [
            "schema:PostalAddress",
            "PostalAddress"
          ],
          "hasAddressCity": {
            "@id": "kb:78113",
            "@type": [
              "City"
            ],
            "rdfs:label": {
              "de": [
                "Brueil-en-Vexin"
              ],
              "pt": [
                "Brueil-en-Vexin"
              ],
              "en": [
                "Brueil-en-Vexin"
              ],
              "it": [
                "Brueil-en-Vexin"
              ],
              "fr": [
                "Brueil-en-Vexin"
              ],
              "nl": [
                "Brueil-en-Vexin"
              ],
              "es": [
                "Brueil-en-Vexin"
              ]
            },
            "insee": "78113",
            "isPartOfDepartment": {
              "@id": "kb:France1178",
              "@type": [
                "Department"
              ],
              "rdfs:label": {
                "de": [
                  "Yvelines"
                ],
                "pt": [
                  "Yvelines"
                ],
                "en": [
                  "Yvelines"
                ],
                "it": [
                  "Yvelines"
                ],
                "fr": [
                  "Yvelines"
                ],
                "nl": [
                  "Yvelines"
                ],
                "es": [
                  "Yvelines"
                ]
              },
              "insee": "78",
              "isPartOfRegion": {
                "@id": "kb:France11",
                "@type": [
                  "Region"
                ],
                "rdfs:label": {
                  "de": [
                    "Île-de-France"
                  ],
                  "pt": [
                    "Île-de-France"
                  ],
                  "en": [
                    "Île-de-France"
                  ],
                  "it": [
                    "Île-de-France"
                  ],
                  "fr": [
                    "Île-de-France"
                  ],
                  "nl": [
                    "Île-de-France"
                  ],
                  "es": [
                    "Île-de-France"
                  ]
                },
                "insee": "11",
                "isPartOfCountry": {
                  "@id": "kb:France",
                  "@type": [
                    "schema:Country"
                  ],
                  "rdfs:label": {
                    "de": [
                      "France",
                      "Frankreich"
                    ],
                    "pt": [
                      "França",
                      "France"
                    ],
                    "en": [
                      "France"
                    ],
                    "it": [
                      "France",
                      "Francia"
                    ],
                    "fr": [
                      "France"
                    ],
                    "nl": [
                      "France",
                      "Frankrijk"
                    ],
                    "es": [
                      "France",
                      "Francia"
                    ]
                  }
                }
              }
            }
          }
        }
      ],
      "schema:geo": {
        "@id": "https://data.datatourisme.fr/3aa56db9-e3b0-3cf5-8572-0a769f135a8a",
        "schema:latitude": "49.033675",
        "schema:longitude": "1.81137",
        "@type": [
          "schema:GeoCoordinates"
        ]
      },
      "schema:openingHoursSpecification": [
        {
          "@id": "https://data.datatourisme.fr/fd5d8f84-ee60-35aa-8dfd-cadc5081c710",
          "schema:closes": "19:30:00",
          "schema:opens": "06:30:00",
          "schema:validFrom": "2023-03-01T00:00:00",
          "schema:validThrough": "2023-10-31T23:59:59",
          "@type": [
            "schema:OpeningHoursSpecification"
          ],
          "additionalInformation": {
            "de": [
              "Die Fischteiche sind in der Winterzeit (November-Dezember) nur am Wochenende geöffnet.\r\nEs ist auch möglich, halbe Tage zu machen. 6:30-13:00 Uhr oder 13:00-19:30 Uhr.\r\nTagsüber 6:30 bis 19:30 Uhr."
            ],
            "en": [
              "The fishing ponds are open during the winter period (November-December) only on weekends.\r\nIt is possible to make half-day trips. 6.30-13.00 or 13.00-19.30.\r\nThe day 6h30 to 19h30."
            ],
            "it": [
              "I laghetti di pesca sono aperti durante il periodo invernale (novembre-dicembre) solo nei fine settimana.\r\nÈ possibile effettuare escursioni di mezza giornata. dalle 6.30 alle 13.00 o dalle 13.00 alle 19.30.\r\nDi giorno dalle 6.30 alle 19.30."
            ],
            "fr": [
              "Les étangs de pêche sont ouvert en période d'hiver (novembre-décembre) seulement le week-end.\r\nIl est possible de faire des demi-journée. 6h30-13h00 ou 13h00-19h30.\r\nLa journée 6h30 à 19h30."
            ],
            "es": [
              "Los estanques de pesca están abiertos durante el periodo invernal (noviembre-diciembre) sólo los fines de semana.\r\nEs posible hacer excursiones de medio día. de 6:30 a 13:00 o de 13:00 a 19:30.\r\nDe día, de 6.30 a 19.30."
            ],
            "nl": [
              "De visvijvers zijn in de winterperiode (november-december) alleen in het weekend geopend.\r\nHet is mogelijk om tochten van een halve dag te maken. 6.30 - 13.00 uur of 13.00 - 19.30 uur.\r\nOverdag van 6.30 tot 19.30 uur."
            ]
          },
          "hasTranslatedProperty": [
            {
              "@id": "https://data.datatourisme.fr/21ec7b90-89b0-3a25-a857-febf7f96f6f3",
              "dc:contributor": [
                "https://api.deepl.com/v2/translate"
              ],
              "rdf:language": [
                "es"
              ],
              "rdf:predicate": [
                "additionalInformation"
              ]
            },
            {
              "@id": "https://data.datatourisme.fr/6daab7ab-f61b-3ae4-8886-bdc4a0053f26",
              "dc:contributor": [
                "https://api.deepl.com/v2/translate"
              ],
              "rdf:language": [
                "it"
              ],
              "rdf:predicate": [
                "additionalInformation"
              ]
            },
            {
              "@id": "https://data.datatourisme.fr/d8a2be23-e1b1-3cf4-99cc-7a5cf10e45fe",
              "dc:contributor": [
                "https://api.deepl.com/v2/translate"
              ],
              "rdf:language": [
                "nl"
              ],
              "rdf:predicate": [
                "additionalInformation"
              ]
            },
            {
              "@id": "https://data.datatourisme.fr/e035281a-2317-344f-9eda-3a8ba469e27c",
              "dc:contributor": [
                "https://api.deepl.com/v2/translate"
              ],
              "rdf:language": [
                "en"
              ],
              "rdf:predicate": [
                "additionalInformation"
              ]
            },
            {
              "@id": "https://data.datatourisme.fr/f6a8628a-fa72-378a-9d01-7a63f2cd9201",
              "dc:contributor": [
                "https://api.deepl.com/v2/translate"
              ],
              "rdf:language": [
                "de"
              ],
              "rdf:predicate": [
                "additionalInformation"
              ]
            }
          ]
        }
      ],
      "@type": [
        "schema:Place",
        "Place"
      ]
    }
  ],
  "isOwnedBy": [
    {
      "@id": "https://data.datatourisme.fr/44eacd0d-f255-38e9-b0f2-4a31202fdb58",
      "schema:email": [
        "anicoud@terres-de-seine.fr",
        "anne.perchec@gpseo.fr",
        "contact@terres-de-seine.fr",
        "estelle.rouille@gpseo.fr",
        "fbony@terres-de-seine.fr",
        "hillaryramanank@yahoo.fr",
        "vgateau@terres-de-seine.fr",
        "xcadilhac.oti.gpseo@gmail.com"
      ],
      "schema:legalName": "Communauté Urbaine Grand Paris Seine & Oise",
      "@type": [
        "schema:Organization",
        "foaf:Agent",
        "Agent"
      ],
      "foaf:homepage": [
        "https://www.insectes.org/"
      ]
    }
  ],
  "lastUpdate": "2021-02-19",
  "lastUpdateDatatourisme": "2023-02-10T06:39:19.869Z",
  "offers": [
    {
      "@id": "https://data.datatourisme.fr/84190d97-a57b-36bd-a9f9-b1fe019ac0b7",
      "schema:priceSpecification": [
        {
          "@id": "https://data.datatourisme.fr/4a6e0adc-c7a3-3e59-9a09-fb673a111909",
          "schema:maxPrice": [
            "28"
          ],
          "schema:minPrice": [
            "17"
          ],
          "schema:priceCurrency": "EUR",
          "@type": [
            "schema:PriceSpecification",
            "PriceSpecification"
          ],
          "appliesOnPeriod": [
            {
              "@id": "https://data.datatourisme.fr/15c28cf1-8d55-3bb0-a4a3-21e4f1b4c3bb",
              "@type": [
                "Period"
              ],
              "endDate": "2021-10-31",
              "startDate": "2021-03-01"
            }
          ]
        }
      ],
      "@type": [
        "schema:Offer",
        "Offer"
      ]
    }
  ]
}