{
  "@id": "https://data.datatourisme.fr/13/003a2929-fa2d-328f-8e5a-0bbc981a208f",
  "dc:identifier": "730920",
  "@type": [
    "schema:LocalBusiness",
    "schema:Museum",
    "CulturalSite",
    "Museum",
    "PlaceOfInterest",
    "PointOfInterest"
  ],
  "rdfs:comment": {
    "de": [
      "Der Verein Maison de Banlieue et de l'Architecture mit Sitz in Athis-Mons ist ein Zentrum für die Interpretation der städtischen Umwelt, des Kulturerbes in den Vorstädten und der Architektur."
    ],
    "en": [
      "The association House of Suburbs and Architecture, located in Athis-Mons, is a center of interpretation of the urban environment, suburban heritage and architecture."
    ],
    "it": [
      "L'associazione Maison de Banlieue et de l'Architecture, situata ad Athis-Mons, è un centro di interpretazione dell'ambiente urbano, del patrimonio suburbano e dell'architettura."
    ],
    "fr": [
      "L’association Maison de Banlieue et de l’Architecture, située à Athis-Mons, est un centre d’interprétation de l’environnement urbain, du patrimoine en banlieue et de l’architecture."
    ],
    "es": [
      "La asociación Maison de Banlieue et de l'Architecture, situada en Athis-Mons, es un centro de interpretación del entorno urbano, el patrimonio suburbano y la arquitectura."
    ],
    "nl": [
      "De vereniging Maison de Banlieue et de l'Architecture, gevestigd in Athis-Mons, is een centrum voor de interpretatie van de stedelijke omgeving, het suburbane erfgoed en de architectuur."
    ]
  },
  "rdfs:label": {
    "en": [
      "House of Suburbs and Architecture"
    ],
    "fr": [
      "Maison de Banlieue et de l'Architecture"
    ]
  },
  "hasBeenCreatedBy": {
    "@id": "https://data.datatourisme.fr/13/6b180037-abbe-3ea9-91d8-b1232f8a8ca9",
    "dc:identifier": "1013",
    "schema:email": [
      "ca.gicquel@essonnetourisme.com",
      "d.senoalves@essonnetourisme.com"
    ],
    "schema:legalName": "Comité départemental du tourisme de l'Essonne",
    "@type": [
      "schema:Organization",
      "foaf:Agent",
      "Agent"
    ],
    "foaf:homepage": [
      "http://essonnetourisme.com/"
    ]
  },
  "hasBeenPublishedBy": [
    {
      "@id": "https://data.datatourisme.fr/8a9feb4b-2cbd-3d2c-b507-bd6c6776b23b",
      "schema:legalName": "Apidae Tourisme Scic SA - source : Apidae Tourisme",
      "@type": [
        "schema:Organization",
        "foaf:Agent",
        "Agent"
      ],
      "foaf:homepage": [
        "https://www.apidae-tourisme.com/"
      ]
    }
  ],
  "hasContact": [
    {
      "@id": "https://data.datatourisme.fr/9970c5dc-5798-3829-8ebe-f4b2dffcb1c7",
      "schema:email": [
        "infos@maisondebanlieue.fr"
      ],
      "schema:telephone": [
        "+33 1 69 38 07 85"
      ],
      "@type": [
        "foaf:Agent",
        "Agent"
      ],
      "foaf:homepage": [
        "http://www.maisondebanlieue.fr/"
      ]
    }
  ],
  "hasDescription": [
    {
      "@id": "https://data.datatourisme.fr/226f98b1-20a6-3934-b6eb-a322580fa074",
      "@type": [
        "Description"
      ],
      "hasTranslatedProperty": [
        {
          "@id": "https://data.datatourisme.fr/0591b830-2064-3f35-b601-40d3e1906509",
          "dc:contributor": [
            "https://api.deepl.com/v2/translate"
          ],
          "rdf:language": [
            "de"
          ],
          "rdf:predicate": [
            "shortDescription"
          ]
        },
        {
          "@id": "https://data.datatourisme.fr/282985e9-0471-3739-9f55-fff82b9733cf",
          "dc:contributor": [
            "https://api.deepl.com/v2/translate"
          ],
          "rdf:language": [
            "it"
          ],
          "rdf:predicate": [
            "shortDescription"
          ]
        },
        {
          "@id": "https://data.datatourisme.fr/6065d950-601a-36ce-bb92-d536fa30c87f",
          "dc:contributor": [
            "https://api.deepl.com/v2/translate"
          ],
          "rdf:language": [
            "nl"
          ],
          "rdf:predicate": [
            "shortDescription"
          ]
        },
        {
          "@id": "https://data.datatourisme.fr/abf04f62-f649-3081-88e3-a1d0849277b5",
          "dc:contributor": [
            "https://api.deepl.com/v2/translate"
          ],
          "rdf:language": [
            "es"
          ],
          "rdf:predicate": [
            "shortDescription"
          ]
        }
      ],
      "shortDescription": {
        "de": [
          "Der Verein Maison de Banlieue et de l'Architecture mit Sitz in Athis-Mons ist ein Zentrum für die Interpretation der städtischen Umwelt, des Kulturerbes in den Vorstädten und der Architektur."
        ],
        "en": [
          "The association House of Suburbs and Architecture, located in Athis-Mons, is a center of interpretation of the urban environment, suburban heritage and architecture."
        ],
        "it": [
          "L'associazione Maison de Banlieue et de l'Architecture, situata ad Athis-Mons, è un centro di interpretazione dell'ambiente urbano, del patrimonio suburbano e dell'architettura."
        ],
        "fr": [
          "L’association Maison de Banlieue et de l’Architecture, située à Athis-Mons, est un centre d’interprétation de l’environnement urbain, du patrimoine en banlieue et de l’architecture."
        ],
        "es": [
          "La asociación Maison de Banlieue et de l'Architecture, situada en Athis-Mons, es un centro de interpretación del entorno urbano, el patrimonio suburbano y la arquitectura."
        ],
        "nl": [
          "De vereniging Maison de Banlieue et de l'Architecture, gevestigd in Athis-Mons, is een centrum voor de interpretatie van de stedelijke omgeving, het suburbane erfgoed en de architectuur."
        ]
      }
    }
  ],
  "hasTheme": [
    {
      "@id": "kb:Culture",
      "@type": [
        "CulturalTheme"
      ],
      "rdfs:label": {
        "de": [
          "Kultur"
        ],
        "pt": [
          "Cultura"
        ],
        "en": [
          "Culture"
        ],
        "it": [
          "Cultura"
        ],
        "fr": [
          "Culture"
        ],
        "nl": [
          "Cultuur"
        ],
        "es": [
          "Cultura"
        ]
      }
    }
  ],
  "hasTranslatedProperty": [
    {
      "@id": "https://data.datatourisme.fr/2b74c4db-e858-35a8-acdb-24d62e84ba25",
      "dc:contributor": [
        "https://api.deepl.com/v2/translate"
      ],
      "rdf:language": [
        "it"
      ],
      "rdf:predicate": [
        {
          "@id": "rdfs:comment"
        }
      ]
    },
    {
      "@id": "https://data.datatourisme.fr/3e47de39-0a94-37cf-b15b-7080869255e1",
      "dc:contributor": [
        "https://api.deepl.com/v2/translate"
      ],
      "rdf:language": [
        "nl"
      ],
      "rdf:predicate": [
        {
          "@id": "rdfs:comment"
        }
      ]
    },
    {
      "@id": "https://data.datatourisme.fr/4d6b823c-e4eb-3494-9644-2a430b3a6236",
      "dc:contributor": [
        "https://api.deepl.com/v2/translate"
      ],
      "rdf:language": [
        "de"
      ],
      "rdf:predicate": [
        {
          "@id": "rdfs:comment"
        }
      ]
    },
    {
      "@id": "https://data.datatourisme.fr/5ea1b6b1-cd7d-376d-8040-4edb3bd7006d",
      "dc:contributor": [
        "https://api.deepl.com/v2/translate"
      ],
      "rdf:language": [
        "es"
      ],
      "rdf:predicate": [
        {
          "@id": "rdfs:comment"
        }
      ]
    }
  ],
  "isLocatedAt": [
    {
      "@id": "https://data.datatourisme.fr/b4630ae9-8651-3978-a46b-077ef3f8aab7",
      "schema:address": [
        {
          "@id": "https://data.datatourisme.fr/748cf197-7820-3e2c-a80a-0aa7c31b3b73",
          "schema:addressLocality": "Athis-Mons",
          "schema:postalCode": "91200",
          "schema:streetAddress": [
            "41 rue Genevieve Anthonioz-de Gaulle"
          ],
          "@type": [
            "schema:PostalAddress",
            "PostalAddress"
          ],
          "hasAddressCity": {
            "@id": "kb:91027",
            "@type": [
              "City"
            ],
            "rdfs:label": {
              "de": [
                "Athis-Mons"
              ],
              "pt": [
                "Athis-Mons"
              ],
              "en": [
                "Athis-Mons"
              ],
              "it": [
                "Athis-Mons"
              ],
              "fr": [
                "Athis-Mons"
              ],
              "nl": [
                "Athis-Mons"
              ],
              "es": [
                "Athis-Mons"
              ]
            },
            "insee": "91027",
            "isPartOfDepartment": {
              "@id": "kb:France1191",
              "@type": [
                "Department"
              ],
              "rdfs:label": {
                "de": [
                  "Essonne"
                ],
                "pt": [
                  "Essonne"
                ],
                "en": [
                  "Essonne"
                ],
                "it": [
                  "Essonne"
                ],
                "fr": [
                  "Essonne"
                ],
                "nl": [
                  "Essonne"
                ],
                "es": [
                  "Essonne"
                ]
              },
              "insee": "91",
              "isPartOfRegion": {
                "@id": "kb:France11",
                "@type": [
                  "Region"
                ],
                "rdfs:label": {
                  "de": [
                    "Île-de-France"
                  ],
                  "pt": [
                    "Île-de-France"
                  ],
                  "en": [
                    "Île-de-France"
                  ],
                  "it": [
                    "Île-de-France"
                  ],
                  "fr": [
                    "Île-de-France"
                  ],
                  "nl": [
                    "Île-de-France"
                  ],
                  "es": [
                    "Île-de-France"
                  ]
                },
                "insee": "11",
                "isPartOfCountry": {
                  "@id": "kb:France",
                  "@type": [
                    "schema:Country"
                  ],
                  "rdfs:label": {
                    "de": [
                      "France",
                      "Frankreich"
                    ],
                    "pt": [
                      "França",
                      "France"
                    ],
                    "en": [
                      "France"
                    ],
                    "it": [
                      "France",
                      "Francia"
                    ],
                    "fr": [
                      "France"
                    ],
                    "nl": [
                      "France",
                      "Frankrijk"
                    ],
                    "es": [
                      "France",
                      "Francia"
                    ]
                  }
                }
              }
            }
          }
        }
      ],
      "schema:geo": {
        "@id": "https://data.datatourisme.fr/3b345a08-f1eb-3553-85a3-8c28fbe0bc9a",
        "schema:latitude": "48.711619",
        "schema:longitude": "2.393759",
        "@type": [
          "schema:GeoCoordinates"
        ]
      },
      "schema:openingHoursSpecification": [
        {
          "@id": "https://data.datatourisme.fr/bc633a90-5412-3a13-86e0-f14eba508a46",
          "schema:closes": "18:00:00",
          "schema:opens": "14:00:00",
          "schema:validFrom": "2023-10-03T00:00:00",
          "schema:validThrough": "2023-07-31T23:59:59",
          "@type": [
            "schema:OpeningHoursSpecification"
          ],
          "additionalInformation": {
            "de": [
              "Ausstellung mittwochs und samstags geöffnet. Gruppen werden nach vorheriger Anmeldung empfangen."
            ],
            "en": [
              "Exhibition open on Wednesday and Saturday. Groups are welcome by reservation."
            ],
            "it": [
              "Mostra aperta il mercoledì e il sabato. I gruppi sono benvenuti su prenotazione."
            ],
            "fr": [
              "Exposition ouverte le mercredi et le samedi. Les groupes sont accueillis sur réservation."
            ],
            "nl": [
              "Tentoonstelling geopend op woensdag en zaterdag. Groepen zijn welkom op reservering."
            ],
            "es": [
              "Exposición abierta los miércoles y sábados. Los grupos son bienvenidos previa reserva."
            ]
          },
          "hasTranslatedProperty": [
            {
              "@id": "https://data.datatourisme.fr/0857e9d9-f628-3d1d-8aef-39b7a9ed363a",
              "dc:contributor": [
                "https://api.deepl.com/v2/translate"
              ],
              "rdf:language": [
                "de"
              ],
              "rdf:predicate": [
                "additionalInformation"
              ]
            },
            {
              "@id": "https://data.datatourisme.fr/6d37e9ea-02a3-3d20-ba1a-4c5a3810e434",
              "dc:contributor": [
                "https://api.deepl.com/v2/translate"
              ],
              "rdf:language": [
                "es"
              ],
              "rdf:predicate": [
                "additionalInformation"
              ]
            },
            {
              "@id": "https://data.datatourisme.fr/b43bcb26-6ee1-3b99-b99f-1f97256722ad",
              "dc:contributor": [
                "https://api.deepl.com/v2/translate"
              ],
              "rdf:language": [
                "en"
              ],
              "rdf:predicate": [
                "additionalInformation"
              ]
            },
            {
              "@id": "https://data.datatourisme.fr/e647fbb9-e28a-3ccf-9c98-acb8a000c192",
              "dc:contributor": [
                "https://api.deepl.com/v2/translate"
              ],
              "rdf:language": [
                "nl"
              ],
              "rdf:predicate": [
                "additionalInformation"
              ]
            },
            {
              "@id": "https://data.datatourisme.fr/fc545e6d-fde2-3765-a7c3-92e050265955",
              "dc:contributor": [
                "https://api.deepl.com/v2/translate"
              ],
              "rdf:language": [
                "it"
              ],
              "rdf:predicate": [
                "additionalInformation"
              ]
            }
          ]
        }
      ],
      "@type": [
        "schema:Place",
        "Place"
      ]
    }
  ],
  "isOwnedBy": [
    {
      "@id": "https://data.datatourisme.fr/df1ed81c-2924-3bf0-aaab-557628e84eab",
      "schema:email": [
        "ca.gicquel@essonnetourisme.com",
        "d.senoalves@essonnetourisme.com"
      ],
      "schema:legalName": "Comité départemental du tourisme de l'Essonne",
      "@type": [
        "schema:Organization",
        "foaf:Agent",
        "Agent"
      ],
      "foaf:homepage": [
        "http://essonnetourisme.com/"
      ]
    }
  ],
  "lastUpdate": "2022-01-26",
  "lastUpdateDatatourisme": "2023-02-22T06:42:37.824Z"
}