{
  "@id": "https://data.datatourisme.fr/13/00a4c4a7-de85-3147-8f29-7326d0ce2455",
  "dc:identifier": "4998020",
  "@type": [
    "schema:FoodEstablishment",
    "FoodEstablishment",
    "PlaceOfInterest",
    "PointOfInterest"
  ],
  "rdfs:comment": {
    "de": [
      "Traditionelles Restaurant, das an bestimmten Tagen auch Brunch anbietet."
    ],
    "en": [
      "Traditional restaurant, also offering brunch on certain dates."
    ],
    "it": [
      "Ristorante tradizionale, che offre anche il brunch in alcune date."
    ],
    "fr": [
      "Restaurant traditionnel, proposant également des brunch à certaines dates."
    ],
    "nl": [
      "Traditioneel restaurant dat op bepaalde data ook een brunch aanbiedt."
    ],
    "es": [
      "Restaurante tradicional, que también ofrece brunch en determinadas fechas."
    ]
  },
  "rdfs:label": {
    "fr": [
      "À table"
    ]
  },
  "hasBeenCreatedBy": {
    "@id": "https://data.datatourisme.fr/13/bc573864-331a-3e42-a451-1de6f678aa83",
    "dc:identifier": "1626",
    "schema:email": [
      "abernard@ot-cergypontoise.fr",
      "accueil@ot-cergypontoise.fr",
      "cherault@ot-cergypontoise.fr",
      "cpagnoux@ot-cergypontoise.fr",
      "cpratte@ot-cergypontoise.fr",
      "mcassort@ot-cergypontoise.fr",
      "mfrancois@ot-cergypontoise.fr",
      "mroux@ot-cergypontoise.fr",
      "vvergneaux@ot-cergypontoise.fr"
    ],
    "schema:legalName": "Office de Tourisme de Cergy-Pontoise - Porte du Vexin",
    "@type": [
      "schema:Organization",
      "foaf:Agent",
      "Agent"
    ],
    "foaf:homepage": [
      "http://www.ot-cergypontoise.fr/"
    ]
  },
  "hasBeenPublishedBy": [
    {
      "@id": "https://data.datatourisme.fr/8a9feb4b-2cbd-3d2c-b507-bd6c6776b23b",
      "schema:legalName": "Apidae Tourisme Scic SA - source : Apidae Tourisme",
      "@type": [
        "schema:Organization",
        "foaf:Agent",
        "Agent"
      ],
      "foaf:homepage": [
        "https://www.apidae-tourisme.com/"
      ]
    }
  ],
  "hasContact": [
    {
      "@id": "https://data.datatourisme.fr/fd093df9-d36c-32a0-b4a8-1bb1b5f2710b",
      "schema:telephone": [
        "+33 1 34 22 04 92"
      ],
      "@type": [
        "foaf:Agent",
        "Agent"
      ],
      "foaf:homepage": [
        "http://www.atable-pontoise.fr/"
      ]
    }
  ],
  "hasDescription": [
    {
      "@id": "https://data.datatourisme.fr/7ad09c30-51be-3401-a389-9141b098f1a9",
      "@type": [
        "Description"
      ],
      "hasTranslatedProperty": [
        {
          "@id": "https://data.datatourisme.fr/2352f5b4-06f1-3603-8518-b879813e2c41",
          "dc:contributor": [
            "https://api.deepl.com/v2/translate"
          ],
          "rdf:language": [
            "nl"
          ],
          "rdf:predicate": [
            "shortDescription"
          ]
        },
        {
          "@id": "https://data.datatourisme.fr/3ef2efd9-a466-3930-867e-32cf3de382be",
          "dc:contributor": [
            "https://api.deepl.com/v2/translate"
          ],
          "rdf:language": [
            "it"
          ],
          "rdf:predicate": [
            "shortDescription"
          ]
        },
        {
          "@id": "https://data.datatourisme.fr/5ef7571e-8476-3754-8deb-f52f7a20c84e",
          "dc:contributor": [
            "https://api.deepl.com/v2/translate"
          ],
          "rdf:language": [
            "en"
          ],
          "rdf:predicate": [
            "shortDescription"
          ]
        },
        {
          "@id": "https://data.datatourisme.fr/7ec46636-b04f-3569-9cc5-564360f0a731",
          "dc:contributor": [
            "https://api.deepl.com/v2/translate"
          ],
          "rdf:language": [
            "de"
          ],
          "rdf:predicate": [
            "shortDescription"
          ]
        },
        {
          "@id": "https://data.datatourisme.fr/939ce71b-b55f-3c2f-94cd-2e076c9d9f33",
          "dc:contributor": [
            "https://api.deepl.com/v2/translate"
          ],
          "rdf:language": [
            "es"
          ],
          "rdf:predicate": [
            "shortDescription"
          ]
        }
      ],
      "shortDescription": {
        "de": [
          "Traditionelles Restaurant, das an bestimmten Tagen auch Brunch anbietet."
        ],
        "en": [
          "Traditional restaurant, also offering brunch on certain dates."
        ],
        "it": [
          "Ristorante tradizionale, che offre anche il brunch in alcune date."
        ],
        "fr": [
          "Restaurant traditionnel, proposant également des brunch à certaines dates."
        ],
        "nl": [
          "Traditioneel restaurant dat op bepaalde data ook een brunch aanbiedt."
        ],
        "es": [
          "Restaurante tradicional, que también ofrece brunch en determinadas fechas."
        ]
      }
    }
  ],
  "hasTranslatedProperty": [
    {
      "@id": "https://data.datatourisme.fr/0abdb7de-7529-306e-9154-47161e1c12d4",
      "dc:contributor": [
        "https://api.deepl.com/v2/translate"
      ],
      "rdf:language": [
        "es"
      ],
      "rdf:predicate": [
        {
          "@id": "rdfs:comment"
        }
      ]
    },
    {
      "@id": "https://data.datatourisme.fr/1589e8d4-5562-3380-a0a1-3230c90d1e6a",
      "dc:contributor": [
        "https://api.deepl.com/v2/translate"
      ],
      "rdf:language": [
        "it"
      ],
      "rdf:predicate": [
        {
          "@id": "rdfs:comment"
        }
      ]
    },
    {
      "@id": "https://data.datatourisme.fr/36f34aad-8ac6-3100-9330-8014be6549b9",
      "dc:contributor": [
        "https://api.deepl.com/v2/translate"
      ],
      "rdf:language": [
        "nl"
      ],
      "rdf:predicate": [
        {
          "@id": "rdfs:comment"
        }
      ]
    },
    {
      "@id": "https://data.datatourisme.fr/40d445e8-1344-3ef2-901e-247b4b4ee196",
      "dc:contributor": [
        "https://api.deepl.com/v2/translate"
      ],
      "rdf:language": [
        "de"
      ],
      "rdf:predicate": [
        {
          "@id": "rdfs:comment"
        }
      ]
    },
    {
      "@id": "https://data.datatourisme.fr/d71959f2-9610-32ee-b713-eddc55b532be",
      "dc:contributor": [
        "https://api.deepl.com/v2/translate"
      ],
      "rdf:language": [
        "en"
      ],
      "rdf:predicate": [
        {
          "@id": "rdfs:comment"
        }
      ]
    }
  ],
  "isLocatedAt": [
    {
      "@id": "https://data.datatourisme.fr/c2c05fee-3b39-3a41-839b-7dfb0169fdae",
      "schema:address": [
        {
          "@id": "https://data.datatourisme.fr/f9e268f8-b1a9-373f-917a-3d44ed4cd6ab",
          "schema:addressLocality": "Pontoise",
          "schema:postalCode": "95300",
          "schema:streetAddress": [
            "6, rue victor hugo"
          ],
          "@type": [
            "schema:PostalAddress",
            "PostalAddress"
          ],
          "hasAddressCity": {
            "@id": "kb:95500",
            "@type": [
              "City"
            ],
            "rdfs:label": {
              "de": [
                "Pontoise"
              ],
              "pt": [
                "Pontoise"
              ],
              "en": [
                "Pontoise"
              ],
              "it": [
                "Pontoise"
              ],
              "fr": [
                "Pontoise"
              ],
              "nl": [
                "Pontoise"
              ],
              "es": [
                "Pontoise"
              ]
            },
            "insee": "95500",
            "isPartOfDepartment": {
              "@id": "kb:France1195",
              "@type": [
                "Department"
              ],
              "rdfs:label": {
                "de": [
                  "Val-d'Oise"
                ],
                "pt": [
                  "Val-d'Oise"
                ],
                "en": [
                  "Val-d'Oise"
                ],
                "it": [
                  "Val-d'Oise"
                ],
                "fr": [
                  "Val-d'Oise"
                ],
                "nl": [
                  "Val-d'Oise"
                ],
                "es": [
                  "Val-d'Oise"
                ]
              },
              "insee": "95",
              "isPartOfRegion": {
                "@id": "kb:France11",
                "@type": [
                  "Region"
                ],
                "rdfs:label": {
                  "de": [
                    "Île-de-France"
                  ],
                  "pt": [
                    "Île-de-France"
                  ],
                  "en": [
                    "Île-de-France"
                  ],
                  "it": [
                    "Île-de-France"
                  ],
                  "fr": [
                    "Île-de-France"
                  ],
                  "nl": [
                    "Île-de-France"
                  ],
                  "es": [
                    "Île-de-France"
                  ]
                },
                "insee": "11",
                "isPartOfCountry": {
                  "@id": "kb:France",
                  "@type": [
                    "schema:Country"
                  ],
                  "rdfs:label": {
                    "de": [
                      "France",
                      "Frankreich"
                    ],
                    "pt": [
                      "França",
                      "France"
                    ],
                    "en": [
                      "France"
                    ],
                    "it": [
                      "France",
                      "Francia"
                    ],
                    "fr": [
                      "France"
                    ],
                    "nl": [
                      "France",
                      "Frankrijk"
                    ],
                    "es": [
                      "France",
                      "Francia"
                    ]
                  }
                }
              }
            }
          }
        }
      ],
      "schema:geo": {
        "@id": "https://data.datatourisme.fr/60faa096-4bf3-35b6-871e-16a215aeb4bd",
        "schema:latitude": "49.052215",
        "schema:longitude": "2.100929",
        "@type": [
          "schema:GeoCoordinates"
        ]
      },
      "schema:openingHoursSpecification": [
        {
          "@id": "https://data.datatourisme.fr/782050ce-ee05-31aa-bc04-360d2fddc180",
          "schema:closes": "16:00:00",
          "schema:opens": "08:00:00",
          "schema:validFrom": "2023-01-01T00:00:00",
          "schema:validThrough": "2023-12-31T23:59:59",
          "@type": [
            "schema:OpeningHoursSpecification"
          ],
          "additionalInformation": {
            "de": [
              "Freitag Schließung um 22 Uhr\r\nSonntag geöffnet von 12:00 bis 15:00 Uhr"
            ],
            "en": [
              "Friday closing at 10:00 p.m\r\nSunday open from 12 noon to 3 p.m"
            ],
            "it": [
              "Il venerdì chiude alle 22:00\r\nDomenica aperto dalle 12.00 alle 15.00"
            ],
            "fr": [
              "Vendredi fermeture à 22 h\r\nDimanche ouvert de 12 h à 15 h"
            ],
            "nl": [
              "Vrijdag sluit om 22.00 uur\r\nZondag open van 12 tot 15 uur"
            ],
            "es": [
              "El viernes se cierra a las 22:00 horas\r\nDomingo abierto de 12 a 15 horas"
            ]
          },
          "hasTranslatedProperty": [
            {
              "@id": "https://data.datatourisme.fr/028f6149-2e22-33d4-b229-d9d46d2bcef9",
              "dc:contributor": [
                "https://api.deepl.com/v2/translate"
              ],
              "rdf:language": [
                "en"
              ],
              "rdf:predicate": [
                "additionalInformation"
              ]
            },
            {
              "@id": "https://data.datatourisme.fr/781a0c0d-f37b-371e-8a6a-08f5bad5127a",
              "dc:contributor": [
                "https://api.deepl.com/v2/translate"
              ],
              "rdf:language": [
                "nl"
              ],
              "rdf:predicate": [
                "additionalInformation"
              ]
            },
            {
              "@id": "https://data.datatourisme.fr/a898aae5-c60b-34c8-b127-cff41bf51cdb",
              "dc:contributor": [
                "https://api.deepl.com/v2/translate"
              ],
              "rdf:language": [
                "es"
              ],
              "rdf:predicate": [
                "additionalInformation"
              ]
            },
            {
              "@id": "https://data.datatourisme.fr/becbf40d-336a-3421-9f4c-312d0be8b008",
              "dc:contributor": [
                "https://api.deepl.com/v2/translate"
              ],
              "rdf:language": [
                "it"
              ],
              "rdf:predicate": [
                "additionalInformation"
              ]
            },
            {
              "@id": "https://data.datatourisme.fr/c7296dc6-0027-3ca8-8821-1c207d4d4935",
              "dc:contributor": [
                "https://api.deepl.com/v2/translate"
              ],
              "rdf:language": [
                "de"
              ],
              "rdf:predicate": [
                "additionalInformation"
              ]
            }
          ]
        }
      ],
      "@type": [
        "schema:Place",
        "Place"
      ]
    }
  ],
  "isOwnedBy": [
    {
      "@id": "https://data.datatourisme.fr/38525452-e91f-39bb-947a-49cf6c966b75",
      "schema:email": [
        "abernard@ot-cergypontoise.fr",
        "accueil@ot-cergypontoise.fr",
        "cherault@ot-cergypontoise.fr",
        "cpagnoux@ot-cergypontoise.fr",
        "cpratte@ot-cergypontoise.fr",
        "mcassort@ot-cergypontoise.fr",
        "mfrancois@ot-cergypontoise.fr",
        "mroux@ot-cergypontoise.fr",
        "vvergneaux@ot-cergypontoise.fr"
      ],
      "schema:legalName": "Office de Tourisme de Cergy-Pontoise - Porte du Vexin",
      "@type": [
        "schema:Organization",
        "foaf:Agent",
        "Agent"
      ],
      "foaf:homepage": [
        "http://www.ot-cergypontoise.fr/"
      ]
    }
  ],
  "lastUpdate": "2020-05-26",
  "lastUpdateDatatourisme": "2023-02-01T18:07:36.038Z"
}