{
  "@id": "https://data.datatourisme.fr/13/009445f0-8498-372e-8e33-f37266dec001",
  "dc:identifier": "6353729",
  "schema:endDate": [
    "2023-06-06"
  ],
  "schema:startDate": [
    "2023-06-06"
  ],
  "@type": [
    "schema:Event",
    "schema:MusicEvent",
    "Concert",
    "CulturalEvent",
    "EntertainmentAndEvent",
    "PointOfInterest"
  ],
  "rdfs:comment": {
    "de": [
      "Julien Chauvin und sein Ensemble präsentieren Haydns \"Die Schöpfung\", das als Meisterwerk des Wiener Komponisten des 18. Jahrhunderts gilt! Die Schöpfung des Universums wird uns von den drei Engeln erzählt, vom anfänglichen Chaos bis zur Erschaffung des Menschen."
    ],
    "en": [
      "This is THE masterpiece by Haydn ! The Creation of the universe is told by the three angels from the initial Chaos to the creation of Man."
    ],
    "it": [
      "Julien Chauvin e il suo ensemble presentano la \"Creazione\" di Haydn, considerata il capolavoro del compositore viennese del XVIII secolo! La creazione dell'universo ci viene raccontata dai tre angeli, dal Caos iniziale alla creazione dell'uomo."
    ],
    "fr": [
      "Julien Chauvin et son ensemble présente \"La création\" de Haydn, considéré comme le chef d’œuvre du compositeur viennois du 18ème siècle ! La Création de l’univers nous est racontée par les 3 anges depuis le Chaos initial jusqu’à la création de l’Homme."
    ],
    "nl": [
      "Julien Chauvin en zijn ensemble presenteren Haydn's \"Creation\", beschouwd als het meesterwerk van de 18e eeuwse Weense componist! De schepping van het heelal wordt ons verteld door de drie engelen, van de aanvankelijke Chaos tot de schepping van de mens."
    ],
    "es": [
      "Esta es LA obra maestra de Haydn. Los tres ángeles narran la Creación del universo desde el Caos inicial hasta la creación del Hombre."
    ]
  },
  "rdfs:label": {
    "en": [
      "Saint-Denis Festival - Concert - Haydn, Creation"
    ],
    "fr": [
      "Festival de Saint-Denis - Concert - Haydn, La création"
    ],
    "es": [
      "Festival de Saint-Denis - Concierto - Haydn, Creación"
    ]
  },
  "hasBeenCreatedBy": {
    "@id": "https://data.datatourisme.fr/13/298923c8-1900-35e9-9288-b430794814c4",
    "dc:identifier": "1015",
    "schema:email": [
      "jt.charbonnier@plainecommunetourisme.com",
      "s.vallier@plainecommunetourisme.com",
      "webmarketer@plainecommunetourisme.com"
    ],
    "schema:legalName": "Office de Tourisme Plaine commune grand Paris",
    "@type": [
      "schema:Organization",
      "foaf:Agent",
      "Agent"
    ],
    "foaf:homepage": [
      "https://www.tourisme-plainecommune-paris.com/"
    ]
  },
  "hasBeenPublishedBy": [
    {
      "@id": "https://data.datatourisme.fr/8a9feb4b-2cbd-3d2c-b507-bd6c6776b23b",
      "schema:legalName": "Apidae Tourisme Scic SA - source : Apidae Tourisme",
      "@type": [
        "schema:Organization",
        "foaf:Agent",
        "Agent"
      ],
      "foaf:homepage": [
        "https://www.apidae-tourisme.com/"
      ]
    }
  ],
  "hasContact": [
    {
      "@id": "https://data.datatourisme.fr/68e7f47b-384b-34a2-973b-a85c358e11a5",
      "schema:telephone": [
        "+33 1 48 13 06 07"
      ],
      "@type": [
        "foaf:Agent",
        "Agent"
      ],
      "foaf:homepage": [
        "http://festival-saint-denis.com/concert/230606_haydn-la-creation/"
      ]
    }
  ],
  "hasDescription": [
    {
      "@id": "https://data.datatourisme.fr/cb81558e-9ee3-3ec9-9d05-baa4c5aeea96",
      "@type": [
        "Description"
      ],
      "hasTranslatedProperty": [
        {
          "@id": "https://data.datatourisme.fr/6ab69cba-e27c-3dd5-8f9a-7b57b0d32ebc",
          "dc:contributor": [
            "https://api.deepl.com/v2/translate"
          ],
          "rdf:language": [
            "de"
          ],
          "rdf:predicate": [
            "shortDescription"
          ]
        },
        {
          "@id": "https://data.datatourisme.fr/9f4a451f-d0c8-35fe-a3ed-7a8c2791fab1",
          "dc:contributor": [
            "https://api.deepl.com/v2/translate"
          ],
          "rdf:language": [
            "nl"
          ],
          "rdf:predicate": [
            "shortDescription"
          ]
        },
        {
          "@id": "https://data.datatourisme.fr/b6b95b5b-a8f0-310a-9988-19a7cd1ea516",
          "dc:contributor": [
            "https://api.deepl.com/v2/translate"
          ],
          "rdf:language": [
            "it"
          ],
          "rdf:predicate": [
            "shortDescription"
          ]
        }
      ],
      "shortDescription": {
        "de": [
          "Julien Chauvin und sein Ensemble präsentieren Haydns \"Die Schöpfung\", das als Meisterwerk des Wiener Komponisten des 18. Jahrhunderts gilt! Die Schöpfung des Universums wird uns von den drei Engeln erzählt, vom anfänglichen Chaos bis zur Erschaffung des Menschen."
        ],
        "en": [
          "This is THE masterpiece by Haydn ! The Creation of the universe is told by the three angels from the initial Chaos to the creation of Man."
        ],
        "it": [
          "Julien Chauvin e il suo ensemble presentano la \"Creazione\" di Haydn, considerata il capolavoro del compositore viennese del XVIII secolo! La creazione dell'universo ci viene raccontata dai tre angeli, dal Caos iniziale alla creazione dell'uomo."
        ],
        "fr": [
          "Julien Chauvin et son ensemble présente \"La création\" de Haydn, considéré comme le chef d’œuvre du compositeur viennois du 18ème siècle ! La Création de l’univers nous est racontée par les 3 anges depuis le Chaos initial jusqu’à la création de l’Homme."
        ],
        "nl": [
          "Julien Chauvin en zijn ensemble presenteren Haydn's \"Creation\", beschouwd als het meesterwerk van de 18e eeuwse Weense componist! De schepping van het heelal wordt ons verteld door de drie engelen, van de aanvankelijke Chaos tot de schepping van de mens."
        ],
        "es": [
          "Esta es LA obra maestra de Haydn. Los tres ángeles narran la Creación del universo desde el Caos inicial hasta la creación del Hombre."
        ]
      }
    }
  ],
  "hasTranslatedProperty": [
    {
      "@id": "https://data.datatourisme.fr/3ea24cd5-4892-311f-8f96-62fe7b98c21e",
      "dc:contributor": [
        "https://api.deepl.com/v2/translate"
      ],
      "rdf:language": [
        "de"
      ],
      "rdf:predicate": [
        {
          "@id": "rdfs:comment"
        }
      ]
    },
    {
      "@id": "https://data.datatourisme.fr/d4196d19-cb13-355c-a85a-21ed732e92ee",
      "dc:contributor": [
        "https://api.deepl.com/v2/translate"
      ],
      "rdf:language": [
        "it"
      ],
      "rdf:predicate": [
        {
          "@id": "rdfs:comment"
        }
      ]
    },
    {
      "@id": "https://data.datatourisme.fr/ddd0d8a6-0049-3da8-a561-d29706d1d411",
      "dc:contributor": [
        "https://api.deepl.com/v2/translate"
      ],
      "rdf:language": [
        "nl"
      ],
      "rdf:predicate": [
        {
          "@id": "rdfs:comment"
        }
      ]
    }
  ],
  "isLocatedAt": [
    {
      "@id": "https://data.datatourisme.fr/7280d967-d65a-3df2-a42d-cd6249eaa95c",
      "schema:address": [
        {
          "@id": "https://data.datatourisme.fr/75f5abf4-7765-3a22-90eb-1e43d44ddb96",
          "schema:addressLocality": "Saint-Denis",
          "schema:postalCode": "93200",
          "schema:streetAddress": [
            "1 rue de la Légion d'Honneur",
            "Basilique cathédrale de Saint-Denis"
          ],
          "@type": [
            "schema:PostalAddress",
            "PostalAddress"
          ],
          "hasAddressCity": {
            "@id": "kb:93066",
            "@type": [
              "City"
            ],
            "rdfs:label": {
              "de": [
                "Saint-Denis"
              ],
              "pt": [
                "Saint-Denis"
              ],
              "en": [
                "Saint-Denis"
              ],
              "it": [
                "Saint-Denis"
              ],
              "fr": [
                "Saint-Denis"
              ],
              "nl": [
                "Saint-Denis"
              ],
              "es": [
                "Saint-Denis"
              ]
            },
            "insee": "93066",
            "isPartOfDepartment": {
              "@id": "kb:France1193",
              "@type": [
                "Department"
              ],
              "rdfs:label": {
                "de": [
                  "Seine-Saint-Denis"
                ],
                "pt": [
                  "Seine-Saint-Denis"
                ],
                "en": [
                  "Seine-Saint-Denis"
                ],
                "it": [
                  "Seine-Saint-Denis"
                ],
                "fr": [
                  "Seine-Saint-Denis"
                ],
                "nl": [
                  "Seine-Saint-Denis"
                ],
                "es": [
                  "Seine-Saint-Denis"
                ]
              },
              "insee": "93",
              "isPartOfRegion": {
                "@id": "kb:France11",
                "@type": [
                  "Region"
                ],
                "rdfs:label": {
                  "de": [
                    "Île-de-France"
                  ],
                  "pt": [
                    "Île-de-France"
                  ],
                  "en": [
                    "Île-de-France"
                  ],
                  "it": [
                    "Île-de-France"
                  ],
                  "fr": [
                    "Île-de-France"
                  ],
                  "nl": [
                    "Île-de-France"
                  ],
                  "es": [
                    "Île-de-France"
                  ]
                },
                "insee": "11",
                "isPartOfCountry": {
                  "@id": "kb:France",
                  "@type": [
                    "schema:Country"
                  ],
                  "rdfs:label": {
                    "de": [
                      "France",
                      "Frankreich"
                    ],
                    "pt": [
                      "França",
                      "France"
                    ],
                    "en": [
                      "France"
                    ],
                    "it": [
                      "France",
                      "Francia"
                    ],
                    "fr": [
                      "France"
                    ],
                    "nl": [
                      "France",
                      "Frankrijk"
                    ],
                    "es": [
                      "France",
                      "Francia"
                    ]
                  }
                }
              }
            }
          }
        }
      ],
      "schema:geo": {
        "@id": "https://data.datatourisme.fr/3f7c9203-bce4-3ae3-9ad0-7a2738545f63",
        "schema:latitude": "48.935499",
        "schema:longitude": "2.359854",
        "@type": [
          "schema:GeoCoordinates"
        ]
      },
      "schema:openingHoursSpecification": [
        {
          "@id": "https://data.datatourisme.fr/9d3520fb-e6f3-38c6-b463-5718f3ce1ba0",
          "schema:opens": "20:30:00",
          "schema:validFrom": "2023-06-06T00:00:00",
          "schema:validThrough": "2023-06-06T23:59:59",
          "@type": [
            "schema:OpeningHoursSpecification"
          ]
        }
      ],
      "@type": [
        "schema:Place",
        "Place"
      ]
    }
  ],
  "isOwnedBy": [
    {
      "@id": "https://data.datatourisme.fr/0d295593-2e92-3cc3-8700-156dfc8eed88",
      "schema:email": [
        "jt.charbonnier@plainecommunetourisme.com",
        "s.vallier@plainecommunetourisme.com",
        "webmarketer@plainecommunetourisme.com"
      ],
      "schema:legalName": "Office de Tourisme Plaine commune grand Paris",
      "@type": [
        "schema:Organization",
        "foaf:Agent",
        "Agent"
      ],
      "foaf:homepage": [
        "https://www.tourisme-plainecommune-paris.com/"
      ]
    }
  ],
  "lastUpdate": "2022-12-20",
  "lastUpdateDatatourisme": "2023-05-30T05:49:20.326Z",
  "offers": [
    {
      "@id": "https://data.datatourisme.fr/394f0fb6-0b77-3c51-82a0-0fe95da5c460",
      "schema:priceSpecification": [
        {
          "@id": "https://data.datatourisme.fr/9599385e-921f-312a-9e88-2f923e0b7472",
          "schema:maxPrice": [
            "32"
          ],
          "schema:minPrice": [
            "20",
            "55"
          ],
          "schema:priceCurrency": "EUR",
          "@type": [
            "schema:PriceSpecification",
            "PriceSpecification"
          ],
          "appliesOnPeriod": [
            {
              "@id": "https://data.datatourisme.fr/0be0147c-1975-3879-982e-899eb3b109fa",
              "@type": [
                "Period"
              ],
              "endDate": "2023-06-06",
              "startDate": "2023-06-06"
            }
          ]
        }
      ],
      "@type": [
        "schema:Offer",
        "Offer"
      ]
    }
  ],
  "takesPlaceAt": [
    {
      "@id": "https://data.datatourisme.fr/f7fdc849-5a53-3eb1-a739-9fea8ab9e7de",
      "@type": [
        "Period"
      ],
      "endDate": "2023-06-06",
      "startDate": "2023-06-06",
      "startTime": "20:30:00"
    }
  ]
}