{
  "@id": "https://data.datatourisme.fr/13/00f54ba3-c5aa-33ec-8bcc-b33f33715003",
  "dc:identifier": "4940651",
  "@type": [
    "schema:FoodEstablishment",
    "FoodEstablishment",
    "PlaceOfInterest",
    "PointOfInterest"
  ],
  "rdfs:comment": {
    "de": [
      "McDonald's Frankreich ist seit 1979 in Frankreich vertreten und hat heute über 1380 Restaurants, eines davon befindet sich in Sartrouville."
    ],
    "en": [
      "Established in France since 1979, McDonald's France now has more than 1380 restaurants, one of which is in Sartrouville."
    ],
    "it": [
      "Presente in Francia dal 1979, McDonald's Francia conta oggi più di 1.380 ristoranti, uno dei quali si trova a Sartrouville."
    ],
    "fr": [
      "Implanté en France depuis 1979, McDonald's France compte aujourd'hui plus de 1380 restaurants et l'un d'entre eux est à Sartrouville."
    ],
    "nl": [
      "McDonald's Frankrijk is sinds 1979 in Frankrijk gevestigd en heeft nu meer dan 1.380 restaurants, waarvan één in Sartrouville."
    ],
    "es": [
      "Establecido en Francia desde 1979, McDonald's Francia cuenta actualmente con más de 1.380 restaurantes, uno de ellos en Sartrouville."
    ]
  },
  "rdfs:label": {
    "fr": [
      "McDonald's"
    ]
  },
  "hasBeenCreatedBy": {
    "@id": "https://data.datatourisme.fr/13/1baff70e-2669-3837-a347-efd3a874a341",
    "dc:identifier": "1489",
    "schema:email": [
      "emilie.prai@saintgermainenlaye.fr",
      "emilie.rochat@seine-saintgermain.fr",
      "melissa.moreau@saintgermainenlaye.fr"
    ],
    "schema:legalName": "Office de Tourisme Intercommunal de Saint Germain Boucles de Seine",
    "@type": [
      "schema:Organization",
      "foaf:Agent",
      "Agent"
    ],
    "foaf:homepage": [
      "http://www.reservation.seine-saintgermain.fr/"
    ]
  },
  "hasBeenPublishedBy": [
    {
      "@id": "https://data.datatourisme.fr/8a9feb4b-2cbd-3d2c-b507-bd6c6776b23b",
      "schema:legalName": "Apidae Tourisme Scic SA - source : Apidae Tourisme",
      "@type": [
        "schema:Organization",
        "foaf:Agent",
        "Agent"
      ],
      "foaf:homepage": [
        "https://www.apidae-tourisme.com/"
      ]
    }
  ],
  "hasContact": [
    {
      "@id": "https://data.datatourisme.fr/ae60a776-aa4c-3643-b2f4-f87450fc0638",
      "schema:telephone": [
        "+33 1 39 68 14 14"
      ],
      "@type": [
        "foaf:Agent",
        "Agent"
      ],
      "foaf:homepage": [
        "https://www.restaurants.mcdonalds.fr/mcdonalds-sartrouville"
      ]
    }
  ],
  "hasDescription": [
    {
      "@id": "https://data.datatourisme.fr/a6526462-cab1-3546-81ed-3ba6ae00046e",
      "@type": [
        "Description"
      ],
      "hasTranslatedProperty": [
        {
          "@id": "https://data.datatourisme.fr/0a475bb0-7ee8-3b3f-b14a-ef74d2514559",
          "dc:contributor": [
            "https://api.deepl.com/v2/translate"
          ],
          "rdf:language": [
            "nl"
          ],
          "rdf:predicate": [
            "shortDescription"
          ]
        },
        {
          "@id": "https://data.datatourisme.fr/32e67eba-d6bc-3700-9877-fedbe1121da2",
          "dc:contributor": [
            "https://api.deepl.com/v2/translate"
          ],
          "rdf:language": [
            "en"
          ],
          "rdf:predicate": [
            "shortDescription"
          ]
        },
        {
          "@id": "https://data.datatourisme.fr/5186ca64-640b-3eb9-8826-366cbf54941a",
          "dc:contributor": [
            "https://api.deepl.com/v2/translate"
          ],
          "rdf:language": [
            "de"
          ],
          "rdf:predicate": [
            "shortDescription"
          ]
        },
        {
          "@id": "https://data.datatourisme.fr/58f66865-1304-3950-93b2-b1d23ea38ab6",
          "dc:contributor": [
            "https://api.deepl.com/v2/translate"
          ],
          "rdf:language": [
            "es"
          ],
          "rdf:predicate": [
            "shortDescription"
          ]
        },
        {
          "@id": "https://data.datatourisme.fr/b133670a-7831-3b37-8734-faac609d1796",
          "dc:contributor": [
            "https://api.deepl.com/v2/translate"
          ],
          "rdf:language": [
            "it"
          ],
          "rdf:predicate": [
            "shortDescription"
          ]
        }
      ],
      "shortDescription": {
        "de": [
          "McDonald's Frankreich ist seit 1979 in Frankreich vertreten und hat heute über 1380 Restaurants, eines davon befindet sich in Sartrouville."
        ],
        "en": [
          "Established in France since 1979, McDonald's France now has more than 1380 restaurants, one of which is in Sartrouville."
        ],
        "it": [
          "Presente in Francia dal 1979, McDonald's Francia conta oggi più di 1.380 ristoranti, uno dei quali si trova a Sartrouville."
        ],
        "fr": [
          "Implanté en France depuis 1979, McDonald's France compte aujourd'hui plus de 1380 restaurants et l'un d'entre eux est à Sartrouville."
        ],
        "nl": [
          "McDonald's Frankrijk is sinds 1979 in Frankrijk gevestigd en heeft nu meer dan 1.380 restaurants, waarvan één in Sartrouville."
        ],
        "es": [
          "Establecido en Francia desde 1979, McDonald's Francia cuenta actualmente con más de 1.380 restaurantes, uno de ellos en Sartrouville."
        ]
      }
    }
  ],
  "hasTranslatedProperty": [
    {
      "@id": "https://data.datatourisme.fr/445df7d3-f3ab-3f2c-8122-f27e9043e765",
      "dc:contributor": [
        "https://api.deepl.com/v2/translate"
      ],
      "rdf:language": [
        "nl"
      ],
      "rdf:predicate": [
        {
          "@id": "rdfs:comment"
        }
      ]
    },
    {
      "@id": "https://data.datatourisme.fr/53d22fd5-b78b-3222-8731-a234726ee4d8",
      "dc:contributor": [
        "https://api.deepl.com/v2/translate"
      ],
      "rdf:language": [
        "es"
      ],
      "rdf:predicate": [
        {
          "@id": "rdfs:comment"
        }
      ]
    },
    {
      "@id": "https://data.datatourisme.fr/5c62c5f2-2b5c-33cb-9ecd-8dbf66d76e76",
      "dc:contributor": [
        "https://api.deepl.com/v2/translate"
      ],
      "rdf:language": [
        "it"
      ],
      "rdf:predicate": [
        {
          "@id": "rdfs:comment"
        }
      ]
    },
    {
      "@id": "https://data.datatourisme.fr/863e02fb-9221-36dd-a02d-382a67bf055b",
      "dc:contributor": [
        "https://api.deepl.com/v2/translate"
      ],
      "rdf:language": [
        "en"
      ],
      "rdf:predicate": [
        {
          "@id": "rdfs:comment"
        }
      ]
    },
    {
      "@id": "https://data.datatourisme.fr/f3d60630-0ac0-3ea2-b8bd-d4607ff376c8",
      "dc:contributor": [
        "https://api.deepl.com/v2/translate"
      ],
      "rdf:language": [
        "de"
      ],
      "rdf:predicate": [
        {
          "@id": "rdfs:comment"
        }
      ]
    }
  ],
  "isLocatedAt": [
    {
      "@id": "https://data.datatourisme.fr/a7db534c-c1c0-31dc-b246-d120cdee9e74",
      "schema:address": [
        {
          "@id": "https://data.datatourisme.fr/a87635b7-e3b4-3014-8903-fca6ce1a2408",
          "schema:addressLocality": "Sartrouville",
          "schema:postalCode": "78500",
          "schema:streetAddress": [
            "Angle Avenue Maurice Berteaux et Rue de la Convention"
          ],
          "@type": [
            "schema:PostalAddress",
            "PostalAddress"
          ],
          "hasAddressCity": {
            "@id": "kb:78586",
            "@type": [
              "City"
            ],
            "rdfs:label": {
              "de": [
                "Sartrouville"
              ],
              "pt": [
                "Sartrouville"
              ],
              "en": [
                "Sartrouville"
              ],
              "it": [
                "Sartrouville"
              ],
              "fr": [
                "Sartrouville"
              ],
              "nl": [
                "Sartrouville"
              ],
              "es": [
                "Sartrouville"
              ]
            },
            "insee": "78586",
            "isPartOfDepartment": {
              "@id": "kb:France1178",
              "@type": [
                "Department"
              ],
              "rdfs:label": {
                "de": [
                  "Yvelines"
                ],
                "pt": [
                  "Yvelines"
                ],
                "en": [
                  "Yvelines"
                ],
                "it": [
                  "Yvelines"
                ],
                "fr": [
                  "Yvelines"
                ],
                "nl": [
                  "Yvelines"
                ],
                "es": [
                  "Yvelines"
                ]
              },
              "insee": "78",
              "isPartOfRegion": {
                "@id": "kb:France11",
                "@type": [
                  "Region"
                ],
                "rdfs:label": {
                  "de": [
                    "Île-de-France"
                  ],
                  "pt": [
                    "Île-de-France"
                  ],
                  "en": [
                    "Île-de-France"
                  ],
                  "it": [
                    "Île-de-France"
                  ],
                  "fr": [
                    "Île-de-France"
                  ],
                  "nl": [
                    "Île-de-France"
                  ],
                  "es": [
                    "Île-de-France"
                  ]
                },
                "insee": "11",
                "isPartOfCountry": {
                  "@id": "kb:France",
                  "@type": [
                    "schema:Country"
                  ],
                  "rdfs:label": {
                    "de": [
                      "France",
                      "Frankreich"
                    ],
                    "pt": [
                      "França",
                      "France"
                    ],
                    "en": [
                      "France"
                    ],
                    "it": [
                      "France",
                      "Francia"
                    ],
                    "fr": [
                      "France"
                    ],
                    "nl": [
                      "France",
                      "Frankrijk"
                    ],
                    "es": [
                      "France",
                      "Francia"
                    ]
                  }
                }
              }
            }
          }
        }
      ],
      "schema:geo": {
        "@id": "https://data.datatourisme.fr/1b363492-2bb9-3a69-b336-8cd27eb39e11",
        "schema:latitude": "48.93809",
        "schema:longitude": "2.170748",
        "@type": [
          "schema:GeoCoordinates"
        ]
      },
      "schema:openingHoursSpecification": [
        {
          "@id": "https://data.datatourisme.fr/fd5df817-627e-3371-9d72-c54839b3b322",
          "schema:closes": "21:00:00",
          "schema:opens": "11:00:00",
          "schema:validFrom": "2023-01-01T00:00:00",
          "schema:validThrough": "2023-12-31T23:59:59",
          "@type": [
            "schema:OpeningHoursSpecification"
          ]
        }
      ],
      "@type": [
        "schema:Place",
        "Place"
      ]
    }
  ],
  "isOwnedBy": [
    {
      "@id": "https://data.datatourisme.fr/73484530-94e0-3b9c-86da-e2ddfa7df7ed",
      "schema:email": [
        "emilie.prai@saintgermainenlaye.fr",
        "emilie.rochat@seine-saintgermain.fr",
        "melissa.moreau@saintgermainenlaye.fr"
      ],
      "schema:legalName": "Office de Tourisme Intercommunal de Saint Germain Boucles de Seine",
      "@type": [
        "schema:Organization",
        "foaf:Agent",
        "Agent"
      ],
      "foaf:homepage": [
        "http://www.reservation.seine-saintgermain.fr/"
      ]
    }
  ],
  "lastUpdate": "2020-10-08",
  "lastUpdateDatatourisme": "2023-02-01T18:07:35.975Z"
}