{
  "@id": "https://data.datatourisme.fr/13/17d6405e-ee57-3ce9-b6d3-e63a86136ce8",
  "dc:identifier": "4650050",
  "@type": [
    "schema:LocalBusiness",
    "ArtGalleryOrExhibitionGallery",
    "PlaceOfInterest",
    "PointOfInterest",
    "SportsAndLeisurePlace",
    "Store"
  ],
  "rdfs:comment": {
    "de": [
      "Nach zahlreichen Ausstellungen in Frankreich und im Ausland ließ sie sich 1989 in Barbizon nieder.\r\nDort restaurierte sie ein Anwesen aus dem 18. Jahrhundert und ein Künstleratelier aus dem 19. Jahrhundert, wobei sie von Pierre Barbe, einem Mitschüler von Le Corbusier, unterstützt wurde."
    ],
    "en": [
      "Erika Gagé was born in Germany and started her career in Paris (Gallery Diana, place Vendôme). She has regularly participated in exhibitions in the Grand-Palais. She has shown her works throughout France and abroad and gained international recognition by wining numerous awards, among them the Grand Prix of the International Salon in Barbizon in 1977."
    ],
    "it": [
      "Dopo numerose mostre in Francia e all'estero, nel 1989 si stabilisce a Barbizon.\r\nLì ha restaurato una proprietà del XVIII secolo e uno studio d'artista del XIX secolo, con l'aiuto di Pierre Barbe, compagno di studi di Le Corbusier."
    ],
    "fr": [
      "Après avoir fait de nombreuses expositions en France et à l’étranger, elle s’installe à Barbizon en 1989.\r\nElle y restaure une propriété datée du 18ème et un atelier d’artiste daté du 19ème siècle, aidée par Pierre Barbe condisciple de Le Corbusier."
    ],
    "es": [
      "Tras numerosas exposiciones en Francia y en el extranjero, se instaló en Barbizon en 1989.\r\nAllí restauró una propiedad del siglo XVIII y un estudio de artista del siglo XIX, con la ayuda de Pierre Barbe, compañero de estudios de Le Corbusier."
    ],
    "nl": [
      "Na talrijke tentoonstellingen in Frankrijk en in het buitenland vestigde zij zich in 1989 in Barbizon.\r\nDaar restaureerde ze een 18e eeuws pand en een 19e eeuws kunstenaarsatelier, met de hulp van Pierre Barbe, een medestudent van Le Corbusier."
    ]
  },
  "rdfs:label": {
    "en": [
      "Erika Gagé Studio & Gallery"
    ],
    "fr": [
      "Au jardin des arts - Erika Gagé"
    ]
  },
  "hasBeenCreatedBy": {
    "@id": "https://data.datatourisme.fr/13/a2137a2a-e8e3-3b50-82a3-f8909ecb88fe",
    "dc:identifier": "1065",
    "schema:email": [
      "celine@fontainebleau-tourisme.com",
      "christelle@fontainebleau-tourisme.com",
      "edwige.fontainebleau@gmail.com",
      "emilie@fontainebleau-tourisme.com",
      "lorie@fontainebleau-tourisme.com",
      "magali@fontainebleau-tourisme.com",
      "mathilde@fontainebleau-tourisme.com",
      "stessier.fontainebleautourisme@gmail.com"
    ],
    "schema:legalName": "Fontainebleau Tourisme",
    "@type": [
      "schema:Organization",
      "foaf:Agent",
      "Agent"
    ],
    "foaf:homepage": [
      "http://www.fontainebleau-tourisme.com/"
    ]
  },
  "hasBeenPublishedBy": [
    {
      "@id": "https://data.datatourisme.fr/1db24fc4-b534-39bf-bdaf-152c6f98730e",
      "schema:legalName": "Seine et Marne Attractivité - source : Apidae Tourisme",
      "@type": [
        "schema:Organization",
        "foaf:Agent",
        "Agent"
      ],
      "foaf:homepage": [
        "https://www.apidae-tourisme.com/"
      ]
    }
  ],
  "hasContact": [
    {
      "@id": "https://data.datatourisme.fr/593f55cc-7ecb-3643-bed6-7bd698ecbda4",
      "schema:email": [
        "atelier@erikagage.com"
      ],
      "schema:telephone": [
        "+33 1 60 66 26 72"
      ],
      "@type": [
        "foaf:Agent",
        "Agent"
      ],
      "foaf:homepage": [
        "http://www.erikagage.com/"
      ]
    }
  ],
  "hasDescription": [
    {
      "@id": "https://data.datatourisme.fr/f77b0ad8-ac9a-385e-8226-2cca612d44df",
      "@type": [
        "Description"
      ],
      "hasTranslatedProperty": [
        {
          "@id": "https://data.datatourisme.fr/4d5a1666-f0e3-3796-9f84-0b415418e2e7",
          "dc:contributor": [
            "https://api.deepl.com/v2/translate"
          ],
          "rdf:language": [
            "de"
          ],
          "rdf:predicate": [
            "shortDescription"
          ]
        },
        {
          "@id": "https://data.datatourisme.fr/950c7b94-ee9d-3c1f-b0e0-ecc27c3b197d",
          "dc:contributor": [
            "https://api.deepl.com/v2/translate"
          ],
          "rdf:language": [
            "it"
          ],
          "rdf:predicate": [
            "shortDescription"
          ]
        },
        {
          "@id": "https://data.datatourisme.fr/da694d50-8068-3906-b253-2f0962ab1646",
          "dc:contributor": [
            "https://api.deepl.com/v2/translate"
          ],
          "rdf:language": [
            "nl"
          ],
          "rdf:predicate": [
            "shortDescription"
          ]
        },
        {
          "@id": "https://data.datatourisme.fr/dabb83c7-43bb-3b99-b68d-3d8bd8849182",
          "dc:contributor": [
            "https://api.deepl.com/v2/translate"
          ],
          "rdf:language": [
            "es"
          ],
          "rdf:predicate": [
            "shortDescription"
          ]
        }
      ],
      "shortDescription": {
        "de": [
          "Nach zahlreichen Ausstellungen in Frankreich und im Ausland ließ sie sich 1989 in Barbizon nieder.\r\nDort restaurierte sie ein Anwesen aus dem 18. Jahrhundert und ein Künstleratelier aus dem 19. Jahrhundert, wobei sie von Pierre Barbe, einem Mitschüler von Le Corbusier, unterstützt wurde."
        ],
        "en": [
          "Erika Gagé was born in Germany and started her career in Paris (Gallery Diana, place Vendôme). She has regularly participated in exhibitions in the Grand-Palais. She has shown her works throughout France and abroad and gained international recognition by wining numerous awards, among them the Grand Prix of the International Salon in Barbizon in 1977."
        ],
        "it": [
          "Dopo numerose mostre in Francia e all'estero, nel 1989 si stabilisce a Barbizon.\r\nLì ha restaurato una proprietà del XVIII secolo e uno studio d'artista del XIX secolo, con l'aiuto di Pierre Barbe, compagno di studi di Le Corbusier."
        ],
        "fr": [
          "Après avoir fait de nombreuses expositions en France et à l’étranger, elle s’installe à Barbizon en 1989.\r\nElle y restaure une propriété datée du 18ème et un atelier d’artiste daté du 19ème siècle, aidée par Pierre Barbe condisciple de Le Corbusier."
        ],
        "es": [
          "Tras numerosas exposiciones en Francia y en el extranjero, se instaló en Barbizon en 1989.\r\nAllí restauró una propiedad del siglo XVIII y un estudio de artista del siglo XIX, con la ayuda de Pierre Barbe, compañero de estudios de Le Corbusier."
        ],
        "nl": [
          "Na talrijke tentoonstellingen in Frankrijk en in het buitenland vestigde zij zich in 1989 in Barbizon.\r\nDaar restaureerde ze een 18e eeuws pand en een 19e eeuws kunstenaarsatelier, met de hulp van Pierre Barbe, een medestudent van Le Corbusier."
        ]
      }
    }
  ],
  "hasTranslatedProperty": [
    {
      "@id": "https://data.datatourisme.fr/3273b862-3922-3480-ad4b-a262dd4653ea",
      "dc:contributor": [
        "https://api.deepl.com/v2/translate"
      ],
      "rdf:language": [
        "de"
      ],
      "rdf:predicate": [
        {
          "@id": "rdfs:comment"
        }
      ]
    },
    {
      "@id": "https://data.datatourisme.fr/6580a30a-7f93-3f6e-96c4-e2065bde3e66",
      "dc:contributor": [
        "https://api.deepl.com/v2/translate"
      ],
      "rdf:language": [
        "it"
      ],
      "rdf:predicate": [
        {
          "@id": "rdfs:comment"
        }
      ]
    },
    {
      "@id": "https://data.datatourisme.fr/e5cca65d-8b5e-3aa7-8da2-6e7da7b3beeb",
      "dc:contributor": [
        "https://api.deepl.com/v2/translate"
      ],
      "rdf:language": [
        "nl"
      ],
      "rdf:predicate": [
        {
          "@id": "rdfs:comment"
        }
      ]
    },
    {
      "@id": "https://data.datatourisme.fr/ff4d5be7-0fb6-3554-b7ca-61635e00aadd",
      "dc:contributor": [
        "https://api.deepl.com/v2/translate"
      ],
      "rdf:language": [
        "es"
      ],
      "rdf:predicate": [
        {
          "@id": "rdfs:comment"
        }
      ]
    }
  ],
  "isLocatedAt": [
    {
      "@id": "https://data.datatourisme.fr/0b1a4b04-d02b-32a2-82e0-d35ab3c8c646",
      "schema:address": [
        {
          "@id": "https://data.datatourisme.fr/573faecc-47dd-3e8b-af56-c7a494451836",
          "schema:addressLocality": "Barbizon",
          "schema:postalCode": "77630",
          "schema:streetAddress": [
            "71 grande rue"
          ],
          "@type": [
            "schema:PostalAddress",
            "PostalAddress"
          ],
          "hasAddressCity": {
            "@id": "kb:77022",
            "@type": [
              "City"
            ],
            "rdfs:label": {
              "de": [
                "Barbizon"
              ],
              "pt": [
                "Barbizon"
              ],
              "en": [
                "Barbizon"
              ],
              "it": [
                "Barbizon"
              ],
              "fr": [
                "Barbizon"
              ],
              "nl": [
                "Barbizon"
              ],
              "es": [
                "Barbizon"
              ]
            },
            "insee": "77022",
            "isPartOfDepartment": {
              "@id": "kb:France1177",
              "@type": [
                "Department"
              ],
              "rdfs:label": {
                "de": [
                  "Seine-et-Marne"
                ],
                "pt": [
                  "Seine-et-Marne"
                ],
                "en": [
                  "Seine-et-Marne"
                ],
                "it": [
                  "Seine-et-Marne"
                ],
                "fr": [
                  "Seine-et-Marne"
                ],
                "nl": [
                  "Seine-et-Marne"
                ],
                "es": [
                  "Seine-et-Marne"
                ]
              },
              "insee": "77",
              "isPartOfRegion": {
                "@id": "kb:France11",
                "@type": [
                  "Region"
                ],
                "rdfs:label": {
                  "de": [
                    "Île-de-France"
                  ],
                  "pt": [
                    "Île-de-France"
                  ],
                  "en": [
                    "Île-de-France"
                  ],
                  "it": [
                    "Île-de-France"
                  ],
                  "fr": [
                    "Île-de-France"
                  ],
                  "nl": [
                    "Île-de-France"
                  ],
                  "es": [
                    "Île-de-France"
                  ]
                },
                "insee": "11",
                "isPartOfCountry": {
                  "@id": "kb:France",
                  "@type": [
                    "schema:Country"
                  ],
                  "rdfs:label": {
                    "de": [
                      "France",
                      "Frankreich"
                    ],
                    "pt": [
                      "França",
                      "France"
                    ],
                    "en": [
                      "France"
                    ],
                    "it": [
                      "France",
                      "Francia"
                    ],
                    "fr": [
                      "France"
                    ],
                    "nl": [
                      "France",
                      "Frankrijk"
                    ],
                    "es": [
                      "France",
                      "Francia"
                    ]
                  }
                }
              }
            }
          }
        }
      ],
      "schema:geo": {
        "@id": "https://data.datatourisme.fr/29988126-9a93-3283-aaa4-df39820fa2f4",
        "schema:latitude": "48.44587",
        "schema:longitude": "2.603083",
        "@type": [
          "schema:GeoCoordinates"
        ]
      },
      "schema:openingHoursSpecification": [
        {
          "@id": "https://data.datatourisme.fr/f87e535a-636d-3343-ad63-8a03392e7511",
          "schema:validFrom": "2023-01-01T00:00:00",
          "schema:validThrough": "2023-12-31T23:59:59",
          "@type": [
            "schema:OpeningHoursSpecification"
          ]
        }
      ],
      "@type": [
        "schema:Place",
        "Place"
      ]
    }
  ],
  "isOwnedBy": [
    {
      "@id": "https://data.datatourisme.fr/9a565e93-463f-3097-914e-b36aa4e390dd",
      "schema:email": [
        "celine@fontainebleau-tourisme.com",
        "emilie@fontainebleau-tourisme.com",
        "lorie@fontainebleau-tourisme.com",
        "mathilde@fontainebleau-tourisme.com"
      ],
      "schema:legalName": "Fontainebleau Tourisme",
      "@type": [
        "schema:Organization",
        "foaf:Agent",
        "Agent"
      ],
      "foaf:homepage": [
        "http://www.fontainebleau-tourisme.com/"
      ]
    }
  ],
  "lastUpdate": "2019-12-19",
  "lastUpdateDatatourisme": "2023-02-01T18:07:35.544Z"
}