{
  "@id": "https://data.datatourisme.fr/13/17a7c611-8c0a-3346-a459-4b15d70bcab9",
  "dc:identifier": "5810174",
  "@type": [
    "schema:Library",
    "CulturalSite",
    "Library",
    "PlaceOfInterest",
    "PointOfInterest",
    "SportsAndLeisurePlace"
  ],
  "rdfs:comment": {
    "de": [
      "Sie befindet sich im Herzen des Dorfes Marcoussis. Leihen Sie aus, lesen Sie, entdecken Sie die von der Mediathek angebotenen Dokumente!"
    ],
    "en": [
      "Located in the heart of the village of Marcoussis. Borrow, read, discover the documents offered by the media library!"
    ],
    "it": [
      "Situato nel cuore del villaggio di Marcoussis. Prendete in prestito, leggete e scoprite i documenti offerti dalla mediateca!"
    ],
    "fr": [
      "Situé en plein cœur du village de Marcoussis. Empruntez, lisez, découvrez les documents proposés par la médiathèque !"
    ],
    "es": [
      "Situado en el corazón del pueblo de Marcoussis. Pida prestado, lea y descubra los documentos que ofrece la mediateca"
    ],
    "nl": [
      "Gelegen in het hart van het dorp Marcoussis. Leen, lees en ontdek de documenten die de mediatheek aanbiedt!"
    ]
  },
  "rdfs:label": {
    "fr": [
      "Médiathèque Léo Ferré"
    ]
  },
  "hasBeenCreatedBy": {
    "@id": "https://data.datatourisme.fr/13/e034fb6b-66aa-3c1d-88f4-45ddfb08da98",
    "dc:identifier": "1233",
    "schema:email": [
      "d.trioux@destination-paris-saclay.com"
    ],
    "schema:legalName": "Destination Paris-Saclay",
    "@type": [
      "schema:Organization",
      "foaf:Agent",
      "Agent"
    ],
    "foaf:homepage": [
      "https://www.destination-paris-saclay.com/"
    ]
  },
  "hasBeenPublishedBy": [
    {
      "@id": "https://data.datatourisme.fr/8a9feb4b-2cbd-3d2c-b507-bd6c6776b23b",
      "schema:legalName": "Apidae Tourisme Scic SA - source : Apidae Tourisme",
      "@type": [
        "schema:Organization",
        "foaf:Agent",
        "Agent"
      ],
      "foaf:homepage": [
        "https://www.apidae-tourisme.com/"
      ]
    }
  ],
  "hasContact": [
    {
      "@id": "https://data.datatourisme.fr/fe063d49-dd3f-3785-9355-57571755c6eb",
      "schema:email": [
        "mediatheque@marcoussis.fr"
      ],
      "schema:telephone": [
        "+33 1 64 49 64 19"
      ],
      "@type": [
        "foaf:Agent",
        "Agent"
      ]
    }
  ],
  "hasDescription": [
    {
      "@id": "https://data.datatourisme.fr/5e984f19-1dec-3a15-ae13-0228a9ed9735",
      "@type": [
        "Description"
      ],
      "hasTranslatedProperty": [
        {
          "@id": "https://data.datatourisme.fr/0a80e274-10dd-3ae6-891b-0f00ef7ae2c9",
          "dc:contributor": [
            "https://api.deepl.com/v2/translate"
          ],
          "rdf:language": [
            "it"
          ],
          "rdf:predicate": [
            "shortDescription"
          ]
        },
        {
          "@id": "https://data.datatourisme.fr/3323e9fb-9e6f-3211-a3af-ae8c98f4fb6b",
          "dc:contributor": [
            "https://api.deepl.com/v2/translate"
          ],
          "rdf:language": [
            "nl"
          ],
          "rdf:predicate": [
            "shortDescription"
          ]
        },
        {
          "@id": "https://data.datatourisme.fr/41f1152c-ac96-369c-b1db-050570df8252",
          "dc:contributor": [
            "https://api.deepl.com/v2/translate"
          ],
          "rdf:language": [
            "en"
          ],
          "rdf:predicate": [
            "shortDescription"
          ]
        },
        {
          "@id": "https://data.datatourisme.fr/71dca47c-2373-3d01-984e-bcf1e0b29373",
          "dc:contributor": [
            "https://api.deepl.com/v2/translate"
          ],
          "rdf:language": [
            "de"
          ],
          "rdf:predicate": [
            "shortDescription"
          ]
        },
        {
          "@id": "https://data.datatourisme.fr/903db120-feca-3f7b-9597-a9ad51500753",
          "dc:contributor": [
            "https://api.deepl.com/v2/translate"
          ],
          "rdf:language": [
            "es"
          ],
          "rdf:predicate": [
            "shortDescription"
          ]
        }
      ],
      "shortDescription": {
        "de": [
          "Sie befindet sich im Herzen des Dorfes Marcoussis. Leihen Sie aus, lesen Sie, entdecken Sie die von der Mediathek angebotenen Dokumente!"
        ],
        "en": [
          "Located in the heart of the village of Marcoussis. Borrow, read, discover the documents offered by the media library!"
        ],
        "it": [
          "Situato nel cuore del villaggio di Marcoussis. Prendete in prestito, leggete e scoprite i documenti offerti dalla mediateca!"
        ],
        "fr": [
          "Situé en plein cœur du village de Marcoussis. Empruntez, lisez, découvrez les documents proposés par la médiathèque !"
        ],
        "es": [
          "Situado en el corazón del pueblo de Marcoussis. Pida prestado, lea y descubra los documentos que ofrece la mediateca"
        ],
        "nl": [
          "Gelegen in het hart van het dorp Marcoussis. Leen, lees en ontdek de documenten die de mediatheek aanbiedt!"
        ]
      }
    }
  ],
  "hasTranslatedProperty": [
    {
      "@id": "https://data.datatourisme.fr/23e25950-6a80-33d8-922a-d5312615923b",
      "dc:contributor": [
        "https://api.deepl.com/v2/translate"
      ],
      "rdf:language": [
        "es"
      ],
      "rdf:predicate": [
        {
          "@id": "rdfs:comment"
        }
      ]
    },
    {
      "@id": "https://data.datatourisme.fr/3ec9e4bb-a68d-3134-9f50-e2db3b9c57a0",
      "dc:contributor": [
        "https://api.deepl.com/v2/translate"
      ],
      "rdf:language": [
        "de"
      ],
      "rdf:predicate": [
        {
          "@id": "rdfs:comment"
        }
      ]
    },
    {
      "@id": "https://data.datatourisme.fr/41f49984-66d6-37ea-b584-cc674c03b81f",
      "dc:contributor": [
        "https://api.deepl.com/v2/translate"
      ],
      "rdf:language": [
        "en"
      ],
      "rdf:predicate": [
        {
          "@id": "rdfs:comment"
        }
      ]
    },
    {
      "@id": "https://data.datatourisme.fr/876ff8a7-bcc9-3b20-876a-61d3affa7cf1",
      "dc:contributor": [
        "https://api.deepl.com/v2/translate"
      ],
      "rdf:language": [
        "nl"
      ],
      "rdf:predicate": [
        {
          "@id": "rdfs:comment"
        }
      ]
    },
    {
      "@id": "https://data.datatourisme.fr/fa5af1a5-504f-3027-ab08-12debec1526f",
      "dc:contributor": [
        "https://api.deepl.com/v2/translate"
      ],
      "rdf:language": [
        "it"
      ],
      "rdf:predicate": [
        {
          "@id": "rdfs:comment"
        }
      ]
    }
  ],
  "isLocatedAt": [
    {
      "@id": "https://data.datatourisme.fr/eeae6ce7-010a-30a0-9c20-9eef5a802004",
      "schema:address": [
        {
          "@id": "https://data.datatourisme.fr/88c875c5-5281-3a52-a7eb-8dcd3fd993cc",
          "schema:addressLocality": "Marcoussis",
          "schema:postalCode": "91460",
          "schema:streetAddress": [
            "Promenade Victor-Hugo"
          ],
          "@type": [
            "schema:PostalAddress",
            "PostalAddress"
          ],
          "hasAddressCity": {
            "@id": "kb:91363",
            "@type": [
              "City"
            ],
            "rdfs:label": {
              "de": [
                "Marcoussis"
              ],
              "pt": [
                "Marcoussis"
              ],
              "en": [
                "Marcoussis"
              ],
              "it": [
                "Marcoussis"
              ],
              "fr": [
                "Marcoussis"
              ],
              "nl": [
                "Marcoussis"
              ],
              "es": [
                "Marcoussis"
              ]
            },
            "insee": "91363",
            "isPartOfDepartment": {
              "@id": "kb:France1191",
              "@type": [
                "Department"
              ],
              "rdfs:label": {
                "de": [
                  "Essonne"
                ],
                "pt": [
                  "Essonne"
                ],
                "en": [
                  "Essonne"
                ],
                "it": [
                  "Essonne"
                ],
                "fr": [
                  "Essonne"
                ],
                "nl": [
                  "Essonne"
                ],
                "es": [
                  "Essonne"
                ]
              },
              "insee": "91",
              "isPartOfRegion": {
                "@id": "kb:France11",
                "@type": [
                  "Region"
                ],
                "rdfs:label": {
                  "de": [
                    "Île-de-France"
                  ],
                  "pt": [
                    "Île-de-France"
                  ],
                  "en": [
                    "Île-de-France"
                  ],
                  "it": [
                    "Île-de-France"
                  ],
                  "fr": [
                    "Île-de-France"
                  ],
                  "nl": [
                    "Île-de-France"
                  ],
                  "es": [
                    "Île-de-France"
                  ]
                },
                "insee": "11",
                "isPartOfCountry": {
                  "@id": "kb:France",
                  "@type": [
                    "schema:Country"
                  ],
                  "rdfs:label": {
                    "de": [
                      "France",
                      "Frankreich"
                    ],
                    "pt": [
                      "França",
                      "France"
                    ],
                    "en": [
                      "France"
                    ],
                    "it": [
                      "France",
                      "Francia"
                    ],
                    "fr": [
                      "France"
                    ],
                    "nl": [
                      "France",
                      "Frankrijk"
                    ],
                    "es": [
                      "France",
                      "Francia"
                    ]
                  }
                }
              }
            }
          }
        }
      ],
      "schema:geo": {
        "@id": "https://data.datatourisme.fr/f772de21-4b44-316e-8d56-1c0da8f08cea",
        "schema:latitude": "48.643037",
        "schema:longitude": "2.231675",
        "@type": [
          "schema:GeoCoordinates"
        ]
      },
      "schema:openingHoursSpecification": [
        {
          "@id": "https://data.datatourisme.fr/bd33b519-2e3b-3375-ac8c-5d828f7fad73",
          "schema:validFrom": "2023-01-01T00:00:00",
          "schema:validThrough": "2023-12-31T23:59:59",
          "@type": [
            "schema:OpeningHoursSpecification"
          ],
          "additionalInformation": {
            "de": [
              "Dienstag, Donnerstag und Freitag: 15-19 Uhr\r\nMittwoch: 14h-19h\r\nSamstag: 10:00-12:30 Uhr und 14:00-17:00 Uhr"
            ],
            "en": [
              "Tuesday, Thursday and Friday: 3pm-7pm\r\nWednesday: 2pm-7pm\r\nSaturday: 10am-12:30pm and 2pm-5pm"
            ],
            "it": [
              "Martedì, giovedì e venerdì: 15.00-19.00\r\nMercoledì: 14:00-19:00\r\nSabato: 10.00-12.30 e 14.00-17.00"
            ],
            "fr": [
              "Mardi, Jeudi et Vendredi : 15h-19h\r\nMercredi : 14h-19h\r\nSamedi : 10h-12h30 et 14h-17h"
            ],
            "es": [
              "Martes, jueves y viernes: de 15 a 19 horas\r\nMiércoles: 2pm-7pm\r\nSábado: 10:00-12:30 y 14:00-17:00"
            ],
            "nl": [
              "Dinsdag, donderdag en vrijdag: 15.00-19.00 uur\r\nWoensdag: 14.00-19.00 uur\r\nZaterdag: 10.00-12.30 uur en 14.00-17.00 uur"
            ]
          },
          "hasTranslatedProperty": [
            {
              "@id": "https://data.datatourisme.fr/1b3cfed3-06e9-39a8-b4cd-15620c26a452",
              "dc:contributor": [
                "https://api.deepl.com/v2/translate"
              ],
              "rdf:language": [
                "de"
              ],
              "rdf:predicate": [
                "additionalInformation"
              ]
            },
            {
              "@id": "https://data.datatourisme.fr/225f8ff6-9f5d-34c0-a51e-e9adf39b5b97",
              "dc:contributor": [
                "https://api.deepl.com/v2/translate"
              ],
              "rdf:language": [
                "nl"
              ],
              "rdf:predicate": [
                "additionalInformation"
              ]
            },
            {
              "@id": "https://data.datatourisme.fr/6a8a5876-bdbe-3f3f-83e6-1894968093fb",
              "dc:contributor": [
                "https://api.deepl.com/v2/translate"
              ],
              "rdf:language": [
                "it"
              ],
              "rdf:predicate": [
                "additionalInformation"
              ]
            },
            {
              "@id": "https://data.datatourisme.fr/78326650-f0df-3dc8-ac8b-90c27b2ea939",
              "dc:contributor": [
                "https://api.deepl.com/v2/translate"
              ],
              "rdf:language": [
                "es"
              ],
              "rdf:predicate": [
                "additionalInformation"
              ]
            },
            {
              "@id": "https://data.datatourisme.fr/cec6a740-37f7-3403-8a7e-2010e50af6c5",
              "dc:contributor": [
                "https://api.deepl.com/v2/translate"
              ],
              "rdf:language": [
                "en"
              ],
              "rdf:predicate": [
                "additionalInformation"
              ]
            }
          ]
        }
      ],
      "@type": [
        "schema:Place",
        "Place"
      ]
    }
  ],
  "isOwnedBy": [
    {
      "@id": "https://data.datatourisme.fr/d87037ec-223f-3b91-8276-b2fe7d28f333",
      "schema:email": [
        "d.trioux@destination-paris-saclay.com"
      ],
      "schema:legalName": "Destination Paris-Saclay",
      "@type": [
        "schema:Organization",
        "foaf:Agent",
        "Agent"
      ],
      "foaf:homepage": [
        "https://www.destination-paris-saclay.com/"
      ]
    }
  ],
  "lastUpdate": "2022-12-28",
  "lastUpdateDatatourisme": "2023-02-01T18:07:35.597Z"
}