{
  "@id": "https://data.datatourisme.fr/13/178ba04d-d1a4-33a1-84c8-6aa3f110a742",
  "dc:identifier": "5321310",
  "@type": [
    "schema:Library",
    "CulturalSite",
    "Library",
    "PlaceOfInterest",
    "PointOfInterest",
    "SportsAndLeisurePlace"
  ],
  "rdfs:comment": {
    "de": [
      "Die Bibliothèque Ouest befindet sich im Viertel Ouest, das an Montreuil und Saint-Mandé angrenzt. Diese Nachbarschaftsbibliothek empfängt Sie in einer familiären Atmosphäre und bietet Ihnen persönliche Beratung."
    ],
    "en": [
      "The Bibliothèque Ouest is located in the western district bordering Montreuil and Saint-Mandé. This local library welcomes you in a family atmosphere and provides you with personalised advice."
    ],
    "it": [
      "La Biblioteca Ovest si trova nel quartiere occidentale, al confine con Montreuil e Saint-Mandé. Questa biblioteca locale vi accoglie in un'atmosfera familiare e vi offre una consulenza personalizzata."
    ],
    "fr": [
      "La Bibliothèque Ouest est située dans la quartier Ouest limitrophe de Montreuil et de Saint-Mandé. Cette bibliothèque de proximité vous accueille dans une ambiance familiale et vous apporte des conseils personnalisés."
    ],
    "es": [
      "La Biblioteca del Oeste está situada en el distrito occidental que limita con Montreuil y Saint-Mandé. Esta biblioteca local le acoge en un ambiente familiar y le ofrece asesoramiento personalizado."
    ],
    "nl": [
      "De Bibliotheek West ligt in de westelijke wijk die grenst aan Montreuil en Saint-Mandé. Deze plaatselijke bibliotheek ontvangt u in een familiale sfeer en geeft u persoonlijk advies."
    ]
  },
  "rdfs:label": {
    "fr": [
      "Bibliothèque Ouest Christine-de-Pisan"
    ]
  },
  "hasBeenCreatedBy": {
    "@id": "https://data.datatourisme.fr/13/a3545bd7-9d31-39a7-ad3a-78690adf73fc",
    "dc:identifier": "1857",
    "schema:email": [
      "alexandra.picot@pemb.fr",
      "apicot@vincennes.fr",
      "cabarnou@vincennes.fr",
      "christine.abarnou@pemb.fr",
      "imeffre@vincennes.fr",
      "pascale.fossati@pemb.fr",
      "sdossantos@vincennes.fr"
    ],
    "schema:legalName": "Etablissement Public territorial Paris Est Marne et Bois",
    "@type": [
      "schema:Organization",
      "foaf:Agent",
      "Agent"
    ],
    "foaf:homepage": [
      "http://www.vincennes-tourisme.fr/"
    ]
  },
  "hasBeenPublishedBy": [
    {
      "@id": "https://data.datatourisme.fr/8a9feb4b-2cbd-3d2c-b507-bd6c6776b23b",
      "schema:legalName": "Apidae Tourisme Scic SA - source : Apidae Tourisme",
      "@type": [
        "schema:Organization",
        "foaf:Agent",
        "Agent"
      ],
      "foaf:homepage": [
        "https://www.apidae-tourisme.com/"
      ]
    }
  ],
  "hasContact": [
    {
      "@id": "https://data.datatourisme.fr/7496352d-40ce-341e-ac51-8b8628bdc63a",
      "schema:email": [
        "bibliotheques@vincennes.fr"
      ],
      "schema:telephone": [
        "+33 1 43 28 96 15"
      ],
      "@type": [
        "foaf:Agent",
        "Agent"
      ],
      "foaf:homepage": [
        "https://biblio.vincennes.fr/bibliotheque/bibliotheque-ouest-christine-de-pisan"
      ]
    }
  ],
  "hasDescription": [
    {
      "@id": "https://data.datatourisme.fr/d13b982a-f2ae-3d4b-805a-b0ae1d90213d",
      "@type": [
        "Description"
      ],
      "hasTranslatedProperty": [
        {
          "@id": "https://data.datatourisme.fr/30bc3647-4aee-33c5-860f-7f12132b53bf",
          "dc:contributor": [
            "https://api.deepl.com/v2/translate"
          ],
          "rdf:language": [
            "es"
          ],
          "rdf:predicate": [
            "shortDescription"
          ]
        },
        {
          "@id": "https://data.datatourisme.fr/63ff7e0b-4cea-3d68-84db-92e914408b7c",
          "dc:contributor": [
            "https://api.deepl.com/v2/translate"
          ],
          "rdf:language": [
            "en"
          ],
          "rdf:predicate": [
            "shortDescription"
          ]
        },
        {
          "@id": "https://data.datatourisme.fr/9d079113-47e6-333e-b853-d26db8017b68",
          "dc:contributor": [
            "https://api.deepl.com/v2/translate"
          ],
          "rdf:language": [
            "de"
          ],
          "rdf:predicate": [
            "shortDescription"
          ]
        },
        {
          "@id": "https://data.datatourisme.fr/b75bb750-e49e-3672-9f9c-4de84740e6cd",
          "dc:contributor": [
            "https://api.deepl.com/v2/translate"
          ],
          "rdf:language": [
            "nl"
          ],
          "rdf:predicate": [
            "shortDescription"
          ]
        },
        {
          "@id": "https://data.datatourisme.fr/f4c9bf94-b12f-3f28-b784-26ecd8bdcc21",
          "dc:contributor": [
            "https://api.deepl.com/v2/translate"
          ],
          "rdf:language": [
            "it"
          ],
          "rdf:predicate": [
            "shortDescription"
          ]
        }
      ],
      "shortDescription": {
        "de": [
          "Die Bibliothèque Ouest befindet sich im Viertel Ouest, das an Montreuil und Saint-Mandé angrenzt. Diese Nachbarschaftsbibliothek empfängt Sie in einer familiären Atmosphäre und bietet Ihnen persönliche Beratung."
        ],
        "en": [
          "The Bibliothèque Ouest is located in the western district bordering Montreuil and Saint-Mandé. This local library welcomes you in a family atmosphere and provides you with personalised advice."
        ],
        "it": [
          "La Biblioteca Ovest si trova nel quartiere occidentale, al confine con Montreuil e Saint-Mandé. Questa biblioteca locale vi accoglie in un'atmosfera familiare e vi offre una consulenza personalizzata."
        ],
        "fr": [
          "La Bibliothèque Ouest est située dans la quartier Ouest limitrophe de Montreuil et de Saint-Mandé. Cette bibliothèque de proximité vous accueille dans une ambiance familiale et vous apporte des conseils personnalisés."
        ],
        "es": [
          "La Biblioteca del Oeste está situada en el distrito occidental que limita con Montreuil y Saint-Mandé. Esta biblioteca local le acoge en un ambiente familiar y le ofrece asesoramiento personalizado."
        ],
        "nl": [
          "De Bibliotheek West ligt in de westelijke wijk die grenst aan Montreuil en Saint-Mandé. Deze plaatselijke bibliotheek ontvangt u in een familiale sfeer en geeft u persoonlijk advies."
        ]
      }
    }
  ],
  "hasTranslatedProperty": [
    {
      "@id": "https://data.datatourisme.fr/02d9562f-5378-3b99-b31a-b8e25253390b",
      "dc:contributor": [
        "https://api.deepl.com/v2/translate"
      ],
      "rdf:language": [
        "en"
      ],
      "rdf:predicate": [
        {
          "@id": "rdfs:comment"
        }
      ]
    },
    {
      "@id": "https://data.datatourisme.fr/072898bd-c36a-3492-bed3-cc88d7a183a2",
      "dc:contributor": [
        "https://api.deepl.com/v2/translate"
      ],
      "rdf:language": [
        "nl"
      ],
      "rdf:predicate": [
        {
          "@id": "rdfs:comment"
        }
      ]
    },
    {
      "@id": "https://data.datatourisme.fr/2fa02662-2e23-3fc6-97f9-c44228d98323",
      "dc:contributor": [
        "https://api.deepl.com/v2/translate"
      ],
      "rdf:language": [
        "de"
      ],
      "rdf:predicate": [
        {
          "@id": "rdfs:comment"
        }
      ]
    },
    {
      "@id": "https://data.datatourisme.fr/59bcb1c1-0c60-354d-8a99-97718f951b03",
      "dc:contributor": [
        "https://api.deepl.com/v2/translate"
      ],
      "rdf:language": [
        "it"
      ],
      "rdf:predicate": [
        {
          "@id": "rdfs:comment"
        }
      ]
    },
    {
      "@id": "https://data.datatourisme.fr/dca2a029-a7b6-3ce9-aeea-0a7434a13532",
      "dc:contributor": [
        "https://api.deepl.com/v2/translate"
      ],
      "rdf:language": [
        "es"
      ],
      "rdf:predicate": [
        {
          "@id": "rdfs:comment"
        }
      ]
    }
  ],
  "isLocatedAt": [
    {
      "@id": "https://data.datatourisme.fr/26ceff49-5650-3029-a3bc-6a10365ee297",
      "schema:address": [
        {
          "@id": "https://data.datatourisme.fr/2ff1a90f-c3d6-3d9c-9a2e-f59ffdebe7ec",
          "schema:addressLocality": "Vincennes",
          "schema:postalCode": "94300",
          "schema:streetAddress": [
            "9 rue de Lagny"
          ],
          "@type": [
            "schema:PostalAddress",
            "PostalAddress"
          ],
          "hasAddressCity": {
            "@id": "kb:94080",
            "@type": [
              "City"
            ],
            "rdfs:label": {
              "de": [
                "Vincennes"
              ],
              "pt": [
                "Vincennes"
              ],
              "en": [
                "Vincennes"
              ],
              "it": [
                "Vincennes"
              ],
              "fr": [
                "Vincennes"
              ],
              "nl": [
                "Vincennes"
              ],
              "es": [
                "Vincennes"
              ]
            },
            "insee": "94080",
            "isPartOfDepartment": {
              "@id": "kb:France1194",
              "@type": [
                "Department"
              ],
              "rdfs:label": {
                "de": [
                  "Val-de-Marne"
                ],
                "pt": [
                  "Val-de-Marne"
                ],
                "en": [
                  "Val-de-Marne"
                ],
                "it": [
                  "Val-de-Marne"
                ],
                "fr": [
                  "Val-de-Marne"
                ],
                "nl": [
                  "Val-de-Marne"
                ],
                "es": [
                  "Val-de-Marne"
                ]
              },
              "insee": "94",
              "isPartOfRegion": {
                "@id": "kb:France11",
                "@type": [
                  "Region"
                ],
                "rdfs:label": {
                  "de": [
                    "Île-de-France"
                  ],
                  "pt": [
                    "Île-de-France"
                  ],
                  "en": [
                    "Île-de-France"
                  ],
                  "it": [
                    "Île-de-France"
                  ],
                  "fr": [
                    "Île-de-France"
                  ],
                  "nl": [
                    "Île-de-France"
                  ],
                  "es": [
                    "Île-de-France"
                  ]
                },
                "insee": "11",
                "isPartOfCountry": {
                  "@id": "kb:France",
                  "@type": [
                    "schema:Country"
                  ],
                  "rdfs:label": {
                    "de": [
                      "France",
                      "Frankreich"
                    ],
                    "pt": [
                      "França",
                      "France"
                    ],
                    "en": [
                      "France"
                    ],
                    "it": [
                      "France",
                      "Francia"
                    ],
                    "fr": [
                      "France"
                    ],
                    "nl": [
                      "France",
                      "Frankrijk"
                    ],
                    "es": [
                      "France",
                      "Francia"
                    ]
                  }
                }
              }
            }
          }
        }
      ],
      "schema:geo": {
        "@id": "https://data.datatourisme.fr/4e71460a-1446-378d-889a-3e3cfbd8cb81",
        "schema:latitude": "48.849",
        "schema:longitude": "2.4251",
        "@type": [
          "schema:GeoCoordinates"
        ]
      },
      "schema:openingHoursSpecification": [
        {
          "@id": "https://data.datatourisme.fr/f87e535a-636d-3343-ad63-8a03392e7511",
          "schema:validFrom": "2023-01-01T00:00:00",
          "schema:validThrough": "2023-12-31T23:59:59",
          "@type": [
            "schema:OpeningHoursSpecification"
          ]
        }
      ],
      "@type": [
        "schema:Place",
        "Place"
      ]
    }
  ],
  "isOwnedBy": [
    {
      "@id": "https://data.datatourisme.fr/d82d267a-d8a4-3b5b-a4d9-880376d67169",
      "schema:email": [
        "apicot@vincennes.fr",
        "cabarnou@vincennes.fr"
      ],
      "schema:legalName": "Etablissement Public territorial Paris Est Marne et Bois",
      "@type": [
        "schema:Organization",
        "foaf:Agent",
        "Agent"
      ],
      "foaf:homepage": [
        "http://www.vincennes-tourisme.fr/"
      ]
    }
  ],
  "lastUpdate": "2020-07-03",
  "lastUpdateDatatourisme": "2023-05-30T05:49:20.308Z",
  "offers": [
    {
      "@id": "https://data.datatourisme.fr/d37121f2-0fc9-3022-ac08-b8644568b98a",
      "schema:priceSpecification": [
        {
          "@id": "https://data.datatourisme.fr/d9ad812e-452f-3958-b766-59e3e8440350",
          "schema:maxPrice": [
            "13",
            "26"
          ],
          "schema:minPrice": [
            "13",
            "26"
          ],
          "schema:priceCurrency": "EUR",
          "@type": [
            "schema:PriceSpecification",
            "PriceSpecification"
          ],
          "appliesOnPeriod": [
            {
              "@id": "https://data.datatourisme.fr/5714d2b4-e37d-3b81-a7fb-3e46a0efbefb",
              "@type": [
                "Period"
              ],
              "endDate": "2020-12-31",
              "startDate": "2020-01-01"
            }
          ]
        }
      ],
      "@type": [
        "schema:Offer",
        "Offer"
      ]
    }
  ]
}