{
  "@id": "https://data.datatourisme.fr/13/171d8a69-a9e0-369b-9da2-ad304bbf8828",
  "dc:identifier": "748219",
  "@type": [
    "schema:FoodEstablishment",
    "schema:Winery",
    "BistroOrWineBar",
    "FoodEstablishment",
    "PlaceOfInterest",
    "PointOfInterest",
    "SportsAndLeisurePlace"
  ],
  "rdfs:comment": {
    "de": [
      "Neues Dekor für diese Bar, die Konzerte, Stand up und andere Shows anbietet."
    ],
    "en": [
      "New decor for this bar which offers concerts, stand up, and other shows."
    ],
    "it": [
      "Nuovo arredamento per questo bar che offre concerti, stand-up comedy e altri spettacoli."
    ],
    "fr": [
      "Nouveau décor pour ce bar qui propose des concerts, du Stand up, et autres spectacles."
    ],
    "es": [
      "Nueva decoración para este bar que ofrece conciertos, stand-up comedy y otros espectáculos."
    ],
    "nl": [
      "Nieuw decor voor deze bar met concerten, stand-up comedy en andere shows."
    ]
  },
  "rdfs:label": {
    "fr": [
      "Le Castle Pub"
    ]
  },
  "hasBeenCreatedBy": {
    "@id": "https://data.datatourisme.fr/13/a2137a2a-e8e3-3b50-82a3-f8909ecb88fe",
    "dc:identifier": "1065",
    "schema:email": [
      "celine@fontainebleau-tourisme.com",
      "christelle@fontainebleau-tourisme.com",
      "edwige.fontainebleau@gmail.com",
      "emilie@fontainebleau-tourisme.com",
      "lorie@fontainebleau-tourisme.com",
      "magali@fontainebleau-tourisme.com",
      "mathilde@fontainebleau-tourisme.com",
      "stessier.fontainebleautourisme@gmail.com"
    ],
    "schema:legalName": "Fontainebleau Tourisme",
    "@type": [
      "schema:Organization",
      "foaf:Agent",
      "Agent"
    ],
    "foaf:homepage": [
      "http://www.fontainebleau-tourisme.com/"
    ]
  },
  "hasBeenPublishedBy": [
    {
      "@id": "https://data.datatourisme.fr/1db24fc4-b534-39bf-bdaf-152c6f98730e",
      "schema:legalName": "Seine et Marne Attractivité - source : Apidae Tourisme",
      "@type": [
        "schema:Organization",
        "foaf:Agent",
        "Agent"
      ],
      "foaf:homepage": [
        "https://www.apidae-tourisme.com/"
      ]
    }
  ],
  "hasContact": [
    {
      "@id": "https://data.datatourisme.fr/27d4a22f-be21-3d8c-9ad4-bb6a04798e03",
      "schema:telephone": [
        "+33 6 50 26 59 58"
      ],
      "@type": [
        "foaf:Agent",
        "Agent"
      ]
    }
  ],
  "hasDescription": [
    {
      "@id": "https://data.datatourisme.fr/c93fbce8-fb0f-3661-847b-1055dcb7f73e",
      "@type": [
        "Description"
      ],
      "hasTranslatedProperty": [
        {
          "@id": "https://data.datatourisme.fr/025d0a80-ffe5-371c-b046-19efed34f4ac",
          "dc:contributor": [
            "https://api.deepl.com/v2/translate"
          ],
          "rdf:language": [
            "de"
          ],
          "rdf:predicate": [
            "shortDescription"
          ]
        },
        {
          "@id": "https://data.datatourisme.fr/52130a8a-e121-3211-b1f0-bf2aa1ea6f1d",
          "dc:contributor": [
            "https://api.deepl.com/v2/translate"
          ],
          "rdf:language": [
            "es"
          ],
          "rdf:predicate": [
            "shortDescription"
          ]
        },
        {
          "@id": "https://data.datatourisme.fr/87abfbf0-3bf0-3249-9790-ce755f96ff0c",
          "dc:contributor": [
            "https://api.deepl.com/v2/translate"
          ],
          "rdf:language": [
            "en"
          ],
          "rdf:predicate": [
            "shortDescription"
          ]
        },
        {
          "@id": "https://data.datatourisme.fr/8dc8edd7-bfbd-3a43-9a3b-83549463c012",
          "dc:contributor": [
            "https://api.deepl.com/v2/translate"
          ],
          "rdf:language": [
            "it"
          ],
          "rdf:predicate": [
            "shortDescription"
          ]
        },
        {
          "@id": "https://data.datatourisme.fr/f7c94add-d402-310b-9cb8-22e8483d633f",
          "dc:contributor": [
            "https://api.deepl.com/v2/translate"
          ],
          "rdf:language": [
            "nl"
          ],
          "rdf:predicate": [
            "shortDescription"
          ]
        }
      ],
      "shortDescription": {
        "de": [
          "Neues Dekor für diese Bar, die Konzerte, Stand up und andere Shows anbietet."
        ],
        "en": [
          "New decor for this bar which offers concerts, stand up, and other shows."
        ],
        "it": [
          "Nuovo arredamento per questo bar che offre concerti, stand-up comedy e altri spettacoli."
        ],
        "fr": [
          "Nouveau décor pour ce bar qui propose des concerts, du Stand up, et autres spectacles."
        ],
        "es": [
          "Nueva decoración para este bar que ofrece conciertos, stand-up comedy y otros espectáculos."
        ],
        "nl": [
          "Nieuw decor voor deze bar met concerten, stand-up comedy en andere shows."
        ]
      }
    }
  ],
  "hasTranslatedProperty": [
    {
      "@id": "https://data.datatourisme.fr/468a871c-0d01-39c7-bdc4-a0da99fde64a",
      "dc:contributor": [
        "https://api.deepl.com/v2/translate"
      ],
      "rdf:language": [
        "es"
      ],
      "rdf:predicate": [
        {
          "@id": "rdfs:comment"
        }
      ]
    },
    {
      "@id": "https://data.datatourisme.fr/4704f430-bd55-34e0-a663-a12e8846cbcf",
      "dc:contributor": [
        "https://api.deepl.com/v2/translate"
      ],
      "rdf:language": [
        "de"
      ],
      "rdf:predicate": [
        {
          "@id": "rdfs:comment"
        }
      ]
    },
    {
      "@id": "https://data.datatourisme.fr/7cbeb2c3-beaf-3653-b804-b4229d34ec14",
      "dc:contributor": [
        "https://api.deepl.com/v2/translate"
      ],
      "rdf:language": [
        "nl"
      ],
      "rdf:predicate": [
        {
          "@id": "rdfs:comment"
        }
      ]
    },
    {
      "@id": "https://data.datatourisme.fr/a4748b72-799b-3239-8857-ec85a202cacb",
      "dc:contributor": [
        "https://api.deepl.com/v2/translate"
      ],
      "rdf:language": [
        "it"
      ],
      "rdf:predicate": [
        {
          "@id": "rdfs:comment"
        }
      ]
    },
    {
      "@id": "https://data.datatourisme.fr/ab334240-4d72-3762-8aaa-c8701218f394",
      "dc:contributor": [
        "https://api.deepl.com/v2/translate"
      ],
      "rdf:language": [
        "en"
      ],
      "rdf:predicate": [
        {
          "@id": "rdfs:comment"
        }
      ]
    }
  ],
  "isLocatedAt": [
    {
      "@id": "https://data.datatourisme.fr/195062f0-0122-385a-8e0d-08cd4cf58da8",
      "schema:address": [
        {
          "@id": "https://data.datatourisme.fr/244be152-5f64-300d-b1fa-1ae060731fdd",
          "schema:addressLocality": "Fontainebleau",
          "schema:postalCode": "77300",
          "schema:streetAddress": [
            "8 rue Montebello"
          ],
          "@type": [
            "schema:PostalAddress",
            "PostalAddress"
          ],
          "hasAddressCity": {
            "@id": "kb:77186",
            "@type": [
              "City"
            ],
            "rdfs:label": {
              "de": [
                "Fontainebleau"
              ],
              "pt": [
                "Fontainebleau"
              ],
              "en": [
                "Fontainebleau"
              ],
              "it": [
                "Fontainebleau"
              ],
              "fr": [
                "Fontainebleau"
              ],
              "nl": [
                "Fontainebleau"
              ],
              "es": [
                "Fontainebleau"
              ]
            },
            "insee": "77186",
            "isPartOfDepartment": {
              "@id": "kb:France1177",
              "@type": [
                "Department"
              ],
              "rdfs:label": {
                "de": [
                  "Seine-et-Marne"
                ],
                "pt": [
                  "Seine-et-Marne"
                ],
                "en": [
                  "Seine-et-Marne"
                ],
                "it": [
                  "Seine-et-Marne"
                ],
                "fr": [
                  "Seine-et-Marne"
                ],
                "nl": [
                  "Seine-et-Marne"
                ],
                "es": [
                  "Seine-et-Marne"
                ]
              },
              "insee": "77",
              "isPartOfRegion": {
                "@id": "kb:France11",
                "@type": [
                  "Region"
                ],
                "rdfs:label": {
                  "de": [
                    "Île-de-France"
                  ],
                  "pt": [
                    "Île-de-France"
                  ],
                  "en": [
                    "Île-de-France"
                  ],
                  "it": [
                    "Île-de-France"
                  ],
                  "fr": [
                    "Île-de-France"
                  ],
                  "nl": [
                    "Île-de-France"
                  ],
                  "es": [
                    "Île-de-France"
                  ]
                },
                "insee": "11",
                "isPartOfCountry": {
                  "@id": "kb:France",
                  "@type": [
                    "schema:Country"
                  ],
                  "rdfs:label": {
                    "de": [
                      "France",
                      "Frankreich"
                    ],
                    "pt": [
                      "França",
                      "France"
                    ],
                    "en": [
                      "France"
                    ],
                    "it": [
                      "France",
                      "Francia"
                    ],
                    "fr": [
                      "France"
                    ],
                    "nl": [
                      "France",
                      "Frankrijk"
                    ],
                    "es": [
                      "France",
                      "Francia"
                    ]
                  }
                }
              }
            }
          }
        }
      ],
      "schema:geo": {
        "@id": "https://data.datatourisme.fr/7166a2fa-3f97-35c3-b091-3c3329a11749",
        "schema:latitude": "48.4041",
        "schema:longitude": "2.701289",
        "@type": [
          "schema:GeoCoordinates"
        ]
      },
      "schema:openingHoursSpecification": [
        {
          "@id": "https://data.datatourisme.fr/e3c8f44a-919b-368f-81bd-16f97909e238",
          "schema:closes": "01:00:00",
          "schema:opens": "18:00:00",
          "schema:validFrom": "2023-01-01T00:00:00",
          "schema:validThrough": "2023-12-31T23:59:59",
          "@type": [
            "schema:OpeningHoursSpecification"
          ]
        }
      ],
      "@type": [
        "schema:Place",
        "Place"
      ]
    }
  ],
  "isOwnedBy": [
    {
      "@id": "https://data.datatourisme.fr/916f1cb3-e1a7-3f46-bb52-81cbe36922b0",
      "schema:email": [
        "celine@fontainebleau-tourisme.com",
        "emilie@fontainebleau-tourisme.com",
        "lorie@fontainebleau-tourisme.com",
        "mathilde@fontainebleau-tourisme.com"
      ],
      "schema:legalName": "Office de tourisme du Pays de Fontainebleau",
      "@type": [
        "schema:Organization",
        "foaf:Agent",
        "Agent"
      ],
      "foaf:homepage": [
        "http://www.fontainebleau-tourisme.com/"
      ]
    }
  ],
  "lastUpdate": "2023-03-22",
  "lastUpdateDatatourisme": "2023-03-23T06:40:04.533Z"
}