{
  "@id": "https://data.datatourisme.fr/13/17f53ee8-c42a-3530-90a0-64b98bd2486f",
  "dc:identifier": "914638",
  "@type": [
    "schema:LocalBusiness",
    "schema:Museum",
    "CulturalSite",
    "Museum",
    "PlaceOfInterest",
    "PointOfInterest"
  ],
  "rdfs:comment": {
    "de": [
      "Eine charmante Adresse und ein kürzlich renoviertes Museum im Herzen von Paris, um das Werk des französischen Malers Jean-Jacques Henner (1829-1905) zu entdecken oder wiederzuentdecken."
    ],
    "en": [
      "A charming address and a recently renovated museum in the heart of Paris to discover or rediscover the work of the French painter Jean-Jacques Henner (1829-1905)."
    ],
    "it": [
      "Un indirizzo affascinante e un museo recentemente rinnovato nel cuore di Parigi per scoprire o riscoprire l'opera del pittore francese Jean-Jacques Henner (1829-1905)."
    ],
    "fr": [
      "Une adresse charmante et un musée récemment rénové au cœur de Paris pour découvrir ou redécouvrir l'œuvre du peintre français Jean-Jacques Henner (1829-1905)."
    ],
    "es": [
      "Una dirección encantadora y un museo recientemente renovado en el corazón de París para descubrir o redescubrir la obra del pintor francés Jean-Jacques Henner (1829-1905)."
    ],
    "nl": [
      "Een charmant adres en een onlangs gerenoveerd museum in het hart van Parijs om het werk van de Franse schilder Jean-Jacques Henner (1829-1905) te ontdekken of te herontdekken."
    ]
  },
  "rdfs:label": {
    "fr": [
      "Musée national Jean-Jacques Henner"
    ]
  },
  "owl:sameAs": [
    "http://www.wikidata.org/entity/Q1955698"
  ],
  "hasBeenCreatedBy": {
    "@id": "https://data.datatourisme.fr/13/03e0704b-5690-32de-a186-1dc3ad3316c9",
    "dc:identifier": "1019",
    "schema:email": [
      "bgeigle@visitparisregion.com",
      "hcaldo@visitparisregion.com",
      "mtanaskovic@visitparisregion.com"
    ],
    "schema:legalName": "Comité Régional du Tourisme Paris Ile de France",
    "@type": [
      "schema:Organization",
      "foaf:Agent",
      "Agent"
    ],
    "foaf:homepage": [
      "http://www.visitparisregion.com/"
    ]
  },
  "hasBeenPublishedBy": [
    {
      "@id": "https://data.datatourisme.fr/8a9feb4b-2cbd-3d2c-b507-bd6c6776b23b",
      "schema:legalName": "Apidae Tourisme Scic SA - source : Apidae Tourisme",
      "@type": [
        "schema:Organization",
        "foaf:Agent",
        "Agent"
      ],
      "foaf:homepage": [
        "https://www.apidae-tourisme.com/"
      ]
    }
  ],
  "hasContact": [
    {
      "@id": "https://data.datatourisme.fr/42a3d713-5989-37d6-bd6f-5125c5ea6298",
      "schema:telephone": [
        "+33 1 47 63 42 73"
      ],
      "@type": [
        "foaf:Agent",
        "Agent"
      ],
      "foaf:homepage": [
        "http://www.musee-henner.fr/"
      ]
    }
  ],
  "hasDescription": [
    {
      "@id": "https://data.datatourisme.fr/eee2d626-9150-3866-ad4a-08f08973f1b4",
      "@type": [
        "Description"
      ],
      "hasTranslatedProperty": [
        {
          "@id": "https://data.datatourisme.fr/4b12f181-886b-3083-ae1d-9c86fe9266b5",
          "dc:contributor": [
            "https://api.deepl.com/v2/translate"
          ],
          "rdf:language": [
            "de"
          ],
          "rdf:predicate": [
            "shortDescription"
          ]
        },
        {
          "@id": "https://data.datatourisme.fr/60fc2910-846c-38b1-a0d2-2e04665c73c2",
          "dc:contributor": [
            "https://api.deepl.com/v2/translate"
          ],
          "rdf:language": [
            "nl"
          ],
          "rdf:predicate": [
            "shortDescription"
          ]
        },
        {
          "@id": "https://data.datatourisme.fr/bed51dda-7291-3beb-961a-722b2281b560",
          "dc:contributor": [
            "https://api.deepl.com/v2/translate"
          ],
          "rdf:language": [
            "es"
          ],
          "rdf:predicate": [
            "shortDescription"
          ]
        },
        {
          "@id": "https://data.datatourisme.fr/dc26b366-2f19-3a08-95af-8e2fce138faa",
          "dc:contributor": [
            "https://api.deepl.com/v2/translate"
          ],
          "rdf:language": [
            "it"
          ],
          "rdf:predicate": [
            "shortDescription"
          ]
        },
        {
          "@id": "https://data.datatourisme.fr/fe5a0830-a10b-3c72-9546-f2c4a635cc06",
          "dc:contributor": [
            "https://api.deepl.com/v2/translate"
          ],
          "rdf:language": [
            "en"
          ],
          "rdf:predicate": [
            "shortDescription"
          ]
        }
      ],
      "shortDescription": {
        "de": [
          "Eine charmante Adresse und ein kürzlich renoviertes Museum im Herzen von Paris, um das Werk des französischen Malers Jean-Jacques Henner (1829-1905) zu entdecken oder wiederzuentdecken."
        ],
        "en": [
          "A charming address and a recently renovated museum in the heart of Paris to discover or rediscover the work of the French painter Jean-Jacques Henner (1829-1905)."
        ],
        "it": [
          "Un indirizzo affascinante e un museo recentemente rinnovato nel cuore di Parigi per scoprire o riscoprire l'opera del pittore francese Jean-Jacques Henner (1829-1905)."
        ],
        "fr": [
          "Une adresse charmante et un musée récemment rénové au cœur de Paris pour découvrir ou redécouvrir l'œuvre du peintre français Jean-Jacques Henner (1829-1905)."
        ],
        "es": [
          "Una dirección encantadora y un museo recientemente renovado en el corazón de París para descubrir o redescubrir la obra del pintor francés Jean-Jacques Henner (1829-1905)."
        ],
        "nl": [
          "Een charmant adres en een onlangs gerenoveerd museum in het hart van Parijs om het werk van de Franse schilder Jean-Jacques Henner (1829-1905) te ontdekken of te herontdekken."
        ]
      }
    }
  ],
  "hasRepresentation": [
    {
      "@id": "https://data.datatourisme.fr/84e79ae6-0b95-35f9-b513-6db01121bd40",
      "ebucore:hasAnnotation": [
        {
          "@id": "https://data.datatourisme.fr/3bad19dd-38b1-3895-9b45-0d4e4c362c5f",
          "ebucore:isCoveredBy": "Public domain",
          "ebucore:title": [
            "Henner museum facade"
          ],
          "@type": [
            "ebucore:Annotation"
          ],
          "credits": [
            "Musée Henner (https://commons.wikimedia.org/w/index.php?title=User:Mus%C3%A9e_Henner&amp;action=edit&amp;redlink=1)"
          ]
        }
      ],
      "ebucore:hasRelatedResource": [
        {
          "@id": "https://data.datatourisme.fr/869cc751-b434-3319-b5c2-ab4bc4151e2a",
          "ebucore:fileSize": [
            88094
          ],
          "ebucore:hasMimeType": [
            {
              "@id": "kb:JPEG",
              "@type": [
                "ebucore:MimeType"
              ],
              "rdfs:comment": {
                "de": [
                  "JPEG-Bild"
                ],
                "pt": [
                  "Imagem JPEG"
                ],
                "en": [
                  "JPEG image file"
                ],
                "it": [
                  "Immagine JPEG"
                ],
                "fr": [
                  "Image JPEG"
                ],
                "nl": [
                  "JPEG-afbeelding"
                ],
                "es": [
                  "Imagen JPEG"
                ]
              },
              "rdfs:label": {
                "de": [
                  "image/jpeg"
                ],
                "pt": [
                  "image/jpeg"
                ],
                "en": [
                  "image/jpeg"
                ],
                "it": [
                  "image/jpeg"
                ],
                "fr": [
                  "image/jpeg"
                ],
                "nl": [
                  "image/jpeg"
                ],
                "es": [
                  "image/jpeg"
                ]
              }
            }
          ],
          "ebucore:height": 800,
          "ebucore:locator": [
            "https://upload.wikimedia.org/wikipedia/commons/5/5e/Henner_museum_facade.jpg"
          ],
          "ebucore:width": 533,
          "@type": [
            "ebucore:Resource"
          ]
        }
      ],
      "@type": [
        "ebucore:EditorialObject"
      ]
    }
  ],
  "hasTheme": [
    {
      "@id": "kb:Culture",
      "@type": [
        "CulturalTheme"
      ],
      "rdfs:label": {
        "de": [
          "Kultur"
        ],
        "pt": [
          "Cultura"
        ],
        "en": [
          "Culture"
        ],
        "it": [
          "Cultura"
        ],
        "fr": [
          "Culture"
        ],
        "nl": [
          "Cultuur"
        ],
        "es": [
          "Cultura"
        ]
      }
    }
  ],
  "hasTranslatedProperty": [
    {
      "@id": "https://data.datatourisme.fr/171f14d8-d09c-3c5d-819e-e80214c38f5a",
      "dc:contributor": [
        "https://api.deepl.com/v2/translate"
      ],
      "rdf:language": [
        "de"
      ],
      "rdf:predicate": [
        {
          "@id": "rdfs:comment"
        }
      ]
    },
    {
      "@id": "https://data.datatourisme.fr/42a73c6f-29e1-39a9-bf2e-a5281d11046b",
      "dc:contributor": [
        "https://api.deepl.com/v2/translate"
      ],
      "rdf:language": [
        "it"
      ],
      "rdf:predicate": [
        {
          "@id": "rdfs:comment"
        }
      ]
    },
    {
      "@id": "https://data.datatourisme.fr/5e3acc2c-3625-3211-aeab-f71420fcc7e8",
      "dc:contributor": [
        "https://api.deepl.com/v2/translate"
      ],
      "rdf:language": [
        "es"
      ],
      "rdf:predicate": [
        {
          "@id": "rdfs:comment"
        }
      ]
    },
    {
      "@id": "https://data.datatourisme.fr/95191860-9326-39af-8731-f4e2d2036bb4",
      "dc:contributor": [
        "https://api.deepl.com/v2/translate"
      ],
      "rdf:language": [
        "nl"
      ],
      "rdf:predicate": [
        {
          "@id": "rdfs:comment"
        }
      ]
    },
    {
      "@id": "https://data.datatourisme.fr/d5b8e52d-ce2e-3190-bbf0-48ad4c8575b6",
      "dc:contributor": [
        "https://api.deepl.com/v2/translate"
      ],
      "rdf:language": [
        "en"
      ],
      "rdf:predicate": [
        {
          "@id": "rdfs:comment"
        }
      ]
    }
  ],
  "isLocatedAt": [
    {
      "@id": "https://data.datatourisme.fr/ac0fb429-5455-3662-80c0-dfa177d47537",
      "schema:address": [
        {
          "@id": "https://data.datatourisme.fr/e63d7b4a-b995-379c-abfd-09a67eea8873",
          "schema:addressLocality": "Paris 17e Arrondissement",
          "schema:postalCode": "75017",
          "schema:streetAddress": [
            "43 avenue de Villiers"
          ],
          "@type": [
            "schema:PostalAddress",
            "PostalAddress"
          ],
          "hasAddressCity": {
            "@id": "kb:75117",
            "@type": [
              "City"
            ],
            "rdfs:label": {
              "de": [
                "Paris 17e Arrondissement"
              ],
              "pt": [
                "Paris 17e Arrondissement"
              ],
              "en": [
                "Paris 17e Arrondissement"
              ],
              "it": [
                "Paris 17e Arrondissement"
              ],
              "fr": [
                "Paris 17e Arrondissement"
              ],
              "nl": [
                "Paris 17e Arrondissement"
              ],
              "es": [
                "Paris 17e Arrondissement"
              ]
            },
            "insee": "75117",
            "isPartOfDepartment": {
              "@id": "kb:France1175",
              "@type": [
                "Department"
              ],
              "rdfs:label": {
                "de": [
                  "Paris"
                ],
                "pt": [
                  "Paris"
                ],
                "en": [
                  "Paris"
                ],
                "it": [
                  "Paris"
                ],
                "fr": [
                  "Paris"
                ],
                "nl": [
                  "Paris"
                ],
                "es": [
                  "Paris"
                ]
              },
              "insee": "75",
              "isPartOfRegion": {
                "@id": "kb:France11",
                "@type": [
                  "Region"
                ],
                "rdfs:label": {
                  "de": [
                    "Île-de-France"
                  ],
                  "pt": [
                    "Île-de-France"
                  ],
                  "en": [
                    "Île-de-France"
                  ],
                  "it": [
                    "Île-de-France"
                  ],
                  "fr": [
                    "Île-de-France"
                  ],
                  "nl": [
                    "Île-de-France"
                  ],
                  "es": [
                    "Île-de-France"
                  ]
                },
                "insee": "11",
                "isPartOfCountry": {
                  "@id": "kb:France",
                  "@type": [
                    "schema:Country"
                  ],
                  "rdfs:label": {
                    "de": [
                      "France",
                      "Frankreich"
                    ],
                    "pt": [
                      "França",
                      "France"
                    ],
                    "en": [
                      "France"
                    ],
                    "it": [
                      "France",
                      "Francia"
                    ],
                    "fr": [
                      "France"
                    ],
                    "nl": [
                      "France",
                      "Frankrijk"
                    ],
                    "es": [
                      "France",
                      "Francia"
                    ]
                  }
                }
              }
            }
          }
        }
      ],
      "schema:geo": {
        "@id": "https://data.datatourisme.fr/0a5a9f17-292c-3c2e-a198-4de23d06487a",
        "schema:latitude": "48.882936",
        "schema:longitude": "2.307604",
        "@type": [
          "schema:GeoCoordinates"
        ]
      },
      "schema:openingHoursSpecification": [
        {
          "@id": "https://data.datatourisme.fr/98345969-04a0-36a4-b0c9-9d9f904d5583",
          "schema:closes": "18:00:00",
          "schema:opens": "11:00:00",
          "schema:validFrom": "2023-01-01T00:00:00",
          "schema:validThrough": "2023-12-31T23:59:59",
          "@type": [
            "schema:OpeningHoursSpecification"
          ],
          "additionalInformation": {
            "de": [
              "Nachts bis 21 Uhr am zweiten Donnerstag des Monats."
            ],
            "en": [
              "Nocturnal until 9:00 p.m. on the second Thursday of the month."
            ],
            "it": [
              "Notturno fino alle 21:00 il secondo giovedì del mese."
            ],
            "fr": [
              "Nocturne jusqu'à 21h, le deuxième jeudi du mois."
            ],
            "es": [
              "Nocturno hasta las 21 horas el segundo jueves del mes."
            ],
            "nl": [
              "Nocturne tot 21.00 uur op de tweede donderdag van de maand."
            ]
          },
          "hasTranslatedProperty": [
            {
              "@id": "https://data.datatourisme.fr/19620e74-4f80-3033-8fc2-fbe54e711601",
              "dc:contributor": [
                "https://api.deepl.com/v2/translate"
              ],
              "rdf:language": [
                "it"
              ],
              "rdf:predicate": [
                "additionalInformation"
              ]
            },
            {
              "@id": "https://data.datatourisme.fr/1ce0e9b7-e1b0-3228-a7f3-45269f87c3bc",
              "dc:contributor": [
                "https://api.deepl.com/v2/translate"
              ],
              "rdf:language": [
                "en"
              ],
              "rdf:predicate": [
                "additionalInformation"
              ]
            },
            {
              "@id": "https://data.datatourisme.fr/6e357c75-b996-38d9-a082-2a63800f1bde",
              "dc:contributor": [
                "https://api.deepl.com/v2/translate"
              ],
              "rdf:language": [
                "nl"
              ],
              "rdf:predicate": [
                "additionalInformation"
              ]
            },
            {
              "@id": "https://data.datatourisme.fr/88451694-0fc8-3b86-a524-382bfdf6fa8d",
              "dc:contributor": [
                "https://api.deepl.com/v2/translate"
              ],
              "rdf:language": [
                "de"
              ],
              "rdf:predicate": [
                "additionalInformation"
              ]
            },
            {
              "@id": "https://data.datatourisme.fr/dabca362-7e8f-3fb5-b4cc-e839387926e6",
              "dc:contributor": [
                "https://api.deepl.com/v2/translate"
              ],
              "rdf:language": [
                "es"
              ],
              "rdf:predicate": [
                "additionalInformation"
              ]
            }
          ]
        }
      ],
      "@type": [
        "schema:Place",
        "Place"
      ]
    }
  ],
  "isOwnedBy": [
    {
      "@id": "https://data.datatourisme.fr/26ecd6f0-563c-356a-b0f9-ad3ec17effc4",
      "schema:email": [
        "bgeigle@visitparisregion.com",
        "hcaldo@visitparisregion.com",
        "mtanaskovic@visitparisregion.com"
      ],
      "schema:legalName": "Comité Régional du Tourisme Paris Ile de France",
      "@type": [
        "schema:Organization",
        "foaf:Agent",
        "Agent"
      ],
      "foaf:homepage": [
        "http://www.visitparisregion.com/"
      ]
    }
  ],
  "lastUpdate": "2022-06-01",
  "lastUpdateDatatourisme": "2023-05-30T05:49:20.378Z",
  "offers": [
    {
      "@id": "https://data.datatourisme.fr/4b7fef5d-2683-3e8b-8650-dd59f8bfe7cb",
      "schema:priceSpecification": [
        {
          "@id": "https://data.datatourisme.fr/567a6911-ed9f-3f5c-b8ad-12de3fc86f51",
          "schema:maxPrice": [
            "4",
            "6"
          ],
          "schema:minPrice": [
            "4",
            "6"
          ],
          "schema:priceCurrency": "EUR",
          "@type": [
            "schema:PriceSpecification",
            "PriceSpecification"
          ],
          "appliesOnPeriod": [
            {
              "@id": "https://data.datatourisme.fr/0663ca4b-3470-3171-9053-39aa704e8f56",
              "@type": [
                "Period"
              ],
              "endDate": "2022-12-31",
              "startDate": "2022-01-01"
            }
          ]
        }
      ],
      "@type": [
        "schema:Offer",
        "Offer"
      ]
    }
  ]
}