{
  "@id": "https://data.datatourisme.fr/13/17c4e65c-4234-3d78-abd1-37e91171045f",
  "dc:identifier": "5045761",
  "@type": [
    "Cathedral",
    "CulturalSite",
    "PlaceOfInterest",
    "PointOfInterest",
    "ReligiousSite"
  ],
  "rdfs:comment": {
    "de": [
      "Entdecken Sie die Kathedrale Sainte-Geneviève: 2013 restauriert, ihre Geschichte, ihre außergewöhnlichen Fresken und die Symbole dieses Meisterwerks der religiösen Architektur aus den 1930er Jahren. Sie ist ein Muss bei Ihrem Besuch in Nanterre!"
    ],
    "en": [
      "Discover the Sainte-Geneviève Cathedral: restored in 2013, its history, its exceptional frescoes and the symbols of this masterpiece of religious architecture of the 1930s. It is an essential stopover during your visit to Nanterre!"
    ],
    "it": [
      "Scoprite la Cattedrale di Sainte-Geneviève: restaurata nel 2013, la sua storia, i suoi eccezionali affreschi e i simboli di questo capolavoro dell'architettura religiosa degli anni Trenta. È una tappa obbligata della vostra visita a Nanterre!"
    ],
    "fr": [
      "Découvrez la Cathédrale Sainte-Geneviève : restaurée en 2013, son histoire, ses fresques exceptionnelles et les symboles de ce chef d'œuvre de l'architecture religieuse des années 1930. C'est une étape incontournable lors de votre visite à Nanterre !"
    ],
    "nl": [
      "Ontdek de kathedraal Sainte-Geneviève: gerestaureerd in 2013, haar geschiedenis, haar uitzonderlijke fresco's en de symbolen van dit meesterwerk van religieuze architectuur uit de jaren 1930. Een must tijdens uw bezoek aan Nanterre!"
    ],
    "es": [
      "Descubra la catedral Sainte-Geneviève: restaurada en 2013, su historia, sus excepcionales frescos y los símbolos de esta obra maestra de la arquitectura religiosa de los años 30. Es una visita obligada durante su estancia en Nanterre"
    ]
  },
  "rdfs:label": {
    "fr": [
      "Cathédrale Sainte-Geneviève"
    ]
  },
  "owl:sameAs": [
    "http://www.wikidata.org/entity/Q2942477"
  ],
  "hasBeenCreatedBy": {
    "@id": "https://data.datatourisme.fr/13/03e0704b-5690-32de-a186-1dc3ad3316c9",
    "dc:identifier": "1019",
    "schema:email": [
      "bgeigle@visitparisregion.com",
      "hcaldo@visitparisregion.com",
      "mtanaskovic@visitparisregion.com"
    ],
    "schema:legalName": "Comité Régional du Tourisme Paris Ile de France",
    "@type": [
      "schema:Organization",
      "foaf:Agent",
      "Agent"
    ],
    "foaf:homepage": [
      "http://www.visitparisregion.com/"
    ]
  },
  "hasBeenPublishedBy": [
    {
      "@id": "https://data.datatourisme.fr/8a9feb4b-2cbd-3d2c-b507-bd6c6776b23b",
      "schema:legalName": "Apidae Tourisme Scic SA - source : Apidae Tourisme",
      "@type": [
        "schema:Organization",
        "foaf:Agent",
        "Agent"
      ],
      "foaf:homepage": [
        "https://www.apidae-tourisme.com/"
      ]
    }
  ],
  "hasContact": [
    {
      "@id": "https://data.datatourisme.fr/0374da32-9cb1-3aae-b5bb-8758c40b5915",
      "schema:email": [
        "cathedrale.nanterre@free.fr"
      ],
      "schema:telephone": [
        "+33 1 47 21 15 49"
      ],
      "@type": [
        "foaf:Agent",
        "Agent"
      ]
    }
  ],
  "hasDescription": [
    {
      "@id": "https://data.datatourisme.fr/a815d957-0987-3ffb-8747-44de8969fcc4",
      "@type": [
        "Description"
      ],
      "hasTranslatedProperty": [
        {
          "@id": "https://data.datatourisme.fr/2a03cb3c-c95e-33cb-bbf3-146f473ae7b0",
          "dc:contributor": [
            "https://api.deepl.com/v2/translate"
          ],
          "rdf:language": [
            "de"
          ],
          "rdf:predicate": [
            "shortDescription"
          ]
        },
        {
          "@id": "https://data.datatourisme.fr/2d53e0e1-4bdf-3f15-a629-acd4643672fd",
          "dc:contributor": [
            "https://api.deepl.com/v2/translate"
          ],
          "rdf:language": [
            "it"
          ],
          "rdf:predicate": [
            "shortDescription"
          ]
        },
        {
          "@id": "https://data.datatourisme.fr/7ee63b51-9d0d-3d55-ba9e-76446735880e",
          "dc:contributor": [
            "https://api.deepl.com/v2/translate"
          ],
          "rdf:language": [
            "nl"
          ],
          "rdf:predicate": [
            "shortDescription"
          ]
        },
        {
          "@id": "https://data.datatourisme.fr/d6bfd9a0-489c-32f3-bb6a-8ecf33e35069",
          "dc:contributor": [
            "https://api.deepl.com/v2/translate"
          ],
          "rdf:language": [
            "es"
          ],
          "rdf:predicate": [
            "shortDescription"
          ]
        },
        {
          "@id": "https://data.datatourisme.fr/f60631c1-359e-3d03-839b-9cc0a000c7ea",
          "dc:contributor": [
            "https://api.deepl.com/v2/translate"
          ],
          "rdf:language": [
            "en"
          ],
          "rdf:predicate": [
            "shortDescription"
          ]
        }
      ],
      "shortDescription": {
        "de": [
          "Entdecken Sie die Kathedrale Sainte-Geneviève: 2013 restauriert, ihre Geschichte, ihre außergewöhnlichen Fresken und die Symbole dieses Meisterwerks der religiösen Architektur aus den 1930er Jahren. Sie ist ein Muss bei Ihrem Besuch in Nanterre!"
        ],
        "en": [
          "Discover the Sainte-Geneviève Cathedral: restored in 2013, its history, its exceptional frescoes and the symbols of this masterpiece of religious architecture of the 1930s. It is an essential stopover during your visit to Nanterre!"
        ],
        "it": [
          "Scoprite la Cattedrale di Sainte-Geneviève: restaurata nel 2013, la sua storia, i suoi eccezionali affreschi e i simboli di questo capolavoro dell'architettura religiosa degli anni Trenta. È una tappa obbligata della vostra visita a Nanterre!"
        ],
        "fr": [
          "Découvrez la Cathédrale Sainte-Geneviève : restaurée en 2013, son histoire, ses fresques exceptionnelles et les symboles de ce chef d'œuvre de l'architecture religieuse des années 1930. C'est une étape incontournable lors de votre visite à Nanterre !"
        ],
        "nl": [
          "Ontdek de kathedraal Sainte-Geneviève: gerestaureerd in 2013, haar geschiedenis, haar uitzonderlijke fresco's en de symbolen van dit meesterwerk van religieuze architectuur uit de jaren 1930. Een must tijdens uw bezoek aan Nanterre!"
        ],
        "es": [
          "Descubra la catedral Sainte-Geneviève: restaurada en 2013, su historia, sus excepcionales frescos y los símbolos de esta obra maestra de la arquitectura religiosa de los años 30. Es una visita obligada durante su estancia en Nanterre"
        ]
      }
    }
  ],
  "hasRepresentation": [
    {
      "@id": "https://data.datatourisme.fr/cb94d024-3920-3507-a2e7-821be0aba492",
      "ebucore:hasAnnotation": [
        {
          "@id": "https://data.datatourisme.fr/8ba19b44-132b-32b1-aacd-5982f2029d32",
          "ebucore:isCoveredBy": "CC BY-SA 3.0",
          "ebucore:title": [
            "Cathédrale de Nanterre01"
          ],
          "@type": [
            "ebucore:Annotation"
          ],
          "credits": [
            "Original téléversé par <a href=\"https://en.wikipedia.org/wiki/fr:User:Spedona\" class=\"extiw\" title=\"w:fr:User:Spedona\">Spedona</a> sur <a href=\"https://en.wikipedia.org/wiki/fr:\" class=\"extiw\" title=\"w:fr:\">Wikipédia français</a>."
          ]
        }
      ],
      "ebucore:hasRelatedResource": [
        {
          "@id": "https://data.datatourisme.fr/e6acd621-dbaa-36fc-8304-b3a3c8c4b7d0",
          "ebucore:fileSize": [
            135180
          ],
          "ebucore:hasMimeType": [
            {
              "@id": "kb:JPEG",
              "@type": [
                "ebucore:MimeType"
              ],
              "rdfs:comment": {
                "de": [
                  "JPEG-Bild"
                ],
                "pt": [
                  "Imagem JPEG"
                ],
                "en": [
                  "JPEG image file"
                ],
                "it": [
                  "Immagine JPEG"
                ],
                "fr": [
                  "Image JPEG"
                ],
                "nl": [
                  "JPEG-afbeelding"
                ],
                "es": [
                  "Imagen JPEG"
                ]
              },
              "rdfs:label": {
                "de": [
                  "image/jpeg"
                ],
                "pt": [
                  "image/jpeg"
                ],
                "en": [
                  "image/jpeg"
                ],
                "it": [
                  "image/jpeg"
                ],
                "fr": [
                  "image/jpeg"
                ],
                "nl": [
                  "image/jpeg"
                ],
                "es": [
                  "image/jpeg"
                ]
              }
            }
          ],
          "ebucore:height": 1365,
          "ebucore:locator": [
            "https://upload.wikimedia.org/wikipedia/commons/b/bf/Cath%C3%A9drale_de_Nanterre01.jpg"
          ],
          "ebucore:width": 1024,
          "@type": [
            "ebucore:Resource"
          ]
        }
      ],
      "@type": [
        "ebucore:EditorialObject"
      ]
    }
  ],
  "hasTheme": [
    {
      "@id": "kb:Culture",
      "@type": [
        "CulturalTheme"
      ],
      "rdfs:label": {
        "de": [
          "Kultur"
        ],
        "pt": [
          "Cultura"
        ],
        "en": [
          "Culture"
        ],
        "it": [
          "Cultura"
        ],
        "fr": [
          "Culture"
        ],
        "nl": [
          "Cultuur"
        ],
        "es": [
          "Cultura"
        ]
      }
    }
  ],
  "hasTranslatedProperty": [
    {
      "@id": "https://data.datatourisme.fr/13ca5cca-e970-357d-841a-0abdf2ac6d9f",
      "dc:contributor": [
        "https://api.deepl.com/v2/translate"
      ],
      "rdf:language": [
        "en"
      ],
      "rdf:predicate": [
        {
          "@id": "rdfs:comment"
        }
      ]
    },
    {
      "@id": "https://data.datatourisme.fr/45a19c00-baa3-3c52-9406-f988bfe96934",
      "dc:contributor": [
        "https://api.deepl.com/v2/translate"
      ],
      "rdf:language": [
        "it"
      ],
      "rdf:predicate": [
        {
          "@id": "rdfs:comment"
        }
      ]
    },
    {
      "@id": "https://data.datatourisme.fr/4b14c432-54d4-3150-9ce4-8f894f7955ce",
      "dc:contributor": [
        "https://api.deepl.com/v2/translate"
      ],
      "rdf:language": [
        "es"
      ],
      "rdf:predicate": [
        {
          "@id": "rdfs:comment"
        }
      ]
    },
    {
      "@id": "https://data.datatourisme.fr/bfea5f44-41f0-31ae-8242-307904cc3aa4",
      "dc:contributor": [
        "https://api.deepl.com/v2/translate"
      ],
      "rdf:language": [
        "nl"
      ],
      "rdf:predicate": [
        {
          "@id": "rdfs:comment"
        }
      ]
    },
    {
      "@id": "https://data.datatourisme.fr/db3c3012-2344-3a69-af0f-a24155482648",
      "dc:contributor": [
        "https://api.deepl.com/v2/translate"
      ],
      "rdf:language": [
        "de"
      ],
      "rdf:predicate": [
        {
          "@id": "rdfs:comment"
        }
      ]
    }
  ],
  "isLocatedAt": [
    {
      "@id": "https://data.datatourisme.fr/51f6e150-9db6-3fd9-b175-db303fbf2b69",
      "schema:address": [
        {
          "@id": "https://data.datatourisme.fr/e98d5fe9-7662-304f-8c33-e15a18d5f42b",
          "schema:addressLocality": "Nanterre",
          "schema:postalCode": "92000",
          "schema:streetAddress": [
            "28 rue de l'Eglise"
          ],
          "@type": [
            "schema:PostalAddress",
            "PostalAddress"
          ],
          "hasAddressCity": {
            "@id": "kb:92050",
            "@type": [
              "City"
            ],
            "rdfs:label": {
              "de": [
                "Nanterre"
              ],
              "pt": [
                "Nanterre"
              ],
              "en": [
                "Nanterre"
              ],
              "it": [
                "Nanterre"
              ],
              "fr": [
                "Nanterre"
              ],
              "nl": [
                "Nanterre"
              ],
              "es": [
                "Nanterre"
              ]
            },
            "insee": "92050",
            "isPartOfDepartment": {
              "@id": "kb:France1192",
              "@type": [
                "Department"
              ],
              "rdfs:label": {
                "de": [
                  "Hauts-de-Seine"
                ],
                "pt": [
                  "Hauts-de-Seine"
                ],
                "en": [
                  "Hauts-de-Seine"
                ],
                "it": [
                  "Hauts-de-Seine"
                ],
                "fr": [
                  "Hauts-de-Seine"
                ],
                "nl": [
                  "Hauts-de-Seine"
                ],
                "es": [
                  "Hauts-de-Seine"
                ]
              },
              "insee": "92",
              "isPartOfRegion": {
                "@id": "kb:France11",
                "@type": [
                  "Region"
                ],
                "rdfs:label": {
                  "de": [
                    "Île-de-France"
                  ],
                  "pt": [
                    "Île-de-France"
                  ],
                  "en": [
                    "Île-de-France"
                  ],
                  "it": [
                    "Île-de-France"
                  ],
                  "fr": [
                    "Île-de-France"
                  ],
                  "nl": [
                    "Île-de-France"
                  ],
                  "es": [
                    "Île-de-France"
                  ]
                },
                "insee": "11",
                "isPartOfCountry": {
                  "@id": "kb:France",
                  "@type": [
                    "schema:Country"
                  ],
                  "rdfs:label": {
                    "de": [
                      "France",
                      "Frankreich"
                    ],
                    "pt": [
                      "França",
                      "France"
                    ],
                    "en": [
                      "France"
                    ],
                    "it": [
                      "France",
                      "Francia"
                    ],
                    "fr": [
                      "France"
                    ],
                    "nl": [
                      "France",
                      "Frankrijk"
                    ],
                    "es": [
                      "France",
                      "Francia"
                    ]
                  }
                }
              }
            }
          }
        }
      ],
      "schema:geo": {
        "@id": "https://data.datatourisme.fr/8c92216f-0832-3a81-922f-3e7928f83727",
        "schema:latitude": "48.891002",
        "schema:longitude": "2.196048",
        "@type": [
          "schema:GeoCoordinates"
        ]
      },
      "schema:openingHoursSpecification": [
        {
          "@id": "https://data.datatourisme.fr/e5c68315-53bd-32f0-8420-1f4e2b6212e6",
          "schema:closes": "19:00:00",
          "schema:opens": "08:15:00",
          "schema:validFrom": "2023-01-01T00:00:00",
          "schema:validThrough": "2023-12-31T23:59:59",
          "@type": [
            "schema:OpeningHoursSpecification"
          ]
        }
      ],
      "@type": [
        "schema:Place",
        "Place"
      ]
    }
  ],
  "isOwnedBy": [
    {
      "@id": "https://data.datatourisme.fr/26ecd6f0-563c-356a-b0f9-ad3ec17effc4",
      "schema:email": [
        "bgeigle@visitparisregion.com",
        "hcaldo@visitparisregion.com",
        "mtanaskovic@visitparisregion.com"
      ],
      "schema:legalName": "Comité Régional du Tourisme Paris Ile de France",
      "@type": [
        "schema:Organization",
        "foaf:Agent",
        "Agent"
      ],
      "foaf:homepage": [
        "http://www.visitparisregion.com/"
      ]
    }
  ],
  "lastUpdate": "2022-12-20",
  "lastUpdateDatatourisme": "2023-02-24T06:40:40.209Z"
}