{
  "@id": "https://data.datatourisme.fr/13/1746c5c2-ab0c-3c07-8e66-ac8330c9ec6a",
  "dc:identifier": "6436499",
  "schema:endDate": [
    "2023-07-23"
  ],
  "schema:startDate": [
    "2023-07-23"
  ],
  "@type": [
    "schema:Event",
    "schema:MusicEvent",
    "Concert",
    "CulturalEvent",
    "EntertainmentAndEvent",
    "PointOfInterest"
  ],
  "rdfs:comment": {
    "de": [
      "Zyklus [Schlüssel zur Klassik]\r\nDie junge Cembalistin Louise Acabo bringt die Kopie eines Instruments von Antoine Vater zu Gehör, ein wahrer \"Nationalschatz\", der für die Zeit Vivaldis steht.\r\nwerke von Bach, Couperin, Scarlatti..."
    ],
    "en": [
      "Cycle [the keys to the classical]\r\nThe young harpsichordist Louise Acabo plays a copy of an instrument by Antoine Vater, a true \"national treasure\" emblematic of Vivaldi?s time.\r\nworks by Bach, Couperin, Scarlatti..."
    ],
    "it": [
      "Cycle [Keys to the Classics]\r\nLa giovane clavicembalista Louise Acabo suona una copia di uno strumento di Antoine Vater, un vero \"tesoro nazionale\" emblematico dell'epoca di Vivaldi.\r\nopere di Bach, Couperin, Scarlatti..."
    ],
    "fr": [
      "Cycle [les clés du classique]\r\nLa jeune claveciniste Louise Acabo donne à entendre la copie d’un instrument d’Antoine Vater, véritable « trésor national » emblématique de l’époque de Vivaldi.\r\nŒuvres de Bach, Couperin, Scarlatti..."
    ],
    "nl": [
      "Cyclus [Sleutels tot de Klassieken]\r\nDe jonge klaveciniste Louise Acabo bespeelt een kopie van een instrument van Antoine Vater, een ware \"nationale schat\" die symbool staat voor de tijd van Vivaldi.\r\nwerken van Bach, Couperin, Scarlatti..."
    ],
    "es": [
      "Ciclo [Claves de los clásicos]\r\nLa joven clavecinista Louise Acabo toca una copia de un instrumento de Antoine Vater, verdadero \"tesoro nacional\" emblemático de la época de Vivaldi.\r\nobras de Bach, Couperin, Scarlatti..."
    ]
  },
  "rdfs:label": {
    "fr": [
      "Concert-rencontre autour du clavecin"
    ]
  },
  "hasBeenCreatedBy": {
    "@id": "https://data.datatourisme.fr/13/fface838-5abb-394b-8593-a0ed53a0c70f",
    "dc:identifier": "1827",
    "schema:email": [
      "direction.otc.rcpf@orange.fr",
      "info@tourisme-rcpf.com"
    ],
    "schema:legalName": "Office de Tourisme Communautaire terre de Carnelle",
    "@type": [
      "schema:Organization",
      "foaf:Agent",
      "Agent"
    ],
    "foaf:homepage": [
      "https://www.royaumont-carnelle-paysdefrance.com/"
    ]
  },
  "hasBeenPublishedBy": [
    {
      "@id": "https://data.datatourisme.fr/8a9feb4b-2cbd-3d2c-b507-bd6c6776b23b",
      "schema:legalName": "Apidae Tourisme Scic SA - source : Apidae Tourisme",
      "@type": [
        "schema:Organization",
        "foaf:Agent",
        "Agent"
      ],
      "foaf:homepage": [
        "https://www.apidae-tourisme.com/"
      ]
    }
  ],
  "hasContact": [
    {
      "@id": "https://data.datatourisme.fr/095e6802-1fd0-3049-b65e-f25589bf4bba",
      "schema:email": [
        "billetterie-spectacles@royaumont.com"
      ],
      "schema:telephone": [
        "+33 1 30 35 58 00"
      ],
      "@type": [
        "foaf:Agent",
        "Agent"
      ],
      "foaf:homepage": [
        "https://www.royaumont.com/"
      ]
    }
  ],
  "hasDescription": [
    {
      "@id": "https://data.datatourisme.fr/ed929f29-6607-3bcd-8a5a-97e666b3889d",
      "@type": [
        "Description"
      ],
      "hasTranslatedProperty": [
        {
          "@id": "https://data.datatourisme.fr/08f6273f-d77b-34c4-b4ae-a4c68b0ceb03",
          "dc:contributor": [
            "https://api.deepl.com/v2/translate"
          ],
          "rdf:language": [
            "nl"
          ],
          "rdf:predicate": [
            "shortDescription"
          ]
        },
        {
          "@id": "https://data.datatourisme.fr/0c4c5f1a-058f-3d7a-8142-8ecdf0b10d9b",
          "dc:contributor": [
            "https://api.deepl.com/v2/translate"
          ],
          "rdf:language": [
            "es"
          ],
          "rdf:predicate": [
            "shortDescription"
          ]
        },
        {
          "@id": "https://data.datatourisme.fr/4f20e772-4272-303d-a7e8-042c91999719",
          "dc:contributor": [
            "https://api.deepl.com/v2/translate"
          ],
          "rdf:language": [
            "it"
          ],
          "rdf:predicate": [
            "shortDescription"
          ]
        },
        {
          "@id": "https://data.datatourisme.fr/7e6f1592-6d35-3425-9ac3-7dbea7f0eeba",
          "dc:contributor": [
            "https://api.deepl.com/v2/translate"
          ],
          "rdf:language": [
            "en"
          ],
          "rdf:predicate": [
            "shortDescription"
          ]
        },
        {
          "@id": "https://data.datatourisme.fr/b89a3970-1c18-3db1-8b17-961984b804d7",
          "dc:contributor": [
            "https://api.deepl.com/v2/translate"
          ],
          "rdf:language": [
            "de"
          ],
          "rdf:predicate": [
            "shortDescription"
          ]
        }
      ],
      "shortDescription": {
        "de": [
          "Zyklus [Schlüssel zur Klassik]\r\nDie junge Cembalistin Louise Acabo bringt die Kopie eines Instruments von Antoine Vater zu Gehör, ein wahrer \"Nationalschatz\", der für die Zeit Vivaldis steht.\r\nwerke von Bach, Couperin, Scarlatti..."
        ],
        "en": [
          "Cycle [the keys to the classical]\r\nThe young harpsichordist Louise Acabo plays a copy of an instrument by Antoine Vater, a true \"national treasure\" emblematic of Vivaldi?s time.\r\nworks by Bach, Couperin, Scarlatti..."
        ],
        "it": [
          "Cycle [Keys to the Classics]\r\nLa giovane clavicembalista Louise Acabo suona una copia di uno strumento di Antoine Vater, un vero \"tesoro nazionale\" emblematico dell'epoca di Vivaldi.\r\nopere di Bach, Couperin, Scarlatti..."
        ],
        "fr": [
          "Cycle [les clés du classique]\r\nLa jeune claveciniste Louise Acabo donne à entendre la copie d’un instrument d’Antoine Vater, véritable « trésor national » emblématique de l’époque de Vivaldi.\r\nŒuvres de Bach, Couperin, Scarlatti..."
        ],
        "nl": [
          "Cyclus [Sleutels tot de Klassieken]\r\nDe jonge klaveciniste Louise Acabo bespeelt een kopie van een instrument van Antoine Vater, een ware \"nationale schat\" die symbool staat voor de tijd van Vivaldi.\r\nwerken van Bach, Couperin, Scarlatti..."
        ],
        "es": [
          "Ciclo [Claves de los clásicos]\r\nLa joven clavecinista Louise Acabo toca una copia de un instrumento de Antoine Vater, verdadero \"tesoro nacional\" emblemático de la época de Vivaldi.\r\nobras de Bach, Couperin, Scarlatti..."
        ]
      }
    }
  ],
  "hasTranslatedProperty": [
    {
      "@id": "https://data.datatourisme.fr/0157e1af-3a93-3f09-8b0c-2de145929c00",
      "dc:contributor": [
        "https://api.deepl.com/v2/translate"
      ],
      "rdf:language": [
        "it"
      ],
      "rdf:predicate": [
        {
          "@id": "rdfs:comment"
        }
      ]
    },
    {
      "@id": "https://data.datatourisme.fr/6732617e-72fc-317c-9228-b4f28ef293a1",
      "dc:contributor": [
        "https://api.deepl.com/v2/translate"
      ],
      "rdf:language": [
        "nl"
      ],
      "rdf:predicate": [
        {
          "@id": "rdfs:comment"
        }
      ]
    },
    {
      "@id": "https://data.datatourisme.fr/7a1cd8bb-5b63-34d1-980f-42bdeb933886",
      "dc:contributor": [
        "https://api.deepl.com/v2/translate"
      ],
      "rdf:language": [
        "en"
      ],
      "rdf:predicate": [
        {
          "@id": "rdfs:comment"
        }
      ]
    },
    {
      "@id": "https://data.datatourisme.fr/b618407c-5943-3b20-a27d-1c8814daf469",
      "dc:contributor": [
        "https://api.deepl.com/v2/translate"
      ],
      "rdf:language": [
        "de"
      ],
      "rdf:predicate": [
        {
          "@id": "rdfs:comment"
        }
      ]
    },
    {
      "@id": "https://data.datatourisme.fr/dc023598-9136-3c8b-a3d1-7a8582d04805",
      "dc:contributor": [
        "https://api.deepl.com/v2/translate"
      ],
      "rdf:language": [
        "es"
      ],
      "rdf:predicate": [
        {
          "@id": "rdfs:comment"
        }
      ]
    }
  ],
  "isLocatedAt": [
    {
      "@id": "https://data.datatourisme.fr/6633e8fb-55ad-31b6-9716-b647beef165c",
      "schema:address": [
        {
          "@id": "https://data.datatourisme.fr/aa6a97ad-6f44-3958-a95c-2dbd85d1e918",
          "schema:addressLocality": "Asnières-sur-Oise",
          "schema:postalCode": "95270",
          "schema:streetAddress": [
            "Abbaye de Royaumont",
            "Réfectoire des convers"
          ],
          "@type": [
            "schema:PostalAddress",
            "PostalAddress"
          ],
          "hasAddressCity": {
            "@id": "kb:95026",
            "@type": [
              "City"
            ],
            "rdfs:label": {
              "de": [
                "Asnières-sur-Oise"
              ],
              "pt": [
                "Asnières-sur-Oise"
              ],
              "en": [
                "Asnières-sur-Oise"
              ],
              "it": [
                "Asnières-sur-Oise"
              ],
              "fr": [
                "Asnières-sur-Oise"
              ],
              "nl": [
                "Asnières-sur-Oise"
              ],
              "es": [
                "Asnières-sur-Oise"
              ]
            },
            "insee": "95026",
            "isPartOfDepartment": {
              "@id": "kb:France1195",
              "@type": [
                "Department"
              ],
              "rdfs:label": {
                "de": [
                  "Val-d'Oise"
                ],
                "pt": [
                  "Val-d'Oise"
                ],
                "en": [
                  "Val-d'Oise"
                ],
                "it": [
                  "Val-d'Oise"
                ],
                "fr": [
                  "Val-d'Oise"
                ],
                "nl": [
                  "Val-d'Oise"
                ],
                "es": [
                  "Val-d'Oise"
                ]
              },
              "insee": "95",
              "isPartOfRegion": {
                "@id": "kb:France11",
                "@type": [
                  "Region"
                ],
                "rdfs:label": {
                  "de": [
                    "Île-de-France"
                  ],
                  "pt": [
                    "Île-de-France"
                  ],
                  "en": [
                    "Île-de-France"
                  ],
                  "it": [
                    "Île-de-France"
                  ],
                  "fr": [
                    "Île-de-France"
                  ],
                  "nl": [
                    "Île-de-France"
                  ],
                  "es": [
                    "Île-de-France"
                  ]
                },
                "insee": "11",
                "isPartOfCountry": {
                  "@id": "kb:France",
                  "@type": [
                    "schema:Country"
                  ],
                  "rdfs:label": {
                    "de": [
                      "France",
                      "Frankreich"
                    ],
                    "pt": [
                      "França",
                      "France"
                    ],
                    "en": [
                      "France"
                    ],
                    "it": [
                      "France",
                      "Francia"
                    ],
                    "fr": [
                      "France"
                    ],
                    "nl": [
                      "France",
                      "Frankrijk"
                    ],
                    "es": [
                      "France",
                      "Francia"
                    ]
                  }
                }
              }
            }
          }
        }
      ],
      "schema:geo": {
        "@id": "https://data.datatourisme.fr/753587f0-f1de-33db-a6ef-bffbc20c8d86",
        "schema:latitude": "49.147541",
        "schema:longitude": "2.384579",
        "@type": [
          "schema:GeoCoordinates"
        ]
      },
      "schema:openingHoursSpecification": [
        {
          "@id": "https://data.datatourisme.fr/28e7197f-05ba-356e-b2b6-e634184a8619",
          "schema:closes": "16:30:00",
          "schema:opens": "15:30:00",
          "schema:validFrom": "2023-07-23T00:00:00",
          "schema:validThrough": "2023-07-23T23:59:59",
          "@type": [
            "schema:OpeningHoursSpecification"
          ]
        }
      ],
      "@type": [
        "schema:Place",
        "Place"
      ]
    }
  ],
  "isOwnedBy": [
    {
      "@id": "https://data.datatourisme.fr/083e88a2-7ee9-3b58-89fb-0e4405768789",
      "schema:email": [
        "direction.otc.rcpf@orange.fr",
        "info@tourisme-rcpf.com"
      ],
      "schema:legalName": "Office de Tourisme Communautaire terre de Carnelle",
      "@type": [
        "schema:Organization",
        "foaf:Agent",
        "Agent"
      ],
      "foaf:homepage": [
        "https://www.royaumont-carnelle-paysdefrance.com/"
      ]
    }
  ],
  "lastUpdate": "2023-03-06",
  "lastUpdateDatatourisme": "2023-04-01T05:50:20.024Z",
  "takesPlaceAt": [
    {
      "@id": "https://data.datatourisme.fr/25e33c56-d242-3760-a72f-4768c8a4bd78",
      "@type": [
        "Period"
      ],
      "endDate": "2023-07-23",
      "endTime": "16:30:00",
      "startDate": "2023-07-23",
      "startTime": "15:30:00"
    }
  ]
}