{
  "@id": "https://data.datatourisme.fr/13/1702a084-e768-3156-b6fa-fd419d06b295",
  "dc:identifier": "780359",
  "@type": [
    "schema:MovieTheater",
    "Cinema",
    "PlaceOfInterest",
    "PointOfInterest",
    "SportsAndLeisurePlace"
  ],
  "rdfs:comment": {
    "de": [
      "Dieses als Art et Essai eingestufte Kino ist ein wichtiger Ort der Kultur und der Filmdebatten im Norden von Paris"
    ],
    "en": [
      "This room, classified as an Art et Essai, is an important place of culture and cinematic debates in the north of Paris"
    ],
    "it": [
      "Questo cinema, classificato come Art et Essai, è un importante luogo di cultura e dibattito cinematografico nel nord di Parigi"
    ],
    "fr": [
      "Cette salle classée Art et Essai, constitue un lieu important de culture et de débats cinématographiques au nord de Paris"
    ],
    "es": [
      "Este cine, clasificado como Art et Essai, es un importante lugar de cultura y debate cinematográfico en el norte de París"
    ],
    "nl": [
      "Deze bioscoop, geklasseerd als Art et Essai, is een belangrijke plaats van cultuur en cinematografisch debat in het noorden van Parijs"
    ]
  },
  "rdfs:label": {
    "fr": [
      "Cinéma des Cinéastes"
    ]
  },
  "hasBeenCreatedBy": {
    "@id": "https://data.datatourisme.fr/13/03e0704b-5690-32de-a186-1dc3ad3316c9",
    "dc:identifier": "1019",
    "schema:email": [
      "bgeigle@visitparisregion.com",
      "hcaldo@visitparisregion.com",
      "mtanaskovic@visitparisregion.com"
    ],
    "schema:legalName": "Comité Régional du Tourisme Paris Ile de France",
    "@type": [
      "schema:Organization",
      "foaf:Agent",
      "Agent"
    ],
    "foaf:homepage": [
      "http://www.visitparisregion.com/"
    ]
  },
  "hasBeenPublishedBy": [
    {
      "@id": "https://data.datatourisme.fr/8a9feb4b-2cbd-3d2c-b507-bd6c6776b23b",
      "schema:legalName": "Apidae Tourisme Scic SA - source : Apidae Tourisme",
      "@type": [
        "schema:Organization",
        "foaf:Agent",
        "Agent"
      ],
      "foaf:homepage": [
        "https://www.apidae-tourisme.com/"
      ]
    }
  ],
  "hasContact": [
    {
      "@id": "https://data.datatourisme.fr/37fb618e-7ead-35cd-9c47-ec3f4ae80c6e",
      "schema:telephone": [
        "+33 1 53 42 40 20"
      ],
      "@type": [
        "foaf:Agent",
        "Agent"
      ],
      "foaf:homepage": [
        "http://www.cinema-des-cineastes.fr/"
      ]
    }
  ],
  "hasDescription": [
    {
      "@id": "https://data.datatourisme.fr/7682e90b-9997-30bd-ab53-f855530bfcdb",
      "@type": [
        "Description"
      ],
      "hasTranslatedProperty": [
        {
          "@id": "https://data.datatourisme.fr/061191b8-84fa-3c41-b8d3-50cab3fd2cc2",
          "dc:contributor": [
            "https://api.deepl.com/v2/translate"
          ],
          "rdf:language": [
            "it"
          ],
          "rdf:predicate": [
            "shortDescription"
          ]
        },
        {
          "@id": "https://data.datatourisme.fr/111f45f1-a150-3bbc-b67c-ec9cb7ac4c14",
          "dc:contributor": [
            "https://api.deepl.com/v2/translate"
          ],
          "rdf:language": [
            "en"
          ],
          "rdf:predicate": [
            "shortDescription"
          ]
        },
        {
          "@id": "https://data.datatourisme.fr/70af5b15-351f-35e3-b6cc-74d129f6ff1c",
          "dc:contributor": [
            "https://api.deepl.com/v2/translate"
          ],
          "rdf:language": [
            "nl"
          ],
          "rdf:predicate": [
            "shortDescription"
          ]
        },
        {
          "@id": "https://data.datatourisme.fr/8153eaad-2427-32c4-bdf7-fe0705e2a6c0",
          "dc:contributor": [
            "https://api.deepl.com/v2/translate"
          ],
          "rdf:language": [
            "de"
          ],
          "rdf:predicate": [
            "shortDescription"
          ]
        },
        {
          "@id": "https://data.datatourisme.fr/f18b4d80-1658-321d-923a-1fdc72982482",
          "dc:contributor": [
            "https://api.deepl.com/v2/translate"
          ],
          "rdf:language": [
            "es"
          ],
          "rdf:predicate": [
            "shortDescription"
          ]
        }
      ],
      "shortDescription": {
        "de": [
          "Dieses als Art et Essai eingestufte Kino ist ein wichtiger Ort der Kultur und der Filmdebatten im Norden von Paris"
        ],
        "en": [
          "This room, classified as an Art et Essai, is an important place of culture and cinematic debates in the north of Paris"
        ],
        "it": [
          "Questo cinema, classificato come Art et Essai, è un importante luogo di cultura e dibattito cinematografico nel nord di Parigi"
        ],
        "fr": [
          "Cette salle classée Art et Essai, constitue un lieu important de culture et de débats cinématographiques au nord de Paris"
        ],
        "es": [
          "Este cine, clasificado como Art et Essai, es un importante lugar de cultura y debate cinematográfico en el norte de París"
        ],
        "nl": [
          "Deze bioscoop, geklasseerd als Art et Essai, is een belangrijke plaats van cultuur en cinematografisch debat in het noorden van Parijs"
        ]
      }
    }
  ],
  "hasTranslatedProperty": [
    {
      "@id": "https://data.datatourisme.fr/0b19475c-1f5d-39bb-b66a-9f77fa93b559",
      "dc:contributor": [
        "https://api.deepl.com/v2/translate"
      ],
      "rdf:language": [
        "nl"
      ],
      "rdf:predicate": [
        {
          "@id": "rdfs:comment"
        }
      ]
    },
    {
      "@id": "https://data.datatourisme.fr/1f84e542-3335-3a2b-86c4-b204576e2fb1",
      "dc:contributor": [
        "https://api.deepl.com/v2/translate"
      ],
      "rdf:language": [
        "es"
      ],
      "rdf:predicate": [
        {
          "@id": "rdfs:comment"
        }
      ]
    },
    {
      "@id": "https://data.datatourisme.fr/3f39e7f4-a54b-3c3b-8d3e-acc0a4c4a491",
      "dc:contributor": [
        "https://api.deepl.com/v2/translate"
      ],
      "rdf:language": [
        "en"
      ],
      "rdf:predicate": [
        {
          "@id": "rdfs:comment"
        }
      ]
    },
    {
      "@id": "https://data.datatourisme.fr/4399d3fb-3ed8-36fa-93ed-e0493e70d45e",
      "dc:contributor": [
        "https://api.deepl.com/v2/translate"
      ],
      "rdf:language": [
        "de"
      ],
      "rdf:predicate": [
        {
          "@id": "rdfs:comment"
        }
      ]
    },
    {
      "@id": "https://data.datatourisme.fr/4de48345-cac6-3681-873f-197590d05d16",
      "dc:contributor": [
        "https://api.deepl.com/v2/translate"
      ],
      "rdf:language": [
        "it"
      ],
      "rdf:predicate": [
        {
          "@id": "rdfs:comment"
        }
      ]
    }
  ],
  "isLocatedAt": [
    {
      "@id": "https://data.datatourisme.fr/1727fa31-30b2-3740-b5d2-ccccdf66d6fa",
      "schema:address": [
        {
          "@id": "https://data.datatourisme.fr/46784158-e3b9-3111-8b29-6fce1b086ea6",
          "schema:addressLocality": "Paris 17e Arrondissement",
          "schema:postalCode": "75017",
          "schema:streetAddress": [
            "7 Avenue de Clichy"
          ],
          "@type": [
            "schema:PostalAddress",
            "PostalAddress"
          ],
          "hasAddressCity": {
            "@id": "kb:75117",
            "@type": [
              "City"
            ],
            "rdfs:label": {
              "de": [
                "Paris 17e Arrondissement"
              ],
              "pt": [
                "Paris 17e Arrondissement"
              ],
              "en": [
                "Paris 17e Arrondissement"
              ],
              "it": [
                "Paris 17e Arrondissement"
              ],
              "fr": [
                "Paris 17e Arrondissement"
              ],
              "nl": [
                "Paris 17e Arrondissement"
              ],
              "es": [
                "Paris 17e Arrondissement"
              ]
            },
            "insee": "75117",
            "isPartOfDepartment": {
              "@id": "kb:France1175",
              "@type": [
                "Department"
              ],
              "rdfs:label": {
                "de": [
                  "Paris"
                ],
                "pt": [
                  "Paris"
                ],
                "en": [
                  "Paris"
                ],
                "it": [
                  "Paris"
                ],
                "fr": [
                  "Paris"
                ],
                "nl": [
                  "Paris"
                ],
                "es": [
                  "Paris"
                ]
              },
              "insee": "75",
              "isPartOfRegion": {
                "@id": "kb:France11",
                "@type": [
                  "Region"
                ],
                "rdfs:label": {
                  "de": [
                    "Île-de-France"
                  ],
                  "pt": [
                    "Île-de-France"
                  ],
                  "en": [
                    "Île-de-France"
                  ],
                  "it": [
                    "Île-de-France"
                  ],
                  "fr": [
                    "Île-de-France"
                  ],
                  "nl": [
                    "Île-de-France"
                  ],
                  "es": [
                    "Île-de-France"
                  ]
                },
                "insee": "11",
                "isPartOfCountry": {
                  "@id": "kb:France",
                  "@type": [
                    "schema:Country"
                  ],
                  "rdfs:label": {
                    "de": [
                      "France",
                      "Frankreich"
                    ],
                    "pt": [
                      "França",
                      "France"
                    ],
                    "en": [
                      "France"
                    ],
                    "it": [
                      "France",
                      "Francia"
                    ],
                    "fr": [
                      "France"
                    ],
                    "nl": [
                      "France",
                      "Frankrijk"
                    ],
                    "es": [
                      "France",
                      "Francia"
                    ]
                  }
                }
              }
            }
          }
        }
      ],
      "schema:geo": {
        "@id": "https://data.datatourisme.fr/ef6dd90c-e275-3152-9d1f-5f2f258bf00d",
        "schema:latitude": "48.884355",
        "schema:longitude": "2.326924",
        "@type": [
          "schema:GeoCoordinates"
        ]
      },
      "schema:openingHoursSpecification": [
        {
          "@id": "https://data.datatourisme.fr/f87e535a-636d-3343-ad63-8a03392e7511",
          "schema:validFrom": "2023-01-01T00:00:00",
          "schema:validThrough": "2023-12-31T23:59:59",
          "@type": [
            "schema:OpeningHoursSpecification"
          ]
        }
      ],
      "@type": [
        "schema:Place",
        "Place"
      ]
    }
  ],
  "isOwnedBy": [
    {
      "@id": "https://data.datatourisme.fr/26ecd6f0-563c-356a-b0f9-ad3ec17effc4",
      "schema:email": [
        "bgeigle@visitparisregion.com",
        "hcaldo@visitparisregion.com",
        "mtanaskovic@visitparisregion.com"
      ],
      "schema:legalName": "Comité Régional du Tourisme Paris Ile de France",
      "@type": [
        "schema:Organization",
        "foaf:Agent",
        "Agent"
      ],
      "foaf:homepage": [
        "http://www.visitparisregion.com/"
      ]
    }
  ],
  "lastUpdate": "2022-04-19",
  "lastUpdateDatatourisme": "2023-05-30T05:49:20.392Z"
}