{
  "@id": "https://data.datatourisme.fr/13/176e1a14-963f-3775-8f65-e19152a9236b",
  "dc:identifier": "730921",
  "@type": [
    "Castle",
    "CulturalSite",
    "PlaceOfInterest",
    "PointOfInterest",
    "RemarkableBuilding"
  ],
  "rdfs:comment": {
    "de": [
      "Das Schloss Villeconin wurde Ende des 14. Jahrhunderts von Jean de Montagu, dem Finanzsuperintendenten von König Karl VI, erbaut."
    ],
    "en": [
      "Villeconin Castle was built in the late 14th century by Jean de Montaigu, superintendent of Kings Charles VI finances."
    ],
    "it": [
      "Il castello di Villeconin fu costruito alla fine del XIV secolo da Jean de Montagu, sovrintendente finanziario del re Carlo VI."
    ],
    "fr": [
      "Le château de Villeconin a été construit à la fin du 14ème siècle par Jean de Montagu, surintendant des finances du roi Charles VI."
    ],
    "nl": [
      "Het kasteel van Villeconin werd aan het einde van de 14e eeuw gebouwd door Jean de Montagu, de financiële toezichthouder van koning Karel VI."
    ],
    "es": [
      "El castillo de Villeconin fue construido a finales del siglo XIV por Jean de Montagu, superintendente financiero del rey Carlos VI."
    ]
  },
  "rdfs:label": {
    "en": [
      "Villeconin Castle and Park"
    ],
    "fr": [
      "Château et Parc de Villeconin"
    ]
  },
  "hasBeenCreatedBy": {
    "@id": "https://data.datatourisme.fr/13/6b180037-abbe-3ea9-91d8-b1232f8a8ca9",
    "dc:identifier": "1013",
    "schema:email": [
      "ca.gicquel@essonnetourisme.com",
      "d.senoalves@essonnetourisme.com"
    ],
    "schema:legalName": "Comité départemental du tourisme de l'Essonne",
    "@type": [
      "schema:Organization",
      "foaf:Agent",
      "Agent"
    ],
    "foaf:homepage": [
      "http://essonnetourisme.com/"
    ]
  },
  "hasBeenPublishedBy": [
    {
      "@id": "https://data.datatourisme.fr/8a9feb4b-2cbd-3d2c-b507-bd6c6776b23b",
      "schema:legalName": "Apidae Tourisme Scic SA - source : Apidae Tourisme",
      "@type": [
        "schema:Organization",
        "foaf:Agent",
        "Agent"
      ],
      "foaf:homepage": [
        "https://www.apidae-tourisme.com/"
      ]
    }
  ],
  "hasContact": [
    {
      "@id": "https://data.datatourisme.fr/fae34c79-0e35-35b8-b22d-ca26eb28de11",
      "schema:email": [
        "rlongevialle@wanadoo.fr"
      ],
      "schema:telephone": [
        "+33 6 07 88 14 77"
      ],
      "@type": [
        "foaf:Agent",
        "Agent"
      ],
      "foaf:homepage": [
        "http://www.chateaudevilleconin.fr/"
      ]
    }
  ],
  "hasDescription": [
    {
      "@id": "https://data.datatourisme.fr/92f5719c-d766-3371-adda-4bc49a155724",
      "@type": [
        "Description"
      ],
      "hasTranslatedProperty": [
        {
          "@id": "https://data.datatourisme.fr/59ba9a66-b87c-354c-a06c-567aaddd2bea",
          "dc:contributor": [
            "https://api.deepl.com/v2/translate"
          ],
          "rdf:language": [
            "it"
          ],
          "rdf:predicate": [
            "shortDescription"
          ]
        },
        {
          "@id": "https://data.datatourisme.fr/5aef424a-aef2-348d-b01c-8205793af8ea",
          "dc:contributor": [
            "https://api.deepl.com/v2/translate"
          ],
          "rdf:language": [
            "de"
          ],
          "rdf:predicate": [
            "shortDescription"
          ]
        },
        {
          "@id": "https://data.datatourisme.fr/95cf1f62-2588-313e-8b68-6893518916db",
          "dc:contributor": [
            "https://api.deepl.com/v2/translate"
          ],
          "rdf:language": [
            "nl"
          ],
          "rdf:predicate": [
            "shortDescription"
          ]
        },
        {
          "@id": "https://data.datatourisme.fr/d6a304c2-2ea8-3b29-8f1d-1dd2d850bf02",
          "dc:contributor": [
            "https://api.deepl.com/v2/translate"
          ],
          "rdf:language": [
            "es"
          ],
          "rdf:predicate": [
            "shortDescription"
          ]
        }
      ],
      "shortDescription": {
        "de": [
          "Das Schloss Villeconin wurde Ende des 14. Jahrhunderts von Jean de Montagu, dem Finanzsuperintendenten von König Karl VI, erbaut."
        ],
        "en": [
          "Villeconin Castle was built in the late 14th century by Jean de Montaigu, superintendent of Kings Charles VI finances."
        ],
        "it": [
          "Il castello di Villeconin fu costruito alla fine del XIV secolo da Jean de Montagu, sovrintendente finanziario del re Carlo VI."
        ],
        "fr": [
          "Le château de Villeconin a été construit à la fin du 14ème siècle par Jean de Montagu, surintendant des finances du roi Charles VI."
        ],
        "nl": [
          "Het kasteel van Villeconin werd aan het einde van de 14e eeuw gebouwd door Jean de Montagu, de financiële toezichthouder van koning Karel VI."
        ],
        "es": [
          "El castillo de Villeconin fue construido a finales del siglo XIV por Jean de Montagu, superintendente financiero del rey Carlos VI."
        ]
      }
    }
  ],
  "hasTheme": [
    {
      "@id": "kb:Culture",
      "@type": [
        "CulturalTheme"
      ],
      "rdfs:label": {
        "de": [
          "Kultur"
        ],
        "pt": [
          "Cultura"
        ],
        "en": [
          "Culture"
        ],
        "it": [
          "Cultura"
        ],
        "fr": [
          "Culture"
        ],
        "nl": [
          "Cultuur"
        ],
        "es": [
          "Cultura"
        ]
      }
    }
  ],
  "hasTranslatedProperty": [
    {
      "@id": "https://data.datatourisme.fr/07edebc0-50c3-34d9-b0e8-f4af4ea5a828",
      "dc:contributor": [
        "https://api.deepl.com/v2/translate"
      ],
      "rdf:language": [
        "nl"
      ],
      "rdf:predicate": [
        {
          "@id": "rdfs:comment"
        }
      ]
    },
    {
      "@id": "https://data.datatourisme.fr/1fddc06b-98aa-3eac-bbe1-54968b0ab5bc",
      "dc:contributor": [
        "https://api.deepl.com/v2/translate"
      ],
      "rdf:language": [
        "de"
      ],
      "rdf:predicate": [
        {
          "@id": "rdfs:comment"
        }
      ]
    },
    {
      "@id": "https://data.datatourisme.fr/82599e3c-81fb-3bc1-be1b-df6952534b7b",
      "dc:contributor": [
        "https://api.deepl.com/v2/translate"
      ],
      "rdf:language": [
        "es"
      ],
      "rdf:predicate": [
        {
          "@id": "rdfs:comment"
        }
      ]
    },
    {
      "@id": "https://data.datatourisme.fr/c635522e-bc5c-3b0b-8283-cb65b4b6689b",
      "dc:contributor": [
        "https://api.deepl.com/v2/translate"
      ],
      "rdf:language": [
        "it"
      ],
      "rdf:predicate": [
        {
          "@id": "rdfs:comment"
        }
      ]
    }
  ],
  "isLocatedAt": [
    {
      "@id": "https://data.datatourisme.fr/3739ae3b-1a02-3fec-8851-b1c6c22958ad",
      "schema:address": [
        {
          "@id": "https://data.datatourisme.fr/f288e674-dd82-3174-b861-91703b08060c",
          "schema:addressLocality": "Villeconin",
          "schema:postalCode": "91580",
          "schema:streetAddress": [
            "Château de villeconin"
          ],
          "@type": [
            "schema:PostalAddress",
            "PostalAddress"
          ],
          "hasAddressCity": {
            "@id": "kb:91662",
            "@type": [
              "City"
            ],
            "rdfs:label": {
              "de": [
                "Villeconin"
              ],
              "pt": [
                "Villeconin"
              ],
              "en": [
                "Villeconin"
              ],
              "it": [
                "Villeconin"
              ],
              "fr": [
                "Villeconin"
              ],
              "nl": [
                "Villeconin"
              ],
              "es": [
                "Villeconin"
              ]
            },
            "insee": "91662",
            "isPartOfDepartment": {
              "@id": "kb:France1191",
              "@type": [
                "Department"
              ],
              "rdfs:label": {
                "de": [
                  "Essonne"
                ],
                "pt": [
                  "Essonne"
                ],
                "en": [
                  "Essonne"
                ],
                "it": [
                  "Essonne"
                ],
                "fr": [
                  "Essonne"
                ],
                "nl": [
                  "Essonne"
                ],
                "es": [
                  "Essonne"
                ]
              },
              "insee": "91",
              "isPartOfRegion": {
                "@id": "kb:France11",
                "@type": [
                  "Region"
                ],
                "rdfs:label": {
                  "de": [
                    "Île-de-France"
                  ],
                  "pt": [
                    "Île-de-France"
                  ],
                  "en": [
                    "Île-de-France"
                  ],
                  "it": [
                    "Île-de-France"
                  ],
                  "fr": [
                    "Île-de-France"
                  ],
                  "nl": [
                    "Île-de-France"
                  ],
                  "es": [
                    "Île-de-France"
                  ]
                },
                "insee": "11",
                "isPartOfCountry": {
                  "@id": "kb:France",
                  "@type": [
                    "schema:Country"
                  ],
                  "rdfs:label": {
                    "de": [
                      "France",
                      "Frankreich"
                    ],
                    "pt": [
                      "França",
                      "France"
                    ],
                    "en": [
                      "France"
                    ],
                    "it": [
                      "France",
                      "Francia"
                    ],
                    "fr": [
                      "France"
                    ],
                    "nl": [
                      "France",
                      "Frankrijk"
                    ],
                    "es": [
                      "France",
                      "Francia"
                    ]
                  }
                }
              }
            }
          }
        }
      ],
      "schema:geo": {
        "@id": "https://data.datatourisme.fr/c7755a51-c67a-3b85-a470-19d1e980e06e",
        "schema:latitude": "48.514174",
        "schema:longitude": "2.123993",
        "@type": [
          "schema:GeoCoordinates"
        ]
      },
      "schema:openingHoursSpecification": [
        {
          "@id": "https://data.datatourisme.fr/120cd678-2690-39fe-9edf-b4190e043611",
          "schema:closes": "18:00:00",
          "schema:opens": "14:30:00",
          "schema:validFrom": "2023-06-01T00:00:00",
          "schema:validThrough": "2023-07-10T23:59:59",
          "@type": [
            "schema:OpeningHoursSpecification"
          ],
          "additionalInformation": {
            "de": [
              "Für Gruppen das ganze Jahr über nach Vereinbarung geöffnet."
            ],
            "en": [
              "Open to groups all year round by appointment."
            ],
            "it": [
              "Aperto ai gruppi tutto l'anno su appuntamento."
            ],
            "fr": [
              "Ouvert aux groupes toute l'année sur rendez-vous."
            ],
            "nl": [
              "Open voor groepen het hele jaar door op afspraak."
            ],
            "es": [
              "Abierto a grupos durante todo el año con cita previa."
            ]
          },
          "hasTranslatedProperty": [
            {
              "@id": "https://data.datatourisme.fr/61873c19-0ce6-384c-b09a-0a31125eb9b0",
              "dc:contributor": [
                "https://api.deepl.com/v2/translate"
              ],
              "rdf:language": [
                "de"
              ],
              "rdf:predicate": [
                "additionalInformation"
              ]
            },
            {
              "@id": "https://data.datatourisme.fr/7b690a36-2862-3267-8baf-a3ee69b6e55d",
              "dc:contributor": [
                "https://api.deepl.com/v2/translate"
              ],
              "rdf:language": [
                "nl"
              ],
              "rdf:predicate": [
                "additionalInformation"
              ]
            },
            {
              "@id": "https://data.datatourisme.fr/a9bc9a60-4f8b-35e9-919d-23b8de9dea79",
              "dc:contributor": [
                "https://api.deepl.com/v2/translate"
              ],
              "rdf:language": [
                "it"
              ],
              "rdf:predicate": [
                "additionalInformation"
              ]
            },
            {
              "@id": "https://data.datatourisme.fr/de369fea-cbdf-3b9a-9eb0-3d48d9e71dba",
              "dc:contributor": [
                "https://api.deepl.com/v2/translate"
              ],
              "rdf:language": [
                "en"
              ],
              "rdf:predicate": [
                "additionalInformation"
              ]
            },
            {
              "@id": "https://data.datatourisme.fr/ecfc41fb-fa36-3c88-a0d6-7947dc6eb122",
              "dc:contributor": [
                "https://api.deepl.com/v2/translate"
              ],
              "rdf:language": [
                "es"
              ],
              "rdf:predicate": [
                "additionalInformation"
              ]
            }
          ]
        }
      ],
      "@type": [
        "schema:Place",
        "Place"
      ]
    }
  ],
  "isOwnedBy": [
    {
      "@id": "https://data.datatourisme.fr/df1ed81c-2924-3bf0-aaab-557628e84eab",
      "schema:email": [
        "ca.gicquel@essonnetourisme.com",
        "d.senoalves@essonnetourisme.com"
      ],
      "schema:legalName": "Comité départemental du tourisme de l'Essonne",
      "@type": [
        "schema:Organization",
        "foaf:Agent",
        "Agent"
      ],
      "foaf:homepage": [
        "http://essonnetourisme.com/"
      ]
    }
  ],
  "lastUpdate": "2020-08-05",
  "lastUpdateDatatourisme": "2023-05-30T05:49:20.283Z",
  "offers": [
    {
      "@id": "https://data.datatourisme.fr/3acec47b-a2a9-3ef2-ac83-35e18110a1e8",
      "schema:priceSpecification": [
        {
          "@id": "https://data.datatourisme.fr/3a3b6a19-69e6-3141-a5a3-e245afc3a78d",
          "schema:maxPrice": [
            "2",
            "3",
            "5"
          ],
          "schema:minPrice": [
            "2",
            "3",
            "5"
          ],
          "schema:priceCurrency": "EUR",
          "@type": [
            "schema:PriceSpecification",
            "PriceSpecification"
          ],
          "appliesOnPeriod": [
            {
              "@id": "https://data.datatourisme.fr/39690f46-0925-3f19-b1d7-69518fd84e65",
              "@type": [
                "Period"
              ],
              "endDate": "2021-07-10",
              "startDate": "2021-06-01"
            }
          ]
        }
      ],
      "@type": [
        "schema:Offer",
        "Offer"
      ]
    }
  ]
}