{
  "@id": "https://data.datatourisme.fr/13/1772d36f-2083-3232-9c43-1158ace47a60",
  "dc:identifier": "5137268",
  "@type": [
    "schema:LocalBusiness",
    "PlaceOfInterest",
    "PointOfInterest",
    "TastingProvider"
  ],
  "rdfs:comment": {
    "de": [
      "Die Ferme Trubuil ist ein Familienbetrieb, der seit den 1930er Jahren auf dem Plateau de Saclay ansässig ist. Sie ist auf die Produktion von frischem Gemüse und Getreide spezialisiert. Hier finden Sie alle auf der Ferme Trubuil produzierten Obst- und Gemüsesorten im Direktverkauf."
    ],
    "en": [
      "Located on the Saclay plateau, the Ferme Trubuil is a family-run farm which was established in the 1930s. It specialises in growing vegetables and grain. Find out about fruit and vegetables produced at Ferme Trubuil and available direct from the farm."
    ],
    "it": [
      "La fattoria Trubuil è un'azienda agricola a conduzione familiare situata sull'altopiano di Saclay dagli anni Trenta. È specializzata nella produzione di verdure fresche e cereali. Trovate tutta la frutta e la verdura prodotta nella fattoria di Trubuil in vendita diretta."
    ],
    "fr": [
      "La ferme Trubuil est une ferme familiale établie sur le plateau de Saclay depuis les années 30. Elle est spécialisée dans la production de légumes frais et de céréales. Retrouvez tous les fruits et légumes produits à la ferme Trubuil en vente directe."
    ],
    "es": [
      "La granja de Trubuil es una explotación familiar establecida en la meseta de Saclay desde los años 30. Está especializada en la producción de hortalizas frescas y cereales. Encuentre todas las frutas y verduras producidas en la granja de Trubuil en venta directa."
    ],
    "nl": [
      "De boerderij van Trubuil is een familiebedrijf dat sinds de jaren 1930 op het plateau van Saclay gevestigd is. Zij is gespecialiseerd in de productie van verse groenten en granen. Vind alle groenten en fruit die op de boerderij van Trubuil worden geproduceerd in de directe verkoop."
    ]
  },
  "rdfs:label": {
    "fr": [
      "La ferme Trubuil Bot"
    ]
  },
  "hasBeenCreatedBy": {
    "@id": "https://data.datatourisme.fr/13/e034fb6b-66aa-3c1d-88f4-45ddfb08da98",
    "dc:identifier": "1233",
    "schema:email": [
      "d.trioux@destination-paris-saclay.com"
    ],
    "schema:legalName": "Destination Paris-Saclay",
    "@type": [
      "schema:Organization",
      "foaf:Agent",
      "Agent"
    ],
    "foaf:homepage": [
      "https://www.destination-paris-saclay.com/"
    ]
  },
  "hasBeenPublishedBy": [
    {
      "@id": "https://data.datatourisme.fr/8a9feb4b-2cbd-3d2c-b507-bd6c6776b23b",
      "schema:legalName": "Apidae Tourisme Scic SA - source : Apidae Tourisme",
      "@type": [
        "schema:Organization",
        "foaf:Agent",
        "Agent"
      ],
      "foaf:homepage": [
        "https://www.apidae-tourisme.com/"
      ]
    }
  ],
  "hasContact": [
    {
      "@id": "https://data.datatourisme.fr/54a369c4-2bee-3774-b116-4d481fb223fe",
      "schema:email": [
        "contact@fermetrubuilbot.fr"
      ],
      "@type": [
        "foaf:Agent",
        "Agent"
      ],
      "foaf:homepage": [
        "https://www.fermetrubuilbot.fr/"
      ]
    }
  ],
  "hasDescription": [
    {
      "@id": "https://data.datatourisme.fr/cb7d0d6f-33ac-3558-98fe-fc344a059585",
      "@type": [
        "Description"
      ],
      "hasTranslatedProperty": [
        {
          "@id": "https://data.datatourisme.fr/354cf783-147b-3201-b53d-88fcf0dd502a",
          "dc:contributor": [
            "https://api.deepl.com/v2/translate"
          ],
          "rdf:language": [
            "es"
          ],
          "rdf:predicate": [
            "shortDescription"
          ]
        },
        {
          "@id": "https://data.datatourisme.fr/4ae729f3-2b60-3be1-8881-cd9131694a95",
          "dc:contributor": [
            "https://api.deepl.com/v2/translate"
          ],
          "rdf:language": [
            "it"
          ],
          "rdf:predicate": [
            "shortDescription"
          ]
        },
        {
          "@id": "https://data.datatourisme.fr/f1b6e22d-2967-3fd9-a464-aaa86b251f11",
          "dc:contributor": [
            "https://api.deepl.com/v2/translate"
          ],
          "rdf:language": [
            "de"
          ],
          "rdf:predicate": [
            "shortDescription"
          ]
        },
        {
          "@id": "https://data.datatourisme.fr/fc97d48e-0732-3370-bd5a-dee9788017b9",
          "dc:contributor": [
            "https://api.deepl.com/v2/translate"
          ],
          "rdf:language": [
            "nl"
          ],
          "rdf:predicate": [
            "shortDescription"
          ]
        }
      ],
      "shortDescription": {
        "de": [
          "Die Ferme Trubuil ist ein Familienbetrieb, der seit den 1930er Jahren auf dem Plateau de Saclay ansässig ist. Sie ist auf die Produktion von frischem Gemüse und Getreide spezialisiert. Hier finden Sie alle auf der Ferme Trubuil produzierten Obst- und Gemüsesorten im Direktverkauf."
        ],
        "en": [
          "Located on the Saclay plateau, the Ferme Trubuil is a family-run farm which was established in the 1930s. It specialises in growing vegetables and grain. Find out about fruit and vegetables produced at Ferme Trubuil and available direct from the farm."
        ],
        "it": [
          "La fattoria Trubuil è un'azienda agricola a conduzione familiare situata sull'altopiano di Saclay dagli anni Trenta. È specializzata nella produzione di verdure fresche e cereali. Trovate tutta la frutta e la verdura prodotta nella fattoria di Trubuil in vendita diretta."
        ],
        "fr": [
          "La ferme Trubuil est une ferme familiale établie sur le plateau de Saclay depuis les années 30. Elle est spécialisée dans la production de légumes frais et de céréales. Retrouvez tous les fruits et légumes produits à la ferme Trubuil en vente directe."
        ],
        "es": [
          "La granja de Trubuil es una explotación familiar establecida en la meseta de Saclay desde los años 30. Está especializada en la producción de hortalizas frescas y cereales. Encuentre todas las frutas y verduras producidas en la granja de Trubuil en venta directa."
        ],
        "nl": [
          "De boerderij van Trubuil is een familiebedrijf dat sinds de jaren 1930 op het plateau van Saclay gevestigd is. Zij is gespecialiseerd in de productie van verse groenten en granen. Vind alle groenten en fruit die op de boerderij van Trubuil worden geproduceerd in de directe verkoop."
        ]
      }
    }
  ],
  "hasTranslatedProperty": [
    {
      "@id": "https://data.datatourisme.fr/55f821fa-2374-30af-8340-8918d8174418",
      "dc:contributor": [
        "https://api.deepl.com/v2/translate"
      ],
      "rdf:language": [
        "de"
      ],
      "rdf:predicate": [
        {
          "@id": "rdfs:comment"
        }
      ]
    },
    {
      "@id": "https://data.datatourisme.fr/a0be056f-2b76-3a74-a511-3e7fc742777a",
      "dc:contributor": [
        "https://api.deepl.com/v2/translate"
      ],
      "rdf:language": [
        "nl"
      ],
      "rdf:predicate": [
        {
          "@id": "rdfs:comment"
        }
      ]
    },
    {
      "@id": "https://data.datatourisme.fr/c26db7d9-f1cb-3f8d-9208-2b5a42130a57",
      "dc:contributor": [
        "https://api.deepl.com/v2/translate"
      ],
      "rdf:language": [
        "es"
      ],
      "rdf:predicate": [
        {
          "@id": "rdfs:comment"
        }
      ]
    },
    {
      "@id": "https://data.datatourisme.fr/ecb6780e-d56b-3cf0-afbd-63acc1710b78",
      "dc:contributor": [
        "https://api.deepl.com/v2/translate"
      ],
      "rdf:language": [
        "it"
      ],
      "rdf:predicate": [
        {
          "@id": "rdfs:comment"
        }
      ]
    }
  ],
  "isLocatedAt": [
    {
      "@id": "https://data.datatourisme.fr/b0541411-2c65-3875-9b9f-fb41ce70cc76",
      "schema:address": [
        {
          "@id": "https://data.datatourisme.fr/483f5847-4fb1-3b01-bd7e-6edb00041fc1",
          "schema:addressLocality": "Saclay",
          "schema:postalCode": "91400",
          "schema:streetAddress": [
            "Route de Vauhallan"
          ],
          "@type": [
            "schema:PostalAddress",
            "PostalAddress"
          ],
          "hasAddressCity": {
            "@id": "kb:91534",
            "@type": [
              "City"
            ],
            "rdfs:label": {
              "de": [
                "Saclay"
              ],
              "pt": [
                "Saclay"
              ],
              "en": [
                "Saclay"
              ],
              "it": [
                "Saclay"
              ],
              "fr": [
                "Saclay"
              ],
              "nl": [
                "Saclay"
              ],
              "es": [
                "Saclay"
              ]
            },
            "insee": "91534",
            "isPartOfDepartment": {
              "@id": "kb:France1191",
              "@type": [
                "Department"
              ],
              "rdfs:label": {
                "de": [
                  "Essonne"
                ],
                "pt": [
                  "Essonne"
                ],
                "en": [
                  "Essonne"
                ],
                "it": [
                  "Essonne"
                ],
                "fr": [
                  "Essonne"
                ],
                "nl": [
                  "Essonne"
                ],
                "es": [
                  "Essonne"
                ]
              },
              "insee": "91",
              "isPartOfRegion": {
                "@id": "kb:France11",
                "@type": [
                  "Region"
                ],
                "rdfs:label": {
                  "de": [
                    "Île-de-France"
                  ],
                  "pt": [
                    "Île-de-France"
                  ],
                  "en": [
                    "Île-de-France"
                  ],
                  "it": [
                    "Île-de-France"
                  ],
                  "fr": [
                    "Île-de-France"
                  ],
                  "nl": [
                    "Île-de-France"
                  ],
                  "es": [
                    "Île-de-France"
                  ]
                },
                "insee": "11",
                "isPartOfCountry": {
                  "@id": "kb:France",
                  "@type": [
                    "schema:Country"
                  ],
                  "rdfs:label": {
                    "de": [
                      "France",
                      "Frankreich"
                    ],
                    "pt": [
                      "França",
                      "France"
                    ],
                    "en": [
                      "France"
                    ],
                    "it": [
                      "France",
                      "Francia"
                    ],
                    "fr": [
                      "France"
                    ],
                    "nl": [
                      "France",
                      "Frankrijk"
                    ],
                    "es": [
                      "France",
                      "Francia"
                    ]
                  }
                }
              }
            }
          }
        }
      ],
      "schema:geo": {
        "@id": "https://data.datatourisme.fr/e0ce8bc9-95b1-343e-b5cf-db439849bca6",
        "schema:latitude": "48.730566",
        "schema:longitude": "2.182465",
        "@type": [
          "schema:GeoCoordinates"
        ]
      },
      "schema:openingHoursSpecification": [
        {
          "@id": "https://data.datatourisme.fr/e3d1327d-550a-363e-bf13-f143bc79a5c1",
          "schema:closes": "19:00:00",
          "schema:opens": "15:00:00",
          "schema:validFrom": "2023-01-01T00:00:00",
          "schema:validThrough": "2023-12-31T23:59:59",
          "@type": [
            "schema:OpeningHoursSpecification"
          ],
          "additionalInformation": {
            "de": [
              "Samstag von 9 bis 12 Uhr und von 15 bis 19 Uhr."
            ],
            "en": [
              "Saturday from 9am to 12pm and from 3pm to 7pm."
            ],
            "it": [
              "Sabato dalle 9.00 alle 12.00 e dalle 15.00 alle 19.00."
            ],
            "fr": [
              "Samedi de 9h à 12h et de 15h à 19h."
            ],
            "nl": [
              "Zaterdag van 9 tot 12 uur en van 15 tot 19 uur."
            ],
            "es": [
              "Sábado de 9 a 12 y de 15 a 19 horas."
            ]
          },
          "hasTranslatedProperty": [
            {
              "@id": "https://data.datatourisme.fr/011398da-5449-321d-a9d5-f2a226fb8b79",
              "dc:contributor": [
                "https://api.deepl.com/v2/translate"
              ],
              "rdf:language": [
                "it"
              ],
              "rdf:predicate": [
                "additionalInformation"
              ]
            },
            {
              "@id": "https://data.datatourisme.fr/1c30534e-cab9-3551-b26e-da74ebea411a",
              "dc:contributor": [
                "https://api.deepl.com/v2/translate"
              ],
              "rdf:language": [
                "nl"
              ],
              "rdf:predicate": [
                "additionalInformation"
              ]
            },
            {
              "@id": "https://data.datatourisme.fr/9b4a279b-0797-38a5-ae93-491405a0658b",
              "dc:contributor": [
                "https://api.deepl.com/v2/translate"
              ],
              "rdf:language": [
                "es"
              ],
              "rdf:predicate": [
                "additionalInformation"
              ]
            },
            {
              "@id": "https://data.datatourisme.fr/b29082ad-6331-31cd-9b14-3303c68f35b0",
              "dc:contributor": [
                "https://api.deepl.com/v2/translate"
              ],
              "rdf:language": [
                "en"
              ],
              "rdf:predicate": [
                "additionalInformation"
              ]
            },
            {
              "@id": "https://data.datatourisme.fr/ffa06a3d-3816-3054-a95a-a41c898d0e3d",
              "dc:contributor": [
                "https://api.deepl.com/v2/translate"
              ],
              "rdf:language": [
                "de"
              ],
              "rdf:predicate": [
                "additionalInformation"
              ]
            }
          ]
        }
      ],
      "@type": [
        "schema:Place",
        "Place"
      ]
    }
  ],
  "isOwnedBy": [
    {
      "@id": "https://data.datatourisme.fr/d87037ec-223f-3b91-8276-b2fe7d28f333",
      "schema:email": [
        "d.trioux@destination-paris-saclay.com"
      ],
      "schema:legalName": "Destination Paris-Saclay",
      "@type": [
        "schema:Organization",
        "foaf:Agent",
        "Agent"
      ],
      "foaf:homepage": [
        "https://www.destination-paris-saclay.com/"
      ]
    }
  ],
  "lastUpdate": "2022-11-28",
  "lastUpdateDatatourisme": "2023-02-01T18:07:36.051Z"
}