{
  "@id": "https://data.datatourisme.fr/13/0d1f9948-249f-3e7d-93c2-7b9cb49aef28",
  "dc:identifier": "703475",
  "@type": [
    "schema:NightClub",
    "NightClub",
    "PlaceOfInterest",
    "PointOfInterest",
    "SportsAndLeisurePlace"
  ],
  "rdfs:comment": {
    "de": [
      "Lust auf Abwechslung, gute Stimmung und Party? Der Foz Club ist die Diskothek, die Sie für einen Abend in Schwung bringen wird!"
    ],
    "en": [
      "Looking for a change of scenery, a good atmosphere and a party? The Foz club is the nightclub that will make you vibrate for a night!"
    ],
    "it": [
      "Siete alla ricerca di un cambiamento di scena, di una buona atmosfera e di una festa? Il Foz club è la discoteca che vi farà vibrare per una notte!"
    ],
    "fr": [
      "Envie de dépaysement, de bonne ambiance et de fête? Le Foz club est la discothèque qui vous fera vibrer le temps d'une soirée!"
    ],
    "es": [
      "¿Busca un cambio de aires, un buen ambiente y una fiesta? ¡El club Foz es la discoteca que te hará vibrar por una noche!"
    ],
    "nl": [
      "Op zoek naar een andere omgeving, een goede sfeer en een feestje? De Foz club is de discotheek die je een nacht lang laat trillen!"
    ]
  },
  "rdfs:label": {
    "fr": [
      "Foz Club"
    ]
  },
  "hasBeenCreatedBy": {
    "@id": "https://data.datatourisme.fr/13/03e0704b-5690-32de-a186-1dc3ad3316c9",
    "dc:identifier": "1019",
    "schema:email": [
      "bgeigle@visitparisregion.com",
      "hcaldo@visitparisregion.com",
      "mtanaskovic@visitparisregion.com"
    ],
    "schema:legalName": "Comité Régional du Tourisme Paris Ile de France",
    "@type": [
      "schema:Organization",
      "foaf:Agent",
      "Agent"
    ],
    "foaf:homepage": [
      "http://www.visitparisregion.com/"
    ]
  },
  "hasBeenPublishedBy": [
    {
      "@id": "https://data.datatourisme.fr/8a9feb4b-2cbd-3d2c-b507-bd6c6776b23b",
      "schema:legalName": "Apidae Tourisme Scic SA - source : Apidae Tourisme",
      "@type": [
        "schema:Organization",
        "foaf:Agent",
        "Agent"
      ],
      "foaf:homepage": [
        "https://www.apidae-tourisme.com/"
      ]
    }
  ],
  "hasContact": [
    {
      "@id": "https://data.datatourisme.fr/ddc1856d-e3e2-38cc-a10a-74ebd69ad5f6",
      "schema:telephone": [
        "+33 1 42 07 78 70"
      ],
      "@type": [
        "foaf:Agent",
        "Agent"
      ],
      "foaf:homepage": [
        "http://www.fozclub.fr/"
      ]
    }
  ],
  "hasDescription": [
    {
      "@id": "https://data.datatourisme.fr/5a89cc5c-215c-3f2b-8d68-5b68c595c0a6",
      "@type": [
        "Description"
      ],
      "hasTranslatedProperty": [
        {
          "@id": "https://data.datatourisme.fr/2d7f001c-53e1-3bc5-8ec5-4ad193d262d4",
          "dc:contributor": [
            "https://api.deepl.com/v2/translate"
          ],
          "rdf:language": [
            "es"
          ],
          "rdf:predicate": [
            "shortDescription"
          ]
        },
        {
          "@id": "https://data.datatourisme.fr/88ad0591-0097-3aa1-ab25-e340bb856693",
          "dc:contributor": [
            "https://api.deepl.com/v2/translate"
          ],
          "rdf:language": [
            "de"
          ],
          "rdf:predicate": [
            "shortDescription"
          ]
        },
        {
          "@id": "https://data.datatourisme.fr/a78ca275-0434-3d79-bb30-1d95c51fa96d",
          "dc:contributor": [
            "https://api.deepl.com/v2/translate"
          ],
          "rdf:language": [
            "en"
          ],
          "rdf:predicate": [
            "shortDescription"
          ]
        },
        {
          "@id": "https://data.datatourisme.fr/a7e4d557-aa83-3aca-9d69-01703b1f2293",
          "dc:contributor": [
            "https://api.deepl.com/v2/translate"
          ],
          "rdf:language": [
            "it"
          ],
          "rdf:predicate": [
            "shortDescription"
          ]
        },
        {
          "@id": "https://data.datatourisme.fr/af442bb0-c7ff-3a87-9c30-f10a544b5e45",
          "dc:contributor": [
            "https://api.deepl.com/v2/translate"
          ],
          "rdf:language": [
            "nl"
          ],
          "rdf:predicate": [
            "shortDescription"
          ]
        }
      ],
      "shortDescription": {
        "de": [
          "Lust auf Abwechslung, gute Stimmung und Party? Der Foz Club ist die Diskothek, die Sie für einen Abend in Schwung bringen wird!"
        ],
        "en": [
          "Looking for a change of scenery, a good atmosphere and a party? The Foz club is the nightclub that will make you vibrate for a night!"
        ],
        "it": [
          "Siete alla ricerca di un cambiamento di scena, di una buona atmosfera e di una festa? Il Foz club è la discoteca che vi farà vibrare per una notte!"
        ],
        "fr": [
          "Envie de dépaysement, de bonne ambiance et de fête? Le Foz club est la discothèque qui vous fera vibrer le temps d'une soirée!"
        ],
        "es": [
          "¿Busca un cambio de aires, un buen ambiente y una fiesta? ¡El club Foz es la discoteca que te hará vibrar por una noche!"
        ],
        "nl": [
          "Op zoek naar een andere omgeving, een goede sfeer en een feestje? De Foz club is de discotheek die je een nacht lang laat trillen!"
        ]
      }
    }
  ],
  "hasTranslatedProperty": [
    {
      "@id": "https://data.datatourisme.fr/12b8f573-df6a-3903-837a-75cc3056598b",
      "dc:contributor": [
        "https://api.deepl.com/v2/translate"
      ],
      "rdf:language": [
        "de"
      ],
      "rdf:predicate": [
        {
          "@id": "rdfs:comment"
        }
      ]
    },
    {
      "@id": "https://data.datatourisme.fr/5c9fb9a9-416e-31f7-aa68-6b452a9f39c5",
      "dc:contributor": [
        "https://api.deepl.com/v2/translate"
      ],
      "rdf:language": [
        "it"
      ],
      "rdf:predicate": [
        {
          "@id": "rdfs:comment"
        }
      ]
    },
    {
      "@id": "https://data.datatourisme.fr/78714c5a-2265-3dba-9c1e-b2ad21035475",
      "dc:contributor": [
        "https://api.deepl.com/v2/translate"
      ],
      "rdf:language": [
        "nl"
      ],
      "rdf:predicate": [
        {
          "@id": "rdfs:comment"
        }
      ]
    },
    {
      "@id": "https://data.datatourisme.fr/961a1880-4803-3de3-8b23-f2bdb48928c9",
      "dc:contributor": [
        "https://api.deepl.com/v2/translate"
      ],
      "rdf:language": [
        "es"
      ],
      "rdf:predicate": [
        {
          "@id": "rdfs:comment"
        }
      ]
    },
    {
      "@id": "https://data.datatourisme.fr/c9832634-ea0d-3072-9f04-13110fd61d5c",
      "dc:contributor": [
        "https://api.deepl.com/v2/translate"
      ],
      "rdf:language": [
        "en"
      ],
      "rdf:predicate": [
        {
          "@id": "rdfs:comment"
        }
      ]
    }
  ],
  "isLocatedAt": [
    {
      "@id": "https://data.datatourisme.fr/50b36ba9-6996-3e91-9a42-635ae9b21c4e",
      "schema:address": [
        {
          "@id": "https://data.datatourisme.fr/ae59c4ad-3a03-388d-81b7-24486b85638c",
          "schema:addressLocality": "Créteil",
          "schema:postalCode": "94000",
          "schema:streetAddress": [
            "78 rue Général Leclerc"
          ],
          "@type": [
            "schema:PostalAddress",
            "PostalAddress"
          ],
          "hasAddressCity": {
            "@id": "kb:94028",
            "@type": [
              "City"
            ],
            "rdfs:label": {
              "de": [
                "Créteil"
              ],
              "pt": [
                "Créteil"
              ],
              "en": [
                "Créteil"
              ],
              "it": [
                "Créteil"
              ],
              "fr": [
                "Créteil"
              ],
              "nl": [
                "Créteil"
              ],
              "es": [
                "Créteil"
              ]
            },
            "insee": "94028",
            "isPartOfDepartment": {
              "@id": "kb:France1194",
              "@type": [
                "Department"
              ],
              "rdfs:label": {
                "de": [
                  "Val-de-Marne"
                ],
                "pt": [
                  "Val-de-Marne"
                ],
                "en": [
                  "Val-de-Marne"
                ],
                "it": [
                  "Val-de-Marne"
                ],
                "fr": [
                  "Val-de-Marne"
                ],
                "nl": [
                  "Val-de-Marne"
                ],
                "es": [
                  "Val-de-Marne"
                ]
              },
              "insee": "94",
              "isPartOfRegion": {
                "@id": "kb:France11",
                "@type": [
                  "Region"
                ],
                "rdfs:label": {
                  "de": [
                    "Île-de-France"
                  ],
                  "pt": [
                    "Île-de-France"
                  ],
                  "en": [
                    "Île-de-France"
                  ],
                  "it": [
                    "Île-de-France"
                  ],
                  "fr": [
                    "Île-de-France"
                  ],
                  "nl": [
                    "Île-de-France"
                  ],
                  "es": [
                    "Île-de-France"
                  ]
                },
                "insee": "11",
                "isPartOfCountry": {
                  "@id": "kb:France",
                  "@type": [
                    "schema:Country"
                  ],
                  "rdfs:label": {
                    "de": [
                      "France",
                      "Frankreich"
                    ],
                    "pt": [
                      "França",
                      "France"
                    ],
                    "en": [
                      "France"
                    ],
                    "it": [
                      "France",
                      "Francia"
                    ],
                    "fr": [
                      "France"
                    ],
                    "nl": [
                      "France",
                      "Frankrijk"
                    ],
                    "es": [
                      "France",
                      "Francia"
                    ]
                  }
                }
              }
            }
          }
        }
      ],
      "schema:geo": {
        "@id": "https://data.datatourisme.fr/bf4d8e90-3a5b-3b71-97ff-1b591b3f29a8",
        "schema:latitude": "48.789658",
        "schema:longitude": "2.465394",
        "@type": [
          "schema:GeoCoordinates"
        ]
      },
      "schema:openingHoursSpecification": [
        {
          "@id": "https://data.datatourisme.fr/acda4894-e51d-3ba4-9de4-3e1801ebde53",
          "schema:closes": "06:00:00",
          "schema:opens": "23:00:00",
          "schema:validFrom": "2023-01-01T00:00:00",
          "schema:validThrough": "2023-12-31T23:59:59",
          "@type": [
            "schema:OpeningHoursSpecification"
          ]
        }
      ],
      "@type": [
        "schema:Place",
        "Place"
      ]
    }
  ],
  "isOwnedBy": [
    {
      "@id": "https://data.datatourisme.fr/26ecd6f0-563c-356a-b0f9-ad3ec17effc4",
      "schema:email": [
        "bgeigle@visitparisregion.com",
        "hcaldo@visitparisregion.com",
        "mtanaskovic@visitparisregion.com"
      ],
      "schema:legalName": "Comité Régional du Tourisme Paris Ile de France",
      "@type": [
        "schema:Organization",
        "foaf:Agent",
        "Agent"
      ],
      "foaf:homepage": [
        "http://www.visitparisregion.com/"
      ]
    }
  ],
  "lastUpdate": "2015-12-03",
  "lastUpdateDatatourisme": "2023-02-01T18:07:35.777Z",
  "offers": [
    {
      "@id": "https://data.datatourisme.fr/c986b560-8f6d-3f01-b69e-4a8aa196d954",
      "schema:priceSpecification": [
        {
          "@id": "https://data.datatourisme.fr/f29708ea-b031-32f0-8e57-d4da63aaa17b",
          "schema:minPrice": [
            "12"
          ],
          "schema:priceCurrency": "EUR",
          "@type": [
            "schema:PriceSpecification",
            "PriceSpecification"
          ],
          "appliesOnPeriod": [
            {
              "@id": "https://data.datatourisme.fr/553c556a-fef2-3f8c-926e-e25212e9d99e",
              "@type": [
                "Period"
              ],
              "endDate": "2015-12-31",
              "startDate": "2015-01-01"
            }
          ]
        }
      ],
      "@type": [
        "schema:Offer",
        "Offer"
      ]
    }
  ]
}