{
  "@id": "https://data.datatourisme.fr/13/0d80a2ac-9b33-3910-9feb-8e750e5ad860",
  "dc:identifier": "697310",
  "@type": [
    "schema:LocalBusiness",
    "schema:Museum",
    "CulturalSite",
    "Museum",
    "PlaceOfInterest",
    "PointOfInterest"
  ],
  "rdfs:comment": {
    "de": [
      "Entdecken Sie die schönsten Meisterwerke aus den alten und zeitgenössischen Sammlungen des Nationalmobiliars."
    ],
    "en": [
      "Discover the most beautiful masterpieces from the ancient and contemporary collections of the Mobilier national."
    ],
    "it": [
      "Scoprite i più bei capolavori delle collezioni antiche e contemporanee del Mobile Nazionale."
    ],
    "fr": [
      "Découvrez les plus beaux chefs-d'oeuvre des collections anciennes et contemporaines du Mobilier national."
    ],
    "nl": [
      "Ontdek de mooiste meesterwerken uit de oude en hedendaagse collecties van het Nationaal Meubilair."
    ],
    "es": [
      "Descubra las más bellas obras maestras de las colecciones antiguas y contemporáneas del Mueble Nacional."
    ]
  },
  "rdfs:label": {
    "en": [
      "The Gobelins gallery"
    ],
    "fr": [
      "Galerie des Gobelins"
    ]
  },
  "hasBeenCreatedBy": {
    "@id": "https://data.datatourisme.fr/13/03e0704b-5690-32de-a186-1dc3ad3316c9",
    "dc:identifier": "1019",
    "schema:email": [
      "bgeigle@visitparisregion.com",
      "hcaldo@visitparisregion.com",
      "mtanaskovic@visitparisregion.com"
    ],
    "schema:legalName": "Comité Régional du Tourisme Paris Ile de France",
    "@type": [
      "schema:Organization",
      "foaf:Agent",
      "Agent"
    ],
    "foaf:homepage": [
      "http://www.visitparisregion.com/"
    ]
  },
  "hasBeenPublishedBy": [
    {
      "@id": "https://data.datatourisme.fr/8a9feb4b-2cbd-3d2c-b507-bd6c6776b23b",
      "schema:legalName": "Apidae Tourisme Scic SA - source : Apidae Tourisme",
      "@type": [
        "schema:Organization",
        "foaf:Agent",
        "Agent"
      ],
      "foaf:homepage": [
        "https://www.apidae-tourisme.com/"
      ]
    }
  ],
  "hasContact": [
    {
      "@id": "https://data.datatourisme.fr/e560aee8-1091-3309-ba51-26e48ecd7e59",
      "schema:telephone": [
        "+33 1 44 08 53 49"
      ],
      "@type": [
        "foaf:Agent",
        "Agent"
      ],
      "foaf:homepage": [
        "http://www.mobiliernational.culture.gouv.fr/"
      ]
    }
  ],
  "hasDescription": [
    {
      "@id": "https://data.datatourisme.fr/901be9b5-1386-3a4f-915d-54126f57b00a",
      "@type": [
        "Description"
      ],
      "hasTranslatedProperty": [
        {
          "@id": "https://data.datatourisme.fr/0eec0a57-dda7-3b76-8cb2-b0ec071fd22c",
          "dc:contributor": [
            "https://api.deepl.com/v2/translate"
          ],
          "rdf:language": [
            "es"
          ],
          "rdf:predicate": [
            "shortDescription"
          ]
        },
        {
          "@id": "https://data.datatourisme.fr/5c611686-29c3-393b-970b-dae4d44d850a",
          "dc:contributor": [
            "https://api.deepl.com/v2/translate"
          ],
          "rdf:language": [
            "en"
          ],
          "rdf:predicate": [
            "shortDescription"
          ]
        },
        {
          "@id": "https://data.datatourisme.fr/5d2f5ef4-7cb4-3afc-aa15-34705155d68b",
          "dc:contributor": [
            "https://api.deepl.com/v2/translate"
          ],
          "rdf:language": [
            "it"
          ],
          "rdf:predicate": [
            "shortDescription"
          ]
        },
        {
          "@id": "https://data.datatourisme.fr/ba742e11-4256-3f23-8731-5f9ebdc29ea2",
          "dc:contributor": [
            "https://api.deepl.com/v2/translate"
          ],
          "rdf:language": [
            "nl"
          ],
          "rdf:predicate": [
            "shortDescription"
          ]
        },
        {
          "@id": "https://data.datatourisme.fr/ecf6c3f4-583f-3629-ad9e-92b3580e5b7e",
          "dc:contributor": [
            "https://api.deepl.com/v2/translate"
          ],
          "rdf:language": [
            "de"
          ],
          "rdf:predicate": [
            "shortDescription"
          ]
        }
      ],
      "shortDescription": {
        "de": [
          "Entdecken Sie die schönsten Meisterwerke aus den alten und zeitgenössischen Sammlungen des Nationalmobiliars."
        ],
        "en": [
          "Discover the most beautiful masterpieces from the ancient and contemporary collections of the Mobilier national."
        ],
        "it": [
          "Scoprite i più bei capolavori delle collezioni antiche e contemporanee del Mobile Nazionale."
        ],
        "fr": [
          "Découvrez les plus beaux chefs-d'oeuvre des collections anciennes et contemporaines du Mobilier national."
        ],
        "nl": [
          "Ontdek de mooiste meesterwerken uit de oude en hedendaagse collecties van het Nationaal Meubilair."
        ],
        "es": [
          "Descubra las más bellas obras maestras de las colecciones antiguas y contemporáneas del Mueble Nacional."
        ]
      }
    }
  ],
  "hasTheme": [
    {
      "@id": "kb:Culture",
      "@type": [
        "CulturalTheme"
      ],
      "rdfs:label": {
        "de": [
          "Kultur"
        ],
        "pt": [
          "Cultura"
        ],
        "en": [
          "Culture"
        ],
        "it": [
          "Cultura"
        ],
        "fr": [
          "Culture"
        ],
        "nl": [
          "Cultuur"
        ],
        "es": [
          "Cultura"
        ]
      }
    }
  ],
  "hasTranslatedProperty": [
    {
      "@id": "https://data.datatourisme.fr/0d434120-862a-390c-aa98-8c378be846f1",
      "dc:contributor": [
        "https://api.deepl.com/v2/translate"
      ],
      "rdf:language": [
        "es"
      ],
      "rdf:predicate": [
        {
          "@id": "rdfs:comment"
        }
      ]
    },
    {
      "@id": "https://data.datatourisme.fr/2b2382ca-1f65-3d55-bf63-9f63eac19746",
      "dc:contributor": [
        "https://api.deepl.com/v2/translate"
      ],
      "rdf:language": [
        "de"
      ],
      "rdf:predicate": [
        {
          "@id": "rdfs:comment"
        }
      ]
    },
    {
      "@id": "https://data.datatourisme.fr/4f03d22a-8e6a-312c-a89e-188d00ff2788",
      "dc:contributor": [
        "https://api.deepl.com/v2/translate"
      ],
      "rdf:language": [
        "en"
      ],
      "rdf:predicate": [
        {
          "@id": "rdfs:comment"
        }
      ]
    },
    {
      "@id": "https://data.datatourisme.fr/5665dee7-0672-3c9f-a472-f0f98c1c2736",
      "dc:contributor": [
        "https://api.deepl.com/v2/translate"
      ],
      "rdf:language": [
        "nl"
      ],
      "rdf:predicate": [
        {
          "@id": "rdfs:comment"
        }
      ]
    },
    {
      "@id": "https://data.datatourisme.fr/c6abfb3f-0ad1-389c-84e0-a92ecddced31",
      "dc:contributor": [
        "https://api.deepl.com/v2/translate"
      ],
      "rdf:language": [
        "it"
      ],
      "rdf:predicate": [
        {
          "@id": "rdfs:comment"
        }
      ]
    }
  ],
  "isLocatedAt": [
    {
      "@id": "https://data.datatourisme.fr/655c23c5-b717-3f05-8abe-e83e79cad08c",
      "schema:address": [
        {
          "@id": "https://data.datatourisme.fr/96b951b6-cd07-347c-9b53-91c29b4baf55",
          "schema:addressLocality": "Paris",
          "schema:postalCode": "75013",
          "schema:streetAddress": [
            "42 avenue des Gobelins"
          ],
          "@type": [
            "schema:PostalAddress",
            "PostalAddress"
          ],
          "hasAddressCity": {
            "@id": "kb:75056",
            "@type": [
              "City"
            ],
            "rdfs:label": {
              "de": [
                "Paris"
              ],
              "pt": [
                "Paris"
              ],
              "en": [
                "Paris"
              ],
              "it": [
                "Paris"
              ],
              "fr": [
                "Paris"
              ],
              "nl": [
                "Paris"
              ],
              "es": [
                "Paris"
              ]
            },
            "insee": "75056",
            "isPartOfDepartment": {
              "@id": "kb:France1175",
              "@type": [
                "Department"
              ],
              "rdfs:label": {
                "de": [
                  "Paris"
                ],
                "pt": [
                  "Paris"
                ],
                "en": [
                  "Paris"
                ],
                "it": [
                  "Paris"
                ],
                "fr": [
                  "Paris"
                ],
                "nl": [
                  "Paris"
                ],
                "es": [
                  "Paris"
                ]
              },
              "insee": "75",
              "isPartOfRegion": {
                "@id": "kb:France11",
                "@type": [
                  "Region"
                ],
                "rdfs:label": {
                  "de": [
                    "Île-de-France"
                  ],
                  "pt": [
                    "Île-de-France"
                  ],
                  "en": [
                    "Île-de-France"
                  ],
                  "it": [
                    "Île-de-France"
                  ],
                  "fr": [
                    "Île-de-France"
                  ],
                  "nl": [
                    "Île-de-France"
                  ],
                  "es": [
                    "Île-de-France"
                  ]
                },
                "insee": "11",
                "isPartOfCountry": {
                  "@id": "kb:France",
                  "@type": [
                    "schema:Country"
                  ],
                  "rdfs:label": {
                    "de": [
                      "France",
                      "Frankreich"
                    ],
                    "pt": [
                      "França",
                      "France"
                    ],
                    "en": [
                      "France"
                    ],
                    "it": [
                      "France",
                      "Francia"
                    ],
                    "fr": [
                      "France"
                    ],
                    "nl": [
                      "France",
                      "Frankrijk"
                    ],
                    "es": [
                      "France",
                      "Francia"
                    ]
                  }
                }
              }
            }
          }
        }
      ],
      "schema:geo": {
        "@id": "https://data.datatourisme.fr/5541e073-3e9a-3e4c-8666-233bdf808291",
        "schema:latitude": "48.834628",
        "schema:longitude": "2.352056",
        "@type": [
          "schema:GeoCoordinates"
        ]
      },
      "schema:openingHoursSpecification": [
        {
          "@id": "https://data.datatourisme.fr/19216be5-9dbd-3bc0-9525-9a225ae09477",
          "schema:closes": "18:00:00",
          "schema:opens": "11:00:00",
          "schema:validFrom": "2023-01-01T00:00:00",
          "schema:validThrough": "2023-12-31T23:59:59",
          "@type": [
            "schema:OpeningHoursSpecification"
          ],
          "additionalInformation": {
            "de": [
              "Galerie des Gobelins: Ausstellungsbesuche mit Conferencier für Einzelpersonen samstags um 15 Uhr.\r\nWährend der Ausstellungszeit täglich von 11 bis 18 Uhr geöffnet, außer montags."
            ],
            "en": [
              "Galerie des Gobelins : exhibition visit with a lecturer for individuals on Saturdays at 3pm.\r\nDuring the exhibition period, open every day from 11 am to 6 pm, except Mondays."
            ],
            "it": [
              "Galerie des Gobelins: visita guidata alla mostra per i singoli il sabato alle 15.00.\r\nDurante il periodo della mostra, aperto tutti i giorni dalle 11.00 alle 18.00, tranne il lunedì."
            ],
            "fr": [
              "Galerie des Gobelins : visite exposition avec conférencier pour les individuels les samedis à 15h.\r\nEn période d’exposition, ouverture tous les jours de 11 h à 18h, sauf les lundis."
            ],
            "es": [
              "Galerie des Gobelins: visita guiada a la exposición para particulares los sábados a las 15:00 horas.\r\nDurante el periodo de exposición, abre todos los días de 11 a 18 horas, excepto los lunes."
            ],
            "nl": [
              "Galerie des Gobelins: rondleiding door de tentoonstelling voor individuele bezoekers op zaterdag om 15.00 uur.\r\nTijdens de tentoonstellingsperiode dagelijks geopend van 11 tot 18 uur, behalve op maandag."
            ]
          },
          "hasTranslatedProperty": [
            {
              "@id": "https://data.datatourisme.fr/950b8d4a-d97c-319a-8c83-8dd215c391a9",
              "dc:contributor": [
                "https://api.deepl.com/v2/translate"
              ],
              "rdf:language": [
                "nl"
              ],
              "rdf:predicate": [
                "additionalInformation"
              ]
            },
            {
              "@id": "https://data.datatourisme.fr/9f87437f-5026-3c2a-85d3-4122d274cd00",
              "dc:contributor": [
                "https://api.deepl.com/v2/translate"
              ],
              "rdf:language": [
                "it"
              ],
              "rdf:predicate": [
                "additionalInformation"
              ]
            },
            {
              "@id": "https://data.datatourisme.fr/aa20e3b0-7333-3d90-997d-5f94c541d638",
              "dc:contributor": [
                "https://api.deepl.com/v2/translate"
              ],
              "rdf:language": [
                "es"
              ],
              "rdf:predicate": [
                "additionalInformation"
              ]
            },
            {
              "@id": "https://data.datatourisme.fr/aa3c64be-cbe2-3a1b-a93b-d92ceb284f58",
              "dc:contributor": [
                "https://api.deepl.com/v2/translate"
              ],
              "rdf:language": [
                "en"
              ],
              "rdf:predicate": [
                "additionalInformation"
              ]
            },
            {
              "@id": "https://data.datatourisme.fr/d42137d7-c48f-3590-b841-d9be46b2c33b",
              "dc:contributor": [
                "https://api.deepl.com/v2/translate"
              ],
              "rdf:language": [
                "de"
              ],
              "rdf:predicate": [
                "additionalInformation"
              ]
            }
          ]
        }
      ],
      "@type": [
        "schema:Place",
        "Place"
      ]
    }
  ],
  "isOwnedBy": [
    {
      "@id": "https://data.datatourisme.fr/26ecd6f0-563c-356a-b0f9-ad3ec17effc4",
      "schema:email": [
        "bgeigle@visitparisregion.com",
        "hcaldo@visitparisregion.com",
        "mtanaskovic@visitparisregion.com"
      ],
      "schema:legalName": "Comité Régional du Tourisme Paris Ile de France",
      "@type": [
        "schema:Organization",
        "foaf:Agent",
        "Agent"
      ],
      "foaf:homepage": [
        "http://www.visitparisregion.com/"
      ]
    }
  ],
  "lastUpdate": "2022-03-14",
  "lastUpdateDatatourisme": "2023-05-30T05:49:20.364Z",
  "offers": [
    {
      "@id": "https://data.datatourisme.fr/0e07d6b5-83d4-3e8c-a0dd-6e2cd308afe9",
      "schema:priceSpecification": [
        {
          "@id": "https://data.datatourisme.fr/22050ae0-ddf4-32cc-ab2e-83829de4edbf",
          "schema:minPrice": [
            "8"
          ],
          "schema:priceCurrency": "EUR",
          "@type": [
            "schema:PriceSpecification",
            "PriceSpecification"
          ],
          "appliesOnPeriod": [
            {
              "@id": "https://data.datatourisme.fr/0663ca4b-3470-3171-9053-39aa704e8f56",
              "@type": [
                "Period"
              ],
              "endDate": "2022-12-31",
              "startDate": "2022-01-01"
            }
          ]
        }
      ],
      "@type": [
        "schema:Offer",
        "Offer"
      ]
    }
  ]
}