{
  "@id": "https://data.datatourisme.fr/13/0d3ad7ae-ee40-38a8-a2b2-6e914cdee4cb",
  "dc:identifier": "4593850",
  "@type": [
    "schema:LocalBusiness",
    "ArtGalleryOrExhibitionGallery",
    "PlaceOfInterest",
    "PointOfInterest",
    "SportsAndLeisurePlace",
    "Store"
  ],
  "rdfs:comment": {
    "de": [
      "Eingebettet im Herzen von Barbizon, einem wunderschönen Malerdorf im Wald von Fontainebleau, lädt Besharat Gallery, Galerie und Suiten für zeitgenössische Kunst, Sie ein, die Kunst in all ihren Dimensionen zu erleben."
    ],
    "en": [
      "Nestled in the heart of Barbizon, a magnificent village of painters in the heart of the Fontainebleau forest, Besharat Gallery, Gallery and Suites of Contemporary Art, invites you to experience Art in all its dimensions."
    ],
    "it": [
      "Nel cuore di Barbizon, magnifico villaggio di pittori nella foresta di Fontainebleau, la Besharat Gallery, galleria e suite d'arte contemporanea, vi invita a vivere l'arte in tutte le sue dimensioni."
    ],
    "fr": [
      "Niché au cœur de Barbizon, magnifique village de peintres au sein de la forêt de Fontainebleau, Besharat Gallery, Galerie et Suites d’Art contemporain, vous invite à vivre l’Art dans toutes ses dimensions."
    ],
    "nl": [
      "Genesteld in het hart van Barbizon, een prachtig schildersdorp in het bos van Fontainebleau, nodigt Galerie Besharat, Galerie en Suites voor Hedendaagse Kunst, u uit om Kunst in al haar dimensies te beleven."
    ],
    "es": [
      "Enclavada en el corazón de Barbizon, magnífico pueblo de pintores en el bosque de Fontainebleau, la Galería Besharat, Galería y Suites de Arte Contemporáneo, le invita a vivir el Arte en todas sus dimensiones."
    ]
  },
  "rdfs:label": {
    "fr": [
      "Besharat Gallery"
    ]
  },
  "hasBeenCreatedBy": {
    "@id": "https://data.datatourisme.fr/13/a2137a2a-e8e3-3b50-82a3-f8909ecb88fe",
    "dc:identifier": "1065",
    "schema:email": [
      "celine@fontainebleau-tourisme.com",
      "christelle@fontainebleau-tourisme.com",
      "edwige.fontainebleau@gmail.com",
      "emilie@fontainebleau-tourisme.com",
      "lorie@fontainebleau-tourisme.com",
      "magali@fontainebleau-tourisme.com",
      "mathilde@fontainebleau-tourisme.com",
      "stessier.fontainebleautourisme@gmail.com"
    ],
    "schema:legalName": "Fontainebleau Tourisme",
    "@type": [
      "schema:Organization",
      "foaf:Agent",
      "Agent"
    ],
    "foaf:homepage": [
      "http://www.fontainebleau-tourisme.com/"
    ]
  },
  "hasBeenPublishedBy": [
    {
      "@id": "https://data.datatourisme.fr/1db24fc4-b534-39bf-bdaf-152c6f98730e",
      "schema:legalName": "Seine et Marne Attractivité - source : Apidae Tourisme",
      "@type": [
        "schema:Organization",
        "foaf:Agent",
        "Agent"
      ],
      "foaf:homepage": [
        "https://www.apidae-tourisme.com/"
      ]
    }
  ],
  "hasContact": [
    {
      "@id": "https://data.datatourisme.fr/1a5d4b1e-7491-300d-a3e8-ea0a25b4090a",
      "schema:email": [
        "luigi@besharatgallery.com"
      ],
      "schema:telephone": [
        "+33 9 67 18 24 65"
      ],
      "@type": [
        "foaf:Agent",
        "Agent"
      ],
      "foaf:homepage": [
        "http://www.besharatgallery.com/"
      ]
    }
  ],
  "hasDescription": [
    {
      "@id": "https://data.datatourisme.fr/458033c6-5d4d-34d3-8735-a2bfc35baec8",
      "@type": [
        "Description"
      ],
      "hasTranslatedProperty": [
        {
          "@id": "https://data.datatourisme.fr/12a909a2-88de-305f-aef4-8ab139235324",
          "dc:contributor": [
            "https://api.deepl.com/v2/translate"
          ],
          "rdf:language": [
            "it"
          ],
          "rdf:predicate": [
            "shortDescription"
          ]
        },
        {
          "@id": "https://data.datatourisme.fr/608cd673-2d11-3652-b123-b952b886443f",
          "dc:contributor": [
            "https://api.deepl.com/v2/translate"
          ],
          "rdf:language": [
            "en"
          ],
          "rdf:predicate": [
            "shortDescription"
          ]
        },
        {
          "@id": "https://data.datatourisme.fr/7f962a4c-f7ac-3fc6-a6bd-b266ae28d3e6",
          "dc:contributor": [
            "https://api.deepl.com/v2/translate"
          ],
          "rdf:language": [
            "de"
          ],
          "rdf:predicate": [
            "shortDescription"
          ]
        },
        {
          "@id": "https://data.datatourisme.fr/99e9a430-6530-3a86-845f-83df0deb1dfe",
          "dc:contributor": [
            "https://api.deepl.com/v2/translate"
          ],
          "rdf:language": [
            "es"
          ],
          "rdf:predicate": [
            "shortDescription"
          ]
        },
        {
          "@id": "https://data.datatourisme.fr/aad0ca20-9bf4-33bd-9052-326b6c3cfaec",
          "dc:contributor": [
            "https://api.deepl.com/v2/translate"
          ],
          "rdf:language": [
            "nl"
          ],
          "rdf:predicate": [
            "shortDescription"
          ]
        }
      ],
      "shortDescription": {
        "de": [
          "Eingebettet im Herzen von Barbizon, einem wunderschönen Malerdorf im Wald von Fontainebleau, lädt Besharat Gallery, Galerie und Suiten für zeitgenössische Kunst, Sie ein, die Kunst in all ihren Dimensionen zu erleben."
        ],
        "en": [
          "Nestled in the heart of Barbizon, a magnificent village of painters in the heart of the Fontainebleau forest, Besharat Gallery, Gallery and Suites of Contemporary Art, invites you to experience Art in all its dimensions."
        ],
        "it": [
          "Nel cuore di Barbizon, magnifico villaggio di pittori nella foresta di Fontainebleau, la Besharat Gallery, galleria e suite d'arte contemporanea, vi invita a vivere l'arte in tutte le sue dimensioni."
        ],
        "fr": [
          "Niché au cœur de Barbizon, magnifique village de peintres au sein de la forêt de Fontainebleau, Besharat Gallery, Galerie et Suites d’Art contemporain, vous invite à vivre l’Art dans toutes ses dimensions."
        ],
        "nl": [
          "Genesteld in het hart van Barbizon, een prachtig schildersdorp in het bos van Fontainebleau, nodigt Galerie Besharat, Galerie en Suites voor Hedendaagse Kunst, u uit om Kunst in al haar dimensies te beleven."
        ],
        "es": [
          "Enclavada en el corazón de Barbizon, magnífico pueblo de pintores en el bosque de Fontainebleau, la Galería Besharat, Galería y Suites de Arte Contemporáneo, le invita a vivir el Arte en todas sus dimensiones."
        ]
      }
    }
  ],
  "hasTranslatedProperty": [
    {
      "@id": "https://data.datatourisme.fr/25f2149b-a5ae-3e94-8e01-6aee10cb1fac",
      "dc:contributor": [
        "https://api.deepl.com/v2/translate"
      ],
      "rdf:language": [
        "de"
      ],
      "rdf:predicate": [
        {
          "@id": "rdfs:comment"
        }
      ]
    },
    {
      "@id": "https://data.datatourisme.fr/2dc0936f-d1a3-3ecf-bf62-2d22941b1144",
      "dc:contributor": [
        "https://api.deepl.com/v2/translate"
      ],
      "rdf:language": [
        "es"
      ],
      "rdf:predicate": [
        {
          "@id": "rdfs:comment"
        }
      ]
    },
    {
      "@id": "https://data.datatourisme.fr/5becca6f-163f-3254-9fa9-f9d360e98036",
      "dc:contributor": [
        "https://api.deepl.com/v2/translate"
      ],
      "rdf:language": [
        "nl"
      ],
      "rdf:predicate": [
        {
          "@id": "rdfs:comment"
        }
      ]
    },
    {
      "@id": "https://data.datatourisme.fr/ebba451f-f15a-3305-907a-e75a190a7eb9",
      "dc:contributor": [
        "https://api.deepl.com/v2/translate"
      ],
      "rdf:language": [
        "en"
      ],
      "rdf:predicate": [
        {
          "@id": "rdfs:comment"
        }
      ]
    },
    {
      "@id": "https://data.datatourisme.fr/fa236d56-b499-3b5d-9876-06f0b049359f",
      "dc:contributor": [
        "https://api.deepl.com/v2/translate"
      ],
      "rdf:language": [
        "it"
      ],
      "rdf:predicate": [
        {
          "@id": "rdfs:comment"
        }
      ]
    }
  ],
  "isLocatedAt": [
    {
      "@id": "https://data.datatourisme.fr/40abbd60-d239-34a3-8789-23e592b03d7e",
      "schema:address": [
        {
          "@id": "https://data.datatourisme.fr/35ebda10-92e1-3f7c-b953-8683446ab7e6",
          "schema:addressLocality": "Barbizon",
          "schema:postalCode": "77630",
          "schema:streetAddress": [
            "40 grande rue"
          ],
          "@type": [
            "schema:PostalAddress",
            "PostalAddress"
          ],
          "hasAddressCity": {
            "@id": "kb:77022",
            "@type": [
              "City"
            ],
            "rdfs:label": {
              "de": [
                "Barbizon"
              ],
              "pt": [
                "Barbizon"
              ],
              "en": [
                "Barbizon"
              ],
              "it": [
                "Barbizon"
              ],
              "fr": [
                "Barbizon"
              ],
              "nl": [
                "Barbizon"
              ],
              "es": [
                "Barbizon"
              ]
            },
            "insee": "77022",
            "isPartOfDepartment": {
              "@id": "kb:France1177",
              "@type": [
                "Department"
              ],
              "rdfs:label": {
                "de": [
                  "Seine-et-Marne"
                ],
                "pt": [
                  "Seine-et-Marne"
                ],
                "en": [
                  "Seine-et-Marne"
                ],
                "it": [
                  "Seine-et-Marne"
                ],
                "fr": [
                  "Seine-et-Marne"
                ],
                "nl": [
                  "Seine-et-Marne"
                ],
                "es": [
                  "Seine-et-Marne"
                ]
              },
              "insee": "77",
              "isPartOfRegion": {
                "@id": "kb:France11",
                "@type": [
                  "Region"
                ],
                "rdfs:label": {
                  "de": [
                    "Île-de-France"
                  ],
                  "pt": [
                    "Île-de-France"
                  ],
                  "en": [
                    "Île-de-France"
                  ],
                  "it": [
                    "Île-de-France"
                  ],
                  "fr": [
                    "Île-de-France"
                  ],
                  "nl": [
                    "Île-de-France"
                  ],
                  "es": [
                    "Île-de-France"
                  ]
                },
                "insee": "11",
                "isPartOfCountry": {
                  "@id": "kb:France",
                  "@type": [
                    "schema:Country"
                  ],
                  "rdfs:label": {
                    "de": [
                      "France",
                      "Frankreich"
                    ],
                    "pt": [
                      "França",
                      "France"
                    ],
                    "en": [
                      "France"
                    ],
                    "it": [
                      "France",
                      "Francia"
                    ],
                    "fr": [
                      "France"
                    ],
                    "nl": [
                      "France",
                      "Frankrijk"
                    ],
                    "es": [
                      "France",
                      "Francia"
                    ]
                  }
                }
              }
            }
          }
        }
      ],
      "schema:geo": {
        "@id": "https://data.datatourisme.fr/b10c3f89-e5cb-3772-a78e-32d5fd1c4c0f",
        "schema:latitude": "48.445061",
        "schema:longitude": "2.606893",
        "@type": [
          "schema:GeoCoordinates"
        ]
      },
      "schema:openingHoursSpecification": [
        {
          "@id": "https://data.datatourisme.fr/f04c10aa-6c18-3269-b7a7-962f4fd8058d",
          "schema:closes": "19:00:00",
          "schema:opens": "10:00:00",
          "schema:validFrom": "2023-01-01T00:00:00",
          "schema:validThrough": "2023-12-31T23:59:59",
          "@type": [
            "schema:OpeningHoursSpecification"
          ]
        }
      ],
      "@type": [
        "schema:Place",
        "Place"
      ]
    }
  ],
  "isOwnedBy": [
    {
      "@id": "https://data.datatourisme.fr/916f1cb3-e1a7-3f46-bb52-81cbe36922b0",
      "schema:email": [
        "celine@fontainebleau-tourisme.com",
        "emilie@fontainebleau-tourisme.com",
        "lorie@fontainebleau-tourisme.com",
        "mathilde@fontainebleau-tourisme.com"
      ],
      "schema:legalName": "Office de tourisme du Pays de Fontainebleau",
      "@type": [
        "schema:Organization",
        "foaf:Agent",
        "Agent"
      ],
      "foaf:homepage": [
        "http://www.fontainebleau-tourisme.com/"
      ]
    }
  ],
  "lastUpdate": "2023-02-19",
  "lastUpdateDatatourisme": "2023-02-20T06:39:26.591Z",
  "offers": [
    {
      "@id": "https://data.datatourisme.fr/560d0a3c-6e58-3022-810c-080e7d2e1043",
      "schema:priceSpecification": [
        {
          "@id": "https://data.datatourisme.fr/0aed8900-60e2-3cf8-9eb9-31610a291068",
          "schema:maxPrice": [
            "5"
          ],
          "schema:priceCurrency": "EUR",
          "@type": [
            "schema:PriceSpecification",
            "PriceSpecification"
          ],
          "appliesOnPeriod": [
            {
              "@id": "https://data.datatourisme.fr/5714d2b4-e37d-3b81-a7fb-3e46a0efbefb",
              "@type": [
                "Period"
              ],
              "endDate": "2020-12-31",
              "startDate": "2020-01-01"
            }
          ]
        }
      ],
      "@type": [
        "schema:Offer",
        "Offer"
      ]
    }
  ]
}