{
  "@id": "https://data.datatourisme.fr/13/0de4c84c-c4c0-3cc7-8946-86c41a75c6bd",
  "dc:identifier": "5729724",
  "@type": [
    "PlaceOfInterest",
    "PointOfInterest",
    "SportsAndLeisurePlace"
  ],
  "rdfs:comment": {
    "de": [
      "Der Musikraum wurde im November 1991 eröffnet und ist eine öffentliche Einrichtung der Stadt Achères"
    ],
    "en": [
      "Musical space open since November 1991, it is a public establishment of the town of Achères"
    ],
    "it": [
      "Spazio musicale aperto dal novembre 1991, è un locale pubblico della città di Achères"
    ],
    "fr": [
      "Espace musical ouvert depuis novembre 1991, c'est un établissement public de la Ville d’Achères"
    ],
    "es": [
      "Espacio musical abierto desde noviembre de 1991, es un establecimiento público de la ciudad de Achères"
    ],
    "nl": [
      "Deze muzikale ruimte, geopend in november 1991, is een openbare instelling van de stad Achères"
    ]
  },
  "rdfs:label": {
    "fr": [
      "Le Sax"
    ]
  },
  "hasBeenCreatedBy": {
    "@id": "https://data.datatourisme.fr/13/3fb451ca-2e89-33a1-b095-b059d8705b15",
    "dc:identifier": "1522",
    "schema:email": [
      "anicoud@terres-de-seine.fr",
      "anne.perchec@gpseo.fr",
      "contact@terres-de-seine.fr",
      "estelle.rouille@gpseo.fr",
      "fbony@terres-de-seine.fr",
      "hillaryramanank@yahoo.fr",
      "vgateau@terres-de-seine.fr",
      "xcadilhac.oti.gpseo@gmail.com"
    ],
    "schema:legalName": "Communauté Urbaine Grand Paris Seine & Oise",
    "@type": [
      "schema:Organization",
      "foaf:Agent",
      "Agent"
    ],
    "foaf:homepage": [
      "https://www.insectes.org/",
      "https://www.terres-de-seine.fr/"
    ]
  },
  "hasBeenPublishedBy": [
    {
      "@id": "https://data.datatourisme.fr/8a9feb4b-2cbd-3d2c-b507-bd6c6776b23b",
      "schema:legalName": "Apidae Tourisme Scic SA - source : Apidae Tourisme",
      "@type": [
        "schema:Organization",
        "foaf:Agent",
        "Agent"
      ],
      "foaf:homepage": [
        "https://www.apidae-tourisme.com/"
      ]
    }
  ],
  "hasContact": [
    {
      "@id": "https://data.datatourisme.fr/1e8f63f9-1011-3d18-8ef6-2e5547da83f1",
      "schema:telephone": [
        "+33 1 39 11 86 21"
      ],
      "@type": [
        "foaf:Agent",
        "Agent"
      ],
      "foaf:homepage": [
        "http://www.lesax-acheres78.fr/"
      ]
    }
  ],
  "hasDescription": [
    {
      "@id": "https://data.datatourisme.fr/e0791c31-d6bd-3d8f-91a7-429195f83ecb",
      "@type": [
        "Description"
      ],
      "hasTranslatedProperty": [
        {
          "@id": "https://data.datatourisme.fr/7aae2d57-fd85-3d34-9d4c-647c73ceb1cc",
          "dc:contributor": [
            "https://api.deepl.com/v2/translate"
          ],
          "rdf:language": [
            "en"
          ],
          "rdf:predicate": [
            "shortDescription"
          ]
        },
        {
          "@id": "https://data.datatourisme.fr/9139fcb4-4bd4-3d19-bef8-d360cb429d36",
          "dc:contributor": [
            "https://api.deepl.com/v2/translate"
          ],
          "rdf:language": [
            "it"
          ],
          "rdf:predicate": [
            "shortDescription"
          ]
        },
        {
          "@id": "https://data.datatourisme.fr/998684b7-cdaf-3f2a-b93c-fa058b14ca90",
          "dc:contributor": [
            "https://api.deepl.com/v2/translate"
          ],
          "rdf:language": [
            "nl"
          ],
          "rdf:predicate": [
            "shortDescription"
          ]
        },
        {
          "@id": "https://data.datatourisme.fr/e054fdd6-97df-3c18-bc45-19e514a3e16c",
          "dc:contributor": [
            "https://api.deepl.com/v2/translate"
          ],
          "rdf:language": [
            "es"
          ],
          "rdf:predicate": [
            "shortDescription"
          ]
        },
        {
          "@id": "https://data.datatourisme.fr/fc634dfd-2930-37f9-b9fe-f0fe98e2744a",
          "dc:contributor": [
            "https://api.deepl.com/v2/translate"
          ],
          "rdf:language": [
            "de"
          ],
          "rdf:predicate": [
            "shortDescription"
          ]
        }
      ],
      "shortDescription": {
        "de": [
          "Der Musikraum wurde im November 1991 eröffnet und ist eine öffentliche Einrichtung der Stadt Achères"
        ],
        "en": [
          "Musical space open since November 1991, it is a public establishment of the town of Achères"
        ],
        "it": [
          "Spazio musicale aperto dal novembre 1991, è un locale pubblico della città di Achères"
        ],
        "fr": [
          "Espace musical ouvert depuis novembre 1991, c'est un établissement public de la Ville d’Achères"
        ],
        "es": [
          "Espacio musical abierto desde noviembre de 1991, es un establecimiento público de la ciudad de Achères"
        ],
        "nl": [
          "Deze muzikale ruimte, geopend in november 1991, is een openbare instelling van de stad Achères"
        ]
      }
    }
  ],
  "hasTranslatedProperty": [
    {
      "@id": "https://data.datatourisme.fr/00351153-5663-3041-8ec6-fd781909a02e",
      "dc:contributor": [
        "https://api.deepl.com/v2/translate"
      ],
      "rdf:language": [
        "es"
      ],
      "rdf:predicate": [
        {
          "@id": "rdfs:comment"
        }
      ]
    },
    {
      "@id": "https://data.datatourisme.fr/2ea6d6c1-3675-365a-a30e-e832a58bd416",
      "dc:contributor": [
        "https://api.deepl.com/v2/translate"
      ],
      "rdf:language": [
        "nl"
      ],
      "rdf:predicate": [
        {
          "@id": "rdfs:comment"
        }
      ]
    },
    {
      "@id": "https://data.datatourisme.fr/3306ab65-e286-3367-ae64-22075ca0653d",
      "dc:contributor": [
        "https://api.deepl.com/v2/translate"
      ],
      "rdf:language": [
        "de"
      ],
      "rdf:predicate": [
        {
          "@id": "rdfs:comment"
        }
      ]
    },
    {
      "@id": "https://data.datatourisme.fr/c01a4675-effc-387e-b00e-922012507998",
      "dc:contributor": [
        "https://api.deepl.com/v2/translate"
      ],
      "rdf:language": [
        "en"
      ],
      "rdf:predicate": [
        {
          "@id": "rdfs:comment"
        }
      ]
    },
    {
      "@id": "https://data.datatourisme.fr/c6db02fe-1c56-3057-b5bc-4950ff0e4674",
      "dc:contributor": [
        "https://api.deepl.com/v2/translate"
      ],
      "rdf:language": [
        "it"
      ],
      "rdf:predicate": [
        {
          "@id": "rdfs:comment"
        }
      ]
    }
  ],
  "isLocatedAt": [
    {
      "@id": "https://data.datatourisme.fr/519c7a37-1c28-38f2-81d4-1eb8500f25eb",
      "schema:address": [
        {
          "@id": "https://data.datatourisme.fr/f03b8412-2569-3514-84e8-e2418769d385",
          "schema:addressLocality": "Achères",
          "schema:postalCode": "78260",
          "@type": [
            "schema:PostalAddress",
            "PostalAddress"
          ],
          "hasAddressCity": {
            "@id": "kb:78005",
            "@type": [
              "City"
            ],
            "rdfs:label": {
              "de": [
                "Achères"
              ],
              "pt": [
                "Achères"
              ],
              "en": [
                "Achères"
              ],
              "it": [
                "Achères"
              ],
              "fr": [
                "Achères"
              ],
              "nl": [
                "Achères"
              ],
              "es": [
                "Achères"
              ]
            },
            "insee": "78005",
            "isPartOfDepartment": {
              "@id": "kb:France1178",
              "@type": [
                "Department"
              ],
              "rdfs:label": {
                "de": [
                  "Yvelines"
                ],
                "pt": [
                  "Yvelines"
                ],
                "en": [
                  "Yvelines"
                ],
                "it": [
                  "Yvelines"
                ],
                "fr": [
                  "Yvelines"
                ],
                "nl": [
                  "Yvelines"
                ],
                "es": [
                  "Yvelines"
                ]
              },
              "insee": "78",
              "isPartOfRegion": {
                "@id": "kb:France11",
                "@type": [
                  "Region"
                ],
                "rdfs:label": {
                  "de": [
                    "Île-de-France"
                  ],
                  "pt": [
                    "Île-de-France"
                  ],
                  "en": [
                    "Île-de-France"
                  ],
                  "it": [
                    "Île-de-France"
                  ],
                  "fr": [
                    "Île-de-France"
                  ],
                  "nl": [
                    "Île-de-France"
                  ],
                  "es": [
                    "Île-de-France"
                  ]
                },
                "insee": "11",
                "isPartOfCountry": {
                  "@id": "kb:France",
                  "@type": [
                    "schema:Country"
                  ],
                  "rdfs:label": {
                    "de": [
                      "France",
                      "Frankreich"
                    ],
                    "pt": [
                      "França",
                      "France"
                    ],
                    "en": [
                      "France"
                    ],
                    "it": [
                      "France",
                      "Francia"
                    ],
                    "fr": [
                      "France"
                    ],
                    "nl": [
                      "France",
                      "Frankrijk"
                    ],
                    "es": [
                      "France",
                      "Francia"
                    ]
                  }
                }
              }
            }
          }
        }
      ],
      "schema:geo": {
        "@id": "https://data.datatourisme.fr/cb356385-6bbd-3b64-abb6-c4d718736871",
        "schema:latitude": "48.959048",
        "schema:longitude": "2.065802",
        "@type": [
          "schema:GeoCoordinates"
        ]
      },
      "schema:openingHoursSpecification": [
        {
          "@id": "https://data.datatourisme.fr/ea241a42-4196-3792-b4b7-fe169d659061",
          "schema:validFrom": "2023-01-01T00:00:00",
          "schema:validThrough": "2023-12-31T23:59:59",
          "@type": [
            "schema:OpeningHoursSpecification"
          ],
          "additionalInformation": {
            "de": [
              "Am Wochenende: von 15:00 bis 18:00 Uhr (nur an Tagen mit kostenpflichtigen Aufführungen)."
            ],
            "en": [
              "Weekends: from 3 pm to 6 pm (only on days when shows are paying)."
            ],
            "it": [
              "Fine settimana: dalle 15:00 alle 18:00 (solo nei giorni degli spettacoli a pagamento)."
            ],
            "fr": [
              "Le week-end : de 15 h à 18 h (uniquement les jours de spectacles payants)."
            ],
            "nl": [
              "Weekends: 15.00 tot 18.00 uur (alleen op dagen met toeslag)."
            ],
            "es": [
              "Fines de semana: de 15:00 a 18:00 horas (sólo los días de cobro)."
            ]
          },
          "hasTranslatedProperty": [
            {
              "@id": "https://data.datatourisme.fr/1971a073-a7df-3844-a1a7-4a015cd9b980",
              "dc:contributor": [
                "https://api.deepl.com/v2/translate"
              ],
              "rdf:language": [
                "it"
              ],
              "rdf:predicate": [
                "additionalInformation"
              ]
            },
            {
              "@id": "https://data.datatourisme.fr/37ffcc1f-0eeb-3ab6-899f-5bdf44be0029",
              "dc:contributor": [
                "https://api.deepl.com/v2/translate"
              ],
              "rdf:language": [
                "es"
              ],
              "rdf:predicate": [
                "additionalInformation"
              ]
            },
            {
              "@id": "https://data.datatourisme.fr/7426a43a-2d48-382d-9ce0-be7b40b616f8",
              "dc:contributor": [
                "https://api.deepl.com/v2/translate"
              ],
              "rdf:language": [
                "en"
              ],
              "rdf:predicate": [
                "additionalInformation"
              ]
            },
            {
              "@id": "https://data.datatourisme.fr/dfe087f8-5310-3358-8e69-76b3ee2e38fe",
              "dc:contributor": [
                "https://api.deepl.com/v2/translate"
              ],
              "rdf:language": [
                "de"
              ],
              "rdf:predicate": [
                "additionalInformation"
              ]
            },
            {
              "@id": "https://data.datatourisme.fr/eb5c98fd-8f8f-3567-950e-ce94fbd2a9bf",
              "dc:contributor": [
                "https://api.deepl.com/v2/translate"
              ],
              "rdf:language": [
                "nl"
              ],
              "rdf:predicate": [
                "additionalInformation"
              ]
            }
          ]
        }
      ],
      "@type": [
        "schema:Place",
        "Place"
      ]
    }
  ],
  "isOwnedBy": [
    {
      "@id": "https://data.datatourisme.fr/44eacd0d-f255-38e9-b0f2-4a31202fdb58",
      "schema:email": [
        "anicoud@terres-de-seine.fr",
        "anne.perchec@gpseo.fr",
        "contact@terres-de-seine.fr",
        "estelle.rouille@gpseo.fr",
        "fbony@terres-de-seine.fr",
        "hillaryramanank@yahoo.fr",
        "vgateau@terres-de-seine.fr",
        "xcadilhac.oti.gpseo@gmail.com"
      ],
      "schema:legalName": "Communauté Urbaine Grand Paris Seine & Oise",
      "@type": [
        "schema:Organization",
        "foaf:Agent",
        "Agent"
      ],
      "foaf:homepage": [
        "https://www.insectes.org/"
      ]
    }
  ],
  "lastUpdate": "2021-02-28",
  "lastUpdateDatatourisme": "2023-02-01T18:07:35.599Z"
}