{
  "@id": "https://data.datatourisme.fr/13/0d1497ac-7494-32d1-87bb-e2faf613ad45",
  "dc:identifier": "728672",
  "@type": [
    "schema:FoodEstablishment",
    "FoodEstablishment",
    "PlaceOfInterest",
    "PointOfInterest"
  ],
  "rdfs:comment": {
    "de": [
      "American Lounge, in der Fußgängerzone gelegen.\r\nTex mex Restaurant - Tapas-Bar."
    ],
    "en": [
      "American Lounge, located in the pedestrian streets.\r\nTex mex restaurant - Tapas Bar"
    ],
    "it": [
      "American Lounge, situato nelle vie pedonali.\r\nRistorante tex mex - Tapas bar."
    ],
    "fr": [
      "American Lounge, situé dans les rues piétonnes.\r\nRestaurant Tex mex - Bar à tapas."
    ],
    "es": [
      "American Lounge, situado en las calles peatonales.\r\nRestaurante tex mex - bar de tapas."
    ],
    "nl": [
      "American Lounge, gelegen in de voetgangersstraten.\r\nTex mex restaurant - Tapas bar."
    ]
  },
  "rdfs:label": {
    "en": [
      "The Houston Fontainebleau"
    ],
    "fr": [
      "Le Houston Fontainebleau"
    ]
  },
  "hasBeenCreatedBy": {
    "@id": "https://data.datatourisme.fr/13/a2137a2a-e8e3-3b50-82a3-f8909ecb88fe",
    "dc:identifier": "1065",
    "schema:email": [
      "celine@fontainebleau-tourisme.com",
      "christelle@fontainebleau-tourisme.com",
      "edwige.fontainebleau@gmail.com",
      "emilie@fontainebleau-tourisme.com",
      "lorie@fontainebleau-tourisme.com",
      "magali@fontainebleau-tourisme.com",
      "mathilde@fontainebleau-tourisme.com",
      "stessier.fontainebleautourisme@gmail.com"
    ],
    "schema:legalName": "Fontainebleau Tourisme",
    "@type": [
      "schema:Organization",
      "foaf:Agent",
      "Agent"
    ],
    "foaf:homepage": [
      "http://www.fontainebleau-tourisme.com/"
    ]
  },
  "hasBeenPublishedBy": [
    {
      "@id": "https://data.datatourisme.fr/1db24fc4-b534-39bf-bdaf-152c6f98730e",
      "schema:legalName": "Seine et Marne Attractivité - source : Apidae Tourisme",
      "@type": [
        "schema:Organization",
        "foaf:Agent",
        "Agent"
      ],
      "foaf:homepage": [
        "https://www.apidae-tourisme.com/"
      ]
    }
  ],
  "hasContact": [
    {
      "@id": "https://data.datatourisme.fr/01bbe17f-e1bc-351d-b360-4f290f7137b5",
      "schema:email": [
        "franklinovale@gmail.com"
      ],
      "schema:telephone": [
        "+33 1 64 22 00 20"
      ],
      "@type": [
        "foaf:Agent",
        "Agent"
      ],
      "foaf:homepage": [
        "https://www.lehoustonfontainebleau.fr/"
      ]
    }
  ],
  "hasDescription": [
    {
      "@id": "https://data.datatourisme.fr/0cb560a4-3da4-3eb8-86f5-e7b5cac8284b",
      "@type": [
        "Description"
      ],
      "hasTranslatedProperty": [
        {
          "@id": "https://data.datatourisme.fr/272a114b-bc94-372b-bc8f-0c2d5abaf62a",
          "dc:contributor": [
            "https://api.deepl.com/v2/translate"
          ],
          "rdf:language": [
            "nl"
          ],
          "rdf:predicate": [
            "shortDescription"
          ]
        },
        {
          "@id": "https://data.datatourisme.fr/28dc688b-fff2-3f63-bb97-fe65f3948c72",
          "dc:contributor": [
            "https://api.deepl.com/v2/translate"
          ],
          "rdf:language": [
            "es"
          ],
          "rdf:predicate": [
            "shortDescription"
          ]
        },
        {
          "@id": "https://data.datatourisme.fr/86494b51-aa60-3815-99c1-fcab7ab24371",
          "dc:contributor": [
            "https://api.deepl.com/v2/translate"
          ],
          "rdf:language": [
            "de"
          ],
          "rdf:predicate": [
            "shortDescription"
          ]
        },
        {
          "@id": "https://data.datatourisme.fr/bce87408-4967-352a-8119-03acea3751be",
          "dc:contributor": [
            "https://api.deepl.com/v2/translate"
          ],
          "rdf:language": [
            "it"
          ],
          "rdf:predicate": [
            "shortDescription"
          ]
        }
      ],
      "shortDescription": {
        "de": [
          "American Lounge, in der Fußgängerzone gelegen.\r\nTex mex Restaurant - Tapas-Bar."
        ],
        "en": [
          "American Lounge, located in the pedestrian streets.\r\nTex mex restaurant - Tapas Bar"
        ],
        "it": [
          "American Lounge, situato nelle vie pedonali.\r\nRistorante tex mex - Tapas bar."
        ],
        "fr": [
          "American Lounge, situé dans les rues piétonnes.\r\nRestaurant Tex mex - Bar à tapas."
        ],
        "es": [
          "American Lounge, situado en las calles peatonales.\r\nRestaurante tex mex - bar de tapas."
        ],
        "nl": [
          "American Lounge, gelegen in de voetgangersstraten.\r\nTex mex restaurant - Tapas bar."
        ]
      }
    }
  ],
  "hasTranslatedProperty": [
    {
      "@id": "https://data.datatourisme.fr/083b12be-eef9-34a1-8f65-be653e9202c7",
      "dc:contributor": [
        "https://api.deepl.com/v2/translate"
      ],
      "rdf:language": [
        "it"
      ],
      "rdf:predicate": [
        {
          "@id": "rdfs:comment"
        }
      ]
    },
    {
      "@id": "https://data.datatourisme.fr/bc80c8a0-fece-3fd7-8128-39578d59de4a",
      "dc:contributor": [
        "https://api.deepl.com/v2/translate"
      ],
      "rdf:language": [
        "de"
      ],
      "rdf:predicate": [
        {
          "@id": "rdfs:comment"
        }
      ]
    },
    {
      "@id": "https://data.datatourisme.fr/cffb8673-1a33-39a8-ba33-9f979e80e967",
      "dc:contributor": [
        "https://api.deepl.com/v2/translate"
      ],
      "rdf:language": [
        "es"
      ],
      "rdf:predicate": [
        {
          "@id": "rdfs:comment"
        }
      ]
    },
    {
      "@id": "https://data.datatourisme.fr/f76e1575-5baf-3279-bc96-b55b6585c7be",
      "dc:contributor": [
        "https://api.deepl.com/v2/translate"
      ],
      "rdf:language": [
        "nl"
      ],
      "rdf:predicate": [
        {
          "@id": "rdfs:comment"
        }
      ]
    }
  ],
  "isLocatedAt": [
    {
      "@id": "https://data.datatourisme.fr/aab66742-dfe1-3fc0-b07b-e6a128adce86",
      "schema:address": [
        {
          "@id": "https://data.datatourisme.fr/61aa973d-8f76-3a2e-a761-1683ddfb85fd",
          "schema:addressLocality": "Fontainebleau",
          "schema:postalCode": "77300",
          "schema:streetAddress": [
            "4 rue de la Corne"
          ],
          "@type": [
            "schema:PostalAddress",
            "PostalAddress"
          ],
          "hasAddressCity": {
            "@id": "kb:77186",
            "@type": [
              "City"
            ],
            "rdfs:label": {
              "de": [
                "Fontainebleau"
              ],
              "pt": [
                "Fontainebleau"
              ],
              "en": [
                "Fontainebleau"
              ],
              "it": [
                "Fontainebleau"
              ],
              "fr": [
                "Fontainebleau"
              ],
              "nl": [
                "Fontainebleau"
              ],
              "es": [
                "Fontainebleau"
              ]
            },
            "insee": "77186",
            "isPartOfDepartment": {
              "@id": "kb:France1177",
              "@type": [
                "Department"
              ],
              "rdfs:label": {
                "de": [
                  "Seine-et-Marne"
                ],
                "pt": [
                  "Seine-et-Marne"
                ],
                "en": [
                  "Seine-et-Marne"
                ],
                "it": [
                  "Seine-et-Marne"
                ],
                "fr": [
                  "Seine-et-Marne"
                ],
                "nl": [
                  "Seine-et-Marne"
                ],
                "es": [
                  "Seine-et-Marne"
                ]
              },
              "insee": "77",
              "isPartOfRegion": {
                "@id": "kb:France11",
                "@type": [
                  "Region"
                ],
                "rdfs:label": {
                  "de": [
                    "Île-de-France"
                  ],
                  "pt": [
                    "Île-de-France"
                  ],
                  "en": [
                    "Île-de-France"
                  ],
                  "it": [
                    "Île-de-France"
                  ],
                  "fr": [
                    "Île-de-France"
                  ],
                  "nl": [
                    "Île-de-France"
                  ],
                  "es": [
                    "Île-de-France"
                  ]
                },
                "insee": "11",
                "isPartOfCountry": {
                  "@id": "kb:France",
                  "@type": [
                    "schema:Country"
                  ],
                  "rdfs:label": {
                    "de": [
                      "France",
                      "Frankreich"
                    ],
                    "pt": [
                      "França",
                      "France"
                    ],
                    "en": [
                      "France"
                    ],
                    "it": [
                      "France",
                      "Francia"
                    ],
                    "fr": [
                      "France"
                    ],
                    "nl": [
                      "France",
                      "Frankrijk"
                    ],
                    "es": [
                      "France",
                      "Francia"
                    ]
                  }
                }
              }
            }
          }
        }
      ],
      "schema:geo": {
        "@id": "https://data.datatourisme.fr/ff28014b-eca0-3bb6-bbab-f1659ccd2963",
        "schema:latitude": "48.404658",
        "schema:longitude": "2.700191",
        "@type": [
          "schema:GeoCoordinates"
        ]
      },
      "schema:openingHoursSpecification": [
        {
          "@id": "https://data.datatourisme.fr/ae373876-fe61-3961-9d65-838bab92869e",
          "schema:validFrom": "2023-01-01T00:00:00",
          "schema:validThrough": "2023-12-31T23:59:59",
          "@type": [
            "schema:OpeningHoursSpecification"
          ],
          "additionalInformation": {
            "de": [
              "Bar: täglich ab 17 Uhr\r\nRestaurantservice: täglich von 19:00 bis 23:30 Uhr, samstags von 19:00 bis 24:00 Uhr."
            ],
            "en": [
              "Bar: every day from 5pm\r\nRestaurant service: 7pm - 11.30pm every day except Saturday from 7pm to midnight."
            ],
            "it": [
              "Bar: tutti i giorni dalle 17.00\r\nServizio ristorante: dalle 19.00 alle 23.30 tutti i giorni, tranne il sabato dalle 19.00 alle 24.00."
            ],
            "fr": [
              "Bar : tous les jours à partir de 17h\r\nService restaurant : 19h - 23h30 tous les jours saud le samedi de 19h à minuit."
            ],
            "es": [
              "Bar: todos los días a partir de las 17:00 horas\r\nServicio de restaurante: de 19:00 a 23:30 todos los días, excepto el sábado de 19:00 a 24:00."
            ],
            "nl": [
              "Bar: elke dag vanaf 17 uur\r\nRestaurantdienst: 19.00 - 23.30 uur elke dag behalve zaterdag van 19.00 tot middernacht."
            ]
          },
          "hasTranslatedProperty": [
            {
              "@id": "https://data.datatourisme.fr/2749fb48-cb29-32a9-a39e-066eeb8a9e45",
              "dc:contributor": [
                "https://api.deepl.com/v2/translate"
              ],
              "rdf:language": [
                "de"
              ],
              "rdf:predicate": [
                "additionalInformation"
              ]
            },
            {
              "@id": "https://data.datatourisme.fr/49a34355-129d-37f7-9d33-556353c3da94",
              "dc:contributor": [
                "https://api.deepl.com/v2/translate"
              ],
              "rdf:language": [
                "es"
              ],
              "rdf:predicate": [
                "additionalInformation"
              ]
            },
            {
              "@id": "https://data.datatourisme.fr/4b67cf4b-5da3-3fde-a0b2-e8e248b53488",
              "dc:contributor": [
                "https://api.deepl.com/v2/translate"
              ],
              "rdf:language": [
                "en"
              ],
              "rdf:predicate": [
                "additionalInformation"
              ]
            },
            {
              "@id": "https://data.datatourisme.fr/4b9b0db1-df53-35d0-8c76-e261fbe50117",
              "dc:contributor": [
                "https://api.deepl.com/v2/translate"
              ],
              "rdf:language": [
                "it"
              ],
              "rdf:predicate": [
                "additionalInformation"
              ]
            },
            {
              "@id": "https://data.datatourisme.fr/9a0c0f88-6a57-381b-b4e1-c9ddbbc141a2",
              "dc:contributor": [
                "https://api.deepl.com/v2/translate"
              ],
              "rdf:language": [
                "nl"
              ],
              "rdf:predicate": [
                "additionalInformation"
              ]
            }
          ]
        }
      ],
      "@type": [
        "schema:Place",
        "Place"
      ]
    }
  ],
  "isOwnedBy": [
    {
      "@id": "https://data.datatourisme.fr/916f1cb3-e1a7-3f46-bb52-81cbe36922b0",
      "schema:email": [
        "celine@fontainebleau-tourisme.com",
        "emilie@fontainebleau-tourisme.com",
        "lorie@fontainebleau-tourisme.com",
        "mathilde@fontainebleau-tourisme.com"
      ],
      "schema:legalName": "Office de tourisme du Pays de Fontainebleau",
      "@type": [
        "schema:Organization",
        "foaf:Agent",
        "Agent"
      ],
      "foaf:homepage": [
        "http://www.fontainebleau-tourisme.com/"
      ]
    }
  ],
  "lastUpdate": "2023-02-22",
  "lastUpdateDatatourisme": "2023-02-23T06:39:42.762Z"
}