{
  "@id": "https://data.datatourisme.fr/13/0d32cc96-dcff-3761-8182-3ae66cff36db",
  "dc:identifier": "6394864",
  "@type": [
    "schema:LocalBusiness",
    "PlaceOfInterest",
    "PointOfInterest",
    "SportsAndLeisurePlace",
    "SwimmingPool"
  ],
  "rdfs:comment": {
    "de": [
      "Das Espace Aquaforme Hodellia in Houdan ist ein unumgänglicher Ort im Westen des Yvelin-Gebiets! Mit seinen 150.000 Besuchern pro Jahr ist sein Ruf unumstritten. Hier finden Sie alles, was das Herz begehrt: Spiel-, Wellness- und Fitnessbereiche"
    ],
    "en": [
      "The Aquaforme Hodellia in Houdan, is a place not to be missed in the west of Yvelines! With its 150 000 visitors per year, its reputation is well established. Spaces of games, well-being or fitness? you will find your happiness there!"
    ],
    "it": [
      "Il centro Hodellia Aquafitness di Houdan è uno dei luoghi più importanti dell'ovest delle Yvelines! Con i suoi 150.000 visitatori all'anno, la sua reputazione è ben consolidata. Che vogliate giocare, sentirvi bene o rimettervi in forma, troverete quello che cercate!"
    ],
    "fr": [
      "L’Espace Aquaforme Hodellia à Houdan, est un lieu incontournable de l’ouest yvelinois ! Avec ses 150 000 visiteurs par an, sa réputation n’est plus à faire. Espaces de jeux, de bien-être ou de remise en forme… vous y trouverez votre bonheur !"
    ],
    "nl": [
      "Het aquafitnesscentrum Hodellia in Houdan is een van de belangrijkste plaatsen in het westen van de Yvelines! Met zijn 150.000 bezoekers per jaar is zijn reputatie goed gevestigd. Of u nu wilt spelen, zich goed wilt voelen of weer in vorm wilt komen, u vindt er wat u zoekt!"
    ],
    "es": [
      "El Centro Aquafitness Hodellia de Houdan es uno de los lugares más importantes del oeste de los Yvelines Con sus 150.000 visitantes al año, su reputación está bien consolidada. Tanto si quiere jugar, sentirse bien o recuperar la forma, ¡encontrará lo que busca!"
    ]
  },
  "rdfs:label": {
    "fr": [
      "Centre Aquatique Hodellia"
    ]
  },
  "hasBeenCreatedBy": {
    "@id": "https://data.datatourisme.fr/13/db60b95d-ecde-3d94-8b4c-d8685417cfdc",
    "dc:identifier": "2418",
    "schema:email": [
      "contact@tourismepayshoudanais.fr",
      "direction@tourismepayshoudanais.fr"
    ],
    "schema:legalName": "Office de Tourisme du Pays Houdanais",
    "@type": [
      "schema:Organization",
      "foaf:Agent",
      "Agent"
    ],
    "foaf:homepage": [
      "http://www.tourisme-pays-houdanais.fr/"
    ]
  },
  "hasBeenPublishedBy": [
    {
      "@id": "https://data.datatourisme.fr/8a9feb4b-2cbd-3d2c-b507-bd6c6776b23b",
      "schema:legalName": "Apidae Tourisme Scic SA - source : Apidae Tourisme",
      "@type": [
        "schema:Organization",
        "foaf:Agent",
        "Agent"
      ],
      "foaf:homepage": [
        "https://www.apidae-tourisme.com/"
      ]
    }
  ],
  "hasContact": [
    {
      "@id": "https://data.datatourisme.fr/15d4a8fa-ab57-34ab-8c3f-4ec67a895079",
      "schema:email": [
        "contact@hodellia.fr"
      ],
      "schema:telephone": [
        "+33 1 30 46 11 05"
      ],
      "@type": [
        "foaf:Agent",
        "Agent"
      ],
      "foaf:homepage": [
        "https://hodellia.fr/"
      ]
    }
  ],
  "hasDescription": [
    {
      "@id": "https://data.datatourisme.fr/1e18897e-2152-373a-b112-9e1589b83931",
      "@type": [
        "Description"
      ],
      "hasTranslatedProperty": [
        {
          "@id": "https://data.datatourisme.fr/2e49e892-d62b-35bf-b994-185edf556380",
          "dc:contributor": [
            "https://api.deepl.com/v2/translate"
          ],
          "rdf:language": [
            "en"
          ],
          "rdf:predicate": [
            "shortDescription"
          ]
        },
        {
          "@id": "https://data.datatourisme.fr/58fb6f40-bcd7-3892-91ec-7973864ee42b",
          "dc:contributor": [
            "https://api.deepl.com/v2/translate"
          ],
          "rdf:language": [
            "es"
          ],
          "rdf:predicate": [
            "shortDescription"
          ]
        },
        {
          "@id": "https://data.datatourisme.fr/86bdd71c-cbb4-373e-ac99-97d1c62ea121",
          "dc:contributor": [
            "https://api.deepl.com/v2/translate"
          ],
          "rdf:language": [
            "it"
          ],
          "rdf:predicate": [
            "shortDescription"
          ]
        },
        {
          "@id": "https://data.datatourisme.fr/ae89d8f0-f1ae-390a-b82f-13d523e5cffd",
          "dc:contributor": [
            "https://api.deepl.com/v2/translate"
          ],
          "rdf:language": [
            "de"
          ],
          "rdf:predicate": [
            "shortDescription"
          ]
        },
        {
          "@id": "https://data.datatourisme.fr/db174cbe-8529-3214-b2a3-b3bec9e4136a",
          "dc:contributor": [
            "https://api.deepl.com/v2/translate"
          ],
          "rdf:language": [
            "nl"
          ],
          "rdf:predicate": [
            "shortDescription"
          ]
        }
      ],
      "shortDescription": {
        "de": [
          "Das Espace Aquaforme Hodellia in Houdan ist ein unumgänglicher Ort im Westen des Yvelin-Gebiets! Mit seinen 150.000 Besuchern pro Jahr ist sein Ruf unumstritten. Hier finden Sie alles, was das Herz begehrt: Spiel-, Wellness- und Fitnessbereiche"
        ],
        "en": [
          "The Aquaforme Hodellia in Houdan, is a place not to be missed in the west of Yvelines! With its 150 000 visitors per year, its reputation is well established. Spaces of games, well-being or fitness? you will find your happiness there!"
        ],
        "it": [
          "Il centro Hodellia Aquafitness di Houdan è uno dei luoghi più importanti dell'ovest delle Yvelines! Con i suoi 150.000 visitatori all'anno, la sua reputazione è ben consolidata. Che vogliate giocare, sentirvi bene o rimettervi in forma, troverete quello che cercate!"
        ],
        "fr": [
          "L’Espace Aquaforme Hodellia à Houdan, est un lieu incontournable de l’ouest yvelinois ! Avec ses 150 000 visiteurs par an, sa réputation n’est plus à faire. Espaces de jeux, de bien-être ou de remise en forme… vous y trouverez votre bonheur !"
        ],
        "nl": [
          "Het aquafitnesscentrum Hodellia in Houdan is een van de belangrijkste plaatsen in het westen van de Yvelines! Met zijn 150.000 bezoekers per jaar is zijn reputatie goed gevestigd. Of u nu wilt spelen, zich goed wilt voelen of weer in vorm wilt komen, u vindt er wat u zoekt!"
        ],
        "es": [
          "El Centro Aquafitness Hodellia de Houdan es uno de los lugares más importantes del oeste de los Yvelines Con sus 150.000 visitantes al año, su reputación está bien consolidada. Tanto si quiere jugar, sentirse bien o recuperar la forma, ¡encontrará lo que busca!"
        ]
      }
    }
  ],
  "hasTheme": [
    {
      "@id": "kb:Bathing",
      "@type": [
        "AccommodationAmenity",
        "SportsTheme"
      ],
      "rdfs:label": {
        "de": [
          "Baden"
        ],
        "pt": [
          "Banho"
        ],
        "en": [
          "Bathing"
        ],
        "it": [
          "Bagno"
        ],
        "fr": [
          "Baignade"
        ],
        "nl": [
          "Zwemmen"
        ],
        "es": [
          "Baño"
        ]
      }
    }
  ],
  "hasTranslatedProperty": [
    {
      "@id": "https://data.datatourisme.fr/38310a16-3b5b-3793-add0-340827a38763",
      "dc:contributor": [
        "https://api.deepl.com/v2/translate"
      ],
      "rdf:language": [
        "nl"
      ],
      "rdf:predicate": [
        {
          "@id": "rdfs:comment"
        }
      ]
    },
    {
      "@id": "https://data.datatourisme.fr/912c1bdc-4623-3d9c-a3b4-9c828b1df50c",
      "dc:contributor": [
        "https://api.deepl.com/v2/translate"
      ],
      "rdf:language": [
        "it"
      ],
      "rdf:predicate": [
        {
          "@id": "rdfs:comment"
        }
      ]
    },
    {
      "@id": "https://data.datatourisme.fr/a9b20259-63d6-3f11-bd2c-9e61b289cef9",
      "dc:contributor": [
        "https://api.deepl.com/v2/translate"
      ],
      "rdf:language": [
        "de"
      ],
      "rdf:predicate": [
        {
          "@id": "rdfs:comment"
        }
      ]
    },
    {
      "@id": "https://data.datatourisme.fr/ccf60414-48ac-3c57-b706-d96bd8fe3605",
      "dc:contributor": [
        "https://api.deepl.com/v2/translate"
      ],
      "rdf:language": [
        "en"
      ],
      "rdf:predicate": [
        {
          "@id": "rdfs:comment"
        }
      ]
    },
    {
      "@id": "https://data.datatourisme.fr/de231fda-a048-365b-a94a-d37554242f63",
      "dc:contributor": [
        "https://api.deepl.com/v2/translate"
      ],
      "rdf:language": [
        "es"
      ],
      "rdf:predicate": [
        {
          "@id": "rdfs:comment"
        }
      ]
    }
  ],
  "isLocatedAt": [
    {
      "@id": "https://data.datatourisme.fr/84c5316c-4c69-396e-bdc0-0a1443a1aebf",
      "schema:address": [
        {
          "@id": "https://data.datatourisme.fr/a76320e8-6c9e-35cb-a31e-16f290885d27",
          "schema:addressLocality": "Houdan",
          "schema:postalCode": "78550",
          "schema:streetAddress": [
            "ZAC de la prévôté Rte de Bu"
          ],
          "@type": [
            "schema:PostalAddress",
            "PostalAddress"
          ],
          "hasAddressCity": {
            "@id": "kb:78310",
            "@type": [
              "City"
            ],
            "rdfs:label": {
              "de": [
                "Houdan"
              ],
              "pt": [
                "Houdan"
              ],
              "en": [
                "Houdan"
              ],
              "it": [
                "Houdan"
              ],
              "fr": [
                "Houdan"
              ],
              "nl": [
                "Houdan"
              ],
              "es": [
                "Houdan"
              ]
            },
            "insee": "78310",
            "isPartOfDepartment": {
              "@id": "kb:France1178",
              "@type": [
                "Department"
              ],
              "rdfs:label": {
                "de": [
                  "Yvelines"
                ],
                "pt": [
                  "Yvelines"
                ],
                "en": [
                  "Yvelines"
                ],
                "it": [
                  "Yvelines"
                ],
                "fr": [
                  "Yvelines"
                ],
                "nl": [
                  "Yvelines"
                ],
                "es": [
                  "Yvelines"
                ]
              },
              "insee": "78",
              "isPartOfRegion": {
                "@id": "kb:France11",
                "@type": [
                  "Region"
                ],
                "rdfs:label": {
                  "de": [
                    "Île-de-France"
                  ],
                  "pt": [
                    "Île-de-France"
                  ],
                  "en": [
                    "Île-de-France"
                  ],
                  "it": [
                    "Île-de-France"
                  ],
                  "fr": [
                    "Île-de-France"
                  ],
                  "nl": [
                    "Île-de-France"
                  ],
                  "es": [
                    "Île-de-France"
                  ]
                },
                "insee": "11",
                "isPartOfCountry": {
                  "@id": "kb:France",
                  "@type": [
                    "schema:Country"
                  ],
                  "rdfs:label": {
                    "de": [
                      "France",
                      "Frankreich"
                    ],
                    "pt": [
                      "França",
                      "France"
                    ],
                    "en": [
                      "France"
                    ],
                    "it": [
                      "France",
                      "Francia"
                    ],
                    "fr": [
                      "France"
                    ],
                    "nl": [
                      "France",
                      "Frankrijk"
                    ],
                    "es": [
                      "France",
                      "Francia"
                    ]
                  }
                }
              }
            }
          }
        }
      ],
      "schema:geo": {
        "@id": "https://data.datatourisme.fr/c960eb4d-9ea6-3ab0-b408-9d57ccdcd4d1",
        "schema:latitude": "48.790544",
        "schema:longitude": "1.587763",
        "@type": [
          "schema:GeoCoordinates"
        ]
      },
      "schema:openingHoursSpecification": [
        {
          "@id": "https://data.datatourisme.fr/eb21058d-bae3-3310-abd2-39bf6b899e5e",
          "schema:validFrom": "2023-01-01T00:00:00",
          "schema:validThrough": "2023-12-31T23:59:59",
          "@type": [
            "schema:OpeningHoursSpecification"
          ],
          "additionalInformation": {
            "de": [
              "Montag: 07:30 bis 09:30 Uhr -12:00 bis 14:00 Uhr - 17:00 bis 20:00 Uhr\r\nDienstag: 12:00 bis 14:00 Uhr - 17:00 bis 21:30 Uhr\r\nMittwoch: 10:00 bis 20:00 Uhr\r\nDonnerstag: 07:30 bis 09:30 Uhr - 12:00 bis 14:00 Uhr 17:00 bis 20:00 Uhr\r\nFreitag: 12:00 bis 14:00 Uhr - 17:00 bis 21:30 Uhr\r\nSamstag: 13:00 bis 18:00\r\nSonntag: 11:00 bis 13:00 Uhr - 14:00 bis 18:00 Uhr"
            ],
            "en": [
              "Monday : 07h30 to 09h30 -12h00 to 14h00 - 17h00 to 20h00\r\nTuesday: 12:00 to 14:00 - 17:00 to 21:30\r\nWednesday: 10:00 am to 8:00 pm\r\nThursday: 07:30 to 09:30 - 12:00 to 14:00 17:00 to 20:00\r\nFriday: 12:00 to 14:00 - 17:00 to 21:30\r\nSaturday: 1:00 pm to 6:00 pm\r\nSunday: 11:00 am to 1:00 pm - 2:00 pm to 6:00 pm"
            ],
            "it": [
              "Lunedì: dalle 07:30 alle 09:30 - dalle 12:00 alle 14:00 - dalle 17:00 alle 20:00\r\nMartedì: dalle 12:00 alle 14:00 - dalle 17:00 alle 21:30\r\nMercoledì: dalle 10:00 alle 20:00\r\nGiovedì: dalle 07:30 alle 09:30 - dalle 12:00 alle 14:00 dalle 17:00 alle 20:00\r\nVenerdì: dalle 12:00 alle 14:00 - dalle 17:00 alle 21:30\r\nSabato: dalle 13:00 alle 18:00\r\nDomenica: dalle 11:00 alle 13:00 - dalle 14:00 alle 18:00"
            ],
            "fr": [
              "Lundi : 07h30 à 09h30 -12h00 à 14h00 - 17h00 à 20h00\r\nMardi : 12h00 à 14h00 - 17h00 à 21h30\t\r\nMercredi : 10h00 à 20h00\t\t\r\nJeudi : 07h30 à 09h30 - 12h00 à 14:h00\t17h00 à 20h00\r\nVendredi : 12h00 à 14h00 - 17h00 à 21h30\t\r\nSamedi : 13h00 à 18h00\t\t\r\nDimanche : 11h00 à 13h00 - 14h00 à 18h00"
            ],
            "nl": [
              "Maandag: 07:30 tot 09:30 - 12:00 tot 14:00 - 17:00 tot 20:00\r\nDinsdag: 12:00 tot 14:00 - 17:00 tot 21:30\r\nWoensdag: 10:00 tot 20:00\r\nDonderdag: 07:30 tot 09:30 - 12:00 tot 14:00 17:00 tot 20:00\r\nVrijdag: 12:00 tot 14:00 - 17:00 tot 21:30\r\nZaterdag: 13.00 tot 18.00 uur\r\nZondag: 11u tot 13u - 14u tot 18u"
            ],
            "es": [
              "Lunes: de 07:30 a 09:30 - de 12:00 a 14:00 - de 17:00 a 20:00\r\nMartes: de 12:00 a 14:00 - de 17:00 a 21:30\r\nMiércoles: de 10:00 a 20:00\r\nJueves: 07:30 a 09:30 - 12:00 a 14:00 17:00 a 20:00\r\nViernes: de 12:00 a 14:00 - de 17:00 a 21:30\r\nSábado: 13:00 a 18:00\r\nDomingo: 11:00 a 13:00 - 14:00 a 18:00"
            ]
          },
          "hasTranslatedProperty": [
            {
              "@id": "https://data.datatourisme.fr/321adfb6-fd0a-3c26-bd07-845f25829b8f",
              "dc:contributor": [
                "https://api.deepl.com/v2/translate"
              ],
              "rdf:language": [
                "en"
              ],
              "rdf:predicate": [
                "additionalInformation"
              ]
            },
            {
              "@id": "https://data.datatourisme.fr/34aa26c2-f493-3daa-8bb0-ceabe16cbcde",
              "dc:contributor": [
                "https://api.deepl.com/v2/translate"
              ],
              "rdf:language": [
                "it"
              ],
              "rdf:predicate": [
                "additionalInformation"
              ]
            },
            {
              "@id": "https://data.datatourisme.fr/8d385b2d-c5e6-3f9b-aef7-a7201cc24fbf",
              "dc:contributor": [
                "https://api.deepl.com/v2/translate"
              ],
              "rdf:language": [
                "es"
              ],
              "rdf:predicate": [
                "additionalInformation"
              ]
            },
            {
              "@id": "https://data.datatourisme.fr/b8165ef9-6fe7-3df9-b3fb-2652a842a517",
              "dc:contributor": [
                "https://api.deepl.com/v2/translate"
              ],
              "rdf:language": [
                "nl"
              ],
              "rdf:predicate": [
                "additionalInformation"
              ]
            },
            {
              "@id": "https://data.datatourisme.fr/d48e325b-007f-3cba-9a9d-904d84919533",
              "dc:contributor": [
                "https://api.deepl.com/v2/translate"
              ],
              "rdf:language": [
                "de"
              ],
              "rdf:predicate": [
                "additionalInformation"
              ]
            }
          ]
        }
      ],
      "@type": [
        "schema:Place",
        "Place"
      ]
    }
  ],
  "isOwnedBy": [
    {
      "@id": "https://data.datatourisme.fr/6d30d275-e3dd-35c6-853e-7e6626cc4159",
      "schema:email": [
        "contact@tourismepayshoudanais.fr",
        "direction@tourismepayshoudanais.fr"
      ],
      "schema:legalName": "Office de Tourisme du Pays Houdanais",
      "@type": [
        "schema:Organization",
        "foaf:Agent",
        "Agent"
      ],
      "foaf:homepage": [
        "http://www.tourisme-pays-houdanais.fr/"
      ]
    }
  ],
  "lastUpdate": "2023-04-22",
  "lastUpdateDatatourisme": "2023-05-30T05:49:20.28Z",
  "offers": [
    {
      "@id": "https://data.datatourisme.fr/11879b7b-9b1e-331b-b599-e0342d976969",
      "schema:priceSpecification": [
        {
          "@id": "https://data.datatourisme.fr/bd3a440a-4af7-3b16-b14e-b5e755d0678d",
          "schema:maxPrice": [
            "6.1",
            "6.6"
          ],
          "schema:minPrice": [
            "6.1",
            "6.6"
          ],
          "schema:priceCurrency": "EUR",
          "@type": [
            "schema:PriceSpecification",
            "PriceSpecification"
          ],
          "appliesOnPeriod": [
            {
              "@id": "https://data.datatourisme.fr/a425afdf-3594-300b-b55e-1858bafa3fd4",
              "@type": [
                "Period"
              ],
              "endDate": "2023-12-31",
              "startDate": "2023-01-01"
            }
          ]
        }
      ],
      "@type": [
        "schema:Offer",
        "Offer"
      ]
    }
  ]
}