{
  "@id": "https://data.datatourisme.fr/13/0d8a2530-6951-3978-b278-a8191d28dbf4",
  "dc:identifier": "4824918",
  "@type": [
    "schema:FoodEstablishment",
    "FoodEstablishment",
    "PlaceOfInterest",
    "PointOfInterest"
  ],
  "rdfs:comment": {
    "de": [
      "Herzlich willkommen in La Grange! Im Herzen des Vexin Français, in Frémécourt, heißen wir Sie in unseren Gästezimmern und unserem Restaurant herzlich willkommen."
    ],
    "en": [
      "Welcome to the Barn! It is right in the heart of French Vexin, to Frémécourt, that we welcome you in our guest houses and our restaurant."
    ],
    "it": [
      "Benvenuti a La Grange! È nel cuore del Vexin francese, a Frémécourt, che vi accogliamo nelle nostre camere e nel nostro ristorante."
    ],
    "fr": [
      "Bienvenue à la Grange ! C'est en plein coeur du Vexin Français, à Frémécourt, que nous vous accueillons dans nos chambres d'hôtes et notre restaurant."
    ],
    "es": [
      "¡Bienvenido a La Grange! En el corazón del Vexin francés, en Frémécourt, le damos la bienvenida en nuestras habitaciones y nuestro restaurante."
    ],
    "nl": [
      "Welkom in La Grange! In het hart van de Franse Vexin, in Frémécourt, verwelkomen wij u in onze gastenkamers en ons restaurant."
    ]
  },
  "rdfs:label": {
    "en": [
      "La Grange de Frémécourt"
    ],
    "fr": [
      "La Grange de Frémécourt"
    ]
  },
  "hasBeenCreatedBy": {
    "@id": "https://data.datatourisme.fr/13/3a1dd983-41fa-3c1d-be9b-cf36360e6b84",
    "dc:identifier": "2180",
    "schema:email": [
      "p.barriot@pnr-vexin-francais.fr"
    ],
    "schema:legalName": "Parc naturel régional du Vexin Français",
    "@type": [
      "schema:Organization",
      "foaf:Agent",
      "Agent"
    ],
    "foaf:homepage": [
      "http://www.pnr-vexin-francais.fr/"
    ]
  },
  "hasBeenPublishedBy": [
    {
      "@id": "https://data.datatourisme.fr/8a9feb4b-2cbd-3d2c-b507-bd6c6776b23b",
      "schema:legalName": "Apidae Tourisme Scic SA - source : Apidae Tourisme",
      "@type": [
        "schema:Organization",
        "foaf:Agent",
        "Agent"
      ],
      "foaf:homepage": [
        "https://www.apidae-tourisme.com/"
      ]
    }
  ],
  "hasContact": [
    {
      "@id": "https://data.datatourisme.fr/2cb67bc8-5532-396e-9cbb-91e572197cf3",
      "schema:email": [
        "contact@lagrange-auberge.com"
      ],
      "schema:telephone": [
        "+33 1 34 66 66 11"
      ],
      "@type": [
        "foaf:Agent",
        "Agent"
      ],
      "foaf:homepage": [
        "https://www.lagrange-auberge.com/"
      ]
    }
  ],
  "hasDescription": [
    {
      "@id": "https://data.datatourisme.fr/f324d24e-3e46-361d-8884-7e7cf900e5a7",
      "@type": [
        "Description"
      ],
      "hasTranslatedProperty": [
        {
          "@id": "https://data.datatourisme.fr/48c1e4a2-376a-3bf1-9288-3a592192eeca",
          "dc:contributor": [
            "https://api.deepl.com/v2/translate"
          ],
          "rdf:language": [
            "it"
          ],
          "rdf:predicate": [
            "shortDescription"
          ]
        },
        {
          "@id": "https://data.datatourisme.fr/775a5215-b285-3c68-b53a-29f9cff37c90",
          "dc:contributor": [
            "https://api.deepl.com/v2/translate"
          ],
          "rdf:language": [
            "de"
          ],
          "rdf:predicate": [
            "shortDescription"
          ]
        },
        {
          "@id": "https://data.datatourisme.fr/b495e70b-9adf-3df0-9bb2-14e447f4d435",
          "dc:contributor": [
            "https://api.deepl.com/v2/translate"
          ],
          "rdf:language": [
            "nl"
          ],
          "rdf:predicate": [
            "shortDescription"
          ]
        },
        {
          "@id": "https://data.datatourisme.fr/ea0d3de7-01dc-3df2-9adf-904781319490",
          "dc:contributor": [
            "https://api.deepl.com/v2/translate"
          ],
          "rdf:language": [
            "es"
          ],
          "rdf:predicate": [
            "shortDescription"
          ]
        }
      ],
      "shortDescription": {
        "de": [
          "Herzlich willkommen in La Grange! Im Herzen des Vexin Français, in Frémécourt, heißen wir Sie in unseren Gästezimmern und unserem Restaurant herzlich willkommen."
        ],
        "en": [
          "Welcome to the Barn! It is right in the heart of French Vexin, to Frémécourt, that we welcome you in our guest houses and our restaurant."
        ],
        "it": [
          "Benvenuti a La Grange! È nel cuore del Vexin francese, a Frémécourt, che vi accogliamo nelle nostre camere e nel nostro ristorante."
        ],
        "fr": [
          "Bienvenue à la Grange ! C'est en plein coeur du Vexin Français, à Frémécourt, que nous vous accueillons dans nos chambres d'hôtes et notre restaurant."
        ],
        "es": [
          "¡Bienvenido a La Grange! En el corazón del Vexin francés, en Frémécourt, le damos la bienvenida en nuestras habitaciones y nuestro restaurante."
        ],
        "nl": [
          "Welkom in La Grange! In het hart van de Franse Vexin, in Frémécourt, verwelkomen wij u in onze gastenkamers en ons restaurant."
        ]
      }
    }
  ],
  "hasTranslatedProperty": [
    {
      "@id": "https://data.datatourisme.fr/1d03bb98-6f10-37f9-8aab-b7b2b526e873",
      "dc:contributor": [
        "https://api.deepl.com/v2/translate"
      ],
      "rdf:language": [
        "nl"
      ],
      "rdf:predicate": [
        {
          "@id": "rdfs:comment"
        }
      ]
    },
    {
      "@id": "https://data.datatourisme.fr/d04e1369-2a0d-3189-8c58-67b17ead0f5e",
      "dc:contributor": [
        "https://api.deepl.com/v2/translate"
      ],
      "rdf:language": [
        "it"
      ],
      "rdf:predicate": [
        {
          "@id": "rdfs:comment"
        }
      ]
    },
    {
      "@id": "https://data.datatourisme.fr/de64e41b-d597-30cd-9b5f-507a988c9fe7",
      "dc:contributor": [
        "https://api.deepl.com/v2/translate"
      ],
      "rdf:language": [
        "es"
      ],
      "rdf:predicate": [
        {
          "@id": "rdfs:comment"
        }
      ]
    },
    {
      "@id": "https://data.datatourisme.fr/e6131795-2a11-3af9-bc08-a2dec60e25e4",
      "dc:contributor": [
        "https://api.deepl.com/v2/translate"
      ],
      "rdf:language": [
        "de"
      ],
      "rdf:predicate": [
        {
          "@id": "rdfs:comment"
        }
      ]
    }
  ],
  "isLocatedAt": [
    {
      "@id": "https://data.datatourisme.fr/61f3ab63-6129-3da1-b0ab-745539764171",
      "schema:address": [
        {
          "@id": "https://data.datatourisme.fr/fa6d03c2-f1c3-33bb-bc1a-9a4d4d47de56",
          "schema:addressLocality": "Frémécourt",
          "schema:postalCode": "95830",
          "schema:streetAddress": [
            "60 bis rue de Cléry"
          ],
          "@type": [
            "schema:PostalAddress",
            "PostalAddress"
          ],
          "hasAddressCity": {
            "@id": "kb:95254",
            "@type": [
              "City"
            ],
            "rdfs:label": {
              "de": [
                "Frémécourt"
              ],
              "pt": [
                "Frémécourt"
              ],
              "en": [
                "Frémécourt"
              ],
              "it": [
                "Frémécourt"
              ],
              "fr": [
                "Frémécourt"
              ],
              "nl": [
                "Frémécourt"
              ],
              "es": [
                "Frémécourt"
              ]
            },
            "insee": "95254",
            "isPartOfDepartment": {
              "@id": "kb:France1195",
              "@type": [
                "Department"
              ],
              "rdfs:label": {
                "de": [
                  "Val-d'Oise"
                ],
                "pt": [
                  "Val-d'Oise"
                ],
                "en": [
                  "Val-d'Oise"
                ],
                "it": [
                  "Val-d'Oise"
                ],
                "fr": [
                  "Val-d'Oise"
                ],
                "nl": [
                  "Val-d'Oise"
                ],
                "es": [
                  "Val-d'Oise"
                ]
              },
              "insee": "95",
              "isPartOfRegion": {
                "@id": "kb:France11",
                "@type": [
                  "Region"
                ],
                "rdfs:label": {
                  "de": [
                    "Île-de-France"
                  ],
                  "pt": [
                    "Île-de-France"
                  ],
                  "en": [
                    "Île-de-France"
                  ],
                  "it": [
                    "Île-de-France"
                  ],
                  "fr": [
                    "Île-de-France"
                  ],
                  "nl": [
                    "Île-de-France"
                  ],
                  "es": [
                    "Île-de-France"
                  ]
                },
                "insee": "11",
                "isPartOfCountry": {
                  "@id": "kb:France",
                  "@type": [
                    "schema:Country"
                  ],
                  "rdfs:label": {
                    "de": [
                      "France",
                      "Frankreich"
                    ],
                    "pt": [
                      "França",
                      "France"
                    ],
                    "en": [
                      "France"
                    ],
                    "it": [
                      "France",
                      "Francia"
                    ],
                    "fr": [
                      "France"
                    ],
                    "nl": [
                      "France",
                      "Frankrijk"
                    ],
                    "es": [
                      "France",
                      "Francia"
                    ]
                  }
                }
              }
            }
          }
        }
      ],
      "schema:geo": {
        "@id": "https://data.datatourisme.fr/b03ded76-d487-306c-a33b-a5e01e8b5f3f",
        "schema:latitude": "49.120906",
        "schema:longitude": "1.996256",
        "@type": [
          "schema:GeoCoordinates"
        ]
      },
      "schema:openingHoursSpecification": [
        {
          "@id": "https://data.datatourisme.fr/8732d2c4-3fcc-38f1-ad07-f22d4cdacdc4",
          "schema:validFrom": "2023-01-01T00:00:00",
          "schema:validThrough": "2023-12-31T23:59:59",
          "@type": [
            "schema:OpeningHoursSpecification"
          ],
          "additionalInformation": {
            "de": [
              "Mittags von Dienstag bis Freitag geöffnet."
            ],
            "en": [
              "Open for lunch from Tuesday to Friday."
            ],
            "it": [
              "Aperto a pranzo dal martedì al venerdì."
            ],
            "fr": [
              "Ouvert le midi du mardi au vendredi."
            ],
            "nl": [
              "Geopend voor de lunch van dinsdag tot vrijdag."
            ],
            "es": [
              "Abierto para comer de martes a viernes."
            ]
          },
          "hasTranslatedProperty": [
            {
              "@id": "https://data.datatourisme.fr/0f4ba762-efac-3a9c-a608-438f8d78438e",
              "dc:contributor": [
                "https://api.deepl.com/v2/translate"
              ],
              "rdf:language": [
                "en"
              ],
              "rdf:predicate": [
                "additionalInformation"
              ]
            },
            {
              "@id": "https://data.datatourisme.fr/7f2462c2-210c-3df1-8fde-0b55c889be31",
              "dc:contributor": [
                "https://api.deepl.com/v2/translate"
              ],
              "rdf:language": [
                "de"
              ],
              "rdf:predicate": [
                "additionalInformation"
              ]
            },
            {
              "@id": "https://data.datatourisme.fr/7ff3c1d0-44a9-3450-b2c5-d1c75fd9e2be",
              "dc:contributor": [
                "https://api.deepl.com/v2/translate"
              ],
              "rdf:language": [
                "es"
              ],
              "rdf:predicate": [
                "additionalInformation"
              ]
            },
            {
              "@id": "https://data.datatourisme.fr/ba0f1c35-d297-3eeb-887d-c8f38191cad8",
              "dc:contributor": [
                "https://api.deepl.com/v2/translate"
              ],
              "rdf:language": [
                "it"
              ],
              "rdf:predicate": [
                "additionalInformation"
              ]
            },
            {
              "@id": "https://data.datatourisme.fr/fb9aa4a7-a6ba-3f4d-8280-4e8ca4c8a087",
              "dc:contributor": [
                "https://api.deepl.com/v2/translate"
              ],
              "rdf:language": [
                "nl"
              ],
              "rdf:predicate": [
                "additionalInformation"
              ]
            }
          ]
        }
      ],
      "@type": [
        "schema:Place",
        "Place"
      ]
    }
  ],
  "isOwnedBy": [
    {
      "@id": "https://data.datatourisme.fr/4c608c50-81e5-397b-9f19-b610e202e801",
      "schema:email": [
        "p.barriot@pnr-vexin-francais.fr"
      ],
      "schema:legalName": "Parc naturel régional du Vexin Français",
      "@type": [
        "schema:Organization",
        "foaf:Agent",
        "Agent"
      ],
      "foaf:homepage": [
        "http://www.pnr-vexin-francais.fr/"
      ]
    }
  ],
  "lastUpdate": "2023-02-21",
  "lastUpdateDatatourisme": "2023-02-22T06:42:37.776Z",
  "offers": [
    {
      "@id": "https://data.datatourisme.fr/4f0222ee-8e0a-38d2-b9e0-ca45b88dcd7d",
      "schema:priceSpecification": [
        {
          "@id": "https://data.datatourisme.fr/3ba21448-b4c5-3d15-952e-18d6eb77b3ba",
          "schema:maxPrice": [
            "28"
          ],
          "schema:minPrice": [
            "28"
          ],
          "schema:priceCurrency": "EUR",
          "@type": [
            "schema:PriceSpecification",
            "PriceSpecification"
          ],
          "appliesOnPeriod": [
            {
              "@id": "https://data.datatourisme.fr/a425afdf-3594-300b-b55e-1858bafa3fd4",
              "@type": [
                "Period"
              ],
              "endDate": "2023-12-31",
              "startDate": "2023-01-01"
            }
          ]
        }
      ],
      "@type": [
        "schema:Offer",
        "Offer"
      ]
    }
  ]
}