{
  "@id": "https://data.datatourisme.fr/13/0d55c40b-1293-3f0a-8321-a87037e6f597",
  "dc:identifier": "6217585",
  "@type": [
    "schema:FoodEstablishment",
    "FoodEstablishment",
    "PlaceOfInterest",
    "PointOfInterest"
  ],
  "rdfs:label": {
    "fr": [
      "Restaurant La Fontaine d'Etiolles"
    ]
  },
  "hasBeenCreatedBy": {
    "@id": "https://data.datatourisme.fr/13/08fe2621-d8e7-36b0-aec0-da35256a998d",
    "dc:identifier": "1016",
    "schema:email": [
      "direction.tourismegpsses@orange.fr",
      "m.delvalle@tourismegps.com",
      "m.meneur@tourismegps.com",
      "m.pantin@tourismegps.com"
    ],
    "schema:legalName": "Office de Tourisme Grand Paris Sud Seine-Essonne-Sénart",
    "@type": [
      "schema:Organization",
      "foaf:Agent",
      "Agent"
    ],
    "foaf:homepage": [
      "https://tourisme-grandparissud.com/"
    ]
  },
  "hasBeenPublishedBy": [
    {
      "@id": "https://data.datatourisme.fr/8a9feb4b-2cbd-3d2c-b507-bd6c6776b23b",
      "schema:legalName": "Apidae Tourisme Scic SA - source : Apidae Tourisme",
      "@type": [
        "schema:Organization",
        "foaf:Agent",
        "Agent"
      ],
      "foaf:homepage": [
        "https://www.apidae-tourisme.com/"
      ]
    }
  ],
  "hasContact": [
    {
      "@id": "https://data.datatourisme.fr/f4d376e7-bdd4-3001-92ad-c1a92ccbdbfe",
      "schema:email": [
        "fontainedetiolles@gmail.com"
      ],
      "schema:telephone": [
        "+33 9 71 72 58 06"
      ],
      "@type": [
        "foaf:Agent",
        "Agent"
      ]
    }
  ],
  "isLocatedAt": [
    {
      "@id": "https://data.datatourisme.fr/1a9c12f8-726d-3c6d-aa0d-77217735b442",
      "schema:address": [
        {
          "@id": "https://data.datatourisme.fr/9d143bee-01dc-30fa-8d3e-a6a274b9602b",
          "schema:addressLocality": "Étiolles",
          "schema:postalCode": "91450",
          "schema:streetAddress": [
            "43 Av. de la Font au Soulier"
          ],
          "@type": [
            "schema:PostalAddress",
            "PostalAddress"
          ],
          "hasAddressCity": {
            "@id": "kb:91225",
            "@type": [
              "City"
            ],
            "rdfs:label": {
              "de": [
                "Étiolles"
              ],
              "pt": [
                "Étiolles"
              ],
              "en": [
                "Étiolles"
              ],
              "it": [
                "Étiolles"
              ],
              "fr": [
                "Étiolles"
              ],
              "nl": [
                "Étiolles"
              ],
              "es": [
                "Étiolles"
              ]
            },
            "insee": "91225",
            "isPartOfDepartment": {
              "@id": "kb:France1191",
              "@type": [
                "Department"
              ],
              "rdfs:label": {
                "de": [
                  "Essonne"
                ],
                "pt": [
                  "Essonne"
                ],
                "en": [
                  "Essonne"
                ],
                "it": [
                  "Essonne"
                ],
                "fr": [
                  "Essonne"
                ],
                "nl": [
                  "Essonne"
                ],
                "es": [
                  "Essonne"
                ]
              },
              "insee": "91",
              "isPartOfRegion": {
                "@id": "kb:France11",
                "@type": [
                  "Region"
                ],
                "rdfs:label": {
                  "de": [
                    "Île-de-France"
                  ],
                  "pt": [
                    "Île-de-France"
                  ],
                  "en": [
                    "Île-de-France"
                  ],
                  "it": [
                    "Île-de-France"
                  ],
                  "fr": [
                    "Île-de-France"
                  ],
                  "nl": [
                    "Île-de-France"
                  ],
                  "es": [
                    "Île-de-France"
                  ]
                },
                "insee": "11",
                "isPartOfCountry": {
                  "@id": "kb:France",
                  "@type": [
                    "schema:Country"
                  ],
                  "rdfs:label": {
                    "de": [
                      "France",
                      "Frankreich"
                    ],
                    "pt": [
                      "França",
                      "France"
                    ],
                    "en": [
                      "France"
                    ],
                    "it": [
                      "France",
                      "Francia"
                    ],
                    "fr": [
                      "France"
                    ],
                    "nl": [
                      "France",
                      "Frankrijk"
                    ],
                    "es": [
                      "France",
                      "Francia"
                    ]
                  }
                }
              }
            }
          }
        }
      ],
      "schema:geo": {
        "@id": "https://data.datatourisme.fr/e67f19e3-5491-3cf8-b920-f5fc1144e135",
        "schema:latitude": "48.629925",
        "schema:longitude": "2.469442",
        "@type": [
          "schema:GeoCoordinates"
        ]
      },
      "schema:openingHoursSpecification": [
        {
          "@id": "https://data.datatourisme.fr/c4931aea-c100-34d2-b7c5-22417f8230af",
          "schema:closes": "22:30:00",
          "schema:opens": "12:00:00",
          "schema:validFrom": "2023-01-01T00:00:00",
          "schema:validThrough": "2023-01-31T23:59:59",
          "@type": [
            "schema:OpeningHoursSpecification"
          ],
          "additionalInformation": {
            "de": [
              "Montag: Geschlossen\r\nDienstag: 12.00-14.30 Uhr / 19.00-22.30 Uhr\r\nMittwoch: 12.00-14.30 Uhr / 19.00-22.30 Uhr\r\nDonnerstag: 12.00-14.30 Uhr / 19.00-22.30 Uhr\r\nFreitag: 12.00-14.30 Uhr / 19.00-22.30 Uhr\r\nSamstag: 12.00-14.30 Uhr / 19.00-22.30 Uhr\r\nSonntag: 12.00-14.30 Uhr"
            ],
            "en": [
              "Monday : Closed\r\nTuesday : 12h00-14h30 / 19h00-22h30\r\nWednesday : 12:00-14:30 / 19:00-22:30\r\nThursday : 12:00-14:30 / 19:00-22:30\r\nFriday : 12:00-14:30 / 19:00-22:30\r\nSaturday: 12:00-14:30 / 19:00-22:30\r\nSunday: 12:00 pm - 2:30 pm"
            ],
            "it": [
              "Lunedì: Chiuso\r\nMartedì: 12:00-14:30 / 19:00-22:30\r\nMercoledì: 12:00-14:30 / 19:00-22:30\r\nGiovedì: 12:00-14:30 / 19:00-22:30\r\nVenerdì: 12:00-14:30 / 19:00-22:30\r\nSabato: 12:00-14:30 / 19:00-22:30\r\nDomenica: 12:00-14:30"
            ],
            "fr": [
              "Lundi : Fermé\r\nMardi : 12h00-14h30 / 19h00-22h30\r\nMercredi : 12h00-14h30 / 19h00-22h30\r\nJeudi : 12h00-14h30 / 19h00-22h30\r\nVendredi : 12h00-14h30 / 19h00-22h30\r\nSamedi : 12h00-14h30 / 19h00-22h30\r\nDimanche : 12h00-14h30"
            ],
            "nl": [
              "Maandag: Gesloten\r\nDinsdag: 12:00-14:30 / 19:00-22:30\r\nWoensdag: 12:00-14:30 / 19:00-22:30\r\nDonderdag: 12:00-14:30 / 19:00-22:30\r\nVrijdag: 12:00-14:30 / 19:00-22:30\r\nZaterdag: 12:00-14:30 / 19:00-22:30\r\nZondag: 12:00-14:30"
            ],
            "es": [
              "Lunes: Cerrado\r\nMartes: 12:00-14:30 / 19:00-22:30\r\nMiércoles: 12:00-14:30 / 19:00-22:30\r\nJueves: 12:00-14:30 / 19:00-22:30\r\nViernes: 12:00-14:30 / 19:00-22:30\r\nSábado: 12:00-14:30 / 19:00-22:30\r\nDomingo: 12:00-14:30"
            ]
          },
          "hasTranslatedProperty": [
            {
              "@id": "https://data.datatourisme.fr/41edf58e-7147-32f6-9b06-3a3916bbc680",
              "dc:contributor": [
                "https://api.deepl.com/v2/translate"
              ],
              "rdf:language": [
                "it"
              ],
              "rdf:predicate": [
                "additionalInformation"
              ]
            },
            {
              "@id": "https://data.datatourisme.fr/46269656-7e20-3023-90d3-3ac1ae4fec12",
              "dc:contributor": [
                "https://api.deepl.com/v2/translate"
              ],
              "rdf:language": [
                "de"
              ],
              "rdf:predicate": [
                "additionalInformation"
              ]
            },
            {
              "@id": "https://data.datatourisme.fr/686a6671-bbc6-3f17-90ff-989133f225dd",
              "dc:contributor": [
                "https://api.deepl.com/v2/translate"
              ],
              "rdf:language": [
                "en"
              ],
              "rdf:predicate": [
                "additionalInformation"
              ]
            },
            {
              "@id": "https://data.datatourisme.fr/bebd88f7-b603-318b-9018-382647efa687",
              "dc:contributor": [
                "https://api.deepl.com/v2/translate"
              ],
              "rdf:language": [
                "es"
              ],
              "rdf:predicate": [
                "additionalInformation"
              ]
            },
            {
              "@id": "https://data.datatourisme.fr/e52c9c72-1b18-3c72-b197-c54d842116a5",
              "dc:contributor": [
                "https://api.deepl.com/v2/translate"
              ],
              "rdf:language": [
                "nl"
              ],
              "rdf:predicate": [
                "additionalInformation"
              ]
            }
          ]
        }
      ],
      "@type": [
        "schema:Place",
        "Place"
      ]
    }
  ],
  "isOwnedBy": [
    {
      "@id": "https://data.datatourisme.fr/637365d0-1279-3996-b918-645e6232b2bf",
      "schema:email": [
        "direction.tourismegpsses@orange.fr",
        "m.delvalle@tourismegps.com",
        "m.meneur@tourismegps.com",
        "m.pantin@tourismegps.com"
      ],
      "schema:legalName": "Office de Tourisme Grand Paris Sud Seine-Essonne-Sénart",
      "@type": [
        "schema:Organization",
        "foaf:Agent",
        "Agent"
      ],
      "foaf:homepage": [
        "https://tourisme-grandparissud.com/"
      ]
    }
  ],
  "lastUpdate": "2022-07-28",
  "lastUpdateDatatourisme": "2023-02-03T06:38:34.692Z"
}