{
  "@id": "https://data.datatourisme.fr/13/0de71c6a-eaa6-32d7-8825-f06bdae89602",
  "dc:identifier": "5135134",
  "@type": [
    "schema:Accommodation",
    "schema:BedAndBreakfast",
    "schema:LodgingBusiness",
    "Accommodation",
    "Guesthouse",
    "PlaceOfInterest",
    "PointOfInterest",
    "RentalAccommodation"
  ],
  "rdfs:comment": {
    "de": [
      "Drei charmante Gästezimmer mit dem Gütesiegel \"GITES DE FRANCE Charmance 3 épis\" in einem charaktervollen Herrenhaus in Jouy-le-Moutier."
    ],
    "en": [
      "Three charming guest rooms labelled \"GITES DE FRANCE Charmance 3 épis\" in a residence of character in Jouy-le-Moutier."
    ],
    "it": [
      "Tre camere di charme con il marchio \"GITES DE FRANCE Charmance 3 épis\" in una casa di carattere a Jouy-le-Moutier."
    ],
    "fr": [
      "Trois chambres d'hôtes de charme labellisées \"GITES DE FRANCE  Charmance 3 épis\" dans une demeure de caractère à Jouy-le-Moutier."
    ],
    "es": [
      "Tres encantadoras habitaciones de huéspedes con la etiqueta \"GITES DE FRANCE Charmance 3 épis\" en una casa de carácter en Jouy-le-Moutier."
    ],
    "nl": [
      "Drie charmante gastenkamers met het label \"GITES DE FRANCE Charmance 3 épis\" in een karaktervol huis in Jouy-le-Moutier."
    ]
  },
  "rdfs:label": {
    "fr": [
      "Les Chènevis"
    ]
  },
  "hasBeenCreatedBy": {
    "@id": "https://data.datatourisme.fr/13/bc573864-331a-3e42-a451-1de6f678aa83",
    "dc:identifier": "1626",
    "schema:email": [
      "abernard@ot-cergypontoise.fr",
      "accueil@ot-cergypontoise.fr",
      "cherault@ot-cergypontoise.fr",
      "cpagnoux@ot-cergypontoise.fr",
      "cpratte@ot-cergypontoise.fr",
      "mcassort@ot-cergypontoise.fr",
      "mfrancois@ot-cergypontoise.fr",
      "mroux@ot-cergypontoise.fr",
      "vvergneaux@ot-cergypontoise.fr"
    ],
    "schema:legalName": "Office de Tourisme de Cergy-Pontoise - Porte du Vexin",
    "@type": [
      "schema:Organization",
      "foaf:Agent",
      "Agent"
    ],
    "foaf:homepage": [
      "http://www.ot-cergypontoise.fr/"
    ]
  },
  "hasBeenPublishedBy": [
    {
      "@id": "https://data.datatourisme.fr/8a9feb4b-2cbd-3d2c-b507-bd6c6776b23b",
      "schema:legalName": "Apidae Tourisme Scic SA - source : Apidae Tourisme",
      "@type": [
        "schema:Organization",
        "foaf:Agent",
        "Agent"
      ],
      "foaf:homepage": [
        "https://www.apidae-tourisme.com/"
      ]
    }
  ],
  "hasContact": [
    {
      "@id": "https://data.datatourisme.fr/aeee7c53-be30-3e16-ad97-7222c5260747",
      "schema:email": [
        "gdf95@gites-de-france-nord.com"
      ],
      "schema:telephone": [
        "+33 1 34 09 81 73"
      ],
      "@type": [
        "foaf:Agent",
        "Agent"
      ],
      "foaf:homepage": [
        "http://www.les-chenevis.com/"
      ]
    }
  ],
  "hasDescription": [
    {
      "@id": "https://data.datatourisme.fr/486e0f16-9d5e-3ad1-8b6d-25f84ca55a21",
      "@type": [
        "Description"
      ],
      "hasTranslatedProperty": [
        {
          "@id": "https://data.datatourisme.fr/6bfeb9cb-08b7-3a7d-a23e-8800f5d19146",
          "dc:contributor": [
            "https://api.deepl.com/v2/translate"
          ],
          "rdf:language": [
            "en"
          ],
          "rdf:predicate": [
            "shortDescription"
          ]
        },
        {
          "@id": "https://data.datatourisme.fr/b18e18b8-0649-3a60-b565-83915a79154f",
          "dc:contributor": [
            "https://api.deepl.com/v2/translate"
          ],
          "rdf:language": [
            "it"
          ],
          "rdf:predicate": [
            "shortDescription"
          ]
        },
        {
          "@id": "https://data.datatourisme.fr/ca501c2f-9396-3d76-b2ac-70014d92d911",
          "dc:contributor": [
            "https://api.deepl.com/v2/translate"
          ],
          "rdf:language": [
            "de"
          ],
          "rdf:predicate": [
            "shortDescription"
          ]
        },
        {
          "@id": "https://data.datatourisme.fr/d69f1d9b-4de5-3ed9-9fb6-658e55dfc7a2",
          "dc:contributor": [
            "https://api.deepl.com/v2/translate"
          ],
          "rdf:language": [
            "nl"
          ],
          "rdf:predicate": [
            "shortDescription"
          ]
        },
        {
          "@id": "https://data.datatourisme.fr/df3f2d2e-aee5-35cc-a722-b4979bf61c76",
          "dc:contributor": [
            "https://api.deepl.com/v2/translate"
          ],
          "rdf:language": [
            "es"
          ],
          "rdf:predicate": [
            "shortDescription"
          ]
        }
      ],
      "shortDescription": {
        "de": [
          "Drei charmante Gästezimmer mit dem Gütesiegel \"GITES DE FRANCE Charmance 3 épis\" in einem charaktervollen Herrenhaus in Jouy-le-Moutier."
        ],
        "en": [
          "Three charming guest rooms labelled \"GITES DE FRANCE Charmance 3 épis\" in a residence of character in Jouy-le-Moutier."
        ],
        "it": [
          "Tre camere di charme con il marchio \"GITES DE FRANCE Charmance 3 épis\" in una casa di carattere a Jouy-le-Moutier."
        ],
        "fr": [
          "Trois chambres d'hôtes de charme labellisées \"GITES DE FRANCE  Charmance 3 épis\" dans une demeure de caractère à Jouy-le-Moutier."
        ],
        "es": [
          "Tres encantadoras habitaciones de huéspedes con la etiqueta \"GITES DE FRANCE Charmance 3 épis\" en una casa de carácter en Jouy-le-Moutier."
        ],
        "nl": [
          "Drie charmante gastenkamers met het label \"GITES DE FRANCE Charmance 3 épis\" in een karaktervol huis in Jouy-le-Moutier."
        ]
      }
    }
  ],
  "hasReview": [
    {
      "@id": "https://data.datatourisme.fr/6e866798-cae5-351c-9e8d-963661217e60",
      "@type": [
        "Review"
      ],
      "hasReviewValue": {
        "@id": "kb:LabelRating_AccueilVelo",
        "@type": [
          "LabelRating"
        ],
        "rdfs:label": {
          "de": [
            "Accueil Vélo"
          ],
          "pt": [
            "Accueil Vélo"
          ],
          "en": [
            "Accueil Vélo"
          ],
          "it": [
            "Accueil Vélo"
          ],
          "fr": [
            "Accueil Vélo"
          ],
          "nl": [
            "Accueil Vélo"
          ],
          "es": [
            "Accueil Vélo"
          ]
        },
        "isCompliantWith": [
          "PlaceOfInterest"
        ]
      }
    }
  ],
  "hasTranslatedProperty": [
    {
      "@id": "https://data.datatourisme.fr/141396ed-017f-3f58-b229-06a90f085341",
      "dc:contributor": [
        "https://api.deepl.com/v2/translate"
      ],
      "rdf:language": [
        "en"
      ],
      "rdf:predicate": [
        {
          "@id": "rdfs:comment"
        }
      ]
    },
    {
      "@id": "https://data.datatourisme.fr/62ead619-d572-3994-a491-8e04e945ec02",
      "dc:contributor": [
        "https://api.deepl.com/v2/translate"
      ],
      "rdf:language": [
        "it"
      ],
      "rdf:predicate": [
        {
          "@id": "rdfs:comment"
        }
      ]
    },
    {
      "@id": "https://data.datatourisme.fr/d6ef59ad-2495-362a-bd7e-351f9a58ee0e",
      "dc:contributor": [
        "https://api.deepl.com/v2/translate"
      ],
      "rdf:language": [
        "es"
      ],
      "rdf:predicate": [
        {
          "@id": "rdfs:comment"
        }
      ]
    },
    {
      "@id": "https://data.datatourisme.fr/e967acad-95b2-30f7-8eee-c6aa7e5fa563",
      "dc:contributor": [
        "https://api.deepl.com/v2/translate"
      ],
      "rdf:language": [
        "nl"
      ],
      "rdf:predicate": [
        {
          "@id": "rdfs:comment"
        }
      ]
    },
    {
      "@id": "https://data.datatourisme.fr/ea97f8fe-e171-3a8e-b9d3-396a7713d1c5",
      "dc:contributor": [
        "https://api.deepl.com/v2/translate"
      ],
      "rdf:language": [
        "de"
      ],
      "rdf:predicate": [
        {
          "@id": "rdfs:comment"
        }
      ]
    }
  ],
  "isLocatedAt": [
    {
      "@id": "https://data.datatourisme.fr/d821fbf7-5765-3c23-8c16-27fbc4755a56",
      "schema:address": [
        {
          "@id": "https://data.datatourisme.fr/3d30f6d7-8689-3996-9cfb-55e620d857e9",
          "schema:addressLocality": "Jouy-le-Moutier",
          "schema:postalCode": "95280",
          "schema:streetAddress": [
            "3 rue de l'Oise",
            "Hameau de Glatigny"
          ],
          "@type": [
            "schema:PostalAddress",
            "PostalAddress"
          ],
          "hasAddressCity": {
            "@id": "kb:95323",
            "@type": [
              "City"
            ],
            "rdfs:label": {
              "de": [
                "Jouy-le-Moutier"
              ],
              "pt": [
                "Jouy-le-Moutier"
              ],
              "en": [
                "Jouy-le-Moutier"
              ],
              "it": [
                "Jouy-le-Moutier"
              ],
              "fr": [
                "Jouy-le-Moutier"
              ],
              "nl": [
                "Jouy-le-Moutier"
              ],
              "es": [
                "Jouy-le-Moutier"
              ]
            },
            "insee": "95323",
            "isPartOfDepartment": {
              "@id": "kb:France1195",
              "@type": [
                "Department"
              ],
              "rdfs:label": {
                "de": [
                  "Val-d'Oise"
                ],
                "pt": [
                  "Val-d'Oise"
                ],
                "en": [
                  "Val-d'Oise"
                ],
                "it": [
                  "Val-d'Oise"
                ],
                "fr": [
                  "Val-d'Oise"
                ],
                "nl": [
                  "Val-d'Oise"
                ],
                "es": [
                  "Val-d'Oise"
                ]
              },
              "insee": "95",
              "isPartOfRegion": {
                "@id": "kb:France11",
                "@type": [
                  "Region"
                ],
                "rdfs:label": {
                  "de": [
                    "Île-de-France"
                  ],
                  "pt": [
                    "Île-de-France"
                  ],
                  "en": [
                    "Île-de-France"
                  ],
                  "it": [
                    "Île-de-France"
                  ],
                  "fr": [
                    "Île-de-France"
                  ],
                  "nl": [
                    "Île-de-France"
                  ],
                  "es": [
                    "Île-de-France"
                  ]
                },
                "insee": "11",
                "isPartOfCountry": {
                  "@id": "kb:France",
                  "@type": [
                    "schema:Country"
                  ],
                  "rdfs:label": {
                    "de": [
                      "France",
                      "Frankreich"
                    ],
                    "pt": [
                      "França",
                      "France"
                    ],
                    "en": [
                      "France"
                    ],
                    "it": [
                      "France",
                      "Francia"
                    ],
                    "fr": [
                      "France"
                    ],
                    "nl": [
                      "France",
                      "Frankrijk"
                    ],
                    "es": [
                      "France",
                      "Francia"
                    ]
                  }
                }
              }
            }
          }
        }
      ],
      "schema:geo": {
        "@id": "https://data.datatourisme.fr/1f1485ca-93fa-334a-a486-fb9d6f35ddd6",
        "schema:latitude": "49.006093",
        "schema:longitude": "2.058106",
        "@type": [
          "schema:GeoCoordinates"
        ]
      },
      "schema:openingHoursSpecification": [
        {
          "@id": "https://data.datatourisme.fr/a29fa48b-a6a0-3236-8f08-3b44ab7f089d",
          "schema:validFrom": "2023-01-01T00:00:00",
          "schema:validThrough": "2023-12-31T23:59:59",
          "@type": [
            "schema:OpeningHoursSpecification"
          ],
          "additionalInformation": {
            "de": [
              "Geschlossen in der zweiten Januarhälfte."
            ],
            "en": [
              "Closed the second half of January."
            ],
            "it": [
              "Chiuso nella seconda metà di gennaio."
            ],
            "fr": [
              "Fermeture la deuxième quinzaine de janvier."
            ],
            "nl": [
              "Gesloten in de tweede helft van januari."
            ],
            "es": [
              "Cerrada la segunda quincena de enero."
            ]
          },
          "hasTranslatedProperty": [
            {
              "@id": "https://data.datatourisme.fr/1188d5f8-5e99-3a64-9c5c-3ca7331ecfa8",
              "dc:contributor": [
                "https://api.deepl.com/v2/translate"
              ],
              "rdf:language": [
                "de"
              ],
              "rdf:predicate": [
                "additionalInformation"
              ]
            },
            {
              "@id": "https://data.datatourisme.fr/76737a51-9219-3a1b-9859-5b984dbeac52",
              "dc:contributor": [
                "https://api.deepl.com/v2/translate"
              ],
              "rdf:language": [
                "nl"
              ],
              "rdf:predicate": [
                "additionalInformation"
              ]
            },
            {
              "@id": "https://data.datatourisme.fr/996e6de9-6376-336d-ba50-81db3078bcfe",
              "dc:contributor": [
                "https://api.deepl.com/v2/translate"
              ],
              "rdf:language": [
                "it"
              ],
              "rdf:predicate": [
                "additionalInformation"
              ]
            },
            {
              "@id": "https://data.datatourisme.fr/ae444bdf-472d-3848-82d9-e781328ff76b",
              "dc:contributor": [
                "https://api.deepl.com/v2/translate"
              ],
              "rdf:language": [
                "es"
              ],
              "rdf:predicate": [
                "additionalInformation"
              ]
            },
            {
              "@id": "https://data.datatourisme.fr/bb3d31f1-1064-30d8-98b4-7a41bb48bb13",
              "dc:contributor": [
                "https://api.deepl.com/v2/translate"
              ],
              "rdf:language": [
                "en"
              ],
              "rdf:predicate": [
                "additionalInformation"
              ]
            }
          ]
        }
      ],
      "@type": [
        "schema:Place",
        "Place"
      ]
    }
  ],
  "isOwnedBy": [
    {
      "@id": "https://data.datatourisme.fr/38525452-e91f-39bb-947a-49cf6c966b75",
      "schema:email": [
        "abernard@ot-cergypontoise.fr",
        "accueil@ot-cergypontoise.fr",
        "cherault@ot-cergypontoise.fr",
        "cpagnoux@ot-cergypontoise.fr",
        "cpratte@ot-cergypontoise.fr",
        "mcassort@ot-cergypontoise.fr",
        "mfrancois@ot-cergypontoise.fr",
        "mroux@ot-cergypontoise.fr",
        "vvergneaux@ot-cergypontoise.fr"
      ],
      "schema:legalName": "Office de Tourisme de Cergy-Pontoise - Porte du Vexin",
      "@type": [
        "schema:Organization",
        "foaf:Agent",
        "Agent"
      ],
      "foaf:homepage": [
        "http://www.ot-cergypontoise.fr/"
      ]
    }
  ],
  "lastUpdate": "2022-06-16",
  "lastUpdateDatatourisme": "2023-02-01T18:07:35.927Z"
}