{
  "@id": "https://data.datatourisme.fr/13/10bfac0e-d1fa-30f9-a288-bd201adb963e",
  "dc:identifier": "728377",
  "@type": [
    "schema:FoodEstablishment",
    "FoodEstablishment",
    "PlaceOfInterest",
    "PointOfInterest"
  ],
  "rdfs:comment": {
    "de": [
      "Restaurant des Campanile-Hotels in Bussy-Saint-Georges."
    ],
    "en": [
      "Restaurant at the Hotel Campanile in Bussy-Saint-Georges."
    ],
    "it": [
      "Ristorante dell'hotel Campanile di Bussy-Saint-Georges."
    ],
    "fr": [
      "Restaurant de l'hôtel Campanile à Bussy-Saint-Georges."
    ],
    "es": [
      "Restaurante del Hotel Campanile en Bussy-Saint-Georges."
    ],
    "nl": [
      "Restaurant van het Campanile hotel in Bussy-Saint-Georges."
    ]
  },
  "rdfs:label": {
    "en": [
      "Le Restaurant"
    ],
    "fr": [
      "Le Restaurant du Campanile"
    ],
    "es": [
      "Le Restaurant"
    ]
  },
  "hasBeenCreatedBy": {
    "@id": "https://data.datatourisme.fr/13/3806734b-256c-37e4-9ec2-c6bffa26d9e7",
    "dc:identifier": "1028",
    "schema:email": [
      "agnes.allanou@marneetgondoire.fr",
      "anne.godin@marneetgondoire.fr"
    ],
    "schema:legalName": "Office de Tourisme de Marne et Gondoire",
    "@type": [
      "schema:Organization",
      "foaf:Agent",
      "Agent"
    ],
    "foaf:homepage": [
      "http://www.marneetgondoire-tourisme.fr/"
    ]
  },
  "hasBeenPublishedBy": [
    {
      "@id": "https://data.datatourisme.fr/1db24fc4-b534-39bf-bdaf-152c6f98730e",
      "schema:legalName": "Seine et Marne Attractivité - source : Apidae Tourisme",
      "@type": [
        "schema:Organization",
        "foaf:Agent",
        "Agent"
      ],
      "foaf:homepage": [
        "https://www.apidae-tourisme.com/"
      ]
    }
  ],
  "hasContact": [
    {
      "@id": "https://data.datatourisme.fr/90388f3c-4a35-3095-ab42-b79c0742bd1d",
      "schema:email": [
        "bussystgeorges@campanile.fr"
      ],
      "schema:telephone": [
        "+33 1 64 66 62 62"
      ],
      "@type": [
        "foaf:Agent",
        "Agent"
      ],
      "foaf:homepage": [
        "http://www.campanile.com/fr/restauration"
      ]
    }
  ],
  "hasDescription": [
    {
      "@id": "https://data.datatourisme.fr/0b5d3f62-8ad0-33c6-b7cf-c6c9d35295b3",
      "@type": [
        "Description"
      ],
      "hasTranslatedProperty": [
        {
          "@id": "https://data.datatourisme.fr/36783679-ce03-3eca-b34a-007368f652d2",
          "dc:contributor": [
            "https://api.deepl.com/v2/translate"
          ],
          "rdf:language": [
            "it"
          ],
          "rdf:predicate": [
            "shortDescription"
          ]
        },
        {
          "@id": "https://data.datatourisme.fr/70bc13db-fae0-3ece-815d-1463185d4188",
          "dc:contributor": [
            "https://api.deepl.com/v2/translate"
          ],
          "rdf:language": [
            "de"
          ],
          "rdf:predicate": [
            "shortDescription"
          ]
        },
        {
          "@id": "https://data.datatourisme.fr/74ca9951-09a3-38f1-9177-1ea734cb49d8",
          "dc:contributor": [
            "https://api.deepl.com/v2/translate"
          ],
          "rdf:language": [
            "nl"
          ],
          "rdf:predicate": [
            "shortDescription"
          ]
        }
      ],
      "shortDescription": {
        "de": [
          "Restaurant des Campanile-Hotels in Bussy-Saint-Georges."
        ],
        "en": [
          "Restaurant at the Hotel Campanile in Bussy-Saint-Georges."
        ],
        "it": [
          "Ristorante dell'hotel Campanile di Bussy-Saint-Georges."
        ],
        "fr": [
          "Restaurant de l'hôtel Campanile à Bussy-Saint-Georges."
        ],
        "es": [
          "Restaurante del Hotel Campanile en Bussy-Saint-Georges."
        ],
        "nl": [
          "Restaurant van het Campanile hotel in Bussy-Saint-Georges."
        ]
      }
    }
  ],
  "hasTranslatedProperty": [
    {
      "@id": "https://data.datatourisme.fr/7bbf33e4-a6e6-3f60-a8b2-f1748ff465b6",
      "dc:contributor": [
        "https://api.deepl.com/v2/translate"
      ],
      "rdf:language": [
        "it"
      ],
      "rdf:predicate": [
        {
          "@id": "rdfs:comment"
        }
      ]
    },
    {
      "@id": "https://data.datatourisme.fr/c79a5f00-e589-3809-a8dc-3499e278d00b",
      "dc:contributor": [
        "https://api.deepl.com/v2/translate"
      ],
      "rdf:language": [
        "de"
      ],
      "rdf:predicate": [
        {
          "@id": "rdfs:comment"
        }
      ]
    },
    {
      "@id": "https://data.datatourisme.fr/f0ffb8bf-5272-3694-a8f9-dcf8809b3fce",
      "dc:contributor": [
        "https://api.deepl.com/v2/translate"
      ],
      "rdf:language": [
        "nl"
      ],
      "rdf:predicate": [
        {
          "@id": "rdfs:comment"
        }
      ]
    }
  ],
  "isLocatedAt": [
    {
      "@id": "https://data.datatourisme.fr/1bd47c50-590f-38f4-ad7d-a46dfa6a1277",
      "schema:address": [
        {
          "@id": "https://data.datatourisme.fr/b4e0e40e-b679-383d-b70d-2317eada3df4",
          "schema:addressLocality": "Bussy-Saint-Georges",
          "schema:postalCode": "77600",
          "schema:streetAddress": [
            "8 avenue Marie Curie"
          ],
          "@type": [
            "schema:PostalAddress",
            "PostalAddress"
          ],
          "hasAddressCity": {
            "@id": "kb:77058",
            "@type": [
              "City"
            ],
            "rdfs:label": {
              "de": [
                "Bussy-Saint-Georges"
              ],
              "pt": [
                "Bussy-Saint-Georges"
              ],
              "en": [
                "Bussy-Saint-Georges"
              ],
              "it": [
                "Bussy-Saint-Georges"
              ],
              "fr": [
                "Bussy-Saint-Georges"
              ],
              "nl": [
                "Bussy-Saint-Georges"
              ],
              "es": [
                "Bussy-Saint-Georges"
              ]
            },
            "insee": "77058",
            "isPartOfDepartment": {
              "@id": "kb:France1177",
              "@type": [
                "Department"
              ],
              "rdfs:label": {
                "de": [
                  "Seine-et-Marne"
                ],
                "pt": [
                  "Seine-et-Marne"
                ],
                "en": [
                  "Seine-et-Marne"
                ],
                "it": [
                  "Seine-et-Marne"
                ],
                "fr": [
                  "Seine-et-Marne"
                ],
                "nl": [
                  "Seine-et-Marne"
                ],
                "es": [
                  "Seine-et-Marne"
                ]
              },
              "insee": "77",
              "isPartOfRegion": {
                "@id": "kb:France11",
                "@type": [
                  "Region"
                ],
                "rdfs:label": {
                  "de": [
                    "Île-de-France"
                  ],
                  "pt": [
                    "Île-de-France"
                  ],
                  "en": [
                    "Île-de-France"
                  ],
                  "it": [
                    "Île-de-France"
                  ],
                  "fr": [
                    "Île-de-France"
                  ],
                  "nl": [
                    "Île-de-France"
                  ],
                  "es": [
                    "Île-de-France"
                  ]
                },
                "insee": "11",
                "isPartOfCountry": {
                  "@id": "kb:France",
                  "@type": [
                    "schema:Country"
                  ],
                  "rdfs:label": {
                    "de": [
                      "France",
                      "Frankreich"
                    ],
                    "pt": [
                      "França",
                      "France"
                    ],
                    "en": [
                      "France"
                    ],
                    "it": [
                      "France",
                      "Francia"
                    ],
                    "fr": [
                      "France"
                    ],
                    "nl": [
                      "France",
                      "Frankrijk"
                    ],
                    "es": [
                      "France",
                      "Francia"
                    ]
                  }
                }
              }
            }
          }
        }
      ],
      "schema:geo": {
        "@id": "https://data.datatourisme.fr/f59aeb5d-fc06-34f3-aea8-20c97b0e3a75",
        "schema:latitude": "48.83203",
        "schema:longitude": "2.705165",
        "@type": [
          "schema:GeoCoordinates"
        ]
      },
      "schema:openingHoursSpecification": [
        {
          "@id": "https://data.datatourisme.fr/7f2c9e70-e757-320e-8953-0c6074493e98",
          "schema:validFrom": "2023-01-01T00:00:00",
          "schema:validThrough": "2023-12-31T23:59:59",
          "@type": [
            "schema:OpeningHoursSpecification"
          ],
          "additionalInformation": {
            "de": [
              "Geöffnet von 12:00 bis 14:00 Uhr und anschließend von 19:00 bis 22:00 Uhr."
            ],
            "en": [
              "Open from 12h to 14h then from 19h to 22h."
            ],
            "it": [
              "Aperto dalle 12.00 alle 14.00 e dalle 19.00 alle 22.00."
            ],
            "fr": [
              "Ouvert de 12h à 14h puis de 19h à 22h."
            ],
            "nl": [
              "Open van 12 tot 14 uur en van 19 tot 22 uur."
            ],
            "es": [
              "Abierto de 12 a 14 horas y de 19 a 22 horas."
            ]
          },
          "hasTranslatedProperty": [
            {
              "@id": "https://data.datatourisme.fr/43daf70b-99d1-356a-9f74-c325acab2e21",
              "dc:contributor": [
                "https://api.deepl.com/v2/translate"
              ],
              "rdf:language": [
                "en"
              ],
              "rdf:predicate": [
                "additionalInformation"
              ]
            },
            {
              "@id": "https://data.datatourisme.fr/5231d864-e4ee-3872-b91a-1bebe2531240",
              "dc:contributor": [
                "https://api.deepl.com/v2/translate"
              ],
              "rdf:language": [
                "es"
              ],
              "rdf:predicate": [
                "additionalInformation"
              ]
            },
            {
              "@id": "https://data.datatourisme.fr/578c2925-6837-3950-86f2-d5e8bf641846",
              "dc:contributor": [
                "https://api.deepl.com/v2/translate"
              ],
              "rdf:language": [
                "de"
              ],
              "rdf:predicate": [
                "additionalInformation"
              ]
            },
            {
              "@id": "https://data.datatourisme.fr/5e6bf2c8-db3e-3794-8c86-c2401c1cedfa",
              "dc:contributor": [
                "https://api.deepl.com/v2/translate"
              ],
              "rdf:language": [
                "it"
              ],
              "rdf:predicate": [
                "additionalInformation"
              ]
            },
            {
              "@id": "https://data.datatourisme.fr/aa2c3a34-c482-3554-9182-027a87e16571",
              "dc:contributor": [
                "https://api.deepl.com/v2/translate"
              ],
              "rdf:language": [
                "nl"
              ],
              "rdf:predicate": [
                "additionalInformation"
              ]
            }
          ]
        }
      ],
      "@type": [
        "schema:Place",
        "Place"
      ]
    }
  ],
  "isOwnedBy": [
    {
      "@id": "https://data.datatourisme.fr/aa5f63c7-f828-3b9c-bf4e-378b5e04afc7",
      "schema:email": [
        "agnes.allanou@marneetgondoire.fr",
        "anne.godin@marneetgondoire.fr"
      ],
      "schema:legalName": "Office de Tourisme de Marne et Gondoire",
      "@type": [
        "schema:Organization",
        "foaf:Agent",
        "Agent"
      ],
      "foaf:homepage": [
        "http://www.marneetgondoire-tourisme.fr/"
      ]
    }
  ],
  "lastUpdate": "2022-04-15",
  "lastUpdateDatatourisme": "2023-05-30T05:49:20.263Z",
  "offers": [
    {
      "@id": "https://data.datatourisme.fr/af761d9f-cda2-3779-a297-9083e6feb1f8",
      "schema:priceSpecification": [
        {
          "@id": "https://data.datatourisme.fr/a9d0cbc1-7659-3255-9f0f-8f01f64adc60",
          "schema:maxPrice": [
            "16.9",
            "17.9",
            "22",
            "29.9"
          ],
          "schema:minPrice": [
            "15.9",
            "17",
            "19.9",
            "6",
            "9.9"
          ],
          "schema:priceCurrency": "EUR",
          "@type": [
            "schema:PriceSpecification",
            "PriceSpecification"
          ],
          "appliesOnPeriod": [
            {
              "@id": "https://data.datatourisme.fr/134b755c-4075-31b4-827d-ae1bf4fed0de",
              "@type": [
                "Period"
              ],
              "endDate": "2017-12-31",
              "startDate": "2017-01-01"
            }
          ]
        }
      ],
      "@type": [
        "schema:Offer",
        "Offer"
      ]
    }
  ]
}