{
  "@id": "https://data.datatourisme.fr/13/1003a052-2417-3f67-a3e2-2bb61d6f6a05",
  "dc:identifier": "5091965",
  "@type": [
    "PlaceOfInterest",
    "PointOfInterest",
    "SportsAndLeisurePlace"
  ],
  "rdfs:comment": {
    "de": [
      "Eine \"Astronomische Gesellschaft\" für alle, die Astronomie betreiben möchten, die sowohl Anfängern als auch erfahrenen Amateurastronomen offen steht"
    ],
    "en": [
      "An \"astronomy society\" for all those who wish to practice astronomy, open to beginners as well as experienced amateur astronomers"
    ],
    "it": [
      "Una \"società astronomica\" per tutti coloro che desiderano praticare l'astronomia, aperta sia ai principianti che agli astronomi dilettanti esperti"
    ],
    "fr": [
      "Une \"société d’astronomie\" pour tous ceux qui souhaitent pratiquer l’astronomie, ouverte aux débutants comme aux astronomes amateurs expérimentés"
    ],
    "es": [
      "Una \"sociedad astronómica\" para todos aquellos que deseen practicar la astronomía, abierta tanto a los principiantes como a los astrónomos aficionados experimentados"
    ],
    "nl": [
      "Een \"sterrenkundevereniging\" voor iedereen die de sterrenkunde wil beoefenen, open voor zowel beginners als ervaren amateurastronomen"
    ]
  },
  "rdfs:label": {
    "fr": [
      "L'Uranoscope de l'Ile de France est \"Station de Nuit\""
    ]
  },
  "hasBeenCreatedBy": {
    "@id": "https://data.datatourisme.fr/13/cc1aa436-2771-38f6-9cda-703991069eaf",
    "dc:identifier": "977",
    "schema:email": [
      "aurore.luneau@attractivite77.fr",
      "marie.dussouchaut@attractivite77.fr",
      "webmaster@attractivite77.fr"
    ],
    "schema:legalName": "Seine et Marne Attractivité",
    "@type": [
      "schema:Organization",
      "foaf:Agent",
      "Agent"
    ],
    "foaf:homepage": [
      "https://www.seineetmarnevivreengrand.fr/"
    ]
  },
  "hasBeenPublishedBy": [
    {
      "@id": "https://data.datatourisme.fr/1db24fc4-b534-39bf-bdaf-152c6f98730e",
      "schema:legalName": "Seine et Marne Attractivité - source : Apidae Tourisme",
      "@type": [
        "schema:Organization",
        "foaf:Agent",
        "Agent"
      ],
      "foaf:homepage": [
        "https://www.apidae-tourisme.com/"
      ]
    }
  ],
  "hasContact": [
    {
      "@id": "https://data.datatourisme.fr/b0191eb0-c4ac-305a-95c8-fcc7270811db",
      "schema:email": [
        "uranos@club.fr"
      ],
      "schema:telephone": [
        "+33 6 38 95 23 02"
      ],
      "@type": [
        "foaf:Agent",
        "Agent"
      ],
      "foaf:homepage": [
        "http://uranoscope.free.fr/"
      ]
    }
  ],
  "hasDescription": [
    {
      "@id": "https://data.datatourisme.fr/99db10cd-a902-3db2-8905-acc0b3aff312",
      "@type": [
        "Description"
      ],
      "hasTranslatedProperty": [
        {
          "@id": "https://data.datatourisme.fr/22a5e52d-13e8-3810-aa5e-d50256b93581",
          "dc:contributor": [
            "https://api.deepl.com/v2/translate"
          ],
          "rdf:language": [
            "de"
          ],
          "rdf:predicate": [
            "shortDescription"
          ]
        },
        {
          "@id": "https://data.datatourisme.fr/39589595-de96-3b7f-a0c4-9b5ae0bf0f18",
          "dc:contributor": [
            "https://api.deepl.com/v2/translate"
          ],
          "rdf:language": [
            "es"
          ],
          "rdf:predicate": [
            "shortDescription"
          ]
        },
        {
          "@id": "https://data.datatourisme.fr/526241ba-0c70-3a1e-85a0-f20f8c8ab1f6",
          "dc:contributor": [
            "https://api.deepl.com/v2/translate"
          ],
          "rdf:language": [
            "en"
          ],
          "rdf:predicate": [
            "shortDescription"
          ]
        },
        {
          "@id": "https://data.datatourisme.fr/c7194957-f3b3-33f5-8860-7618bc6912b8",
          "dc:contributor": [
            "https://api.deepl.com/v2/translate"
          ],
          "rdf:language": [
            "nl"
          ],
          "rdf:predicate": [
            "shortDescription"
          ]
        },
        {
          "@id": "https://data.datatourisme.fr/e90691b3-68c0-3773-af51-ffa153d578b9",
          "dc:contributor": [
            "https://api.deepl.com/v2/translate"
          ],
          "rdf:language": [
            "it"
          ],
          "rdf:predicate": [
            "shortDescription"
          ]
        }
      ],
      "shortDescription": {
        "de": [
          "Eine \"Astronomische Gesellschaft\" für alle, die Astronomie betreiben möchten, die sowohl Anfängern als auch erfahrenen Amateurastronomen offen steht"
        ],
        "en": [
          "An \"astronomy society\" for all those who wish to practice astronomy, open to beginners as well as experienced amateur astronomers"
        ],
        "it": [
          "Una \"società astronomica\" per tutti coloro che desiderano praticare l'astronomia, aperta sia ai principianti che agli astronomi dilettanti esperti"
        ],
        "fr": [
          "Une \"société d’astronomie\" pour tous ceux qui souhaitent pratiquer l’astronomie, ouverte aux débutants comme aux astronomes amateurs expérimentés"
        ],
        "es": [
          "Una \"sociedad astronómica\" para todos aquellos que deseen practicar la astronomía, abierta tanto a los principiantes como a los astrónomos aficionados experimentados"
        ],
        "nl": [
          "Een \"sterrenkundevereniging\" voor iedereen die de sterrenkunde wil beoefenen, open voor zowel beginners als ervaren amateurastronomen"
        ]
      }
    }
  ],
  "hasTranslatedProperty": [
    {
      "@id": "https://data.datatourisme.fr/1a7eb87d-735c-3567-bdb2-c832ffd7a89a",
      "dc:contributor": [
        "https://api.deepl.com/v2/translate"
      ],
      "rdf:language": [
        "es"
      ],
      "rdf:predicate": [
        {
          "@id": "rdfs:comment"
        }
      ]
    },
    {
      "@id": "https://data.datatourisme.fr/5224936d-049e-3af9-a533-658aa5c47cbc",
      "dc:contributor": [
        "https://api.deepl.com/v2/translate"
      ],
      "rdf:language": [
        "nl"
      ],
      "rdf:predicate": [
        {
          "@id": "rdfs:comment"
        }
      ]
    },
    {
      "@id": "https://data.datatourisme.fr/66b798c8-3aa4-3ce3-98c6-1ee03b0b3e55",
      "dc:contributor": [
        "https://api.deepl.com/v2/translate"
      ],
      "rdf:language": [
        "it"
      ],
      "rdf:predicate": [
        {
          "@id": "rdfs:comment"
        }
      ]
    },
    {
      "@id": "https://data.datatourisme.fr/ec9d521e-6b50-3a38-857e-821d9cfb460e",
      "dc:contributor": [
        "https://api.deepl.com/v2/translate"
      ],
      "rdf:language": [
        "en"
      ],
      "rdf:predicate": [
        {
          "@id": "rdfs:comment"
        }
      ]
    },
    {
      "@id": "https://data.datatourisme.fr/f78d7a13-a0b0-3a80-a43c-8b4d558f2321",
      "dc:contributor": [
        "https://api.deepl.com/v2/translate"
      ],
      "rdf:language": [
        "de"
      ],
      "rdf:predicate": [
        {
          "@id": "rdfs:comment"
        }
      ]
    }
  ],
  "isLocatedAt": [
    {
      "@id": "https://data.datatourisme.fr/6b024e46-2991-3c45-8081-0ffde6d9bb06",
      "schema:address": [
        {
          "@id": "https://data.datatourisme.fr/4ea6bb2b-4115-3fc4-8213-8247f70a4149",
          "schema:addressLocality": "Gretz-Armainvilliers",
          "schema:postalCode": "77220",
          "schema:streetAddress": [
            "Allée Camille FLAMARION"
          ],
          "@type": [
            "schema:PostalAddress",
            "PostalAddress"
          ],
          "hasAddressCity": {
            "@id": "kb:77215",
            "@type": [
              "City"
            ],
            "rdfs:label": {
              "de": [
                "Gretz-Armainvilliers"
              ],
              "pt": [
                "Gretz-Armainvilliers"
              ],
              "en": [
                "Gretz-Armainvilliers"
              ],
              "it": [
                "Gretz-Armainvilliers"
              ],
              "fr": [
                "Gretz-Armainvilliers"
              ],
              "nl": [
                "Gretz-Armainvilliers"
              ],
              "es": [
                "Gretz-Armainvilliers"
              ]
            },
            "insee": "77215",
            "isPartOfDepartment": {
              "@id": "kb:France1177",
              "@type": [
                "Department"
              ],
              "rdfs:label": {
                "de": [
                  "Seine-et-Marne"
                ],
                "pt": [
                  "Seine-et-Marne"
                ],
                "en": [
                  "Seine-et-Marne"
                ],
                "it": [
                  "Seine-et-Marne"
                ],
                "fr": [
                  "Seine-et-Marne"
                ],
                "nl": [
                  "Seine-et-Marne"
                ],
                "es": [
                  "Seine-et-Marne"
                ]
              },
              "insee": "77",
              "isPartOfRegion": {
                "@id": "kb:France11",
                "@type": [
                  "Region"
                ],
                "rdfs:label": {
                  "de": [
                    "Île-de-France"
                  ],
                  "pt": [
                    "Île-de-France"
                  ],
                  "en": [
                    "Île-de-France"
                  ],
                  "it": [
                    "Île-de-France"
                  ],
                  "fr": [
                    "Île-de-France"
                  ],
                  "nl": [
                    "Île-de-France"
                  ],
                  "es": [
                    "Île-de-France"
                  ]
                },
                "insee": "11",
                "isPartOfCountry": {
                  "@id": "kb:France",
                  "@type": [
                    "schema:Country"
                  ],
                  "rdfs:label": {
                    "de": [
                      "France",
                      "Frankreich"
                    ],
                    "pt": [
                      "França",
                      "France"
                    ],
                    "en": [
                      "France"
                    ],
                    "it": [
                      "France",
                      "Francia"
                    ],
                    "fr": [
                      "France"
                    ],
                    "nl": [
                      "France",
                      "Frankrijk"
                    ],
                    "es": [
                      "France",
                      "Francia"
                    ]
                  }
                }
              }
            }
          }
        }
      ],
      "schema:geo": {
        "@id": "https://data.datatourisme.fr/58856d54-6e10-325b-b88c-c429f5253be3",
        "schema:latitude": "48.742796",
        "schema:longitude": "2.740928",
        "@type": [
          "schema:GeoCoordinates"
        ]
      },
      "schema:openingHoursSpecification": [
        {
          "@id": "https://data.datatourisme.fr/535dc3c6-b4af-3fe4-89be-7b12301d378a",
          "schema:closes": "23:00:00",
          "schema:opens": "21:00:00",
          "schema:validFrom": "2023-09-01T00:00:00",
          "schema:validThrough": "2023-04-30T23:59:59",
          "@type": [
            "schema:OpeningHoursSpecification"
          ]
        },
        {
          "@id": "https://data.datatourisme.fr/9b532913-3d11-35d8-b958-0e3f588521c6",
          "schema:closes": "00:00:00",
          "schema:opens": "22:00:00",
          "schema:validFrom": "2023-05-01T00:00:00",
          "schema:validThrough": "2023-08-31T23:59:59",
          "@type": [
            "schema:OpeningHoursSpecification"
          ]
        }
      ],
      "@type": [
        "schema:Place",
        "Place"
      ]
    }
  ],
  "isOwnedBy": [
    {
      "@id": "https://data.datatourisme.fr/0a16a979-e7d3-37b5-a303-9fab0095eaa9",
      "schema:email": [
        "aurore.luneau@attractivite77.fr",
        "marie.dussouchaut@attractivite77.fr"
      ],
      "schema:legalName": "Seine et Marne Attractivité",
      "@type": [
        "schema:Organization",
        "foaf:Agent",
        "Agent"
      ],
      "foaf:homepage": [
        "https://www.seineetmarnevivreengrand.fr/"
      ]
    }
  ],
  "lastUpdate": "2022-01-26",
  "lastUpdateDatatourisme": "2023-02-01T18:07:36.042Z"
}