{
  "@id": "https://data.datatourisme.fr/13/10468767-822c-35d5-aa66-de0f2e0bd260",
  "dc:identifier": "744928",
  "@type": [
    "schema:FoodEstablishment",
    "FoodEstablishment",
    "PlaceOfInterest",
    "PointOfInterest"
  ],
  "rdfs:comment": {
    "de": [
      "Das Restaurant Kyotarama lädt Sie zu einer Reise ein, auf der Sie die Geschmäcker Japans entdecken können."
    ],
    "en": [
      "The Kyotarama restaurant is an invitation to travel and discover the flavours of Japan."
    ],
    "it": [
      "Il ristorante Kyotarama è un invito a viaggiare e a scoprire i sapori del Giappone."
    ],
    "fr": [
      "Le restaurant Kyotarama est une invitation au voyage et à la découverte des saveurs du Japon."
    ],
    "nl": [
      "Het restaurant Kyotarama is een uitnodiging om te reizen en de smaken van Japan te ontdekken."
    ],
    "es": [
      "El restaurante Kyotarama es una invitación a viajar y descubrir los sabores de Japón."
    ]
  },
  "rdfs:label": {
    "en": [
      "Étampes - Le Kyotorama"
    ],
    "fr": [
      "Étampes - Le Kyotorama"
    ]
  },
  "hasBeenCreatedBy": {
    "@id": "https://data.datatourisme.fr/13/a26398dc-a6f4-3b49-876c-baffbc9954f9",
    "dc:identifier": "1087",
    "schema:email": [
      "elodie.brefort-moison@caese.fr",
      "jade.mistretta@caese.fr",
      "jean-baptiste.cochelin@caese.fr",
      "lison.pareau@caese.fr",
      "melody.tournier@caese.fr",
      "stephanie.canteiro@caese.fr"
    ],
    "schema:legalName": "Communauté d'Agglomération de l'Etampois Sud-Essonne",
    "@type": [
      "schema:Organization",
      "foaf:Agent",
      "Agent"
    ]
  },
  "hasBeenPublishedBy": [
    {
      "@id": "https://data.datatourisme.fr/8a9feb4b-2cbd-3d2c-b507-bd6c6776b23b",
      "schema:legalName": "Apidae Tourisme Scic SA - source : Apidae Tourisme",
      "@type": [
        "schema:Organization",
        "foaf:Agent",
        "Agent"
      ],
      "foaf:homepage": [
        "https://www.apidae-tourisme.com/"
      ]
    }
  ],
  "hasContact": [
    {
      "@id": "https://data.datatourisme.fr/08d0005f-fa25-38e8-9561-a0a1bf433b35",
      "schema:email": [
        "dong050774@gmail.com"
      ],
      "schema:telephone": [
        "+33 1 69 78 04 87"
      ],
      "@type": [
        "foaf:Agent",
        "Agent"
      ],
      "foaf:homepage": [
        "https://www.restaurant-japonais-etampes.fr/"
      ]
    }
  ],
  "hasDescription": [
    {
      "@id": "https://data.datatourisme.fr/4f8f18a8-b635-384a-8554-403f33acbd10",
      "@type": [
        "Description"
      ],
      "hasTranslatedProperty": [
        {
          "@id": "https://data.datatourisme.fr/16c5f8ae-49e5-362c-b553-fab7298b0722",
          "dc:contributor": [
            "https://api.deepl.com/v2/translate"
          ],
          "rdf:language": [
            "nl"
          ],
          "rdf:predicate": [
            "shortDescription"
          ]
        },
        {
          "@id": "https://data.datatourisme.fr/381cf98b-8bb0-31db-8121-3e8534062e76",
          "dc:contributor": [
            "https://api.deepl.com/v2/translate"
          ],
          "rdf:language": [
            "de"
          ],
          "rdf:predicate": [
            "shortDescription"
          ]
        },
        {
          "@id": "https://data.datatourisme.fr/c8ca2185-4944-35ef-9647-e23c6c253995",
          "dc:contributor": [
            "https://api.deepl.com/v2/translate"
          ],
          "rdf:language": [
            "it"
          ],
          "rdf:predicate": [
            "shortDescription"
          ]
        },
        {
          "@id": "https://data.datatourisme.fr/cd72624b-625f-3ad3-a169-eed60b581083",
          "dc:contributor": [
            "https://api.deepl.com/v2/translate"
          ],
          "rdf:language": [
            "es"
          ],
          "rdf:predicate": [
            "shortDescription"
          ]
        }
      ],
      "shortDescription": {
        "de": [
          "Das Restaurant Kyotarama lädt Sie zu einer Reise ein, auf der Sie die Geschmäcker Japans entdecken können."
        ],
        "en": [
          "The Kyotarama restaurant is an invitation to travel and discover the flavours of Japan."
        ],
        "it": [
          "Il ristorante Kyotarama è un invito a viaggiare e a scoprire i sapori del Giappone."
        ],
        "fr": [
          "Le restaurant Kyotarama est une invitation au voyage et à la découverte des saveurs du Japon."
        ],
        "nl": [
          "Het restaurant Kyotarama is een uitnodiging om te reizen en de smaken van Japan te ontdekken."
        ],
        "es": [
          "El restaurante Kyotarama es una invitación a viajar y descubrir los sabores de Japón."
        ]
      }
    }
  ],
  "hasTranslatedProperty": [
    {
      "@id": "https://data.datatourisme.fr/25b208b7-4d83-35f2-b066-f4ec8243489e",
      "dc:contributor": [
        "https://api.deepl.com/v2/translate"
      ],
      "rdf:language": [
        "de"
      ],
      "rdf:predicate": [
        {
          "@id": "rdfs:comment"
        }
      ]
    },
    {
      "@id": "https://data.datatourisme.fr/8f331d78-8ca3-392b-8655-78d2ee8864f9",
      "dc:contributor": [
        "https://api.deepl.com/v2/translate"
      ],
      "rdf:language": [
        "it"
      ],
      "rdf:predicate": [
        {
          "@id": "rdfs:comment"
        }
      ]
    },
    {
      "@id": "https://data.datatourisme.fr/b342ae85-75b9-31b7-b2ec-9aecdd982fc5",
      "dc:contributor": [
        "https://api.deepl.com/v2/translate"
      ],
      "rdf:language": [
        "nl"
      ],
      "rdf:predicate": [
        {
          "@id": "rdfs:comment"
        }
      ]
    },
    {
      "@id": "https://data.datatourisme.fr/c4169594-e4b5-3f3e-993a-c3e37cb1dac4",
      "dc:contributor": [
        "https://api.deepl.com/v2/translate"
      ],
      "rdf:language": [
        "es"
      ],
      "rdf:predicate": [
        {
          "@id": "rdfs:comment"
        }
      ]
    }
  ],
  "isLocatedAt": [
    {
      "@id": "https://data.datatourisme.fr/42b44619-d6a6-3074-806e-adc5edba3d92",
      "schema:address": [
        {
          "@id": "https://data.datatourisme.fr/866c3c04-8b04-3e1c-a03f-a18a42786a08",
          "schema:addressLocality": "Étampes",
          "schema:postalCode": "91150",
          "schema:streetAddress": [
            "40 rue Sainte Croix"
          ],
          "@type": [
            "schema:PostalAddress",
            "PostalAddress"
          ],
          "hasAddressCity": {
            "@id": "kb:91223",
            "@type": [
              "City"
            ],
            "rdfs:label": {
              "de": [
                "Étampes"
              ],
              "pt": [
                "Étampes"
              ],
              "en": [
                "Étampes"
              ],
              "it": [
                "Étampes"
              ],
              "fr": [
                "Étampes"
              ],
              "nl": [
                "Étampes"
              ],
              "es": [
                "Étampes"
              ]
            },
            "insee": "91223",
            "isPartOfDepartment": {
              "@id": "kb:France1191",
              "@type": [
                "Department"
              ],
              "rdfs:label": {
                "de": [
                  "Essonne"
                ],
                "pt": [
                  "Essonne"
                ],
                "en": [
                  "Essonne"
                ],
                "it": [
                  "Essonne"
                ],
                "fr": [
                  "Essonne"
                ],
                "nl": [
                  "Essonne"
                ],
                "es": [
                  "Essonne"
                ]
              },
              "insee": "91",
              "isPartOfRegion": {
                "@id": "kb:France11",
                "@type": [
                  "Region"
                ],
                "rdfs:label": {
                  "de": [
                    "Île-de-France"
                  ],
                  "pt": [
                    "Île-de-France"
                  ],
                  "en": [
                    "Île-de-France"
                  ],
                  "it": [
                    "Île-de-France"
                  ],
                  "fr": [
                    "Île-de-France"
                  ],
                  "nl": [
                    "Île-de-France"
                  ],
                  "es": [
                    "Île-de-France"
                  ]
                },
                "insee": "11",
                "isPartOfCountry": {
                  "@id": "kb:France",
                  "@type": [
                    "schema:Country"
                  ],
                  "rdfs:label": {
                    "de": [
                      "France",
                      "Frankreich"
                    ],
                    "pt": [
                      "França",
                      "France"
                    ],
                    "en": [
                      "France"
                    ],
                    "it": [
                      "France",
                      "Francia"
                    ],
                    "fr": [
                      "France"
                    ],
                    "nl": [
                      "France",
                      "Frankrijk"
                    ],
                    "es": [
                      "France",
                      "Francia"
                    ]
                  }
                }
              }
            }
          }
        }
      ],
      "schema:geo": {
        "@id": "https://data.datatourisme.fr/98102fb4-956a-392e-9ce4-260c4cda0a4e",
        "schema:latitude": "48.434102",
        "schema:longitude": "2.162716",
        "@type": [
          "schema:GeoCoordinates"
        ]
      },
      "schema:openingHoursSpecification": [
        {
          "@id": "https://data.datatourisme.fr/f87e535a-636d-3343-ad63-8a03392e7511",
          "schema:validFrom": "2023-01-01T00:00:00",
          "schema:validThrough": "2023-12-31T23:59:59",
          "@type": [
            "schema:OpeningHoursSpecification"
          ]
        }
      ],
      "@type": [
        "schema:Place",
        "Place"
      ]
    }
  ],
  "isOwnedBy": [
    {
      "@id": "https://data.datatourisme.fr/9b471d02-a1f9-3b3b-975b-e17298284a9a",
      "schema:email": [
        "jade.mistretta@caese.fr",
        "jean-baptiste.cochelin@caese.fr",
        "lison.pareau@caese.fr",
        "melody.tournier@caese.fr",
        "stephanie.canteiro@caese.fr"
      ],
      "schema:legalName": "Communauté d'Agglomération de l'Etampois Sud-Essonne",
      "@type": [
        "schema:Organization",
        "foaf:Agent",
        "Agent"
      ]
    }
  ],
  "lastUpdate": "2022-04-23",
  "lastUpdateDatatourisme": "2023-05-30T05:49:20.329Z",
  "offers": [
    {
      "@id": "https://data.datatourisme.fr/26e1943a-b7be-3214-a451-92fd58c17df7",
      "schema:priceSpecification": [
        {
          "@id": "https://data.datatourisme.fr/9dc346b5-988b-3b80-abeb-d230646cc792",
          "schema:maxPrice": [
            "30"
          ],
          "schema:minPrice": [
            "21"
          ],
          "schema:priceCurrency": "EUR",
          "@type": [
            "schema:PriceSpecification",
            "PriceSpecification"
          ],
          "appliesOnPeriod": [
            {
              "@id": "https://data.datatourisme.fr/e5444e0b-2b18-3f6c-8179-07d575b0c651",
              "@type": [
                "Period"
              ],
              "endDate": "2019-12-31",
              "startDate": "2019-01-01"
            }
          ]
        }
      ],
      "@type": [
        "schema:Offer",
        "Offer"
      ]
    }
  ]
}