{
  "@id": "https://data.datatourisme.fr/13/10d6830f-eff6-339a-9823-c6b0daaebf79",
  "dc:identifier": "6062814",
  "@type": [
    "schema:Park",
    "CulturalSite",
    "ParkAndGarden",
    "PlaceOfInterest",
    "PointOfInterest"
  ],
  "rdfs:comment": {
    "de": [
      "Die Gärten des Schlosses von Rambouillet, die als \"Jardins Remarquables\" (bemerkenswerte Gärten) eingestuft wurden, erstrecken sich über etwa 150 Hektar. Während des Spaziergangs"
    ],
    "en": [
      "Classified as Remarkable Gardens, the gardens of the Château de Rambouillet cover about 150 hectares. During the walk."
    ],
    "it": [
      "I giardini dello Château de Rambouillet sono classificati come Giardini Notevoli e si estendono per circa 150 ettari. Durante la passeggiata."
    ],
    "fr": [
      "Classés Jardins Remarquables, les jardins du Château de Rambouillet s’étendent sur environ 150 hectares. Au cours de la promenade."
    ],
    "es": [
      "Los jardines del Château de Rambouillet están clasificados como Jardines Notables y ocupan unas 150 hectáreas. Durante el paseo."
    ],
    "nl": [
      "De tuinen van het Château de Rambouillet, geklasseerd als opmerkelijke tuinen, beslaan ongeveer 150 hectare. Tijdens de wandeling."
    ]
  },
  "rdfs:label": {
    "fr": [
      "Parc du Château de Rambouillet"
    ]
  },
  "hasBeenCreatedBy": {
    "@id": "https://data.datatourisme.fr/13/4e9cec1f-5830-3645-9111-d63e24f3b8ef",
    "dc:identifier": "1556",
    "schema:email": [
      "c.imbert@rt78.fr",
      "c.vallet@rt78.fr",
      "m.suray@rt78.fr",
      "s.bertoncini@rt78.fr"
    ],
    "schema:legalName": "Rambouillet Territoires",
    "@type": [
      "schema:Organization",
      "foaf:Agent",
      "Agent"
    ],
    "foaf:homepage": [
      "http://www.rambouillet-tourisme.fr/"
    ]
  },
  "hasBeenPublishedBy": [
    {
      "@id": "https://data.datatourisme.fr/8a9feb4b-2cbd-3d2c-b507-bd6c6776b23b",
      "schema:legalName": "Apidae Tourisme Scic SA - source : Apidae Tourisme",
      "@type": [
        "schema:Organization",
        "foaf:Agent",
        "Agent"
      ],
      "foaf:homepage": [
        "https://www.apidae-tourisme.com/"
      ]
    }
  ],
  "hasContact": [
    {
      "@id": "https://data.datatourisme.fr/c0e25769-317e-3a4b-a85c-115e304fc392",
      "schema:email": [
        "rambouillet-reservation@monuments-nationaux.fr"
      ],
      "schema:telephone": [
        "+33 1 34 83 00 25"
      ],
      "@type": [
        "foaf:Agent",
        "Agent"
      ]
    }
  ],
  "hasDescription": [
    {
      "@id": "https://data.datatourisme.fr/d7f9dab5-e306-3ded-bcdd-c26236d5a29a",
      "@type": [
        "Description"
      ],
      "hasTranslatedProperty": [
        {
          "@id": "https://data.datatourisme.fr/28025293-40de-3880-9c99-29b3fca2a617",
          "dc:contributor": [
            "https://api.deepl.com/v2/translate"
          ],
          "rdf:language": [
            "en"
          ],
          "rdf:predicate": [
            "shortDescription"
          ]
        },
        {
          "@id": "https://data.datatourisme.fr/56a4efe5-6196-39f7-ada4-0747583d89d5",
          "dc:contributor": [
            "https://api.deepl.com/v2/translate"
          ],
          "rdf:language": [
            "it"
          ],
          "rdf:predicate": [
            "shortDescription"
          ]
        },
        {
          "@id": "https://data.datatourisme.fr/9e2a5c7d-fdee-3a24-b9b7-ebe733ffbacd",
          "dc:contributor": [
            "https://api.deepl.com/v2/translate"
          ],
          "rdf:language": [
            "nl"
          ],
          "rdf:predicate": [
            "shortDescription"
          ]
        },
        {
          "@id": "https://data.datatourisme.fr/c08feba9-0d7d-3088-a42a-54eb0f8fe3ba",
          "dc:contributor": [
            "https://api.deepl.com/v2/translate"
          ],
          "rdf:language": [
            "de"
          ],
          "rdf:predicate": [
            "shortDescription"
          ]
        },
        {
          "@id": "https://data.datatourisme.fr/f7d528b0-926f-360f-b5fb-0bac29dae6ea",
          "dc:contributor": [
            "https://api.deepl.com/v2/translate"
          ],
          "rdf:language": [
            "es"
          ],
          "rdf:predicate": [
            "shortDescription"
          ]
        }
      ],
      "shortDescription": {
        "de": [
          "Die Gärten des Schlosses von Rambouillet, die als \"Jardins Remarquables\" (bemerkenswerte Gärten) eingestuft wurden, erstrecken sich über etwa 150 Hektar. Während des Spaziergangs"
        ],
        "en": [
          "Classified as Remarkable Gardens, the gardens of the Château de Rambouillet cover about 150 hectares. During the walk."
        ],
        "it": [
          "I giardini dello Château de Rambouillet sono classificati come Giardini Notevoli e si estendono per circa 150 ettari. Durante la passeggiata."
        ],
        "fr": [
          "Classés Jardins Remarquables, les jardins du Château de Rambouillet s’étendent sur environ 150 hectares. Au cours de la promenade."
        ],
        "es": [
          "Los jardines del Château de Rambouillet están clasificados como Jardines Notables y ocupan unas 150 hectáreas. Durante el paseo."
        ],
        "nl": [
          "De tuinen van het Château de Rambouillet, geklasseerd als opmerkelijke tuinen, beslaan ongeveer 150 hectare. Tijdens de wandeling."
        ]
      }
    }
  ],
  "hasTheme": [
    {
      "@id": "kb:Culture",
      "@type": [
        "CulturalTheme"
      ],
      "rdfs:label": {
        "de": [
          "Kultur"
        ],
        "pt": [
          "Cultura"
        ],
        "en": [
          "Culture"
        ],
        "it": [
          "Cultura"
        ],
        "fr": [
          "Culture"
        ],
        "nl": [
          "Cultuur"
        ],
        "es": [
          "Cultura"
        ]
      }
    }
  ],
  "hasTranslatedProperty": [
    {
      "@id": "https://data.datatourisme.fr/191c5abe-9892-3d4a-bb89-430076352169",
      "dc:contributor": [
        "https://api.deepl.com/v2/translate"
      ],
      "rdf:language": [
        "it"
      ],
      "rdf:predicate": [
        {
          "@id": "rdfs:comment"
        }
      ]
    },
    {
      "@id": "https://data.datatourisme.fr/5976259e-6c4e-3e0a-aa0d-ca36cb789155",
      "dc:contributor": [
        "https://api.deepl.com/v2/translate"
      ],
      "rdf:language": [
        "de"
      ],
      "rdf:predicate": [
        {
          "@id": "rdfs:comment"
        }
      ]
    },
    {
      "@id": "https://data.datatourisme.fr/8fb557ae-897f-30d3-9e4d-532361e1381e",
      "dc:contributor": [
        "https://api.deepl.com/v2/translate"
      ],
      "rdf:language": [
        "en"
      ],
      "rdf:predicate": [
        {
          "@id": "rdfs:comment"
        }
      ]
    },
    {
      "@id": "https://data.datatourisme.fr/a717625b-57c9-37f7-a52d-28762ee7ed8c",
      "dc:contributor": [
        "https://api.deepl.com/v2/translate"
      ],
      "rdf:language": [
        "es"
      ],
      "rdf:predicate": [
        {
          "@id": "rdfs:comment"
        }
      ]
    },
    {
      "@id": "https://data.datatourisme.fr/d49c67af-18c7-3af7-a82c-75c3579dc6c5",
      "dc:contributor": [
        "https://api.deepl.com/v2/translate"
      ],
      "rdf:language": [
        "nl"
      ],
      "rdf:predicate": [
        {
          "@id": "rdfs:comment"
        }
      ]
    }
  ],
  "isLocatedAt": [
    {
      "@id": "https://data.datatourisme.fr/3c730dca-44d7-3825-9a36-6f505fcd7d23",
      "schema:address": [
        {
          "@id": "https://data.datatourisme.fr/be9df124-f9f3-3849-8a80-b6c2d60d6ac8",
          "schema:addressLocality": "Rambouillet",
          "schema:postalCode": "78120",
          "schema:streetAddress": [
            "Parc du Château"
          ],
          "@type": [
            "schema:PostalAddress",
            "PostalAddress"
          ],
          "hasAddressCity": {
            "@id": "kb:78517",
            "@type": [
              "City"
            ],
            "rdfs:label": {
              "de": [
                "Rambouillet"
              ],
              "pt": [
                "Rambouillet"
              ],
              "en": [
                "Rambouillet"
              ],
              "it": [
                "Rambouillet"
              ],
              "fr": [
                "Rambouillet"
              ],
              "nl": [
                "Rambouillet"
              ],
              "es": [
                "Rambouillet"
              ]
            },
            "insee": "78517",
            "isPartOfDepartment": {
              "@id": "kb:France1178",
              "@type": [
                "Department"
              ],
              "rdfs:label": {
                "de": [
                  "Yvelines"
                ],
                "pt": [
                  "Yvelines"
                ],
                "en": [
                  "Yvelines"
                ],
                "it": [
                  "Yvelines"
                ],
                "fr": [
                  "Yvelines"
                ],
                "nl": [
                  "Yvelines"
                ],
                "es": [
                  "Yvelines"
                ]
              },
              "insee": "78",
              "isPartOfRegion": {
                "@id": "kb:France11",
                "@type": [
                  "Region"
                ],
                "rdfs:label": {
                  "de": [
                    "Île-de-France"
                  ],
                  "pt": [
                    "Île-de-France"
                  ],
                  "en": [
                    "Île-de-France"
                  ],
                  "it": [
                    "Île-de-France"
                  ],
                  "fr": [
                    "Île-de-France"
                  ],
                  "nl": [
                    "Île-de-France"
                  ],
                  "es": [
                    "Île-de-France"
                  ]
                },
                "insee": "11",
                "isPartOfCountry": {
                  "@id": "kb:France",
                  "@type": [
                    "schema:Country"
                  ],
                  "rdfs:label": {
                    "de": [
                      "France",
                      "Frankreich"
                    ],
                    "pt": [
                      "França",
                      "France"
                    ],
                    "en": [
                      "France"
                    ],
                    "it": [
                      "France",
                      "Francia"
                    ],
                    "fr": [
                      "France"
                    ],
                    "nl": [
                      "France",
                      "Frankrijk"
                    ],
                    "es": [
                      "France",
                      "Francia"
                    ]
                  }
                }
              }
            }
          }
        }
      ],
      "schema:geo": {
        "@id": "https://data.datatourisme.fr/523381ee-d8bf-3d60-9f90-6bb46f10ff79",
        "schema:latitude": "48.644967",
        "schema:longitude": "1.817256",
        "@type": [
          "schema:GeoCoordinates"
        ]
      },
      "schema:openingHoursSpecification": [
        {
          "@id": "https://data.datatourisme.fr/077ad361-4688-36e8-a7bb-15877d76f273",
          "schema:closes": "21:00:00",
          "schema:opens": "08:00:00",
          "schema:validFrom": "2023-04-01T00:00:00",
          "schema:validThrough": "2023-09-30T23:59:59",
          "@type": [
            "schema:OpeningHoursSpecification"
          ]
        },
        {
          "@id": "https://data.datatourisme.fr/a5b58e22-2ec9-3490-8dd1-d0ab431f2991",
          "schema:closes": "17:00:00",
          "schema:opens": "10:00:00",
          "schema:validFrom": "2023-10-01T00:00:00",
          "schema:validThrough": "2023-03-31T23:59:59",
          "@type": [
            "schema:OpeningHoursSpecification"
          ]
        }
      ],
      "@type": [
        "schema:Place",
        "Place"
      ]
    }
  ],
  "isOwnedBy": [
    {
      "@id": "https://data.datatourisme.fr/04fa6b61-d065-3c16-99a0-584372c27ac7",
      "schema:email": [
        "c.imbert@rt78.fr",
        "m.suray@rt78.fr",
        "s.bertoncini@rt78.fr"
      ],
      "schema:legalName": "Rambouillet Territoires",
      "@type": [
        "schema:Organization",
        "foaf:Agent",
        "Agent"
      ],
      "foaf:homepage": [
        "http://www.rambouillet-tourisme.fr/"
      ]
    }
  ],
  "lastUpdate": "2022-03-18",
  "lastUpdateDatatourisme": "2023-02-22T06:42:37.661Z"
}