{
  "@id": "https://data.datatourisme.fr/13/10a8f47e-2c43-30cc-bb89-baa87c1d8d6a",
  "dc:identifier": "5655619",
  "@type": [
    "schema:AmusementPark",
    "PlaceOfInterest",
    "PointOfInterest",
    "SportsAndLeisurePlace",
    "ThemePark"
  ],
  "rdfs:comment": {
    "de": [
      "The Exit ist ein \"Escape Game\" oder \"Fluchtspiel in Lebensgröße\". Wählen Sie Ihr Szenario und lösen Sie eine Reihe von Rätseln, indem Sie Durchsuchung, Kommunikation, Überlegung und Teamgeist miteinander verbinden."
    ],
    "en": [
      "The Exit is an \"Escape Game\" or \"Life-size escape game\", choose your scenario and solve a series of puzzles by combining search, communication, reflection and team spirit."
    ],
    "it": [
      "The Exit è un Escape Game: scegliete il vostro scenario e risolvete una serie di enigmi combinando ricerca, comunicazione, riflessione e spirito di squadra."
    ],
    "fr": [
      "The Exit est un « Escape Game » ou « Jeu d’évasion grandeur nature », choisissez votre scénario et résolvez une série d’énigmes en alliant fouille, communication, réflexion et esprit d’équipe."
    ],
    "nl": [
      "The Exit is een Escape Game, kies je scenario en los een reeks raadsels op door een combinatie van zoeken, communicatie, reflectie en teamgeest."
    ],
    "es": [
      "The Exit es un \"Juego de escape\" o \"Juego de escape de tamaño natural\", elige tu escenario y resuelve una serie de acertijos combinando búsqueda, comunicación, reflexión y espíritu de equipo."
    ]
  },
  "rdfs:label": {
    "fr": [
      "Escape Game - The EXIT"
    ]
  },
  "hasBeenCreatedBy": {
    "@id": "https://data.datatourisme.fr/13/1baff70e-2669-3837-a347-efd3a874a341",
    "dc:identifier": "1489",
    "schema:email": [
      "emilie.prai@saintgermainenlaye.fr",
      "emilie.rochat@seine-saintgermain.fr",
      "melissa.moreau@saintgermainenlaye.fr"
    ],
    "schema:legalName": "Office de Tourisme Intercommunal de Saint Germain Boucles de Seine",
    "@type": [
      "schema:Organization",
      "foaf:Agent",
      "Agent"
    ],
    "foaf:homepage": [
      "http://www.reservation.seine-saintgermain.fr/"
    ]
  },
  "hasBeenPublishedBy": [
    {
      "@id": "https://data.datatourisme.fr/8a9feb4b-2cbd-3d2c-b507-bd6c6776b23b",
      "schema:legalName": "Apidae Tourisme Scic SA - source : Apidae Tourisme",
      "@type": [
        "schema:Organization",
        "foaf:Agent",
        "Agent"
      ],
      "foaf:homepage": [
        "https://www.apidae-tourisme.com/"
      ]
    }
  ],
  "hasContact": [
    {
      "@id": "https://data.datatourisme.fr/81d9e6e0-c4c4-333d-8b63-bcb743507b09",
      "schema:email": [
        "contact@theexit.fr"
      ],
      "schema:telephone": [
        "+33 1 83 43 95 15"
      ],
      "@type": [
        "foaf:Agent",
        "Agent"
      ],
      "foaf:homepage": [
        "https://theexit.fr/"
      ]
    }
  ],
  "hasDescription": [
    {
      "@id": "https://data.datatourisme.fr/48303f52-5e98-3665-b911-0867250adcc0",
      "@type": [
        "Description"
      ],
      "hasTranslatedProperty": [
        {
          "@id": "https://data.datatourisme.fr/ceb19bdc-1e8d-34a8-b2b1-31f6e880442e",
          "dc:contributor": [
            "https://api.deepl.com/v2/translate"
          ],
          "rdf:language": [
            "it"
          ],
          "rdf:predicate": [
            "shortDescription"
          ]
        },
        {
          "@id": "https://data.datatourisme.fr/ddcc1485-eb41-370d-954a-77b09311ea63",
          "dc:contributor": [
            "https://api.deepl.com/v2/translate"
          ],
          "rdf:language": [
            "de"
          ],
          "rdf:predicate": [
            "shortDescription"
          ]
        },
        {
          "@id": "https://data.datatourisme.fr/fec10754-ae61-3bf2-be5f-8846295c16bb",
          "dc:contributor": [
            "https://api.deepl.com/v2/translate"
          ],
          "rdf:language": [
            "nl"
          ],
          "rdf:predicate": [
            "shortDescription"
          ]
        }
      ],
      "shortDescription": {
        "de": [
          "The Exit ist ein \"Escape Game\" oder \"Fluchtspiel in Lebensgröße\". Wählen Sie Ihr Szenario und lösen Sie eine Reihe von Rätseln, indem Sie Durchsuchung, Kommunikation, Überlegung und Teamgeist miteinander verbinden."
        ],
        "en": [
          "The Exit is an \"Escape Game\" or \"Life-size escape game\", choose your scenario and solve a series of puzzles by combining search, communication, reflection and team spirit."
        ],
        "it": [
          "The Exit è un Escape Game: scegliete il vostro scenario e risolvete una serie di enigmi combinando ricerca, comunicazione, riflessione e spirito di squadra."
        ],
        "fr": [
          "The Exit est un « Escape Game » ou « Jeu d’évasion grandeur nature », choisissez votre scénario et résolvez une série d’énigmes en alliant fouille, communication, réflexion et esprit d’équipe."
        ],
        "nl": [
          "The Exit is een Escape Game, kies je scenario en los een reeks raadsels op door een combinatie van zoeken, communicatie, reflectie en teamgeest."
        ],
        "es": [
          "The Exit es un \"Juego de escape\" o \"Juego de escape de tamaño natural\", elige tu escenario y resuelve una serie de acertijos combinando búsqueda, comunicación, reflexión y espíritu de equipo."
        ]
      }
    }
  ],
  "hasTheme": [
    {
      "@id": "kb:EscapeGame",
      "@type": [
        "SportsTheme"
      ],
      "rdfs:label": {
        "de": [
          "Escape Game"
        ],
        "pt": [
          "Jogo de evasão"
        ],
        "en": [
          "Escape game"
        ],
        "it": [
          "Escape game"
        ],
        "fr": [
          "Escape game"
        ],
        "es": [
          "Juego de escape"
        ],
        "nl": [
          "Escape room"
        ]
      }
    }
  ],
  "hasTranslatedProperty": [
    {
      "@id": "https://data.datatourisme.fr/243fe260-b13b-334e-8fb9-c42608d81857",
      "dc:contributor": [
        "https://api.deepl.com/v2/translate"
      ],
      "rdf:language": [
        "nl"
      ],
      "rdf:predicate": [
        {
          "@id": "rdfs:comment"
        }
      ]
    },
    {
      "@id": "https://data.datatourisme.fr/61a67f17-7544-3141-ac86-f9b47bb5ac5e",
      "dc:contributor": [
        "https://api.deepl.com/v2/translate"
      ],
      "rdf:language": [
        "de"
      ],
      "rdf:predicate": [
        {
          "@id": "rdfs:comment"
        }
      ]
    },
    {
      "@id": "https://data.datatourisme.fr/97972da3-becd-34e1-98bc-68c369ac2e3b",
      "dc:contributor": [
        "https://api.deepl.com/v2/translate"
      ],
      "rdf:language": [
        "it"
      ],
      "rdf:predicate": [
        {
          "@id": "rdfs:comment"
        }
      ]
    }
  ],
  "isLocatedAt": [
    {
      "@id": "https://data.datatourisme.fr/d50d2109-d4e2-3dcb-aa41-6c6a7036f7bd",
      "schema:address": [
        {
          "@id": "https://data.datatourisme.fr/0dbecfda-a2d2-32ef-8d96-975382e4518f",
          "schema:addressLocality": "Saint-Germain-en-Laye",
          "schema:postalCode": "78100",
          "schema:streetAddress": [
            "13 rue de Témara"
          ],
          "@type": [
            "schema:PostalAddress",
            "PostalAddress"
          ],
          "hasAddressCity": {
            "@id": "kb:78551",
            "@type": [
              "City"
            ],
            "rdfs:label": {
              "de": [
                "Saint-Germain-en-Laye"
              ],
              "pt": [
                "Saint-Germain-en-Laye"
              ],
              "en": [
                "Saint-Germain-en-Laye"
              ],
              "it": [
                "Saint-Germain-en-Laye"
              ],
              "fr": [
                "Saint-Germain-en-Laye"
              ],
              "nl": [
                "Saint-Germain-en-Laye"
              ],
              "es": [
                "Saint-Germain-en-Laye"
              ]
            },
            "insee": "78551",
            "isPartOfDepartment": {
              "@id": "kb:France1178",
              "@type": [
                "Department"
              ],
              "rdfs:label": {
                "de": [
                  "Yvelines"
                ],
                "pt": [
                  "Yvelines"
                ],
                "en": [
                  "Yvelines"
                ],
                "it": [
                  "Yvelines"
                ],
                "fr": [
                  "Yvelines"
                ],
                "nl": [
                  "Yvelines"
                ],
                "es": [
                  "Yvelines"
                ]
              },
              "insee": "78",
              "isPartOfRegion": {
                "@id": "kb:France11",
                "@type": [
                  "Region"
                ],
                "rdfs:label": {
                  "de": [
                    "Île-de-France"
                  ],
                  "pt": [
                    "Île-de-France"
                  ],
                  "en": [
                    "Île-de-France"
                  ],
                  "it": [
                    "Île-de-France"
                  ],
                  "fr": [
                    "Île-de-France"
                  ],
                  "nl": [
                    "Île-de-France"
                  ],
                  "es": [
                    "Île-de-France"
                  ]
                },
                "insee": "11",
                "isPartOfCountry": {
                  "@id": "kb:France",
                  "@type": [
                    "schema:Country"
                  ],
                  "rdfs:label": {
                    "de": [
                      "France",
                      "Frankreich"
                    ],
                    "pt": [
                      "França",
                      "France"
                    ],
                    "en": [
                      "France"
                    ],
                    "it": [
                      "France",
                      "Francia"
                    ],
                    "fr": [
                      "France"
                    ],
                    "nl": [
                      "France",
                      "Frankrijk"
                    ],
                    "es": [
                      "France",
                      "Francia"
                    ]
                  }
                }
              }
            }
          }
        }
      ],
      "schema:geo": {
        "@id": "https://data.datatourisme.fr/f210cd50-d60f-3802-9d39-e3e09d3c4bfa",
        "schema:latitude": "48.892888",
        "schema:longitude": "2.075128",
        "@type": [
          "schema:GeoCoordinates"
        ]
      },
      "schema:openingHoursSpecification": [
        {
          "@id": "https://data.datatourisme.fr/69cf41c1-875e-3dfb-8c47-a817ef85f391",
          "schema:closes": "00:00:00",
          "schema:opens": "10:00:00",
          "schema:validFrom": "2023-01-01T00:00:00",
          "schema:validThrough": "2023-12-31T23:59:59",
          "@type": [
            "schema:OpeningHoursSpecification"
          ]
        }
      ],
      "@type": [
        "schema:Place",
        "Place"
      ]
    }
  ],
  "isOwnedBy": [
    {
      "@id": "https://data.datatourisme.fr/73484530-94e0-3b9c-86da-e2ddfa7df7ed",
      "schema:email": [
        "emilie.prai@saintgermainenlaye.fr",
        "emilie.rochat@seine-saintgermain.fr",
        "melissa.moreau@saintgermainenlaye.fr"
      ],
      "schema:legalName": "Office de Tourisme Intercommunal de Saint Germain Boucles de Seine",
      "@type": [
        "schema:Organization",
        "foaf:Agent",
        "Agent"
      ],
      "foaf:homepage": [
        "http://www.reservation.seine-saintgermain.fr/"
      ]
    }
  ],
  "lastUpdate": "2022-05-06",
  "lastUpdateDatatourisme": "2023-02-10T06:39:19.854Z"
}