{
  "@id": "https://data.datatourisme.fr/13/10476842-a48c-36bf-95bb-84a044da3bf7",
  "dc:identifier": "6489758",
  "@type": [
    "PlaceOfInterest",
    "PointOfInterest",
    "SportsAndLeisurePlace"
  ],
  "rdfs:comment": {
    "de": [
      "Die Pisciculture de Villette ist eine der ältesten Wildwasserzuchten Frankreichs, die 1896 gegründet wurde. Vor Ort finden Angler einen Forellenteich mit allem Komfort, Picknicktischen, einer Bank, Toiletten, einem Grill und einem Bouleplatz."
    ],
    "en": [
      "The Pisciculture de Villette is one of the oldest whitewater farms in France founded in 1896. On the spot, the fishermen will find a pond of trout fishing all comfort with picnic tables, bench, toilets, barbecue, ground of game of bowls."
    ],
    "it": [
      "La Pisciculture de Villette è una delle più antiche peschiere di Francia, fondata nel 1896. In loco, i pescatori troveranno un laghetto per la pesca alla trota con tutti i comfort, tra cui tavoli da picnic, panche, servizi igienici, un barbecue e un'area per le bocce."
    ],
    "fr": [
      "La Pisciculture de Villette est l'un des plus anciens élevages d'eaux vives de France fondé en 1896. Sur place, les pêcheurs trouveront un étang de pêche à la truite tout confort avec tables de pique-nique, banc, toilettes, barbecue, terrain de pétanque."
    ],
    "es": [
      "La Pisciculture de Villette es una de las piscifactorías más antiguas de Francia, fundada en 1896. En el lugar, los pescadores encontrarán un estanque de pesca de truchas con todas las comodidades, incluidas mesas de picnic, bancos, aseos, una barbacoa y una zona de petanca."
    ],
    "nl": [
      "De Pisciculture de Villette is een van de oudste viskwekerijen van Frankrijk, opgericht in 1896. Ter plaatse vinden de vissers een forelvisvijver met alle comfort, zoals picknicktafels, banken, toiletten, een barbecue en een petanqueterrein."
    ]
  },
  "rdfs:label": {
    "fr": [
      "Etang de pêche - Pisciculture de Villette"
    ]
  },
  "hasBeenCreatedBy": {
    "@id": "https://data.datatourisme.fr/13/db60b95d-ecde-3d94-8b4c-d8685417cfdc",
    "dc:identifier": "2418",
    "schema:email": [
      "contact@tourismepayshoudanais.fr",
      "direction@tourismepayshoudanais.fr"
    ],
    "schema:legalName": "Office de Tourisme du Pays Houdanais",
    "@type": [
      "schema:Organization",
      "foaf:Agent",
      "Agent"
    ],
    "foaf:homepage": [
      "http://www.tourisme-pays-houdanais.fr/"
    ]
  },
  "hasBeenPublishedBy": [
    {
      "@id": "https://data.datatourisme.fr/8a9feb4b-2cbd-3d2c-b507-bd6c6776b23b",
      "schema:legalName": "Apidae Tourisme Scic SA - source : Apidae Tourisme",
      "@type": [
        "schema:Organization",
        "foaf:Agent",
        "Agent"
      ],
      "foaf:homepage": [
        "https://www.apidae-tourisme.com/"
      ]
    }
  ],
  "hasContact": [
    {
      "@id": "https://data.datatourisme.fr/180c5271-a13b-3dd6-95cc-0d8a5358b3c6",
      "schema:email": [
        "info@pisciculture.fr"
      ],
      "schema:telephone": [
        "+33 1 34 76 30 04"
      ],
      "@type": [
        "foaf:Agent",
        "Agent"
      ],
      "foaf:homepage": [
        "https://pisciculture.fr/"
      ]
    }
  ],
  "hasDescription": [
    {
      "@id": "https://data.datatourisme.fr/fcfdc405-6655-39bd-af23-5186b1b24bb1",
      "@type": [
        "Description"
      ],
      "hasTranslatedProperty": [
        {
          "@id": "https://data.datatourisme.fr/00fcf5a9-ceb5-3a14-a828-dcc7d040b4fb",
          "dc:contributor": [
            "https://api.deepl.com/v2/translate"
          ],
          "rdf:language": [
            "nl"
          ],
          "rdf:predicate": [
            "shortDescription"
          ]
        },
        {
          "@id": "https://data.datatourisme.fr/17a0b41b-66e8-328f-8756-d201b6a062c7",
          "dc:contributor": [
            "https://api.deepl.com/v2/translate"
          ],
          "rdf:language": [
            "de"
          ],
          "rdf:predicate": [
            "shortDescription"
          ]
        },
        {
          "@id": "https://data.datatourisme.fr/627d74ca-8ad5-31f8-8c09-cba7a2eeff0a",
          "dc:contributor": [
            "https://api.deepl.com/v2/translate"
          ],
          "rdf:language": [
            "it"
          ],
          "rdf:predicate": [
            "shortDescription"
          ]
        },
        {
          "@id": "https://data.datatourisme.fr/66ec7826-8a5f-3a98-88d5-2779b2c6a436",
          "dc:contributor": [
            "https://api.deepl.com/v2/translate"
          ],
          "rdf:language": [
            "es"
          ],
          "rdf:predicate": [
            "shortDescription"
          ]
        },
        {
          "@id": "https://data.datatourisme.fr/ccf8c99c-81fd-3db0-a1f9-07299b6dcc74",
          "dc:contributor": [
            "https://api.deepl.com/v2/translate"
          ],
          "rdf:language": [
            "en"
          ],
          "rdf:predicate": [
            "shortDescription"
          ]
        }
      ],
      "shortDescription": {
        "de": [
          "Die Pisciculture de Villette ist eine der ältesten Wildwasserzuchten Frankreichs, die 1896 gegründet wurde. Vor Ort finden Angler einen Forellenteich mit allem Komfort, Picknicktischen, einer Bank, Toiletten, einem Grill und einem Bouleplatz."
        ],
        "en": [
          "The Pisciculture de Villette is one of the oldest whitewater farms in France founded in 1896. On the spot, the fishermen will find a pond of trout fishing all comfort with picnic tables, bench, toilets, barbecue, ground of game of bowls."
        ],
        "it": [
          "La Pisciculture de Villette è una delle più antiche peschiere di Francia, fondata nel 1896. In loco, i pescatori troveranno un laghetto per la pesca alla trota con tutti i comfort, tra cui tavoli da picnic, panche, servizi igienici, un barbecue e un'area per le bocce."
        ],
        "fr": [
          "La Pisciculture de Villette est l'un des plus anciens élevages d'eaux vives de France fondé en 1896. Sur place, les pêcheurs trouveront un étang de pêche à la truite tout confort avec tables de pique-nique, banc, toilettes, barbecue, terrain de pétanque."
        ],
        "es": [
          "La Pisciculture de Villette es una de las piscifactorías más antiguas de Francia, fundada en 1896. En el lugar, los pescadores encontrarán un estanque de pesca de truchas con todas las comodidades, incluidas mesas de picnic, bancos, aseos, una barbacoa y una zona de petanca."
        ],
        "nl": [
          "De Pisciculture de Villette is een van de oudste viskwekerijen van Frankrijk, opgericht in 1896. Ter plaatse vinden de vissers een forelvisvijver met alle comfort, zoals picknicktafels, banken, toiletten, een barbecue en een petanqueterrein."
        ]
      }
    }
  ],
  "hasTheme": [
    {
      "@id": "kb:Fishing",
      "@type": [
        "SportsTheme"
      ],
      "rdfs:label": {
        "de": [
          "Fischerei"
        ],
        "pt": [
          "Pesca"
        ],
        "en": [
          "Fishing"
        ],
        "it": [
          "Pesca"
        ],
        "fr": [
          "Pêche"
        ],
        "nl": [
          "Visserij"
        ],
        "es": [
          "Pesca"
        ]
      }
    }
  ],
  "hasTranslatedProperty": [
    {
      "@id": "https://data.datatourisme.fr/1bba6c3e-63b2-3afe-92cc-e20466225571",
      "dc:contributor": [
        "https://api.deepl.com/v2/translate"
      ],
      "rdf:language": [
        "es"
      ],
      "rdf:predicate": [
        {
          "@id": "rdfs:comment"
        }
      ]
    },
    {
      "@id": "https://data.datatourisme.fr/48ceadbe-aee7-3901-8d82-41b7897dd5f0",
      "dc:contributor": [
        "https://api.deepl.com/v2/translate"
      ],
      "rdf:language": [
        "en"
      ],
      "rdf:predicate": [
        {
          "@id": "rdfs:comment"
        }
      ]
    },
    {
      "@id": "https://data.datatourisme.fr/8162c97e-9b8a-372a-821d-ae483c639fb4",
      "dc:contributor": [
        "https://api.deepl.com/v2/translate"
      ],
      "rdf:language": [
        "it"
      ],
      "rdf:predicate": [
        {
          "@id": "rdfs:comment"
        }
      ]
    },
    {
      "@id": "https://data.datatourisme.fr/b4987e9a-a70a-3f61-a41a-93d2a988bb0a",
      "dc:contributor": [
        "https://api.deepl.com/v2/translate"
      ],
      "rdf:language": [
        "nl"
      ],
      "rdf:predicate": [
        {
          "@id": "rdfs:comment"
        }
      ]
    },
    {
      "@id": "https://data.datatourisme.fr/dd98a948-64b8-3036-964a-6e620a9d4c4f",
      "dc:contributor": [
        "https://api.deepl.com/v2/translate"
      ],
      "rdf:language": [
        "de"
      ],
      "rdf:predicate": [
        {
          "@id": "rdfs:comment"
        }
      ]
    }
  ],
  "isLocatedAt": [
    {
      "@id": "https://data.datatourisme.fr/b131e76a-b2ba-3d19-ac53-80f018785151",
      "schema:address": [
        {
          "@id": "https://data.datatourisme.fr/3180b328-7571-3f79-86aa-f4543d010f90",
          "schema:addressLocality": "Villette",
          "schema:postalCode": "78930",
          "schema:streetAddress": [
            "3 Rue de Rosay"
          ],
          "@type": [
            "schema:PostalAddress",
            "PostalAddress"
          ],
          "hasAddressCity": {
            "@id": "kb:78677",
            "@type": [
              "City"
            ],
            "rdfs:label": {
              "de": [
                "Villette"
              ],
              "pt": [
                "Villette"
              ],
              "en": [
                "Villette"
              ],
              "it": [
                "Villette"
              ],
              "fr": [
                "Villette"
              ],
              "nl": [
                "Villette"
              ],
              "es": [
                "Villette"
              ]
            },
            "insee": "78677",
            "isPartOfDepartment": {
              "@id": "kb:France1178",
              "@type": [
                "Department"
              ],
              "rdfs:label": {
                "de": [
                  "Yvelines"
                ],
                "pt": [
                  "Yvelines"
                ],
                "en": [
                  "Yvelines"
                ],
                "it": [
                  "Yvelines"
                ],
                "fr": [
                  "Yvelines"
                ],
                "nl": [
                  "Yvelines"
                ],
                "es": [
                  "Yvelines"
                ]
              },
              "insee": "78",
              "isPartOfRegion": {
                "@id": "kb:France11",
                "@type": [
                  "Region"
                ],
                "rdfs:label": {
                  "de": [
                    "Île-de-France"
                  ],
                  "pt": [
                    "Île-de-France"
                  ],
                  "en": [
                    "Île-de-France"
                  ],
                  "it": [
                    "Île-de-France"
                  ],
                  "fr": [
                    "Île-de-France"
                  ],
                  "nl": [
                    "Île-de-France"
                  ],
                  "es": [
                    "Île-de-France"
                  ]
                },
                "insee": "11",
                "isPartOfCountry": {
                  "@id": "kb:France",
                  "@type": [
                    "schema:Country"
                  ],
                  "rdfs:label": {
                    "de": [
                      "France",
                      "Frankreich"
                    ],
                    "pt": [
                      "França",
                      "France"
                    ],
                    "en": [
                      "France"
                    ],
                    "it": [
                      "France",
                      "Francia"
                    ],
                    "fr": [
                      "France"
                    ],
                    "nl": [
                      "France",
                      "Frankrijk"
                    ],
                    "es": [
                      "France",
                      "Francia"
                    ]
                  }
                }
              }
            }
          }
        }
      ],
      "schema:geo": {
        "@id": "https://data.datatourisme.fr/e0da06cb-bcef-3fc5-9b7d-f1283b22d7d4",
        "schema:latitude": "48.92146",
        "schema:longitude": "1.686851",
        "@type": [
          "schema:GeoCoordinates"
        ]
      },
      "schema:openingHoursSpecification": [
        {
          "@id": "https://data.datatourisme.fr/b339dbb2-717d-3406-86bc-2a8e1e028a05",
          "schema:closes": "18:30:00",
          "schema:opens": "07:30:00",
          "schema:validFrom": "2023-01-01T00:00:00",
          "schema:validThrough": "2023-12-31T23:59:59",
          "@type": [
            "schema:OpeningHoursSpecification"
          ],
          "additionalInformation": {
            "de": [
              "GEÖFFNET VON MÄRZ BIS OKTOBER.\r\nGeöffnet von DIENSTAG bis SONNTAG, montags geschlossen.\r\nTAG: von 7:30 bis 18:30 Uhr\r\nHALBER TAG: von 7:30 bis 13:00 Uhr oder von 12:00 bis 18:30 Uhr\r\nAchtung: Der Teich wird manchmal von einer Gruppe privatisiert."
            ],
            "en": [
              "OPEN FROM MARCH TO OCTOBER.\r\nOpen from TUESDAY to SUNDAY, closed on Mondays.\r\nDAY : from 7h30 to 18h30\r\nHALF DAY : from 7h30 to 13h or from 12h to 18h30\r\nAttention, the pond is sometimes privatized by a group."
            ],
            "it": [
              "APERTO DA MARZO A OTTOBRE.\r\nAperto dal martedì alla domenica, chiuso il lunedì.\r\nGIORNO: dalle 7.30 alle 18.30\r\nMEZZA GIORNATA: dalle 7.30 alle 13.00 o dalle 12.00 alle 18.30\r\nAttenzione, il laghetto viene talvolta privatizzato da un gruppo."
            ],
            "fr": [
              "OUVERTURE DE MARS A OCTOBRE.\r\nOuvert du MARDI au DIMANCHE, fermé les lundis.\r\nJOURNEE : de 7h30 à 18h30\r\nDEMI-JOURNEE : de 7h30 à 13h ou de 12h à 18h30\r\nAttention, l'étang est parfois privatisé par un groupe."
            ],
            "nl": [
              "GEOPEND VAN MAART TOT OKTOBER.\r\nGeopend van dinsdag tot zondag, maandag gesloten.\r\nDAG : van 7u30 tot 18u30\r\nHALF DAG : van 7u30 tot 13u of van 12u tot 18u30\r\nOpgelet, de vijver wordt soms geprivatiseerd door een groep."
            ],
            "es": [
              "ABIERTO DE MARZO A OCTUBRE.\r\nAbierto de MARTES a DOMINGO, cerrado los lunes.\r\nDÍA : de 7h30 a 18h30\r\nMEDIO DÍA : de 7h30 a 13h00 o de 12h00 a 18h30\r\nAtención, el estanque a veces está privatizado por un grupo."
            ]
          },
          "hasTranslatedProperty": [
            {
              "@id": "https://data.datatourisme.fr/710a63eb-e944-300b-aad7-12b6fe378e2a",
              "dc:contributor": [
                "https://api.deepl.com/v2/translate"
              ],
              "rdf:language": [
                "es"
              ],
              "rdf:predicate": [
                "additionalInformation"
              ]
            },
            {
              "@id": "https://data.datatourisme.fr/8a97e51c-9098-3577-9dca-a554666697de",
              "dc:contributor": [
                "https://api.deepl.com/v2/translate"
              ],
              "rdf:language": [
                "de"
              ],
              "rdf:predicate": [
                "additionalInformation"
              ]
            },
            {
              "@id": "https://data.datatourisme.fr/9aed2fe6-d8c0-360a-94ed-a69c858804dd",
              "dc:contributor": [
                "https://api.deepl.com/v2/translate"
              ],
              "rdf:language": [
                "nl"
              ],
              "rdf:predicate": [
                "additionalInformation"
              ]
            },
            {
              "@id": "https://data.datatourisme.fr/9d2481a9-545b-34f2-a898-695579b16222",
              "dc:contributor": [
                "https://api.deepl.com/v2/translate"
              ],
              "rdf:language": [
                "en"
              ],
              "rdf:predicate": [
                "additionalInformation"
              ]
            },
            {
              "@id": "https://data.datatourisme.fr/d5df947d-5004-3c91-aa75-68d6cf1f7603",
              "dc:contributor": [
                "https://api.deepl.com/v2/translate"
              ],
              "rdf:language": [
                "it"
              ],
              "rdf:predicate": [
                "additionalInformation"
              ]
            }
          ]
        }
      ],
      "@type": [
        "schema:Place",
        "Place"
      ]
    }
  ],
  "isOwnedBy": [
    {
      "@id": "https://data.datatourisme.fr/6d30d275-e3dd-35c6-853e-7e6626cc4159",
      "schema:email": [
        "contact@tourismepayshoudanais.fr",
        "direction@tourismepayshoudanais.fr"
      ],
      "schema:legalName": "Office de Tourisme du Pays Houdanais",
      "@type": [
        "schema:Organization",
        "foaf:Agent",
        "Agent"
      ],
      "foaf:homepage": [
        "http://www.tourisme-pays-houdanais.fr/"
      ]
    }
  ],
  "lastUpdate": "2023-04-15",
  "lastUpdateDatatourisme": "2023-05-29T05:40:24.282Z"
}