{
  "@id": "https://data.datatourisme.fr/13/106116f0-b197-37e4-9f6c-d67c51b17cf1",
  "dc:identifier": "5413532",
  "@type": [
    "schema:FoodEstablishment",
    "FoodEstablishment",
    "PlaceOfInterest",
    "PointOfInterest"
  ],
  "rdfs:comment": {
    "de": [
      "Crêperie - Teesalon"
    ],
    "en": [
      "Creperie - Salon de thé"
    ],
    "it": [
      "Creperia - Sala da tè"
    ],
    "fr": [
      "Crêperie - Salon de thé"
    ],
    "nl": [
      "Creperie - Tearoom"
    ],
    "es": [
      "Crepería - Salón de té"
    ]
  },
  "rdfs:label": {
    "fr": [
      "Chez nous là-bas"
    ]
  },
  "hasBeenCreatedBy": {
    "@id": "https://data.datatourisme.fr/13/bc573864-331a-3e42-a451-1de6f678aa83",
    "dc:identifier": "1626",
    "schema:email": [
      "abernard@ot-cergypontoise.fr",
      "accueil@ot-cergypontoise.fr",
      "cherault@ot-cergypontoise.fr",
      "cpagnoux@ot-cergypontoise.fr",
      "cpratte@ot-cergypontoise.fr",
      "mcassort@ot-cergypontoise.fr",
      "mfrancois@ot-cergypontoise.fr",
      "mroux@ot-cergypontoise.fr",
      "vvergneaux@ot-cergypontoise.fr"
    ],
    "schema:legalName": "Office de Tourisme de Cergy-Pontoise - Porte du Vexin",
    "@type": [
      "schema:Organization",
      "foaf:Agent",
      "Agent"
    ],
    "foaf:homepage": [
      "http://www.ot-cergypontoise.fr/"
    ]
  },
  "hasBeenPublishedBy": [
    {
      "@id": "https://data.datatourisme.fr/8a9feb4b-2cbd-3d2c-b507-bd6c6776b23b",
      "schema:legalName": "Apidae Tourisme Scic SA - source : Apidae Tourisme",
      "@type": [
        "schema:Organization",
        "foaf:Agent",
        "Agent"
      ],
      "foaf:homepage": [
        "https://www.apidae-tourisme.com/"
      ]
    }
  ],
  "hasContact": [
    {
      "@id": "https://data.datatourisme.fr/140059b6-39c9-32f3-aaed-92890bc3e8f4",
      "schema:telephone": [
        "+33 1 30 75 25 57"
      ],
      "@type": [
        "foaf:Agent",
        "Agent"
      ]
    }
  ],
  "hasDescription": [
    {
      "@id": "https://data.datatourisme.fr/c9b0ace8-9f99-3a9c-b9ea-6863ad7e7b8e",
      "@type": [
        "Description"
      ],
      "hasTranslatedProperty": [
        {
          "@id": "https://data.datatourisme.fr/127b3770-38f0-38dc-a037-1418b017b081",
          "dc:contributor": [
            "https://api.deepl.com/v2/translate"
          ],
          "rdf:language": [
            "nl"
          ],
          "rdf:predicate": [
            "shortDescription"
          ]
        },
        {
          "@id": "https://data.datatourisme.fr/2f77efde-a1c3-34e0-a0b7-1996974b7297",
          "dc:contributor": [
            "https://api.deepl.com/v2/translate"
          ],
          "rdf:language": [
            "en"
          ],
          "rdf:predicate": [
            "shortDescription"
          ]
        },
        {
          "@id": "https://data.datatourisme.fr/aed7a661-4b41-3c3b-beb4-83ada3d1f9ea",
          "dc:contributor": [
            "https://api.deepl.com/v2/translate"
          ],
          "rdf:language": [
            "it"
          ],
          "rdf:predicate": [
            "shortDescription"
          ]
        },
        {
          "@id": "https://data.datatourisme.fr/e00429a0-f72f-35a0-8218-fd6ef256a516",
          "dc:contributor": [
            "https://api.deepl.com/v2/translate"
          ],
          "rdf:language": [
            "de"
          ],
          "rdf:predicate": [
            "shortDescription"
          ]
        },
        {
          "@id": "https://data.datatourisme.fr/e273c6c8-f80e-3ddf-9693-74d9ea85af3d",
          "dc:contributor": [
            "https://api.deepl.com/v2/translate"
          ],
          "rdf:language": [
            "es"
          ],
          "rdf:predicate": [
            "shortDescription"
          ]
        }
      ],
      "shortDescription": {
        "de": [
          "Crêperie - Teesalon"
        ],
        "en": [
          "Creperie - Salon de thé"
        ],
        "it": [
          "Creperia - Sala da tè"
        ],
        "fr": [
          "Crêperie - Salon de thé"
        ],
        "nl": [
          "Creperie - Tearoom"
        ],
        "es": [
          "Crepería - Salón de té"
        ]
      }
    }
  ],
  "hasTranslatedProperty": [
    {
      "@id": "https://data.datatourisme.fr/1e290bf3-62c3-3720-a34f-256e7b408f61",
      "dc:contributor": [
        "https://api.deepl.com/v2/translate"
      ],
      "rdf:language": [
        "de"
      ],
      "rdf:predicate": [
        {
          "@id": "rdfs:comment"
        }
      ]
    },
    {
      "@id": "https://data.datatourisme.fr/2f4a69ee-9b45-35c3-99b5-9d82633c59fb",
      "dc:contributor": [
        "https://api.deepl.com/v2/translate"
      ],
      "rdf:language": [
        "en"
      ],
      "rdf:predicate": [
        {
          "@id": "rdfs:comment"
        }
      ]
    },
    {
      "@id": "https://data.datatourisme.fr/9d3b1ace-89d4-3493-8af7-8f7fc9dd00de",
      "dc:contributor": [
        "https://api.deepl.com/v2/translate"
      ],
      "rdf:language": [
        "nl"
      ],
      "rdf:predicate": [
        {
          "@id": "rdfs:comment"
        }
      ]
    },
    {
      "@id": "https://data.datatourisme.fr/b875d9d8-c050-3bf5-a56a-74eb04e9b55a",
      "dc:contributor": [
        "https://api.deepl.com/v2/translate"
      ],
      "rdf:language": [
        "it"
      ],
      "rdf:predicate": [
        {
          "@id": "rdfs:comment"
        }
      ]
    },
    {
      "@id": "https://data.datatourisme.fr/cbe8acac-2cc7-36e2-8bdc-ed026865ee4b",
      "dc:contributor": [
        "https://api.deepl.com/v2/translate"
      ],
      "rdf:language": [
        "es"
      ],
      "rdf:predicate": [
        {
          "@id": "rdfs:comment"
        }
      ]
    }
  ],
  "isLocatedAt": [
    {
      "@id": "https://data.datatourisme.fr/c25f4f59-9dc7-37ea-a2ad-2a8ef1eb3935",
      "schema:address": [
        {
          "@id": "https://data.datatourisme.fr/945f96f9-a0e2-3ae1-aa51-d0e3dc38eb63",
          "schema:addressLocality": "Pontoise",
          "schema:postalCode": "95300",
          "schema:streetAddress": [
            "11, rue de Rouen"
          ],
          "@type": [
            "schema:PostalAddress",
            "PostalAddress"
          ],
          "hasAddressCity": {
            "@id": "kb:95500",
            "@type": [
              "City"
            ],
            "rdfs:label": {
              "de": [
                "Pontoise"
              ],
              "pt": [
                "Pontoise"
              ],
              "en": [
                "Pontoise"
              ],
              "it": [
                "Pontoise"
              ],
              "fr": [
                "Pontoise"
              ],
              "nl": [
                "Pontoise"
              ],
              "es": [
                "Pontoise"
              ]
            },
            "insee": "95500",
            "isPartOfDepartment": {
              "@id": "kb:France1195",
              "@type": [
                "Department"
              ],
              "rdfs:label": {
                "de": [
                  "Val-d'Oise"
                ],
                "pt": [
                  "Val-d'Oise"
                ],
                "en": [
                  "Val-d'Oise"
                ],
                "it": [
                  "Val-d'Oise"
                ],
                "fr": [
                  "Val-d'Oise"
                ],
                "nl": [
                  "Val-d'Oise"
                ],
                "es": [
                  "Val-d'Oise"
                ]
              },
              "insee": "95",
              "isPartOfRegion": {
                "@id": "kb:France11",
                "@type": [
                  "Region"
                ],
                "rdfs:label": {
                  "de": [
                    "Île-de-France"
                  ],
                  "pt": [
                    "Île-de-France"
                  ],
                  "en": [
                    "Île-de-France"
                  ],
                  "it": [
                    "Île-de-France"
                  ],
                  "fr": [
                    "Île-de-France"
                  ],
                  "nl": [
                    "Île-de-France"
                  ],
                  "es": [
                    "Île-de-France"
                  ]
                },
                "insee": "11",
                "isPartOfCountry": {
                  "@id": "kb:France",
                  "@type": [
                    "schema:Country"
                  ],
                  "rdfs:label": {
                    "de": [
                      "France",
                      "Frankreich"
                    ],
                    "pt": [
                      "França",
                      "France"
                    ],
                    "en": [
                      "France"
                    ],
                    "it": [
                      "France",
                      "Francia"
                    ],
                    "fr": [
                      "France"
                    ],
                    "nl": [
                      "France",
                      "Frankrijk"
                    ],
                    "es": [
                      "France",
                      "Francia"
                    ]
                  }
                }
              }
            }
          }
        }
      ],
      "schema:geo": {
        "@id": "https://data.datatourisme.fr/b5c2639c-6802-3d41-8113-280a8fc4d606",
        "schema:latitude": "49.049641",
        "schema:longitude": "2.090659",
        "@type": [
          "schema:GeoCoordinates"
        ]
      },
      "schema:openingHoursSpecification": [
        {
          "@id": "https://data.datatourisme.fr/e7e0ac06-00bc-3aa6-9e81-d66a4c0f2215",
          "schema:closes": "23:00:00",
          "schema:opens": "10:30:00",
          "schema:validFrom": "2023-01-01T00:00:00",
          "schema:validThrough": "2023-12-31T23:59:59",
          "@type": [
            "schema:OpeningHoursSpecification"
          ],
          "additionalInformation": {
            "de": [
              "Geöffnet montags von 14:00 bis 18:30 Uhr, dienstags bis freitags von 10:30 bis 18:30 Uhr, freitags von 10:30 bis 22:30 Uhr und samstags und von 11:30 bis 23:00 Uhr."
            ],
            "en": [
              "Open Monday from 2 to 6.30 pm, Tuesday to Friday from 10.30 am to 6.30 pm, Friday from 10.30 am to 10.30 pm and Saturday from 11.30 am to 11 pm."
            ],
            "it": [
              "Aperto il lunedì dalle 14.00 alle 18.30, dal martedì al venerdì dalle 10.30 alle 18.30, il venerdì dalle 10.30 alle 22.30 e il sabato dalle 11.30 alle 23.00."
            ],
            "fr": [
              "Ouvert le lundi de 14h à 18h30, du mardi au vendredi, de 10h30 à 18h30, le vendredi de 10h30 à 22h30 et le samedi et de 11h30 à 23h."
            ],
            "nl": [
              "Maandag geopend van 14.00 tot 18.30 uur, dinsdag tot en met vrijdag van 10.30 tot 18.30 uur, vrijdag van 10.30 tot 22.30 uur en zaterdag van 11.30 tot 23.00 uur."
            ],
            "es": [
              "Abierto el lunes de 14:00 a 18:30, de martes a viernes de 10:30 a 18:30, el viernes de 10:30 a 22:30 y el sábado de 11:30 a 23:00."
            ]
          },
          "hasTranslatedProperty": [
            {
              "@id": "https://data.datatourisme.fr/0d34dcc9-0a0e-361d-a093-1965a80cc62a",
              "dc:contributor": [
                "https://api.deepl.com/v2/translate"
              ],
              "rdf:language": [
                "de"
              ],
              "rdf:predicate": [
                "additionalInformation"
              ]
            },
            {
              "@id": "https://data.datatourisme.fr/5514416b-b183-3129-9871-359bbfc75fc4",
              "dc:contributor": [
                "https://api.deepl.com/v2/translate"
              ],
              "rdf:language": [
                "es"
              ],
              "rdf:predicate": [
                "additionalInformation"
              ]
            },
            {
              "@id": "https://data.datatourisme.fr/8fa50745-3c76-3fd9-9005-1b9610e0bd6e",
              "dc:contributor": [
                "https://api.deepl.com/v2/translate"
              ],
              "rdf:language": [
                "it"
              ],
              "rdf:predicate": [
                "additionalInformation"
              ]
            },
            {
              "@id": "https://data.datatourisme.fr/af021122-8619-3ba2-97b5-125e33fca8eb",
              "dc:contributor": [
                "https://api.deepl.com/v2/translate"
              ],
              "rdf:language": [
                "en"
              ],
              "rdf:predicate": [
                "additionalInformation"
              ]
            },
            {
              "@id": "https://data.datatourisme.fr/e346566b-9804-37b2-9571-f9938beb29f0",
              "dc:contributor": [
                "https://api.deepl.com/v2/translate"
              ],
              "rdf:language": [
                "nl"
              ],
              "rdf:predicate": [
                "additionalInformation"
              ]
            }
          ]
        }
      ],
      "@type": [
        "schema:Place",
        "Place"
      ]
    }
  ],
  "isOwnedBy": [
    {
      "@id": "https://data.datatourisme.fr/38525452-e91f-39bb-947a-49cf6c966b75",
      "schema:email": [
        "abernard@ot-cergypontoise.fr",
        "accueil@ot-cergypontoise.fr",
        "cherault@ot-cergypontoise.fr",
        "cpagnoux@ot-cergypontoise.fr",
        "cpratte@ot-cergypontoise.fr",
        "mcassort@ot-cergypontoise.fr",
        "mfrancois@ot-cergypontoise.fr",
        "mroux@ot-cergypontoise.fr",
        "vvergneaux@ot-cergypontoise.fr"
      ],
      "schema:legalName": "Office de Tourisme de Cergy-Pontoise - Porte du Vexin",
      "@type": [
        "schema:Organization",
        "foaf:Agent",
        "Agent"
      ],
      "foaf:homepage": [
        "http://www.ot-cergypontoise.fr/"
      ]
    }
  ],
  "lastUpdate": "2019-12-26",
  "lastUpdateDatatourisme": "2023-02-01T18:07:35.633Z"
}