{
  "@id": "https://data.datatourisme.fr/13/103f3b52-252b-367c-952f-988fa64bacbe",
  "dc:identifier": "5750475",
  "@type": [
    "schema:LocalBusiness",
    "ArtGalleryOrExhibitionGallery",
    "PlaceOfInterest",
    "PointOfInterest",
    "SportsAndLeisurePlace",
    "Store"
  ],
  "rdfs:comment": {
    "de": [
      "Diese Kunstgalerie bietet jeden Monatsanfang eine neue Ausstellung mit 10 Künstlern (Maler, Bildhauer und Fotografen) aus verschiedenen Bereichen an.\r\nWir laden Sie herzlich ein, die Künstler bei jeder Vernissage zu treffen!"
    ],
    "en": [
      "This art gallery offers a new exhibition every month with 10 artists (painters, sculptors, and photographers) from various backgrounds.\r\nWe invite you to meet the artists at each opening!"
    ],
    "it": [
      "Questa galleria d'arte propone ogni mese una nuova mostra con 10 artisti (pittori, scultori e fotografi) di varia provenienza.\r\nVi invitiamo a incontrare gli artisti ad ogni inaugurazione!"
    ],
    "fr": [
      "Cette galerie d'art propose une nouvelle exposition chaque début de mois avec 10 artistes (Peintres, sculpteurs, et photographes) d'horizons divers.\r\nNous vous invitons à rencontrer artistes à chaque vernissage!"
    ],
    "es": [
      "Esta galería de arte ofrece una nueva exposición cada mes con 10 artistas (pintores, escultores y fotógrafos) de diversas procedencias.\r\nLe invitamos a conocer a los artistas en cada inauguración"
    ],
    "nl": [
      "Deze kunstgalerie biedt elke maand een nieuwe tentoonstelling met 10 kunstenaars (schilders, beeldhouwers en fotografen) met verschillende achtergronden.\r\nWij nodigen u uit om de kunstenaars bij elke opening te ontmoeten!"
    ]
  },
  "rdfs:label": {
    "fr": [
      "Galerie Roz in Winter"
    ]
  },
  "hasBeenCreatedBy": {
    "@id": "https://data.datatourisme.fr/13/a2137a2a-e8e3-3b50-82a3-f8909ecb88fe",
    "dc:identifier": "1065",
    "schema:email": [
      "celine@fontainebleau-tourisme.com",
      "christelle@fontainebleau-tourisme.com",
      "edwige.fontainebleau@gmail.com",
      "emilie@fontainebleau-tourisme.com",
      "lorie@fontainebleau-tourisme.com",
      "magali@fontainebleau-tourisme.com",
      "mathilde@fontainebleau-tourisme.com",
      "stessier.fontainebleautourisme@gmail.com"
    ],
    "schema:legalName": "Fontainebleau Tourisme",
    "@type": [
      "schema:Organization",
      "foaf:Agent",
      "Agent"
    ],
    "foaf:homepage": [
      "http://www.fontainebleau-tourisme.com/"
    ]
  },
  "hasBeenPublishedBy": [
    {
      "@id": "https://data.datatourisme.fr/1db24fc4-b534-39bf-bdaf-152c6f98730e",
      "schema:legalName": "Seine et Marne Attractivité - source : Apidae Tourisme",
      "@type": [
        "schema:Organization",
        "foaf:Agent",
        "Agent"
      ],
      "foaf:homepage": [
        "https://www.apidae-tourisme.com/"
      ]
    }
  ],
  "hasContact": [
    {
      "@id": "https://data.datatourisme.fr/8e145f3a-dbbe-35a7-9437-854fafad94f6",
      "schema:email": [
        "galerie@rozinwinter.com"
      ],
      "schema:telephone": [
        "+33 6 10 71 13 25"
      ],
      "@type": [
        "foaf:Agent",
        "Agent"
      ],
      "foaf:homepage": [
        "https://rozinwinter.com/"
      ]
    }
  ],
  "hasDescription": [
    {
      "@id": "https://data.datatourisme.fr/a332311b-e39e-3394-980e-30bde737205e",
      "@type": [
        "Description"
      ],
      "hasTranslatedProperty": [
        {
          "@id": "https://data.datatourisme.fr/34a9be04-6518-3406-881c-720056b65931",
          "dc:contributor": [
            "https://api.deepl.com/v2/translate"
          ],
          "rdf:language": [
            "it"
          ],
          "rdf:predicate": [
            "shortDescription"
          ]
        },
        {
          "@id": "https://data.datatourisme.fr/3cd69f84-17d4-3515-8483-67bb08030b9b",
          "dc:contributor": [
            "https://api.deepl.com/v2/translate"
          ],
          "rdf:language": [
            "es"
          ],
          "rdf:predicate": [
            "shortDescription"
          ]
        },
        {
          "@id": "https://data.datatourisme.fr/514b9d39-2917-31d3-9c55-699607f15770",
          "dc:contributor": [
            "https://api.deepl.com/v2/translate"
          ],
          "rdf:language": [
            "nl"
          ],
          "rdf:predicate": [
            "shortDescription"
          ]
        },
        {
          "@id": "https://data.datatourisme.fr/8646cdd0-5358-39a3-b2fb-c27ab7562aaf",
          "dc:contributor": [
            "https://api.deepl.com/v2/translate"
          ],
          "rdf:language": [
            "en"
          ],
          "rdf:predicate": [
            "shortDescription"
          ]
        },
        {
          "@id": "https://data.datatourisme.fr/ca399a52-45eb-3503-abbd-7a83ae5f57e9",
          "dc:contributor": [
            "https://api.deepl.com/v2/translate"
          ],
          "rdf:language": [
            "de"
          ],
          "rdf:predicate": [
            "shortDescription"
          ]
        }
      ],
      "shortDescription": {
        "de": [
          "Diese Kunstgalerie bietet jeden Monatsanfang eine neue Ausstellung mit 10 Künstlern (Maler, Bildhauer und Fotografen) aus verschiedenen Bereichen an.\r\nWir laden Sie herzlich ein, die Künstler bei jeder Vernissage zu treffen!"
        ],
        "en": [
          "This art gallery offers a new exhibition every month with 10 artists (painters, sculptors, and photographers) from various backgrounds.\r\nWe invite you to meet the artists at each opening!"
        ],
        "it": [
          "Questa galleria d'arte propone ogni mese una nuova mostra con 10 artisti (pittori, scultori e fotografi) di varia provenienza.\r\nVi invitiamo a incontrare gli artisti ad ogni inaugurazione!"
        ],
        "fr": [
          "Cette galerie d'art propose une nouvelle exposition chaque début de mois avec 10 artistes (Peintres, sculpteurs, et photographes) d'horizons divers.\r\nNous vous invitons à rencontrer artistes à chaque vernissage!"
        ],
        "es": [
          "Esta galería de arte ofrece una nueva exposición cada mes con 10 artistas (pintores, escultores y fotógrafos) de diversas procedencias.\r\nLe invitamos a conocer a los artistas en cada inauguración"
        ],
        "nl": [
          "Deze kunstgalerie biedt elke maand een nieuwe tentoonstelling met 10 kunstenaars (schilders, beeldhouwers en fotografen) met verschillende achtergronden.\r\nWij nodigen u uit om de kunstenaars bij elke opening te ontmoeten!"
        ]
      }
    }
  ],
  "hasTranslatedProperty": [
    {
      "@id": "https://data.datatourisme.fr/5e45e0b1-6824-3384-90f1-6ae09c47cda9",
      "dc:contributor": [
        "https://api.deepl.com/v2/translate"
      ],
      "rdf:language": [
        "es"
      ],
      "rdf:predicate": [
        {
          "@id": "rdfs:comment"
        }
      ]
    },
    {
      "@id": "https://data.datatourisme.fr/70bb3da9-1206-3b74-a45a-f3691fb27dfd",
      "dc:contributor": [
        "https://api.deepl.com/v2/translate"
      ],
      "rdf:language": [
        "nl"
      ],
      "rdf:predicate": [
        {
          "@id": "rdfs:comment"
        }
      ]
    },
    {
      "@id": "https://data.datatourisme.fr/afadeff5-ab01-3b20-9249-1bb9b68d346e",
      "dc:contributor": [
        "https://api.deepl.com/v2/translate"
      ],
      "rdf:language": [
        "en"
      ],
      "rdf:predicate": [
        {
          "@id": "rdfs:comment"
        }
      ]
    },
    {
      "@id": "https://data.datatourisme.fr/bf084f0b-96ec-334d-92c3-468183ad5237",
      "dc:contributor": [
        "https://api.deepl.com/v2/translate"
      ],
      "rdf:language": [
        "de"
      ],
      "rdf:predicate": [
        {
          "@id": "rdfs:comment"
        }
      ]
    },
    {
      "@id": "https://data.datatourisme.fr/f1ef9f6b-c1ee-3500-a868-38915e22a705",
      "dc:contributor": [
        "https://api.deepl.com/v2/translate"
      ],
      "rdf:language": [
        "it"
      ],
      "rdf:predicate": [
        {
          "@id": "rdfs:comment"
        }
      ]
    }
  ],
  "isLocatedAt": [
    {
      "@id": "https://data.datatourisme.fr/4c40f060-1e98-3d88-94f8-a4d2f76c8ec2",
      "schema:address": [
        {
          "@id": "https://data.datatourisme.fr/71bf2993-419a-309f-b366-a07a0eb1c146",
          "schema:addressLocality": "Barbizon",
          "schema:postalCode": "77630",
          "schema:streetAddress": [
            "61 grande rue"
          ],
          "@type": [
            "schema:PostalAddress",
            "PostalAddress"
          ],
          "hasAddressCity": {
            "@id": "kb:77022",
            "@type": [
              "City"
            ],
            "rdfs:label": {
              "de": [
                "Barbizon"
              ],
              "pt": [
                "Barbizon"
              ],
              "en": [
                "Barbizon"
              ],
              "it": [
                "Barbizon"
              ],
              "fr": [
                "Barbizon"
              ],
              "nl": [
                "Barbizon"
              ],
              "es": [
                "Barbizon"
              ]
            },
            "insee": "77022",
            "isPartOfDepartment": {
              "@id": "kb:France1177",
              "@type": [
                "Department"
              ],
              "rdfs:label": {
                "de": [
                  "Seine-et-Marne"
                ],
                "pt": [
                  "Seine-et-Marne"
                ],
                "en": [
                  "Seine-et-Marne"
                ],
                "it": [
                  "Seine-et-Marne"
                ],
                "fr": [
                  "Seine-et-Marne"
                ],
                "nl": [
                  "Seine-et-Marne"
                ],
                "es": [
                  "Seine-et-Marne"
                ]
              },
              "insee": "77",
              "isPartOfRegion": {
                "@id": "kb:France11",
                "@type": [
                  "Region"
                ],
                "rdfs:label": {
                  "de": [
                    "Île-de-France"
                  ],
                  "pt": [
                    "Île-de-France"
                  ],
                  "en": [
                    "Île-de-France"
                  ],
                  "it": [
                    "Île-de-France"
                  ],
                  "fr": [
                    "Île-de-France"
                  ],
                  "nl": [
                    "Île-de-France"
                  ],
                  "es": [
                    "Île-de-France"
                  ]
                },
                "insee": "11",
                "isPartOfCountry": {
                  "@id": "kb:France",
                  "@type": [
                    "schema:Country"
                  ],
                  "rdfs:label": {
                    "de": [
                      "France",
                      "Frankreich"
                    ],
                    "pt": [
                      "França",
                      "France"
                    ],
                    "en": [
                      "France"
                    ],
                    "it": [
                      "France",
                      "Francia"
                    ],
                    "fr": [
                      "France"
                    ],
                    "nl": [
                      "France",
                      "Frankrijk"
                    ],
                    "es": [
                      "France",
                      "Francia"
                    ]
                  }
                }
              }
            }
          }
        }
      ],
      "schema:geo": {
        "@id": "https://data.datatourisme.fr/7502d9f6-45b0-3c92-8a12-9cf9cf2b6fc8",
        "schema:latitude": "48.44464",
        "schema:longitude": "2.607446",
        "@type": [
          "schema:GeoCoordinates"
        ]
      },
      "schema:openingHoursSpecification": [
        {
          "@id": "https://data.datatourisme.fr/093f6fe0-c194-3f2d-aa75-907e4f604040",
          "schema:validFrom": "2023-01-01T00:00:00",
          "schema:validThrough": "2023-12-31T23:59:59",
          "@type": [
            "schema:OpeningHoursSpecification"
          ],
          "additionalInformation": {
            "de": [
              "Mittwoch 14h-19h\r\nDonnerstag bis Sonntag 11:00-19:00 Uhr"
            ],
            "en": [
              "Wednesday 14h-19h\r\nThursday to Sunday 11am-7pm"
            ],
            "it": [
              "Mercoledì 14:00-19:00\r\nDa giovedì a domenica dalle 11.00 alle 19.00"
            ],
            "fr": [
              "Mercredi 14h-19h\r\nJeudi au dimanche 11h-19h"
            ],
            "nl": [
              "Woensdag 14.00-19.00 uur\r\nDonderdag tot zondag van 11 tot 19 uur"
            ],
            "es": [
              "Miércoles de 14 a 19 horas\r\nDe jueves a domingo, de 11 a 19 horas"
            ]
          },
          "hasTranslatedProperty": [
            {
              "@id": "https://data.datatourisme.fr/86b2e552-ad8b-30da-8f21-f21f02875342",
              "dc:contributor": [
                "https://api.deepl.com/v2/translate"
              ],
              "rdf:language": [
                "es"
              ],
              "rdf:predicate": [
                "additionalInformation"
              ]
            },
            {
              "@id": "https://data.datatourisme.fr/9a473f5e-75aa-33d2-b188-03fed913d0dc",
              "dc:contributor": [
                "https://api.deepl.com/v2/translate"
              ],
              "rdf:language": [
                "en"
              ],
              "rdf:predicate": [
                "additionalInformation"
              ]
            },
            {
              "@id": "https://data.datatourisme.fr/9cccc01a-97e7-33c1-9347-b24b5a917ca5",
              "dc:contributor": [
                "https://api.deepl.com/v2/translate"
              ],
              "rdf:language": [
                "de"
              ],
              "rdf:predicate": [
                "additionalInformation"
              ]
            },
            {
              "@id": "https://data.datatourisme.fr/dac0a6eb-997d-3227-ac0b-313fca7ee94a",
              "dc:contributor": [
                "https://api.deepl.com/v2/translate"
              ],
              "rdf:language": [
                "nl"
              ],
              "rdf:predicate": [
                "additionalInformation"
              ]
            },
            {
              "@id": "https://data.datatourisme.fr/e72c93bf-18e7-34e0-b0cf-91da10300244",
              "dc:contributor": [
                "https://api.deepl.com/v2/translate"
              ],
              "rdf:language": [
                "it"
              ],
              "rdf:predicate": [
                "additionalInformation"
              ]
            }
          ]
        }
      ],
      "@type": [
        "schema:Place",
        "Place"
      ]
    }
  ],
  "isOwnedBy": [
    {
      "@id": "https://data.datatourisme.fr/916f1cb3-e1a7-3f46-bb52-81cbe36922b0",
      "schema:email": [
        "celine@fontainebleau-tourisme.com",
        "emilie@fontainebleau-tourisme.com",
        "lorie@fontainebleau-tourisme.com",
        "mathilde@fontainebleau-tourisme.com"
      ],
      "schema:legalName": "Office de tourisme du Pays de Fontainebleau",
      "@type": [
        "schema:Organization",
        "foaf:Agent",
        "Agent"
      ],
      "foaf:homepage": [
        "http://www.fontainebleau-tourisme.com/"
      ]
    }
  ],
  "lastUpdate": "2023-02-21",
  "lastUpdateDatatourisme": "2023-02-22T06:42:37.67Z"
}