{
  "@id": "https://data.datatourisme.fr/13/10725b6a-c31f-3b84-9a92-161552740da5",
  "dc:identifier": "5823476",
  "@type": [
    "schema:Library",
    "CulturalSite",
    "Library",
    "PlaceOfInterest",
    "PointOfInterest",
    "SportsAndLeisurePlace"
  ],
  "rdfs:comment": {
    "de": [
      "Zahlreiche Bücher, Zeitschriften oder auch Animation erwarten Sie in der Bibliothek von Villejust!"
    ],
    "en": [
      "Many books, magazines and animations are waiting for you at the Villejust library!"
    ],
    "it": [
      "Molti libri, riviste e animazioni vi aspettano alla biblioteca di Villejust!"
    ],
    "fr": [
      "De nombreux livres, magazines ou encore animation vous attendent à la bibliothèque de Villejust !"
    ],
    "nl": [
      "Vele boeken, tijdschriften en animaties wachten op u in de bibliotheek van Villejust!"
    ],
    "es": [
      "En la biblioteca de Villejust te esperan muchos libros, revistas y animaciones"
    ]
  },
  "rdfs:label": {
    "fr": [
      "Bibliothèque de Villejust"
    ]
  },
  "hasBeenCreatedBy": {
    "@id": "https://data.datatourisme.fr/13/e034fb6b-66aa-3c1d-88f4-45ddfb08da98",
    "dc:identifier": "1233",
    "schema:email": [
      "d.trioux@destination-paris-saclay.com"
    ],
    "schema:legalName": "Destination Paris-Saclay",
    "@type": [
      "schema:Organization",
      "foaf:Agent",
      "Agent"
    ],
    "foaf:homepage": [
      "https://www.destination-paris-saclay.com/"
    ]
  },
  "hasBeenPublishedBy": [
    {
      "@id": "https://data.datatourisme.fr/8a9feb4b-2cbd-3d2c-b507-bd6c6776b23b",
      "schema:legalName": "Apidae Tourisme Scic SA - source : Apidae Tourisme",
      "@type": [
        "schema:Organization",
        "foaf:Agent",
        "Agent"
      ],
      "foaf:homepage": [
        "https://www.apidae-tourisme.com/"
      ]
    }
  ],
  "hasContact": [
    {
      "@id": "https://data.datatourisme.fr/066afa09-461d-3535-94ba-bc1fe24e8583",
      "schema:email": [
        "bibliotheque@villejust.fr"
      ],
      "schema:telephone": [
        "+33 1 60 14 67 49"
      ],
      "@type": [
        "foaf:Agent",
        "Agent"
      ]
    }
  ],
  "hasDescription": [
    {
      "@id": "https://data.datatourisme.fr/ea7b6728-3ac3-3387-8199-bc2e965bf348",
      "@type": [
        "Description"
      ],
      "hasTranslatedProperty": [
        {
          "@id": "https://data.datatourisme.fr/06310a26-53ba-3de8-a368-7f1dc357ab16",
          "dc:contributor": [
            "https://api.deepl.com/v2/translate"
          ],
          "rdf:language": [
            "es"
          ],
          "rdf:predicate": [
            "shortDescription"
          ]
        },
        {
          "@id": "https://data.datatourisme.fr/13db2432-b10d-3d3a-8cb2-3c71d391ab6b",
          "dc:contributor": [
            "https://api.deepl.com/v2/translate"
          ],
          "rdf:language": [
            "de"
          ],
          "rdf:predicate": [
            "shortDescription"
          ]
        },
        {
          "@id": "https://data.datatourisme.fr/94e58322-0f4c-31fb-b0b4-4819f77b1e4f",
          "dc:contributor": [
            "https://api.deepl.com/v2/translate"
          ],
          "rdf:language": [
            "en"
          ],
          "rdf:predicate": [
            "shortDescription"
          ]
        },
        {
          "@id": "https://data.datatourisme.fr/98c47822-d2fe-3783-b1aa-94b341027ebb",
          "dc:contributor": [
            "https://api.deepl.com/v2/translate"
          ],
          "rdf:language": [
            "nl"
          ],
          "rdf:predicate": [
            "shortDescription"
          ]
        },
        {
          "@id": "https://data.datatourisme.fr/e65fe106-be08-3686-87c9-2303ed793f4b",
          "dc:contributor": [
            "https://api.deepl.com/v2/translate"
          ],
          "rdf:language": [
            "it"
          ],
          "rdf:predicate": [
            "shortDescription"
          ]
        }
      ],
      "shortDescription": {
        "de": [
          "Zahlreiche Bücher, Zeitschriften oder auch Animation erwarten Sie in der Bibliothek von Villejust!"
        ],
        "en": [
          "Many books, magazines and animations are waiting for you at the Villejust library!"
        ],
        "it": [
          "Molti libri, riviste e animazioni vi aspettano alla biblioteca di Villejust!"
        ],
        "fr": [
          "De nombreux livres, magazines ou encore animation vous attendent à la bibliothèque de Villejust !"
        ],
        "nl": [
          "Vele boeken, tijdschriften en animaties wachten op u in de bibliotheek van Villejust!"
        ],
        "es": [
          "En la biblioteca de Villejust te esperan muchos libros, revistas y animaciones"
        ]
      }
    }
  ],
  "hasTranslatedProperty": [
    {
      "@id": "https://data.datatourisme.fr/1e7e9036-7461-3aa0-a29f-6962c6a62d70",
      "dc:contributor": [
        "https://api.deepl.com/v2/translate"
      ],
      "rdf:language": [
        "de"
      ],
      "rdf:predicate": [
        {
          "@id": "rdfs:comment"
        }
      ]
    },
    {
      "@id": "https://data.datatourisme.fr/62fec9f0-73d4-3b81-93ae-81abea553332",
      "dc:contributor": [
        "https://api.deepl.com/v2/translate"
      ],
      "rdf:language": [
        "en"
      ],
      "rdf:predicate": [
        {
          "@id": "rdfs:comment"
        }
      ]
    },
    {
      "@id": "https://data.datatourisme.fr/8e3d8d65-2584-3b63-891a-b4d6e96a277d",
      "dc:contributor": [
        "https://api.deepl.com/v2/translate"
      ],
      "rdf:language": [
        "es"
      ],
      "rdf:predicate": [
        {
          "@id": "rdfs:comment"
        }
      ]
    },
    {
      "@id": "https://data.datatourisme.fr/b408926e-3ec8-378c-b45b-61748ce58c2a",
      "dc:contributor": [
        "https://api.deepl.com/v2/translate"
      ],
      "rdf:language": [
        "nl"
      ],
      "rdf:predicate": [
        {
          "@id": "rdfs:comment"
        }
      ]
    },
    {
      "@id": "https://data.datatourisme.fr/dbffd063-3012-3265-be3a-64b9c404af3f",
      "dc:contributor": [
        "https://api.deepl.com/v2/translate"
      ],
      "rdf:language": [
        "it"
      ],
      "rdf:predicate": [
        {
          "@id": "rdfs:comment"
        }
      ]
    }
  ],
  "isLocatedAt": [
    {
      "@id": "https://data.datatourisme.fr/f7f12f59-d9ee-3d07-a7d2-1d47b9a962d7",
      "schema:address": [
        {
          "@id": "https://data.datatourisme.fr/7fc0ab76-52aa-385b-ab29-f3d1fce5fd7f",
          "schema:addressLocality": "Villejust",
          "schema:postalCode": "91140",
          "schema:streetAddress": [
            "24, rue de la Mairie",
            "En face de l’Ecole maternelle"
          ],
          "@type": [
            "schema:PostalAddress",
            "PostalAddress"
          ],
          "hasAddressCity": {
            "@id": "kb:91666",
            "@type": [
              "City"
            ],
            "rdfs:label": {
              "de": [
                "Villejust"
              ],
              "pt": [
                "Villejust"
              ],
              "en": [
                "Villejust"
              ],
              "it": [
                "Villejust"
              ],
              "fr": [
                "Villejust"
              ],
              "nl": [
                "Villejust"
              ],
              "es": [
                "Villejust"
              ]
            },
            "insee": "91666",
            "isPartOfDepartment": {
              "@id": "kb:France1191",
              "@type": [
                "Department"
              ],
              "rdfs:label": {
                "de": [
                  "Essonne"
                ],
                "pt": [
                  "Essonne"
                ],
                "en": [
                  "Essonne"
                ],
                "it": [
                  "Essonne"
                ],
                "fr": [
                  "Essonne"
                ],
                "nl": [
                  "Essonne"
                ],
                "es": [
                  "Essonne"
                ]
              },
              "insee": "91",
              "isPartOfRegion": {
                "@id": "kb:France11",
                "@type": [
                  "Region"
                ],
                "rdfs:label": {
                  "de": [
                    "Île-de-France"
                  ],
                  "pt": [
                    "Île-de-France"
                  ],
                  "en": [
                    "Île-de-France"
                  ],
                  "it": [
                    "Île-de-France"
                  ],
                  "fr": [
                    "Île-de-France"
                  ],
                  "nl": [
                    "Île-de-France"
                  ],
                  "es": [
                    "Île-de-France"
                  ]
                },
                "insee": "11",
                "isPartOfCountry": {
                  "@id": "kb:France",
                  "@type": [
                    "schema:Country"
                  ],
                  "rdfs:label": {
                    "de": [
                      "France",
                      "Frankreich"
                    ],
                    "pt": [
                      "França",
                      "France"
                    ],
                    "en": [
                      "France"
                    ],
                    "it": [
                      "France",
                      "Francia"
                    ],
                    "fr": [
                      "France"
                    ],
                    "nl": [
                      "France",
                      "Frankrijk"
                    ],
                    "es": [
                      "France",
                      "Francia"
                    ]
                  }
                }
              }
            }
          }
        }
      ],
      "schema:geo": {
        "@id": "https://data.datatourisme.fr/0a337e50-ac8a-3d18-bec2-66196bc1770d",
        "schema:latitude": "48.682353",
        "schema:longitude": "2.236585",
        "@type": [
          "schema:GeoCoordinates"
        ]
      },
      "schema:openingHoursSpecification": [
        {
          "@id": "https://data.datatourisme.fr/2ba140ea-4e7e-3ebf-8ff2-a110865e1803",
          "schema:validFrom": "2023-01-01T00:00:00",
          "schema:validThrough": "2023-12-31T23:59:59",
          "@type": [
            "schema:OpeningHoursSpecification"
          ],
          "additionalInformation": {
            "de": [
              "mittwoch 14.00 - 18.00 Uhr\r\nfreitag 15.00 -19.00 Uhr\r\nsamstag 14.00 - 18.00 Uhr"
            ],
            "en": [
              "wednesday 2:00 pm - 6:00 pm\r\nfriday 3:00 pm - 7:00 pm\r\nsaturday 2:00 pm - 6:00 pm"
            ],
            "it": [
              "mercoledì 14:00 - 18:00\r\nvenerdì 15:00-19:00\r\nsabato 14:00 - 18:00"
            ],
            "fr": [
              "mercredi  14h00 - 18h00\r\nvendredi  15h00 -19h00\r\nsamedi  14h00 - 18h00"
            ],
            "nl": [
              "woensdag 14:00 - 18:00\r\nvrijdag 15:00 -19:00\r\nzaterdag 14:00 - 18:00"
            ],
            "es": [
              "miércoles 14:00 - 18:00\r\nviernes 15:00 -19:00\r\nsábado 14:00 - 18:00"
            ]
          },
          "hasTranslatedProperty": [
            {
              "@id": "https://data.datatourisme.fr/81a134a9-ef57-3739-a520-07fc9e34d7b3",
              "dc:contributor": [
                "https://api.deepl.com/v2/translate"
              ],
              "rdf:language": [
                "it"
              ],
              "rdf:predicate": [
                "additionalInformation"
              ]
            },
            {
              "@id": "https://data.datatourisme.fr/92b6710b-5a33-3738-ad14-14e47050fb55",
              "dc:contributor": [
                "https://api.deepl.com/v2/translate"
              ],
              "rdf:language": [
                "en"
              ],
              "rdf:predicate": [
                "additionalInformation"
              ]
            },
            {
              "@id": "https://data.datatourisme.fr/bb42a460-bbd8-368a-8eef-b46acdca4ef4",
              "dc:contributor": [
                "https://api.deepl.com/v2/translate"
              ],
              "rdf:language": [
                "de"
              ],
              "rdf:predicate": [
                "additionalInformation"
              ]
            },
            {
              "@id": "https://data.datatourisme.fr/ccc01eb8-e7eb-3034-9c94-f84b4c4cd9ee",
              "dc:contributor": [
                "https://api.deepl.com/v2/translate"
              ],
              "rdf:language": [
                "nl"
              ],
              "rdf:predicate": [
                "additionalInformation"
              ]
            },
            {
              "@id": "https://data.datatourisme.fr/cdff6d4c-1391-383f-af94-55f5e5e4f513",
              "dc:contributor": [
                "https://api.deepl.com/v2/translate"
              ],
              "rdf:language": [
                "es"
              ],
              "rdf:predicate": [
                "additionalInformation"
              ]
            }
          ]
        }
      ],
      "@type": [
        "schema:Place",
        "Place"
      ]
    }
  ],
  "isOwnedBy": [
    {
      "@id": "https://data.datatourisme.fr/d87037ec-223f-3b91-8276-b2fe7d28f333",
      "schema:email": [
        "d.trioux@destination-paris-saclay.com"
      ],
      "schema:legalName": "Destination Paris-Saclay",
      "@type": [
        "schema:Organization",
        "foaf:Agent",
        "Agent"
      ],
      "foaf:homepage": [
        "https://www.destination-paris-saclay.com/"
      ]
    }
  ],
  "lastUpdate": "2023-02-04",
  "lastUpdateDatatourisme": "2023-02-05T06:36:58.6Z"
}