{
  "@id": "https://data.datatourisme.fr/13/10559b73-1a31-3340-91ff-9f6dffdeb8ec",
  "dc:identifier": "731778",
  "@type": [
    "schema:FoodEstablishment",
    "FoodEstablishment",
    "PlaceOfInterest",
    "PointOfInterest"
  ],
  "rdfs:comment": {
    "de": [
      "Traditionelle französische Küche. Die Besitzer empfangen ihre Gäste in einem warmen, in gelben und roten Farbtönen gehaltenen Dekor. In diesem Restaurant mit Terrasse herrscht eine Atmosphäre, in der sich Gaumenfreuden und Augenweiden vermischen."
    ],
    "en": [
      "Traditional French cuisine. The owners welcome their guests in a warm decor with yellow and red hues. This restaurant with a terrace is bathed in an atmosphere that will delight both taste buds and eyes."
    ],
    "it": [
      "Cucina tradizionale francese. I proprietari accolgono i loro ospiti in un arredamento caldo con toni gialli e rossi. Il ristorante, con la sua terrazza, è immerso in un'atmosfera che unisce i piaceri del palato a quelli della vista."
    ],
    "fr": [
      "Cuisine traditionnelle française. Les propriétaires accueillent leurs clients dans un décor chaleureux aux teintes jaune et rouge. Ce restaurant doté d'une terrasse est baigné d'une atmosphère où se mêlent plaisirs gustatifs et plaisir des yeux ."
    ],
    "nl": [
      "Traditionele Franse keuken. De eigenaren verwelkomen hun gasten in een warme inrichting met gele en rode tinten. Dit restaurant met terras baadt in een sfeer waarin het genot van de smaakpapillen en het genot van de ogen worden gecombineerd."
    ],
    "es": [
      "Cocina tradicional francesa. Los propietarios reciben a sus huéspedes en una decoración cálida con tonos amarillos y rojos. Este restaurante, con su terraza, está bañado en una atmósfera en la que se combinan los placeres del paladar y el placer de la vista."
    ]
  },
  "rdfs:label": {
    "de": [
      "Le Bistrot du Broc"
    ],
    "ru": [
      "Le Bistrot du Broc"
    ],
    "en": [
      "Le Bistrot du Broc"
    ],
    "it": [
      "Le Bistrot du Broc"
    ],
    "fr": [
      "Le Bistrot du Broc"
    ],
    "zh": [
      "Le Bistrot du Broc"
    ],
    "nl": [
      "Le Bistrot du Broc"
    ],
    "es": [
      "Le Bistrot du Broc"
    ]
  },
  "hasBeenCreatedBy": {
    "@id": "https://data.datatourisme.fr/13/a2137a2a-e8e3-3b50-82a3-f8909ecb88fe",
    "dc:identifier": "1065",
    "schema:email": [
      "celine@fontainebleau-tourisme.com",
      "christelle@fontainebleau-tourisme.com",
      "edwige.fontainebleau@gmail.com",
      "emilie@fontainebleau-tourisme.com",
      "lorie@fontainebleau-tourisme.com",
      "magali@fontainebleau-tourisme.com",
      "mathilde@fontainebleau-tourisme.com",
      "stessier.fontainebleautourisme@gmail.com"
    ],
    "schema:legalName": "Fontainebleau Tourisme",
    "@type": [
      "schema:Organization",
      "foaf:Agent",
      "Agent"
    ],
    "foaf:homepage": [
      "http://www.fontainebleau-tourisme.com/"
    ]
  },
  "hasBeenPublishedBy": [
    {
      "@id": "https://data.datatourisme.fr/1db24fc4-b534-39bf-bdaf-152c6f98730e",
      "schema:legalName": "Seine et Marne Attractivité - source : Apidae Tourisme",
      "@type": [
        "schema:Organization",
        "foaf:Agent",
        "Agent"
      ],
      "foaf:homepage": [
        "https://www.apidae-tourisme.com/"
      ]
    }
  ],
  "hasContact": [
    {
      "@id": "https://data.datatourisme.fr/2f14154b-1b14-3f72-8eb8-4367bf137f28",
      "schema:email": [
        "lebistrotdubroc@gmail.com"
      ],
      "schema:telephone": [
        "+33 1 64 45 64 43"
      ],
      "@type": [
        "foaf:Agent",
        "Agent"
      ],
      "foaf:homepage": [
        "http://www.lebistrotdubroc.com/"
      ]
    }
  ],
  "hasDescription": [
    {
      "@id": "https://data.datatourisme.fr/1cb64d65-ba93-3545-9681-4b5cf828a135",
      "@type": [
        "Description"
      ],
      "hasTranslatedProperty": [
        {
          "@id": "https://data.datatourisme.fr/4f7eb485-c72f-3f52-8612-db84d730085a",
          "dc:contributor": [
            "https://api.deepl.com/v2/translate"
          ],
          "rdf:language": [
            "it"
          ],
          "rdf:predicate": [
            "shortDescription"
          ]
        },
        {
          "@id": "https://data.datatourisme.fr/5ddd0738-ad2d-3fab-8276-227ec5f2a794",
          "dc:contributor": [
            "https://api.deepl.com/v2/translate"
          ],
          "rdf:language": [
            "de"
          ],
          "rdf:predicate": [
            "shortDescription"
          ]
        },
        {
          "@id": "https://data.datatourisme.fr/661b5e9e-5738-3a7a-998e-1f3b55da7950",
          "dc:contributor": [
            "https://api.deepl.com/v2/translate"
          ],
          "rdf:language": [
            "es"
          ],
          "rdf:predicate": [
            "shortDescription"
          ]
        },
        {
          "@id": "https://data.datatourisme.fr/f8c11145-d855-3cce-bcb9-ed4ed493384e",
          "dc:contributor": [
            "https://api.deepl.com/v2/translate"
          ],
          "rdf:language": [
            "nl"
          ],
          "rdf:predicate": [
            "shortDescription"
          ]
        }
      ],
      "shortDescription": {
        "de": [
          "Traditionelle französische Küche. Die Besitzer empfangen ihre Gäste in einem warmen, in gelben und roten Farbtönen gehaltenen Dekor. In diesem Restaurant mit Terrasse herrscht eine Atmosphäre, in der sich Gaumenfreuden und Augenweiden vermischen."
        ],
        "en": [
          "Traditional French cuisine. The owners welcome their guests in a warm decor with yellow and red hues. This restaurant with a terrace is bathed in an atmosphere that will delight both taste buds and eyes."
        ],
        "it": [
          "Cucina tradizionale francese. I proprietari accolgono i loro ospiti in un arredamento caldo con toni gialli e rossi. Il ristorante, con la sua terrazza, è immerso in un'atmosfera che unisce i piaceri del palato a quelli della vista."
        ],
        "fr": [
          "Cuisine traditionnelle française. Les propriétaires accueillent leurs clients dans un décor chaleureux aux teintes jaune et rouge. Ce restaurant doté d'une terrasse est baigné d'une atmosphère où se mêlent plaisirs gustatifs et plaisir des yeux ."
        ],
        "nl": [
          "Traditionele Franse keuken. De eigenaren verwelkomen hun gasten in een warme inrichting met gele en rode tinten. Dit restaurant met terras baadt in een sfeer waarin het genot van de smaakpapillen en het genot van de ogen worden gecombineerd."
        ],
        "es": [
          "Cocina tradicional francesa. Los propietarios reciben a sus huéspedes en una decoración cálida con tonos amarillos y rojos. Este restaurante, con su terraza, está bañado en una atmósfera en la que se combinan los placeres del paladar y el placer de la vista."
        ]
      }
    }
  ],
  "hasTranslatedProperty": [
    {
      "@id": "https://data.datatourisme.fr/0219a37c-5e4e-38a7-b858-640af3a8d8aa",
      "dc:contributor": [
        "https://api.deepl.com/v2/translate"
      ],
      "rdf:language": [
        "es"
      ],
      "rdf:predicate": [
        {
          "@id": "rdfs:comment"
        }
      ]
    },
    {
      "@id": "https://data.datatourisme.fr/025f97d7-327b-310f-b6e3-37ed6ce1b712",
      "dc:contributor": [
        "https://api.deepl.com/v2/translate"
      ],
      "rdf:language": [
        "de"
      ],
      "rdf:predicate": [
        {
          "@id": "rdfs:comment"
        }
      ]
    },
    {
      "@id": "https://data.datatourisme.fr/3e0f6144-1112-3997-899e-e42ea01dc3ea",
      "dc:contributor": [
        "https://api.deepl.com/v2/translate"
      ],
      "rdf:language": [
        "nl"
      ],
      "rdf:predicate": [
        {
          "@id": "rdfs:comment"
        }
      ]
    },
    {
      "@id": "https://data.datatourisme.fr/89669f9c-d1bc-33ee-be89-a1ba1400f324",
      "dc:contributor": [
        "https://api.deepl.com/v2/translate"
      ],
      "rdf:language": [
        "it"
      ],
      "rdf:predicate": [
        {
          "@id": "rdfs:comment"
        }
      ]
    }
  ],
  "isLocatedAt": [
    {
      "@id": "https://data.datatourisme.fr/f311ca58-8207-32d8-83d0-faeafdaf9df7",
      "schema:address": [
        {
          "@id": "https://data.datatourisme.fr/802b3321-f914-320c-af29-5571b3f69b9a",
          "schema:addressLocality": "Bourron-Marlotte",
          "schema:postalCode": "77780",
          "schema:streetAddress": [
            "5 rue Mürger"
          ],
          "@type": [
            "schema:PostalAddress",
            "PostalAddress"
          ],
          "hasAddressCity": {
            "@id": "kb:77048",
            "@type": [
              "City"
            ],
            "rdfs:label": {
              "de": [
                "Bourron-Marlotte"
              ],
              "pt": [
                "Bourron-Marlotte"
              ],
              "en": [
                "Bourron-Marlotte"
              ],
              "it": [
                "Bourron-Marlotte"
              ],
              "fr": [
                "Bourron-Marlotte"
              ],
              "nl": [
                "Bourron-Marlotte"
              ],
              "es": [
                "Bourron-Marlotte"
              ]
            },
            "insee": "77048",
            "isPartOfDepartment": {
              "@id": "kb:France1177",
              "@type": [
                "Department"
              ],
              "rdfs:label": {
                "de": [
                  "Seine-et-Marne"
                ],
                "pt": [
                  "Seine-et-Marne"
                ],
                "en": [
                  "Seine-et-Marne"
                ],
                "it": [
                  "Seine-et-Marne"
                ],
                "fr": [
                  "Seine-et-Marne"
                ],
                "nl": [
                  "Seine-et-Marne"
                ],
                "es": [
                  "Seine-et-Marne"
                ]
              },
              "insee": "77",
              "isPartOfRegion": {
                "@id": "kb:France11",
                "@type": [
                  "Region"
                ],
                "rdfs:label": {
                  "de": [
                    "Île-de-France"
                  ],
                  "pt": [
                    "Île-de-France"
                  ],
                  "en": [
                    "Île-de-France"
                  ],
                  "it": [
                    "Île-de-France"
                  ],
                  "fr": [
                    "Île-de-France"
                  ],
                  "nl": [
                    "Île-de-France"
                  ],
                  "es": [
                    "Île-de-France"
                  ]
                },
                "insee": "11",
                "isPartOfCountry": {
                  "@id": "kb:France",
                  "@type": [
                    "schema:Country"
                  ],
                  "rdfs:label": {
                    "de": [
                      "France",
                      "Frankreich"
                    ],
                    "pt": [
                      "França",
                      "France"
                    ],
                    "en": [
                      "France"
                    ],
                    "it": [
                      "France",
                      "Francia"
                    ],
                    "fr": [
                      "France"
                    ],
                    "nl": [
                      "France",
                      "Frankrijk"
                    ],
                    "es": [
                      "France",
                      "Francia"
                    ]
                  }
                }
              }
            }
          }
        }
      ],
      "schema:geo": {
        "@id": "https://data.datatourisme.fr/146c483a-4f45-3e75-97f1-d7707f8a22c8",
        "schema:latitude": "48.341019",
        "schema:longitude": "2.718387",
        "@type": [
          "schema:GeoCoordinates"
        ]
      },
      "schema:openingHoursSpecification": [
        {
          "@id": "https://data.datatourisme.fr/972177ec-c325-35bf-b844-46751fe18e97",
          "schema:validFrom": "2023-01-01T00:00:00",
          "schema:validThrough": "2023-12-31T23:59:59",
          "@type": [
            "schema:OpeningHoursSpecification"
          ],
          "additionalInformation": {
            "de": [
              "Sonntagabend geschlossen\r\nBestellungsaufnahme: 12h-14h / 19h-21h30"
            ],
            "en": [
              "Closed Sunday evening\r\nOrder taking: 12h-14h / 19h-21h30"
            ],
            "it": [
              "Chiuso la domenica sera\r\nRaccolta ordini: 12.00-14.00 / 19.00-21.30"
            ],
            "fr": [
              "Fermé dimanche soir\r\nPrise de commande : 12h-14h / 19h-21h30"
            ],
            "nl": [
              "Zondagavond gesloten\r\nBestellen: 12pm-2pm / 19pm-9:30pm"
            ],
            "es": [
              "Cerrado el domingo por la noche\r\nToma de pedidos: de 12:00 a 14:00 horas / de 19:00 a 21:30 horas"
            ]
          },
          "hasTranslatedProperty": [
            {
              "@id": "https://data.datatourisme.fr/5a3fb57e-9c39-3d68-93eb-a4a88f7ddc3b",
              "dc:contributor": [
                "https://api.deepl.com/v2/translate"
              ],
              "rdf:language": [
                "it"
              ],
              "rdf:predicate": [
                "additionalInformation"
              ]
            },
            {
              "@id": "https://data.datatourisme.fr/6b8cd13a-3963-3674-9c83-72999ee61373",
              "dc:contributor": [
                "https://api.deepl.com/v2/translate"
              ],
              "rdf:language": [
                "de"
              ],
              "rdf:predicate": [
                "additionalInformation"
              ]
            },
            {
              "@id": "https://data.datatourisme.fr/983e4878-ded0-318d-ba8e-ac93a1571767",
              "dc:contributor": [
                "https://api.deepl.com/v2/translate"
              ],
              "rdf:language": [
                "en"
              ],
              "rdf:predicate": [
                "additionalInformation"
              ]
            },
            {
              "@id": "https://data.datatourisme.fr/d538b905-bdf2-38ae-99de-90abfa9010cd",
              "dc:contributor": [
                "https://api.deepl.com/v2/translate"
              ],
              "rdf:language": [
                "nl"
              ],
              "rdf:predicate": [
                "additionalInformation"
              ]
            },
            {
              "@id": "https://data.datatourisme.fr/f41b0f12-a030-34e9-b321-4bd4b123b307",
              "dc:contributor": [
                "https://api.deepl.com/v2/translate"
              ],
              "rdf:language": [
                "es"
              ],
              "rdf:predicate": [
                "additionalInformation"
              ]
            }
          ]
        }
      ],
      "@type": [
        "schema:Place",
        "Place"
      ]
    }
  ],
  "isOwnedBy": [
    {
      "@id": "https://data.datatourisme.fr/916f1cb3-e1a7-3f46-bb52-81cbe36922b0",
      "schema:email": [
        "celine@fontainebleau-tourisme.com",
        "emilie@fontainebleau-tourisme.com",
        "lorie@fontainebleau-tourisme.com",
        "mathilde@fontainebleau-tourisme.com"
      ],
      "schema:legalName": "Office de tourisme du Pays de Fontainebleau",
      "@type": [
        "schema:Organization",
        "foaf:Agent",
        "Agent"
      ],
      "foaf:homepage": [
        "http://www.fontainebleau-tourisme.com/"
      ]
    }
  ],
  "lastUpdate": "2020-11-13",
  "lastUpdateDatatourisme": "2023-03-23T06:40:04.657Z"
}