{
  "@id": "https://data.datatourisme.fr/13/10ab1816-b630-3c16-8c93-1fecad4a6cdb",
  "dc:identifier": "4863148",
  "@type": [
    "schema:LocalBusiness",
    "schema:TouristInformationCenter",
    "LocalTouristOffice",
    "PlaceOfInterest",
    "PointOfInterest",
    "Store",
    "TouristInformationCenter"
  ],
  "rdfs:comment": {
    "de": [
      "Willkommen im Bureau d'Information Touristique de Rebais!"
    ],
    "en": [
      "Welcome to the Rebais Tourist Information Office!"
    ],
    "it": [
      "Benvenuti all'Ufficio del Turismo di Rebais!"
    ],
    "fr": [
      "Bienvenue au Bureau d'Information Touristique de Rebais !"
    ],
    "nl": [
      "Welkom bij de VVV van Rebais!"
    ],
    "es": [
      "Bienvenido a la Oficina de Turismo de Rebais"
    ]
  },
  "rdfs:label": {
    "fr": [
      "Office de Tourisme de Rebais"
    ]
  },
  "hasBeenCreatedBy": {
    "@id": "https://data.datatourisme.fr/13/6d70cb65-d152-3172-adcc-e4c0e971e21c",
    "dc:identifier": "1038",
    "schema:email": [
      "communication@provins.net"
    ],
    "schema:legalName": "Provins Tourisme entre Bassée, Montois et Morin",
    "@type": [
      "schema:Organization",
      "foaf:Agent",
      "Agent"
    ],
    "foaf:homepage": [
      "https://www.provins.net/"
    ]
  },
  "hasBeenPublishedBy": [
    {
      "@id": "https://data.datatourisme.fr/1db24fc4-b534-39bf-bdaf-152c6f98730e",
      "schema:legalName": "Seine et Marne Attractivité - source : Apidae Tourisme",
      "@type": [
        "schema:Organization",
        "foaf:Agent",
        "Agent"
      ],
      "foaf:homepage": [
        "https://www.apidae-tourisme.com/"
      ]
    }
  ],
  "hasContact": [
    {
      "@id": "https://data.datatourisme.fr/16857d0a-fb6f-3a3a-affb-53593bbf22eb",
      "schema:email": [
        "rebais@provins.net"
      ],
      "schema:telephone": [
        "+33 1 64 65 47 44"
      ],
      "@type": [
        "foaf:Agent",
        "Agent"
      ]
    }
  ],
  "hasDescription": [
    {
      "@id": "https://data.datatourisme.fr/1d72f762-c848-37d9-a561-2f77afaf0095",
      "@type": [
        "Description"
      ],
      "hasTranslatedProperty": [
        {
          "@id": "https://data.datatourisme.fr/107c1ff7-a9fc-3c52-aa96-78e44f695790",
          "dc:contributor": [
            "https://api.deepl.com/v2/translate"
          ],
          "rdf:language": [
            "nl"
          ],
          "rdf:predicate": [
            "shortDescription"
          ]
        },
        {
          "@id": "https://data.datatourisme.fr/5d6ad52b-b9c5-3666-a57c-d978de825082",
          "dc:contributor": [
            "https://api.deepl.com/v2/translate"
          ],
          "rdf:language": [
            "de"
          ],
          "rdf:predicate": [
            "shortDescription"
          ]
        },
        {
          "@id": "https://data.datatourisme.fr/9d29077a-97e0-3591-bbfc-15dc46ee94f4",
          "dc:contributor": [
            "https://api.deepl.com/v2/translate"
          ],
          "rdf:language": [
            "it"
          ],
          "rdf:predicate": [
            "shortDescription"
          ]
        },
        {
          "@id": "https://data.datatourisme.fr/a753f954-b6a2-3454-94a6-73dbd64d83de",
          "dc:contributor": [
            "https://api.deepl.com/v2/translate"
          ],
          "rdf:language": [
            "en"
          ],
          "rdf:predicate": [
            "shortDescription"
          ]
        },
        {
          "@id": "https://data.datatourisme.fr/d6ac5477-cad1-3635-90f2-fafee9b60cec",
          "dc:contributor": [
            "https://api.deepl.com/v2/translate"
          ],
          "rdf:language": [
            "es"
          ],
          "rdf:predicate": [
            "shortDescription"
          ]
        }
      ],
      "shortDescription": {
        "de": [
          "Willkommen im Bureau d'Information Touristique de Rebais!"
        ],
        "en": [
          "Welcome to the Rebais Tourist Information Office!"
        ],
        "it": [
          "Benvenuti all'Ufficio del Turismo di Rebais!"
        ],
        "fr": [
          "Bienvenue au Bureau d'Information Touristique de Rebais !"
        ],
        "nl": [
          "Welkom bij de VVV van Rebais!"
        ],
        "es": [
          "Bienvenido a la Oficina de Turismo de Rebais"
        ]
      }
    }
  ],
  "hasTranslatedProperty": [
    {
      "@id": "https://data.datatourisme.fr/4adde530-e997-3f98-81b2-87eb73414a31",
      "dc:contributor": [
        "https://api.deepl.com/v2/translate"
      ],
      "rdf:language": [
        "de"
      ],
      "rdf:predicate": [
        {
          "@id": "rdfs:comment"
        }
      ]
    },
    {
      "@id": "https://data.datatourisme.fr/566d46a5-0829-31bb-8c6b-eb046900ff05",
      "dc:contributor": [
        "https://api.deepl.com/v2/translate"
      ],
      "rdf:language": [
        "es"
      ],
      "rdf:predicate": [
        {
          "@id": "rdfs:comment"
        }
      ]
    },
    {
      "@id": "https://data.datatourisme.fr/6b01d952-ee53-3987-b50d-6b0ace2a2eb6",
      "dc:contributor": [
        "https://api.deepl.com/v2/translate"
      ],
      "rdf:language": [
        "nl"
      ],
      "rdf:predicate": [
        {
          "@id": "rdfs:comment"
        }
      ]
    },
    {
      "@id": "https://data.datatourisme.fr/c61cba1a-07c5-384a-ba89-352865a989ee",
      "dc:contributor": [
        "https://api.deepl.com/v2/translate"
      ],
      "rdf:language": [
        "it"
      ],
      "rdf:predicate": [
        {
          "@id": "rdfs:comment"
        }
      ]
    },
    {
      "@id": "https://data.datatourisme.fr/d2e6f1dd-6aa8-31b5-929a-c91e6377d376",
      "dc:contributor": [
        "https://api.deepl.com/v2/translate"
      ],
      "rdf:language": [
        "en"
      ],
      "rdf:predicate": [
        {
          "@id": "rdfs:comment"
        }
      ]
    }
  ],
  "isLocatedAt": [
    {
      "@id": "https://data.datatourisme.fr/012addda-8c58-314d-9d60-9537090eb959",
      "schema:address": [
        {
          "@id": "https://data.datatourisme.fr/5d6f6235-cd64-305d-b75d-cc31837c10c1",
          "schema:addressLocality": "Rebais",
          "schema:postalCode": "77510",
          "schema:streetAddress": [
            "9 place du Marché"
          ],
          "@type": [
            "schema:PostalAddress",
            "PostalAddress"
          ],
          "hasAddressCity": {
            "@id": "kb:77385",
            "@type": [
              "City"
            ],
            "rdfs:label": {
              "de": [
                "Rebais"
              ],
              "pt": [
                "Rebais"
              ],
              "en": [
                "Rebais"
              ],
              "it": [
                "Rebais"
              ],
              "fr": [
                "Rebais"
              ],
              "nl": [
                "Rebais"
              ],
              "es": [
                "Rebais"
              ]
            },
            "insee": "77385",
            "isPartOfDepartment": {
              "@id": "kb:France1177",
              "@type": [
                "Department"
              ],
              "rdfs:label": {
                "de": [
                  "Seine-et-Marne"
                ],
                "pt": [
                  "Seine-et-Marne"
                ],
                "en": [
                  "Seine-et-Marne"
                ],
                "it": [
                  "Seine-et-Marne"
                ],
                "fr": [
                  "Seine-et-Marne"
                ],
                "nl": [
                  "Seine-et-Marne"
                ],
                "es": [
                  "Seine-et-Marne"
                ]
              },
              "insee": "77",
              "isPartOfRegion": {
                "@id": "kb:France11",
                "@type": [
                  "Region"
                ],
                "rdfs:label": {
                  "de": [
                    "Île-de-France"
                  ],
                  "pt": [
                    "Île-de-France"
                  ],
                  "en": [
                    "Île-de-France"
                  ],
                  "it": [
                    "Île-de-France"
                  ],
                  "fr": [
                    "Île-de-France"
                  ],
                  "nl": [
                    "Île-de-France"
                  ],
                  "es": [
                    "Île-de-France"
                  ]
                },
                "insee": "11",
                "isPartOfCountry": {
                  "@id": "kb:France",
                  "@type": [
                    "schema:Country"
                  ],
                  "rdfs:label": {
                    "de": [
                      "France",
                      "Frankreich"
                    ],
                    "pt": [
                      "França",
                      "France"
                    ],
                    "en": [
                      "France"
                    ],
                    "it": [
                      "France",
                      "Francia"
                    ],
                    "fr": [
                      "France"
                    ],
                    "nl": [
                      "France",
                      "Frankrijk"
                    ],
                    "es": [
                      "France",
                      "Francia"
                    ]
                  }
                }
              }
            }
          }
        }
      ],
      "schema:geo": {
        "@id": "https://data.datatourisme.fr/3640e2bb-923e-35d1-998c-1ba9169a498c",
        "schema:latitude": "48.846588",
        "schema:longitude": "3.232017",
        "@type": [
          "schema:GeoCoordinates"
        ]
      },
      "schema:openingHoursSpecification": [
        {
          "@id": "https://data.datatourisme.fr/2d6eecc3-b879-3eba-a5e1-c7cf7177eb3d",
          "schema:closes": "12:00:00",
          "schema:opens": "09:00:00",
          "schema:validFrom": "2023-01-01T00:00:00",
          "schema:validThrough": "2023-12-31T23:59:59",
          "@type": [
            "schema:OpeningHoursSpecification"
          ]
        }
      ],
      "@type": [
        "schema:Place",
        "Place"
      ]
    }
  ],
  "isOwnedBy": [
    {
      "@id": "https://data.datatourisme.fr/7346881a-c323-3b24-b0bd-8d227215d231",
      "schema:email": [
        "communication@provins.net"
      ],
      "schema:legalName": "Provins Tourisme entre Bassée, Montois et Morin",
      "@type": [
        "schema:Organization",
        "foaf:Agent",
        "Agent"
      ],
      "foaf:homepage": [
        "https://www.provins.net/"
      ]
    }
  ],
  "lastUpdate": "2021-09-03",
  "lastUpdateDatatourisme": "2023-02-01T18:07:36.02Z"
}