{
  "@id": "https://data.datatourisme.fr/13/10cfdfbf-c7c5-352b-b22d-5bddb90ede21",
  "dc:identifier": "5152023",
  "@type": [
    "schema:LocalBusiness",
    "EquestrianCenter",
    "PlaceOfInterest",
    "PointOfInterest",
    "SportsAndLeisurePlace"
  ],
  "rdfs:comment": {
    "de": [
      "Der Verein EQUI' IDEE im Haras de Bassonville empfängt Sie das ganze Jahr über auf dem Bauernhof von Bassonville, der sich an der Ausfahrt von Angerville an der N20 Richtung Orléans befindet."
    ],
    "en": [
      "The EQUI'IDEE association from Bassonville Stud welcomes you all year round to Bassonville Farm on the outskirts of Angerville, on the N20 road to Orléans."
    ],
    "it": [
      "L'associazione EQUI? L'IDEE au Haras de Bassonville vi accoglie tutto l'anno nella fattoria di Bassonville, situata all'uscita di Angerville sulla N20 in direzione Orléans."
    ],
    "fr": [
      "L’association EQUI’ IDEE  au Haras de Bassonville vous accueille toute l’année à la ferme de Bassonville située à la sortie d'Angerville au bord de la N20 direction Orléans."
    ],
    "es": [
      "La asociación EQUI? La IDEE au Haras de Bassonville le da la bienvenida todo el año a la granja de Bassonville, situada a la salida de Angerville en la N20 en dirección a Orleans."
    ],
    "nl": [
      "De vereniging EQUI' IDEE van de Haras de Bassonville verwelkomt u het hele jaar door op de boerderij van Bassonville gelegen aan de afslag van Angerville op de N20 richting Orléans."
    ]
  },
  "rdfs:label": {
    "fr": [
      "Angerville - Haras de Bassonville"
    ]
  },
  "hasBeenCreatedBy": {
    "@id": "https://data.datatourisme.fr/13/a26398dc-a6f4-3b49-876c-baffbc9954f9",
    "dc:identifier": "1087",
    "schema:email": [
      "elodie.brefort-moison@caese.fr",
      "jade.mistretta@caese.fr",
      "jean-baptiste.cochelin@caese.fr",
      "lison.pareau@caese.fr",
      "melody.tournier@caese.fr",
      "stephanie.canteiro@caese.fr"
    ],
    "schema:legalName": "Communauté d'Agglomération de l'Etampois Sud-Essonne",
    "@type": [
      "schema:Organization",
      "foaf:Agent",
      "Agent"
    ]
  },
  "hasBeenPublishedBy": [
    {
      "@id": "https://data.datatourisme.fr/8a9feb4b-2cbd-3d2c-b507-bd6c6776b23b",
      "schema:legalName": "Apidae Tourisme Scic SA - source : Apidae Tourisme",
      "@type": [
        "schema:Organization",
        "foaf:Agent",
        "Agent"
      ],
      "foaf:homepage": [
        "https://www.apidae-tourisme.com/"
      ]
    }
  ],
  "hasContact": [
    {
      "@id": "https://data.datatourisme.fr/c16c2a47-2d04-3b3d-95f9-f88c34a55c74",
      "schema:email": [
        "harasbassonville@gmail.com"
      ],
      "schema:telephone": [
        "+33 1 64 95 16 50",
        "+33 6 27 89 65 39"
      ],
      "@type": [
        "foaf:Agent",
        "Agent"
      ],
      "foaf:homepage": [
        "https://www.harasbassonville.com/"
      ]
    }
  ],
  "hasDescription": [
    {
      "@id": "https://data.datatourisme.fr/5e55d2bf-e688-3705-8b1a-e91d0cf763c3",
      "@type": [
        "Description"
      ],
      "hasTranslatedProperty": [
        {
          "@id": "https://data.datatourisme.fr/3f376a6d-ab1e-3ec1-88f1-e031296c93f3",
          "dc:contributor": [
            "https://api.deepl.com/v2/translate"
          ],
          "rdf:language": [
            "it"
          ],
          "rdf:predicate": [
            "shortDescription"
          ]
        },
        {
          "@id": "https://data.datatourisme.fr/4c218f14-4c54-37a3-a75a-d1ceabc08feb",
          "dc:contributor": [
            "https://api.deepl.com/v2/translate"
          ],
          "rdf:language": [
            "nl"
          ],
          "rdf:predicate": [
            "shortDescription"
          ]
        },
        {
          "@id": "https://data.datatourisme.fr/4c94dc09-9fea-3f4c-b3e7-7a781332dd5f",
          "dc:contributor": [
            "https://api.deepl.com/v2/translate"
          ],
          "rdf:language": [
            "es"
          ],
          "rdf:predicate": [
            "shortDescription"
          ]
        },
        {
          "@id": "https://data.datatourisme.fr/8fd65026-04e9-390d-bb56-8276251652e5",
          "dc:contributor": [
            "https://api.deepl.com/v2/translate"
          ],
          "rdf:language": [
            "de"
          ],
          "rdf:predicate": [
            "shortDescription"
          ]
        }
      ],
      "shortDescription": {
        "de": [
          "Der Verein EQUI' IDEE im Haras de Bassonville empfängt Sie das ganze Jahr über auf dem Bauernhof von Bassonville, der sich an der Ausfahrt von Angerville an der N20 Richtung Orléans befindet."
        ],
        "en": [
          "The EQUI'IDEE association from Bassonville Stud welcomes you all year round to Bassonville Farm on the outskirts of Angerville, on the N20 road to Orléans."
        ],
        "it": [
          "L'associazione EQUI? L'IDEE au Haras de Bassonville vi accoglie tutto l'anno nella fattoria di Bassonville, situata all'uscita di Angerville sulla N20 in direzione Orléans."
        ],
        "fr": [
          "L’association EQUI’ IDEE  au Haras de Bassonville vous accueille toute l’année à la ferme de Bassonville située à la sortie d'Angerville au bord de la N20 direction Orléans."
        ],
        "es": [
          "La asociación EQUI? La IDEE au Haras de Bassonville le da la bienvenida todo el año a la granja de Bassonville, situada a la salida de Angerville en la N20 en dirección a Orleans."
        ],
        "nl": [
          "De vereniging EQUI' IDEE van de Haras de Bassonville verwelkomt u het hele jaar door op de boerderij van Bassonville gelegen aan de afslag van Angerville op de N20 richting Orléans."
        ]
      }
    }
  ],
  "hasTheme": [
    {
      "@id": "kb:Riding",
      "@type": [
        "SportsTheme"
      ],
      "rdfs:label": {
        "de": [
          "Reiten"
        ],
        "pt": [
          "Equitação"
        ],
        "en": [
          "Riding"
        ],
        "it": [
          "Equitazione"
        ],
        "fr": [
          "Equitation"
        ],
        "nl": [
          "Paardrijden"
        ],
        "es": [
          "Equitación"
        ]
      }
    }
  ],
  "hasTranslatedProperty": [
    {
      "@id": "https://data.datatourisme.fr/10859d9a-5500-3829-974a-92c10f188fbf",
      "dc:contributor": [
        "https://api.deepl.com/v2/translate"
      ],
      "rdf:language": [
        "de"
      ],
      "rdf:predicate": [
        {
          "@id": "rdfs:comment"
        }
      ]
    },
    {
      "@id": "https://data.datatourisme.fr/38e1ece7-0781-33b2-8610-8c050214b6ce",
      "dc:contributor": [
        "https://api.deepl.com/v2/translate"
      ],
      "rdf:language": [
        "nl"
      ],
      "rdf:predicate": [
        {
          "@id": "rdfs:comment"
        }
      ]
    },
    {
      "@id": "https://data.datatourisme.fr/570f4dc7-2d7a-35a4-a044-ba7c456fa8f3",
      "dc:contributor": [
        "https://api.deepl.com/v2/translate"
      ],
      "rdf:language": [
        "it"
      ],
      "rdf:predicate": [
        {
          "@id": "rdfs:comment"
        }
      ]
    },
    {
      "@id": "https://data.datatourisme.fr/995fe538-628e-3de0-857e-b0943b647747",
      "dc:contributor": [
        "https://api.deepl.com/v2/translate"
      ],
      "rdf:language": [
        "es"
      ],
      "rdf:predicate": [
        {
          "@id": "rdfs:comment"
        }
      ]
    }
  ],
  "isLocatedAt": [
    {
      "@id": "https://data.datatourisme.fr/597218d3-91da-3e93-9e89-a184dbcf4ba7",
      "schema:address": [
        {
          "@id": "https://data.datatourisme.fr/6bada11d-2b49-38ed-968e-24850dc97a7d",
          "schema:addressLocality": "Angerville",
          "schema:postalCode": "91670",
          "schema:streetAddress": [
            "Ferme Bassonville"
          ],
          "@type": [
            "schema:PostalAddress",
            "PostalAddress"
          ],
          "hasAddressCity": {
            "@id": "kb:91016",
            "@type": [
              "City"
            ],
            "rdfs:label": {
              "de": [
                "Angerville"
              ],
              "pt": [
                "Angerville"
              ],
              "en": [
                "Angerville"
              ],
              "it": [
                "Angerville"
              ],
              "fr": [
                "Angerville"
              ],
              "nl": [
                "Angerville"
              ],
              "es": [
                "Angerville"
              ]
            },
            "insee": "91016",
            "isPartOfDepartment": {
              "@id": "kb:France1191",
              "@type": [
                "Department"
              ],
              "rdfs:label": {
                "de": [
                  "Essonne"
                ],
                "pt": [
                  "Essonne"
                ],
                "en": [
                  "Essonne"
                ],
                "it": [
                  "Essonne"
                ],
                "fr": [
                  "Essonne"
                ],
                "nl": [
                  "Essonne"
                ],
                "es": [
                  "Essonne"
                ]
              },
              "insee": "91",
              "isPartOfRegion": {
                "@id": "kb:France11",
                "@type": [
                  "Region"
                ],
                "rdfs:label": {
                  "de": [
                    "Île-de-France"
                  ],
                  "pt": [
                    "Île-de-France"
                  ],
                  "en": [
                    "Île-de-France"
                  ],
                  "it": [
                    "Île-de-France"
                  ],
                  "fr": [
                    "Île-de-France"
                  ],
                  "nl": [
                    "Île-de-France"
                  ],
                  "es": [
                    "Île-de-France"
                  ]
                },
                "insee": "11",
                "isPartOfCountry": {
                  "@id": "kb:France",
                  "@type": [
                    "schema:Country"
                  ],
                  "rdfs:label": {
                    "de": [
                      "France",
                      "Frankreich"
                    ],
                    "pt": [
                      "França",
                      "France"
                    ],
                    "en": [
                      "France"
                    ],
                    "it": [
                      "France",
                      "Francia"
                    ],
                    "fr": [
                      "France"
                    ],
                    "nl": [
                      "France",
                      "Frankrijk"
                    ],
                    "es": [
                      "France",
                      "Francia"
                    ]
                  }
                }
              }
            }
          }
        }
      ],
      "schema:geo": {
        "@id": "https://data.datatourisme.fr/939c7f09-a15c-3dae-be37-1d07e700f4bf",
        "schema:latitude": "48.294337",
        "schema:longitude": "1.985583",
        "@type": [
          "schema:GeoCoordinates"
        ]
      },
      "schema:openingHoursSpecification": [
        {
          "@id": "https://data.datatourisme.fr/f87e535a-636d-3343-ad63-8a03392e7511",
          "schema:validFrom": "2023-01-01T00:00:00",
          "schema:validThrough": "2023-12-31T23:59:59",
          "@type": [
            "schema:OpeningHoursSpecification"
          ]
        }
      ],
      "@type": [
        "schema:Place",
        "Place"
      ]
    }
  ],
  "isOwnedBy": [
    {
      "@id": "https://data.datatourisme.fr/7e2808c1-1c71-3e74-9327-4c88ff80ee9e",
      "schema:email": [
        "jade.mistretta@caese.fr",
        "lison.pareau@caese.fr",
        "melody.tournier@caese.fr",
        "stephanie.canteiro@caese.fr"
      ],
      "schema:legalName": "Communauté d'Agglomération de l'Etampois Sud-Essonne",
      "@type": [
        "schema:Organization",
        "foaf:Agent",
        "Agent"
      ]
    }
  ],
  "lastUpdate": "2020-08-01",
  "lastUpdateDatatourisme": "2023-02-10T06:39:19.949Z"
}