{
  "@id": "https://data.datatourisme.fr/13/1098843c-7dc9-374c-a3e3-2dbb242fdf8f",
  "dc:identifier": "5981155",
  "@type": [
    "schema:FoodEstablishment",
    "FoodEstablishment",
    "PlaceOfInterest",
    "PointOfInterest"
  ],
  "rdfs:comment": {
    "de": [
      "Entdecken Sie das Restaurant PALM im Holiday Inn Paris CDG Airport und erleben Sie ein kulinarisches Erlebnis!"
    ],
    "en": [
      "Discover the PALM Restaurant at the Holiday Inn Paris CDG Airport and enjoy a culinary experience!"
    ],
    "it": [
      "Scoprite il ristorante PALM dell'Holiday Inn Paris CDG Airport e godetevi un'esperienza culinaria!"
    ],
    "fr": [
      "Découvrez le Restaurant PALM du Holiday Inn Paris CDG Airport et venez vivre une expérience culinaire !"
    ],
    "nl": [
      "Ontdek het PALM Restaurant in het Holiday Inn Paris CDG Airport en geniet van een culinaire ervaring!"
    ],
    "es": [
      "Descubra el restaurante PALM del Holiday Inn Paris CDG Airport y viva una experiencia culinaria"
    ]
  },
  "rdfs:label": {
    "fr": [
      "Le Restaurant Palm - Holiday Inn Paris CDG Airport"
    ]
  },
  "hasBeenCreatedBy": {
    "@id": "https://data.datatourisme.fr/13/7810ccd4-1bf2-3faa-a2c4-e1f20db70a71",
    "dc:identifier": "1272",
    "schema:email": [
      "afertah@ville-roissy95.fr",
      "csebban@ville-roissy95.fr",
      "mlegris@ville-roissy95.fr"
    ],
    "schema:legalName": "Office de Tourisme Grand Roissy",
    "@type": [
      "schema:Organization",
      "foaf:Agent",
      "Agent"
    ],
    "foaf:homepage": [
      "https://www.grand-roissy-tourisme.com/"
    ]
  },
  "hasBeenPublishedBy": [
    {
      "@id": "https://data.datatourisme.fr/8a9feb4b-2cbd-3d2c-b507-bd6c6776b23b",
      "schema:legalName": "Apidae Tourisme Scic SA - source : Apidae Tourisme",
      "@type": [
        "schema:Organization",
        "foaf:Agent",
        "Agent"
      ],
      "foaf:homepage": [
        "https://www.apidae-tourisme.com/"
      ]
    }
  ],
  "hasContact": [
    {
      "@id": "https://data.datatourisme.fr/5115dc4a-9244-3b35-acb1-ce843aa5bc2f",
      "schema:email": [
        "hello@palm-cdg.com"
      ],
      "schema:telephone": [
        "+33 1 84 28 07 00"
      ],
      "@type": [
        "foaf:Agent",
        "Agent"
      ]
    }
  ],
  "hasDescription": [
    {
      "@id": "https://data.datatourisme.fr/2784de80-88f5-37ff-8b8e-274b5dce0ed9",
      "@type": [
        "Description"
      ],
      "hasTranslatedProperty": [
        {
          "@id": "https://data.datatourisme.fr/168bb463-e8ae-394b-8dad-057a8e242543",
          "dc:contributor": [
            "https://api.deepl.com/v2/translate"
          ],
          "rdf:language": [
            "de"
          ],
          "rdf:predicate": [
            "shortDescription"
          ]
        },
        {
          "@id": "https://data.datatourisme.fr/300e7edd-0df5-3ee1-8984-5ab62cbf7ebd",
          "dc:contributor": [
            "https://api.deepl.com/v2/translate"
          ],
          "rdf:language": [
            "es"
          ],
          "rdf:predicate": [
            "shortDescription"
          ]
        },
        {
          "@id": "https://data.datatourisme.fr/69ea738d-17b8-37c1-91ab-ddb8576d7d1d",
          "dc:contributor": [
            "https://api.deepl.com/v2/translate"
          ],
          "rdf:language": [
            "en"
          ],
          "rdf:predicate": [
            "shortDescription"
          ]
        },
        {
          "@id": "https://data.datatourisme.fr/83b5f309-eeaa-3b66-85f2-73bb6e8f5eb8",
          "dc:contributor": [
            "https://api.deepl.com/v2/translate"
          ],
          "rdf:language": [
            "it"
          ],
          "rdf:predicate": [
            "shortDescription"
          ]
        },
        {
          "@id": "https://data.datatourisme.fr/8e5de424-2130-3f1b-ac52-be2e64e10efa",
          "dc:contributor": [
            "https://api.deepl.com/v2/translate"
          ],
          "rdf:language": [
            "nl"
          ],
          "rdf:predicate": [
            "shortDescription"
          ]
        }
      ],
      "shortDescription": {
        "de": [
          "Entdecken Sie das Restaurant PALM im Holiday Inn Paris CDG Airport und erleben Sie ein kulinarisches Erlebnis!"
        ],
        "en": [
          "Discover the PALM Restaurant at the Holiday Inn Paris CDG Airport and enjoy a culinary experience!"
        ],
        "it": [
          "Scoprite il ristorante PALM dell'Holiday Inn Paris CDG Airport e godetevi un'esperienza culinaria!"
        ],
        "fr": [
          "Découvrez le Restaurant PALM du Holiday Inn Paris CDG Airport et venez vivre une expérience culinaire !"
        ],
        "nl": [
          "Ontdek het PALM Restaurant in het Holiday Inn Paris CDG Airport en geniet van een culinaire ervaring!"
        ],
        "es": [
          "Descubra el restaurante PALM del Holiday Inn Paris CDG Airport y viva una experiencia culinaria"
        ]
      }
    }
  ],
  "hasTranslatedProperty": [
    {
      "@id": "https://data.datatourisme.fr/08e587b7-2456-3a1e-b264-6209578a70f8",
      "dc:contributor": [
        "https://api.deepl.com/v2/translate"
      ],
      "rdf:language": [
        "es"
      ],
      "rdf:predicate": [
        {
          "@id": "rdfs:comment"
        }
      ]
    },
    {
      "@id": "https://data.datatourisme.fr/24f7cb50-8866-3297-ab1e-6bdc5ca2e533",
      "dc:contributor": [
        "https://api.deepl.com/v2/translate"
      ],
      "rdf:language": [
        "en"
      ],
      "rdf:predicate": [
        {
          "@id": "rdfs:comment"
        }
      ]
    },
    {
      "@id": "https://data.datatourisme.fr/a0a14943-3829-3d66-8ca7-08676219b233",
      "dc:contributor": [
        "https://api.deepl.com/v2/translate"
      ],
      "rdf:language": [
        "nl"
      ],
      "rdf:predicate": [
        {
          "@id": "rdfs:comment"
        }
      ]
    },
    {
      "@id": "https://data.datatourisme.fr/b431b780-42af-314e-9aa4-ddf278ca9d7d",
      "dc:contributor": [
        "https://api.deepl.com/v2/translate"
      ],
      "rdf:language": [
        "de"
      ],
      "rdf:predicate": [
        {
          "@id": "rdfs:comment"
        }
      ]
    },
    {
      "@id": "https://data.datatourisme.fr/c4679438-2509-3f7b-80c8-a3829781d5c7",
      "dc:contributor": [
        "https://api.deepl.com/v2/translate"
      ],
      "rdf:language": [
        "it"
      ],
      "rdf:predicate": [
        {
          "@id": "rdfs:comment"
        }
      ]
    }
  ],
  "isLocatedAt": [
    {
      "@id": "https://data.datatourisme.fr/4bc595a8-d899-3858-91d5-bafcc22d8bb2",
      "schema:address": [
        {
          "@id": "https://data.datatourisme.fr/5140f438-5c08-3b2c-a6c9-7c80819aec81",
          "schema:addressLocality": "Roissy-en-France",
          "schema:postalCode": "95700",
          "schema:streetAddress": [
            "61, rue Houdart",
            "95700"
          ],
          "@type": [
            "schema:PostalAddress",
            "PostalAddress"
          ],
          "hasAddressCity": {
            "@id": "kb:95527",
            "@type": [
              "City"
            ],
            "rdfs:label": {
              "de": [
                "Roissy-en-France"
              ],
              "pt": [
                "Roissy-en-France"
              ],
              "en": [
                "Roissy-en-France"
              ],
              "it": [
                "Roissy-en-France"
              ],
              "fr": [
                "Roissy-en-France"
              ],
              "nl": [
                "Roissy-en-France"
              ],
              "es": [
                "Roissy-en-France"
              ]
            },
            "insee": "95527",
            "isPartOfDepartment": {
              "@id": "kb:France1195",
              "@type": [
                "Department"
              ],
              "rdfs:label": {
                "de": [
                  "Val-d'Oise"
                ],
                "pt": [
                  "Val-d'Oise"
                ],
                "en": [
                  "Val-d'Oise"
                ],
                "it": [
                  "Val-d'Oise"
                ],
                "fr": [
                  "Val-d'Oise"
                ],
                "nl": [
                  "Val-d'Oise"
                ],
                "es": [
                  "Val-d'Oise"
                ]
              },
              "insee": "95",
              "isPartOfRegion": {
                "@id": "kb:France11",
                "@type": [
                  "Region"
                ],
                "rdfs:label": {
                  "de": [
                    "Île-de-France"
                  ],
                  "pt": [
                    "Île-de-France"
                  ],
                  "en": [
                    "Île-de-France"
                  ],
                  "it": [
                    "Île-de-France"
                  ],
                  "fr": [
                    "Île-de-France"
                  ],
                  "nl": [
                    "Île-de-France"
                  ],
                  "es": [
                    "Île-de-France"
                  ]
                },
                "insee": "11",
                "isPartOfCountry": {
                  "@id": "kb:France",
                  "@type": [
                    "schema:Country"
                  ],
                  "rdfs:label": {
                    "de": [
                      "France",
                      "Frankreich"
                    ],
                    "pt": [
                      "França",
                      "France"
                    ],
                    "en": [
                      "France"
                    ],
                    "it": [
                      "France",
                      "Francia"
                    ],
                    "fr": [
                      "France"
                    ],
                    "nl": [
                      "France",
                      "Frankrijk"
                    ],
                    "es": [
                      "France",
                      "Francia"
                    ]
                  }
                }
              }
            }
          }
        }
      ],
      "schema:geo": {
        "@id": "https://data.datatourisme.fr/39e7d3da-6388-3c3d-9e1a-2acec952e90b",
        "schema:latitude": "49.008579",
        "schema:longitude": "2.514727",
        "@type": [
          "schema:GeoCoordinates"
        ]
      },
      "schema:openingHoursSpecification": [
        {
          "@id": "https://data.datatourisme.fr/10c34c77-9aa3-3491-877c-e4a24fd54369",
          "schema:closes": "22:30:00",
          "schema:opens": "12:00:00",
          "schema:validFrom": "2023-01-01T00:00:00",
          "schema:validThrough": "2023-12-31T23:59:59",
          "@type": [
            "schema:OpeningHoursSpecification"
          ]
        }
      ],
      "@type": [
        "schema:Place",
        "Place"
      ]
    }
  ],
  "isOwnedBy": [
    {
      "@id": "https://data.datatourisme.fr/818ba162-886f-3d2a-a3d0-b535923ee594",
      "schema:email": [
        "afertah@ville-roissy95.fr",
        "csebban@ville-roissy95.fr",
        "mlegris@ville-roissy95.fr"
      ],
      "schema:legalName": "Office de Tourisme Grand Roissy",
      "@type": [
        "schema:Organization",
        "foaf:Agent",
        "Agent"
      ],
      "foaf:homepage": [
        "https://www.grand-roissy-tourisme.com/"
      ]
    }
  ],
  "lastUpdate": "2023-02-14",
  "lastUpdateDatatourisme": "2023-02-15T06:38:07.097Z",
  "offers": [
    {
      "@id": "https://data.datatourisme.fr/a65039b1-3700-3dbd-9470-61fd46e7e8dc",
      "schema:priceSpecification": [
        {
          "@id": "https://data.datatourisme.fr/c403fd07-078d-3779-b069-c7021eb928a2",
          "schema:minPrice": [
            "15"
          ],
          "schema:priceCurrency": "EUR",
          "@type": [
            "schema:PriceSpecification",
            "PriceSpecification"
          ],
          "appliesOnPeriod": [
            {
              "@id": "https://data.datatourisme.fr/e1157d95-c066-306f-ba7b-ad02b78a52e2",
              "@type": [
                "Period"
              ],
              "endDate": "2023-12-31",
              "startDate": "2022-01-01"
            }
          ]
        }
      ],
      "@type": [
        "schema:Offer",
        "Offer"
      ]
    }
  ]
}