{
  "@id": "https://data.datatourisme.fr/13/16bbd8d2-a84e-35e3-a716-e42ea523fbfd",
  "dc:identifier": "5522022",
  "@type": [
    "schema:FoodEstablishment",
    "FoodEstablishment",
    "PlaceOfInterest",
    "PointOfInterest"
  ],
  "rdfs:comment": {
    "de": [
      "Traditionelles Restaurant, Bar und Weinkeller"
    ],
    "en": [
      "Traditional restaurant, bar and wine cellar"
    ],
    "it": [
      "Ristorante tradizionale, bar e cantina"
    ],
    "fr": [
      "Restaurant traditionnel, bar et cave à vins"
    ],
    "nl": [
      "Traditioneel restaurant, bar en wijnkelder"
    ],
    "es": [
      "Restaurante tradicional, bar y bodega"
    ]
  },
  "rdfs:label": {
    "fr": [
      "Dom Zébulon"
    ]
  },
  "hasBeenCreatedBy": {
    "@id": "https://data.datatourisme.fr/13/1baff70e-2669-3837-a347-efd3a874a341",
    "dc:identifier": "1489",
    "schema:email": [
      "emilie.prai@saintgermainenlaye.fr",
      "emilie.rochat@seine-saintgermain.fr",
      "melissa.moreau@saintgermainenlaye.fr"
    ],
    "schema:legalName": "Office de Tourisme Intercommunal de Saint Germain Boucles de Seine",
    "@type": [
      "schema:Organization",
      "foaf:Agent",
      "Agent"
    ],
    "foaf:homepage": [
      "http://www.reservation.seine-saintgermain.fr/"
    ]
  },
  "hasBeenPublishedBy": [
    {
      "@id": "https://data.datatourisme.fr/8a9feb4b-2cbd-3d2c-b507-bd6c6776b23b",
      "schema:legalName": "Apidae Tourisme Scic SA - source : Apidae Tourisme",
      "@type": [
        "schema:Organization",
        "foaf:Agent",
        "Agent"
      ],
      "foaf:homepage": [
        "https://www.apidae-tourisme.com/"
      ]
    }
  ],
  "hasContact": [
    {
      "@id": "https://data.datatourisme.fr/73992545-6e74-3a59-82e7-bc3f013e3ea8",
      "schema:telephone": [
        "+33 1 39 13 16 67"
      ],
      "@type": [
        "foaf:Agent",
        "Agent"
      ],
      "foaf:homepage": [
        "https://domzebulon.heart-biz.com/"
      ]
    }
  ],
  "hasDescription": [
    {
      "@id": "https://data.datatourisme.fr/b78f8f86-2222-36d1-b4bb-92158208961d",
      "@type": [
        "Description"
      ],
      "hasTranslatedProperty": [
        {
          "@id": "https://data.datatourisme.fr/1343c2ba-0681-3adb-a01f-be82017d781b",
          "dc:contributor": [
            "https://api.deepl.com/v2/translate"
          ],
          "rdf:language": [
            "en"
          ],
          "rdf:predicate": [
            "shortDescription"
          ]
        },
        {
          "@id": "https://data.datatourisme.fr/36b42897-2313-3dda-855a-f339ebe40f11",
          "dc:contributor": [
            "https://api.deepl.com/v2/translate"
          ],
          "rdf:language": [
            "it"
          ],
          "rdf:predicate": [
            "shortDescription"
          ]
        },
        {
          "@id": "https://data.datatourisme.fr/61d4b4a8-8cbd-375d-9497-d120547f2db3",
          "dc:contributor": [
            "https://api.deepl.com/v2/translate"
          ],
          "rdf:language": [
            "nl"
          ],
          "rdf:predicate": [
            "shortDescription"
          ]
        },
        {
          "@id": "https://data.datatourisme.fr/9e702df9-bd81-3168-9fd6-992482754f72",
          "dc:contributor": [
            "https://api.deepl.com/v2/translate"
          ],
          "rdf:language": [
            "de"
          ],
          "rdf:predicate": [
            "shortDescription"
          ]
        },
        {
          "@id": "https://data.datatourisme.fr/a64f5384-f810-3076-861c-8c2fa878b24f",
          "dc:contributor": [
            "https://api.deepl.com/v2/translate"
          ],
          "rdf:language": [
            "es"
          ],
          "rdf:predicate": [
            "shortDescription"
          ]
        }
      ],
      "shortDescription": {
        "de": [
          "Traditionelles Restaurant, Bar und Weinkeller"
        ],
        "en": [
          "Traditional restaurant, bar and wine cellar"
        ],
        "it": [
          "Ristorante tradizionale, bar e cantina"
        ],
        "fr": [
          "Restaurant traditionnel, bar et cave à vins"
        ],
        "nl": [
          "Traditioneel restaurant, bar en wijnkelder"
        ],
        "es": [
          "Restaurante tradicional, bar y bodega"
        ]
      }
    }
  ],
  "hasTranslatedProperty": [
    {
      "@id": "https://data.datatourisme.fr/2d68727c-7458-3b27-b338-1e471422eecb",
      "dc:contributor": [
        "https://api.deepl.com/v2/translate"
      ],
      "rdf:language": [
        "nl"
      ],
      "rdf:predicate": [
        {
          "@id": "rdfs:comment"
        }
      ]
    },
    {
      "@id": "https://data.datatourisme.fr/cf333a72-1f96-3d6c-bb23-ae6bb82f2657",
      "dc:contributor": [
        "https://api.deepl.com/v2/translate"
      ],
      "rdf:language": [
        "en"
      ],
      "rdf:predicate": [
        {
          "@id": "rdfs:comment"
        }
      ]
    },
    {
      "@id": "https://data.datatourisme.fr/d370cfdb-e9b8-3d61-8d7c-e56729b77fb5",
      "dc:contributor": [
        "https://api.deepl.com/v2/translate"
      ],
      "rdf:language": [
        "it"
      ],
      "rdf:predicate": [
        {
          "@id": "rdfs:comment"
        }
      ]
    },
    {
      "@id": "https://data.datatourisme.fr/f4d59a76-ebc9-397e-9bc2-7ee9fa8c89af",
      "dc:contributor": [
        "https://api.deepl.com/v2/translate"
      ],
      "rdf:language": [
        "de"
      ],
      "rdf:predicate": [
        {
          "@id": "rdfs:comment"
        }
      ]
    },
    {
      "@id": "https://data.datatourisme.fr/fe2571e4-e858-3e81-aae1-a6b732481e50",
      "dc:contributor": [
        "https://api.deepl.com/v2/translate"
      ],
      "rdf:language": [
        "es"
      ],
      "rdf:predicate": [
        {
          "@id": "rdfs:comment"
        }
      ]
    }
  ],
  "isLocatedAt": [
    {
      "@id": "https://data.datatourisme.fr/1ed7ce40-ca3d-3bfd-86de-175ba813f788",
      "schema:address": [
        {
          "@id": "https://data.datatourisme.fr/c982fa8b-8cd9-33eb-8a38-6b8463eae770",
          "schema:addressLocality": "Carrières-sur-Seine",
          "schema:postalCode": "78420",
          "schema:streetAddress": [
            "31 boulevard Carnot"
          ],
          "@type": [
            "schema:PostalAddress",
            "PostalAddress"
          ],
          "hasAddressCity": {
            "@id": "kb:78124",
            "@type": [
              "City"
            ],
            "rdfs:label": {
              "de": [
                "Carrières-sur-Seine"
              ],
              "pt": [
                "Carrières-sur-Seine"
              ],
              "en": [
                "Carrières-sur-Seine"
              ],
              "it": [
                "Carrières-sur-Seine"
              ],
              "fr": [
                "Carrières-sur-Seine"
              ],
              "nl": [
                "Carrières-sur-Seine"
              ],
              "es": [
                "Carrières-sur-Seine"
              ]
            },
            "insee": "78124",
            "isPartOfDepartment": {
              "@id": "kb:France1178",
              "@type": [
                "Department"
              ],
              "rdfs:label": {
                "de": [
                  "Yvelines"
                ],
                "pt": [
                  "Yvelines"
                ],
                "en": [
                  "Yvelines"
                ],
                "it": [
                  "Yvelines"
                ],
                "fr": [
                  "Yvelines"
                ],
                "nl": [
                  "Yvelines"
                ],
                "es": [
                  "Yvelines"
                ]
              },
              "insee": "78",
              "isPartOfRegion": {
                "@id": "kb:France11",
                "@type": [
                  "Region"
                ],
                "rdfs:label": {
                  "de": [
                    "Île-de-France"
                  ],
                  "pt": [
                    "Île-de-France"
                  ],
                  "en": [
                    "Île-de-France"
                  ],
                  "it": [
                    "Île-de-France"
                  ],
                  "fr": [
                    "Île-de-France"
                  ],
                  "nl": [
                    "Île-de-France"
                  ],
                  "es": [
                    "Île-de-France"
                  ]
                },
                "insee": "11",
                "isPartOfCountry": {
                  "@id": "kb:France",
                  "@type": [
                    "schema:Country"
                  ],
                  "rdfs:label": {
                    "de": [
                      "France",
                      "Frankreich"
                    ],
                    "pt": [
                      "França",
                      "France"
                    ],
                    "en": [
                      "France"
                    ],
                    "it": [
                      "France",
                      "Francia"
                    ],
                    "fr": [
                      "France"
                    ],
                    "nl": [
                      "France",
                      "Frankrijk"
                    ],
                    "es": [
                      "France",
                      "Francia"
                    ]
                  }
                }
              }
            }
          }
        }
      ],
      "schema:geo": {
        "@id": "https://data.datatourisme.fr/9346a5ac-bed3-3a3b-869d-c251b6bbd9e1",
        "schema:latitude": "48.909822",
        "schema:longitude": "2.179651",
        "@type": [
          "schema:GeoCoordinates"
        ]
      },
      "schema:openingHoursSpecification": [
        {
          "@id": "https://data.datatourisme.fr/f5e09cc3-3c6a-3a28-b8cf-e07316ff44a9",
          "schema:validFrom": "2023-01-01T00:00:00",
          "schema:validThrough": "2023-12-31T23:59:59",
          "@type": [
            "schema:OpeningHoursSpecification"
          ],
          "additionalInformation": {
            "de": [
              "Bestellung (am besten am Vortag vor 12 Uhr): Montag bis Freitag 11:30 >14:30 Uhr, Samstag 11:30>14 Uhr\r\nNur per Telefon unter 01 39 13 16 67(Geben Sie Ihren Kochvorgang und die Uhrzeit an, zu der Sie kommen möchten / bevorzugen Sie Ihre Behälter)"
            ],
            "en": [
              "Order (to be made the day before preferably before 12h) : Monday to Friday 11h30 >14h30, Saturday 11h30>14h\r\nOnly by phone at 01 39 13 16 67 (Specify your cooking and time of passage / prefer your containers)"
            ],
            "it": [
              "Ordine (preferibilmente entro le ore 12.00 del giorno precedente): da lunedì a venerdì 11.30 > 14.30, sabato 11.30 > 14.00\r\nSolo per telefono al numero 01 39 13 16 67 (Specificare la cucina e l'ora della visita / preferire i contenitori)"
            ],
            "fr": [
              "Commande (à faire la veille de préférence avant 12h) : du lundi au vendredi 11h30 >14h30, samedi 11h30>14h\r\nUniquement par téléphone au 01 39 13 16 67(Préciser votre cuisson et l'heure de passage / privilégiez vos contenants)"
            ],
            "es": [
              "Pedido (preferiblemente antes de las 12 horas del día anterior): de lunes a viernes 11:30h > 14:30h, sábado 11:30h > 14h\r\nSólo por teléfono al 01 39 13 16 67 (Especifique su cocina y la hora de su visita / prefiera sus contenedores)"
            ],
            "nl": [
              "Bestellen (bij voorkeur vóór 12 uur de dag ervoor): maandag t/m vrijdag 11.30 uur > 14.30 uur, zaterdag 11.30 uur > 14 uur\r\nAlleen per telefoon op 01 39 13 16 67 (Vermeld uw kookkunst en het tijdstip van uw bezoek / liever uw containers)"
            ]
          },
          "hasTranslatedProperty": [
            {
              "@id": "https://data.datatourisme.fr/1c11716a-926d-3e70-b4c5-0d590c9690cd",
              "dc:contributor": [
                "https://api.deepl.com/v2/translate"
              ],
              "rdf:language": [
                "nl"
              ],
              "rdf:predicate": [
                "additionalInformation"
              ]
            },
            {
              "@id": "https://data.datatourisme.fr/1cb55f4e-379c-359f-b110-13ad4d67fdaf",
              "dc:contributor": [
                "https://api.deepl.com/v2/translate"
              ],
              "rdf:language": [
                "de"
              ],
              "rdf:predicate": [
                "additionalInformation"
              ]
            },
            {
              "@id": "https://data.datatourisme.fr/30198a0d-0882-32ac-ba29-104942d4e71f",
              "dc:contributor": [
                "https://api.deepl.com/v2/translate"
              ],
              "rdf:language": [
                "es"
              ],
              "rdf:predicate": [
                "additionalInformation"
              ]
            },
            {
              "@id": "https://data.datatourisme.fr/ba0f3c2f-483c-379b-8311-97c3e8dbebb7",
              "dc:contributor": [
                "https://api.deepl.com/v2/translate"
              ],
              "rdf:language": [
                "en"
              ],
              "rdf:predicate": [
                "additionalInformation"
              ]
            },
            {
              "@id": "https://data.datatourisme.fr/dfe9787a-7ee2-3364-85b0-3c82284b03fb",
              "dc:contributor": [
                "https://api.deepl.com/v2/translate"
              ],
              "rdf:language": [
                "it"
              ],
              "rdf:predicate": [
                "additionalInformation"
              ]
            }
          ]
        }
      ],
      "@type": [
        "schema:Place",
        "Place"
      ]
    }
  ],
  "isOwnedBy": [
    {
      "@id": "https://data.datatourisme.fr/73484530-94e0-3b9c-86da-e2ddfa7df7ed",
      "schema:email": [
        "emilie.prai@saintgermainenlaye.fr",
        "emilie.rochat@seine-saintgermain.fr",
        "melissa.moreau@saintgermainenlaye.fr"
      ],
      "schema:legalName": "Office de Tourisme Intercommunal de Saint Germain Boucles de Seine",
      "@type": [
        "schema:Organization",
        "foaf:Agent",
        "Agent"
      ],
      "foaf:homepage": [
        "http://www.reservation.seine-saintgermain.fr/"
      ]
    }
  ],
  "lastUpdate": "2020-09-28",
  "lastUpdateDatatourisme": "2023-02-09T06:39:55.646Z"
}