{
  "@id": "https://data.datatourisme.fr/13/16ed62a8-02ae-36dc-b0d8-91e6751fc823",
  "dc:identifier": "5782797",
  "@type": [
    "schema:Park",
    "CulturalSite",
    "ParkAndGarden",
    "PlaceOfInterest",
    "PointOfInterest"
  ],
  "rdfs:comment": {
    "de": [
      "Im Herzen des Viertels Le Clos in La Courneuve setzt der Platz seine Grünflächen und Einrichtungen durch."
    ],
    "en": [
      "In the heart of the Clos district in La Courneuve, the square imposes its green spaces and facilities."
    ],
    "it": [
      "Nel cuore del quartiere Clos di La Courneuve, la piazza impone i suoi spazi verdi e le sue strutture."
    ],
    "fr": [
      "Au cœur du quartier du Clos à La Courneuve, le square impose ses espaces verts et ses équipements."
    ],
    "nl": [
      "In het hart van de wijk Clos in La Courneuve legt het plein zijn groene ruimtes en voorzieningen op."
    ],
    "es": [
      "En el corazón del barrio de Clos, en La Courneuve, la plaza impone sus espacios verdes e instalaciones."
    ]
  },
  "rdfs:label": {
    "fr": [
      "Square des Clos"
    ]
  },
  "hasBeenCreatedBy": {
    "@id": "https://data.datatourisme.fr/13/298923c8-1900-35e9-9288-b430794814c4",
    "dc:identifier": "1015",
    "schema:email": [
      "jt.charbonnier@plainecommunetourisme.com",
      "s.vallier@plainecommunetourisme.com",
      "webmarketer@plainecommunetourisme.com"
    ],
    "schema:legalName": "Office de Tourisme Plaine commune grand Paris",
    "@type": [
      "schema:Organization",
      "foaf:Agent",
      "Agent"
    ],
    "foaf:homepage": [
      "https://www.tourisme-plainecommune-paris.com/"
    ]
  },
  "hasBeenPublishedBy": [
    {
      "@id": "https://data.datatourisme.fr/8a9feb4b-2cbd-3d2c-b507-bd6c6776b23b",
      "schema:legalName": "Apidae Tourisme Scic SA - source : Apidae Tourisme",
      "@type": [
        "schema:Organization",
        "foaf:Agent",
        "Agent"
      ],
      "foaf:homepage": [
        "https://www.apidae-tourisme.com/"
      ]
    }
  ],
  "hasContact": [
    {
      "@id": "https://data.datatourisme.fr/4c24d4ec-cb26-3829-becb-6fdbc5e41491",
      "@type": [
        "foaf:Agent",
        "Agent"
      ],
      "foaf:homepage": [
        "https://lacourneuve.fr/les-squares-et-jardins"
      ]
    }
  ],
  "hasDescription": [
    {
      "@id": "https://data.datatourisme.fr/51eb0c4a-19e5-3dea-a06d-41c3db7ac40b",
      "@type": [
        "Description"
      ],
      "hasTranslatedProperty": [
        {
          "@id": "https://data.datatourisme.fr/1b35f406-65eb-3ce6-ad16-f3ed49308bda",
          "dc:contributor": [
            "https://api.deepl.com/v2/translate"
          ],
          "rdf:language": [
            "de"
          ],
          "rdf:predicate": [
            "shortDescription"
          ]
        },
        {
          "@id": "https://data.datatourisme.fr/226bce01-1b17-3d24-80ec-cb88a8950fed",
          "dc:contributor": [
            "https://api.deepl.com/v2/translate"
          ],
          "rdf:language": [
            "nl"
          ],
          "rdf:predicate": [
            "shortDescription"
          ]
        },
        {
          "@id": "https://data.datatourisme.fr/646a3527-7bc0-3afe-9664-f3d5e84f85e5",
          "dc:contributor": [
            "https://api.deepl.com/v2/translate"
          ],
          "rdf:language": [
            "es"
          ],
          "rdf:predicate": [
            "shortDescription"
          ]
        },
        {
          "@id": "https://data.datatourisme.fr/a30d9526-bbb3-3ec0-b3be-241b930a9fd0",
          "dc:contributor": [
            "https://api.deepl.com/v2/translate"
          ],
          "rdf:language": [
            "it"
          ],
          "rdf:predicate": [
            "shortDescription"
          ]
        },
        {
          "@id": "https://data.datatourisme.fr/e5308955-bccb-3f74-bc46-278bc3f9652a",
          "dc:contributor": [
            "https://api.deepl.com/v2/translate"
          ],
          "rdf:language": [
            "en"
          ],
          "rdf:predicate": [
            "shortDescription"
          ]
        }
      ],
      "shortDescription": {
        "de": [
          "Im Herzen des Viertels Le Clos in La Courneuve setzt der Platz seine Grünflächen und Einrichtungen durch."
        ],
        "en": [
          "In the heart of the Clos district in La Courneuve, the square imposes its green spaces and facilities."
        ],
        "it": [
          "Nel cuore del quartiere Clos di La Courneuve, la piazza impone i suoi spazi verdi e le sue strutture."
        ],
        "fr": [
          "Au cœur du quartier du Clos à La Courneuve, le square impose ses espaces verts et ses équipements."
        ],
        "nl": [
          "In het hart van de wijk Clos in La Courneuve legt het plein zijn groene ruimtes en voorzieningen op."
        ],
        "es": [
          "En el corazón del barrio de Clos, en La Courneuve, la plaza impone sus espacios verdes e instalaciones."
        ]
      }
    }
  ],
  "hasTheme": [
    {
      "@id": "kb:Culture",
      "@type": [
        "CulturalTheme"
      ],
      "rdfs:label": {
        "de": [
          "Kultur"
        ],
        "pt": [
          "Cultura"
        ],
        "en": [
          "Culture"
        ],
        "it": [
          "Cultura"
        ],
        "fr": [
          "Culture"
        ],
        "nl": [
          "Cultuur"
        ],
        "es": [
          "Cultura"
        ]
      }
    }
  ],
  "hasTranslatedProperty": [
    {
      "@id": "https://data.datatourisme.fr/104cf644-a8af-314d-bbc9-27b617ff139a",
      "dc:contributor": [
        "https://api.deepl.com/v2/translate"
      ],
      "rdf:language": [
        "de"
      ],
      "rdf:predicate": [
        {
          "@id": "rdfs:comment"
        }
      ]
    },
    {
      "@id": "https://data.datatourisme.fr/21d55a61-fc75-357a-9360-ddea9bb6b2db",
      "dc:contributor": [
        "https://api.deepl.com/v2/translate"
      ],
      "rdf:language": [
        "en"
      ],
      "rdf:predicate": [
        {
          "@id": "rdfs:comment"
        }
      ]
    },
    {
      "@id": "https://data.datatourisme.fr/7d649a7c-40b0-3bbf-8514-6831bc24002a",
      "dc:contributor": [
        "https://api.deepl.com/v2/translate"
      ],
      "rdf:language": [
        "nl"
      ],
      "rdf:predicate": [
        {
          "@id": "rdfs:comment"
        }
      ]
    },
    {
      "@id": "https://data.datatourisme.fr/95d0c922-7251-3a75-a4a4-17570e39012d",
      "dc:contributor": [
        "https://api.deepl.com/v2/translate"
      ],
      "rdf:language": [
        "it"
      ],
      "rdf:predicate": [
        {
          "@id": "rdfs:comment"
        }
      ]
    },
    {
      "@id": "https://data.datatourisme.fr/ac0a61f2-48c8-3d6f-ac8f-07b771d4e748",
      "dc:contributor": [
        "https://api.deepl.com/v2/translate"
      ],
      "rdf:language": [
        "es"
      ],
      "rdf:predicate": [
        {
          "@id": "rdfs:comment"
        }
      ]
    }
  ],
  "isLocatedAt": [
    {
      "@id": "https://data.datatourisme.fr/4d08f927-0e02-3ce7-b066-ac1ea2fbc9a3",
      "schema:address": [
        {
          "@id": "https://data.datatourisme.fr/15e63444-94c9-3aaf-8306-4a4a1e323930",
          "schema:addressLocality": "La Courneuve",
          "schema:postalCode": "93120",
          "schema:streetAddress": [
            "Rue de Presov"
          ],
          "@type": [
            "schema:PostalAddress",
            "PostalAddress"
          ],
          "hasAddressCity": {
            "@id": "kb:93027",
            "@type": [
              "City"
            ],
            "rdfs:label": {
              "de": [
                "La Courneuve"
              ],
              "pt": [
                "La Courneuve"
              ],
              "en": [
                "La Courneuve"
              ],
              "it": [
                "La Courneuve"
              ],
              "fr": [
                "La Courneuve"
              ],
              "nl": [
                "La Courneuve"
              ],
              "es": [
                "La Courneuve"
              ]
            },
            "insee": "93027",
            "isPartOfDepartment": {
              "@id": "kb:France1193",
              "@type": [
                "Department"
              ],
              "rdfs:label": {
                "de": [
                  "Seine-Saint-Denis"
                ],
                "pt": [
                  "Seine-Saint-Denis"
                ],
                "en": [
                  "Seine-Saint-Denis"
                ],
                "it": [
                  "Seine-Saint-Denis"
                ],
                "fr": [
                  "Seine-Saint-Denis"
                ],
                "nl": [
                  "Seine-Saint-Denis"
                ],
                "es": [
                  "Seine-Saint-Denis"
                ]
              },
              "insee": "93",
              "isPartOfRegion": {
                "@id": "kb:France11",
                "@type": [
                  "Region"
                ],
                "rdfs:label": {
                  "de": [
                    "Île-de-France"
                  ],
                  "pt": [
                    "Île-de-France"
                  ],
                  "en": [
                    "Île-de-France"
                  ],
                  "it": [
                    "Île-de-France"
                  ],
                  "fr": [
                    "Île-de-France"
                  ],
                  "nl": [
                    "Île-de-France"
                  ],
                  "es": [
                    "Île-de-France"
                  ]
                },
                "insee": "11",
                "isPartOfCountry": {
                  "@id": "kb:France",
                  "@type": [
                    "schema:Country"
                  ],
                  "rdfs:label": {
                    "de": [
                      "France",
                      "Frankreich"
                    ],
                    "pt": [
                      "França",
                      "France"
                    ],
                    "en": [
                      "France"
                    ],
                    "it": [
                      "France",
                      "Francia"
                    ],
                    "fr": [
                      "France"
                    ],
                    "nl": [
                      "France",
                      "Frankrijk"
                    ],
                    "es": [
                      "France",
                      "Francia"
                    ]
                  }
                }
              }
            }
          }
        }
      ],
      "schema:geo": {
        "@id": "https://data.datatourisme.fr/f9bc7b0f-e595-3ac0-aa60-30dda8559125",
        "schema:latitude": "48.931412",
        "schema:longitude": "2.377582",
        "@type": [
          "schema:GeoCoordinates"
        ]
      },
      "schema:openingHoursSpecification": [
        {
          "@id": "https://data.datatourisme.fr/579564f3-d420-36d9-90fa-944f5f9d8877",
          "schema:closes": "23:59:00",
          "schema:opens": "00:00:00",
          "schema:validFrom": "2023-01-01T00:00:00",
          "schema:validThrough": "2023-12-31T23:59:59",
          "@type": [
            "schema:OpeningHoursSpecification"
          ]
        }
      ],
      "@type": [
        "schema:Place",
        "Place"
      ]
    }
  ],
  "isOwnedBy": [
    {
      "@id": "https://data.datatourisme.fr/0d295593-2e92-3cc3-8700-156dfc8eed88",
      "schema:email": [
        "jt.charbonnier@plainecommunetourisme.com",
        "s.vallier@plainecommunetourisme.com",
        "webmarketer@plainecommunetourisme.com"
      ],
      "schema:legalName": "Office de Tourisme Plaine commune grand Paris",
      "@type": [
        "schema:Organization",
        "foaf:Agent",
        "Agent"
      ],
      "foaf:homepage": [
        "https://www.tourisme-plainecommune-paris.com/"
      ]
    }
  ],
  "lastUpdate": "2021-04-23",
  "lastUpdateDatatourisme": "2023-02-22T06:42:37.694Z"
}