{
  "@id": "https://data.datatourisme.fr/13/16fe7392-305b-3b18-9377-6b9565c7eca2",
  "dc:identifier": "5880789",
  "@type": [
    "schema:FoodEstablishment",
    "FoodEstablishment",
    "PlaceOfInterest",
    "PointOfInterest"
  ],
  "rdfs:comment": {
    "de": [
      "Xin Sushi ist ein japanisches Restaurant in Sartrouville und bietet seine Gerichte vor Ort, zum Mitnehmen und als Lieferservice in 6 Städten an: Sartrouville, Houilles, Bezons, Maisons-Laffite, Cormeilles-en-Parisis und La-Frette-sur-Seine."
    ],
    "en": [
      "Japanese restaurant located in Sartrouville, Xin Sushi offers its dishes on the spot, take away and delivery in 6 cities: Sartrouville, Houilles, Bezons, Maisons-Laffite, Cormeilles-en-Parisis and La-Frette-sur-Seine."
    ],
    "it": [
      "Ristorante giapponese situato a Sartrouville, Xin Sushi offre i suoi piatti sul posto, da asporto e per consegna in 6 città: Sartrouville, Houilles, Bezons, Maisons-Laffite, Cormeilles-en-Parisis e La-Frette-sur-Seine."
    ],
    "fr": [
      "Restaurant japonais localisé à Sartrouville, Xin Sushi propose ses plats sur place, à emporter et en livraison dans 6 villes : Sartrouville, Houilles, Bezons, Maisons-Laffite, Cormeilles-en-Parisis et La-Frette-sur-Seine."
    ],
    "es": [
      "Restaurante japonés situado en Sartrouville, Xin Sushi ofrece sus platos in situ, para llevar y para entregar en 6 ciudades: Sartrouville, Houilles, Bezons, Maisons-Laffite, Cormeilles-en-Parisis y La-Frette-sur-Seine."
    ],
    "nl": [
      "Japans restaurant in Sartrouville, Xin Sushi biedt zijn gerechten ter plaatse, om mee te nemen en om te bezorgen in 6 steden: Sartrouville, Houilles, Bezons, Maisons-Laffite, Cormeilles-en-Parisis en La-Frette-sur-Seine."
    ]
  },
  "rdfs:label": {
    "fr": [
      "Xin Sushi"
    ]
  },
  "hasBeenCreatedBy": {
    "@id": "https://data.datatourisme.fr/13/1baff70e-2669-3837-a347-efd3a874a341",
    "dc:identifier": "1489",
    "schema:email": [
      "emilie.prai@saintgermainenlaye.fr",
      "emilie.rochat@seine-saintgermain.fr",
      "melissa.moreau@saintgermainenlaye.fr"
    ],
    "schema:legalName": "Office de Tourisme Intercommunal de Saint Germain Boucles de Seine",
    "@type": [
      "schema:Organization",
      "foaf:Agent",
      "Agent"
    ],
    "foaf:homepage": [
      "http://www.reservation.seine-saintgermain.fr/"
    ]
  },
  "hasBeenPublishedBy": [
    {
      "@id": "https://data.datatourisme.fr/8a9feb4b-2cbd-3d2c-b507-bd6c6776b23b",
      "schema:legalName": "Apidae Tourisme Scic SA - source : Apidae Tourisme",
      "@type": [
        "schema:Organization",
        "foaf:Agent",
        "Agent"
      ],
      "foaf:homepage": [
        "https://www.apidae-tourisme.com/"
      ]
    }
  ],
  "hasContact": [
    {
      "@id": "https://data.datatourisme.fr/679bbf68-8c41-3331-b035-3315ed159190",
      "schema:telephone": [
        "+33 1 30 86 91 35",
        "+33 1 61 30 88 88"
      ],
      "@type": [
        "foaf:Agent",
        "Agent"
      ],
      "foaf:homepage": [
        "https://www.xinsushi78.fr/"
      ]
    }
  ],
  "hasDescription": [
    {
      "@id": "https://data.datatourisme.fr/e9dc1ed9-b9e1-34aa-bcfa-0fd512dd94b6",
      "@type": [
        "Description"
      ],
      "hasTranslatedProperty": [
        {
          "@id": "https://data.datatourisme.fr/12b9cac0-4b55-3b94-9121-72b00d640d86",
          "dc:contributor": [
            "https://api.deepl.com/v2/translate"
          ],
          "rdf:language": [
            "es"
          ],
          "rdf:predicate": [
            "shortDescription"
          ]
        },
        {
          "@id": "https://data.datatourisme.fr/648c4456-4b40-351e-955d-fb884b8c9267",
          "dc:contributor": [
            "https://api.deepl.com/v2/translate"
          ],
          "rdf:language": [
            "en"
          ],
          "rdf:predicate": [
            "shortDescription"
          ]
        },
        {
          "@id": "https://data.datatourisme.fr/740d5e9a-d4c4-3c53-acc7-2fd20acee580",
          "dc:contributor": [
            "https://api.deepl.com/v2/translate"
          ],
          "rdf:language": [
            "nl"
          ],
          "rdf:predicate": [
            "shortDescription"
          ]
        },
        {
          "@id": "https://data.datatourisme.fr/cc88cd18-e51e-3548-9bf5-21e21aba8477",
          "dc:contributor": [
            "https://api.deepl.com/v2/translate"
          ],
          "rdf:language": [
            "it"
          ],
          "rdf:predicate": [
            "shortDescription"
          ]
        },
        {
          "@id": "https://data.datatourisme.fr/d49360ce-b607-31b2-b362-5a460e677d5f",
          "dc:contributor": [
            "https://api.deepl.com/v2/translate"
          ],
          "rdf:language": [
            "de"
          ],
          "rdf:predicate": [
            "shortDescription"
          ]
        }
      ],
      "shortDescription": {
        "de": [
          "Xin Sushi ist ein japanisches Restaurant in Sartrouville und bietet seine Gerichte vor Ort, zum Mitnehmen und als Lieferservice in 6 Städten an: Sartrouville, Houilles, Bezons, Maisons-Laffite, Cormeilles-en-Parisis und La-Frette-sur-Seine."
        ],
        "en": [
          "Japanese restaurant located in Sartrouville, Xin Sushi offers its dishes on the spot, take away and delivery in 6 cities: Sartrouville, Houilles, Bezons, Maisons-Laffite, Cormeilles-en-Parisis and La-Frette-sur-Seine."
        ],
        "it": [
          "Ristorante giapponese situato a Sartrouville, Xin Sushi offre i suoi piatti sul posto, da asporto e per consegna in 6 città: Sartrouville, Houilles, Bezons, Maisons-Laffite, Cormeilles-en-Parisis e La-Frette-sur-Seine."
        ],
        "fr": [
          "Restaurant japonais localisé à Sartrouville, Xin Sushi propose ses plats sur place, à emporter et en livraison dans 6 villes : Sartrouville, Houilles, Bezons, Maisons-Laffite, Cormeilles-en-Parisis et La-Frette-sur-Seine."
        ],
        "es": [
          "Restaurante japonés situado en Sartrouville, Xin Sushi ofrece sus platos in situ, para llevar y para entregar en 6 ciudades: Sartrouville, Houilles, Bezons, Maisons-Laffite, Cormeilles-en-Parisis y La-Frette-sur-Seine."
        ],
        "nl": [
          "Japans restaurant in Sartrouville, Xin Sushi biedt zijn gerechten ter plaatse, om mee te nemen en om te bezorgen in 6 steden: Sartrouville, Houilles, Bezons, Maisons-Laffite, Cormeilles-en-Parisis en La-Frette-sur-Seine."
        ]
      }
    }
  ],
  "hasTranslatedProperty": [
    {
      "@id": "https://data.datatourisme.fr/29799e25-cb4c-3a3b-9f05-7eef69af0fb2",
      "dc:contributor": [
        "https://api.deepl.com/v2/translate"
      ],
      "rdf:language": [
        "nl"
      ],
      "rdf:predicate": [
        {
          "@id": "rdfs:comment"
        }
      ]
    },
    {
      "@id": "https://data.datatourisme.fr/3170f389-bc12-3698-99cb-562bd5bb6054",
      "dc:contributor": [
        "https://api.deepl.com/v2/translate"
      ],
      "rdf:language": [
        "it"
      ],
      "rdf:predicate": [
        {
          "@id": "rdfs:comment"
        }
      ]
    },
    {
      "@id": "https://data.datatourisme.fr/5d557328-9598-368b-964d-3e6a64087187",
      "dc:contributor": [
        "https://api.deepl.com/v2/translate"
      ],
      "rdf:language": [
        "en"
      ],
      "rdf:predicate": [
        {
          "@id": "rdfs:comment"
        }
      ]
    },
    {
      "@id": "https://data.datatourisme.fr/a05128b0-2363-3075-b273-0429e53f636b",
      "dc:contributor": [
        "https://api.deepl.com/v2/translate"
      ],
      "rdf:language": [
        "de"
      ],
      "rdf:predicate": [
        {
          "@id": "rdfs:comment"
        }
      ]
    },
    {
      "@id": "https://data.datatourisme.fr/e392eaca-94b8-34ba-9d65-351a0412b41d",
      "dc:contributor": [
        "https://api.deepl.com/v2/translate"
      ],
      "rdf:language": [
        "es"
      ],
      "rdf:predicate": [
        {
          "@id": "rdfs:comment"
        }
      ]
    }
  ],
  "isLocatedAt": [
    {
      "@id": "https://data.datatourisme.fr/575de4ad-ab9e-3350-9a03-5fb45170a657",
      "schema:address": [
        {
          "@id": "https://data.datatourisme.fr/b5e5e5c3-7c0f-35b4-ad5b-ab4ad5e380f7",
          "schema:addressLocality": "Sartrouville",
          "schema:postalCode": "78500",
          "schema:streetAddress": [
            "13 rue Voltaire"
          ],
          "@type": [
            "schema:PostalAddress",
            "PostalAddress"
          ],
          "hasAddressCity": {
            "@id": "kb:78586",
            "@type": [
              "City"
            ],
            "rdfs:label": {
              "de": [
                "Sartrouville"
              ],
              "pt": [
                "Sartrouville"
              ],
              "en": [
                "Sartrouville"
              ],
              "it": [
                "Sartrouville"
              ],
              "fr": [
                "Sartrouville"
              ],
              "nl": [
                "Sartrouville"
              ],
              "es": [
                "Sartrouville"
              ]
            },
            "insee": "78586",
            "isPartOfDepartment": {
              "@id": "kb:France1178",
              "@type": [
                "Department"
              ],
              "rdfs:label": {
                "de": [
                  "Yvelines"
                ],
                "pt": [
                  "Yvelines"
                ],
                "en": [
                  "Yvelines"
                ],
                "it": [
                  "Yvelines"
                ],
                "fr": [
                  "Yvelines"
                ],
                "nl": [
                  "Yvelines"
                ],
                "es": [
                  "Yvelines"
                ]
              },
              "insee": "78",
              "isPartOfRegion": {
                "@id": "kb:France11",
                "@type": [
                  "Region"
                ],
                "rdfs:label": {
                  "de": [
                    "Île-de-France"
                  ],
                  "pt": [
                    "Île-de-France"
                  ],
                  "en": [
                    "Île-de-France"
                  ],
                  "it": [
                    "Île-de-France"
                  ],
                  "fr": [
                    "Île-de-France"
                  ],
                  "nl": [
                    "Île-de-France"
                  ],
                  "es": [
                    "Île-de-France"
                  ]
                },
                "insee": "11",
                "isPartOfCountry": {
                  "@id": "kb:France",
                  "@type": [
                    "schema:Country"
                  ],
                  "rdfs:label": {
                    "de": [
                      "France",
                      "Frankreich"
                    ],
                    "pt": [
                      "França",
                      "France"
                    ],
                    "en": [
                      "France"
                    ],
                    "it": [
                      "France",
                      "Francia"
                    ],
                    "fr": [
                      "France"
                    ],
                    "nl": [
                      "France",
                      "Frankrijk"
                    ],
                    "es": [
                      "France",
                      "Francia"
                    ]
                  }
                }
              }
            }
          }
        }
      ],
      "schema:geo": {
        "@id": "https://data.datatourisme.fr/c59bb1c3-0559-3f2f-8624-1e4d57e8b487",
        "schema:latitude": "48.938996",
        "schema:longitude": "2.17103",
        "@type": [
          "schema:GeoCoordinates"
        ]
      },
      "schema:openingHoursSpecification": [
        {
          "@id": "https://data.datatourisme.fr/ccdb8043-f170-328f-b494-6c5a5d2393f3",
          "schema:validFrom": "2023-01-01T00:00:00",
          "schema:validThrough": "2023-12-31T23:59:59",
          "@type": [
            "schema:OpeningHoursSpecification"
          ],
          "additionalInformation": {
            "de": [
              "Montag bis Samstag: 11:30-13:50 Uhr / 18:30-21:30 Uhr\r\nSonntag und Feiertage: 18.30-21.30 Uhr"
            ],
            "en": [
              "Monday to Saturday: 11:30am-1:50pm / 6:30pm-9:30pm\r\nSunday and holidays: 6:30-9:30 pm"
            ],
            "it": [
              "Da lunedì a sabato: 11.30-13.50 / 18.30-21.30\r\nDomenica e festivi: 18.30-21.30"
            ],
            "fr": [
              "Lundi au samedi : 11h30-13h50 / 18h30-21h30\r\nDimanche et jours fériés : 18h30-21h30"
            ],
            "nl": [
              "Maandag tot zaterdag: 11.30u-1.50u / 18.30u-9.30u\r\nZondag en feestdagen: 18.30-9.30 uur"
            ],
            "es": [
              "De lunes a sábado: 11:30 a 13:50 / 18:30 a 21:30\r\nDomingo y días festivos: 18.30-9.30"
            ]
          },
          "hasTranslatedProperty": [
            {
              "@id": "https://data.datatourisme.fr/40d686f2-c144-3eee-9bf8-642f91525432",
              "dc:contributor": [
                "https://api.deepl.com/v2/translate"
              ],
              "rdf:language": [
                "es"
              ],
              "rdf:predicate": [
                "additionalInformation"
              ]
            },
            {
              "@id": "https://data.datatourisme.fr/5889b221-3b56-3b97-a60b-14ac613dbaf0",
              "dc:contributor": [
                "https://api.deepl.com/v2/translate"
              ],
              "rdf:language": [
                "de"
              ],
              "rdf:predicate": [
                "additionalInformation"
              ]
            },
            {
              "@id": "https://data.datatourisme.fr/b3995423-6a32-31db-ae13-c4cdd2d83c74",
              "dc:contributor": [
                "https://api.deepl.com/v2/translate"
              ],
              "rdf:language": [
                "en"
              ],
              "rdf:predicate": [
                "additionalInformation"
              ]
            },
            {
              "@id": "https://data.datatourisme.fr/da006704-d701-35a5-a08b-ca3e70bb633b",
              "dc:contributor": [
                "https://api.deepl.com/v2/translate"
              ],
              "rdf:language": [
                "it"
              ],
              "rdf:predicate": [
                "additionalInformation"
              ]
            },
            {
              "@id": "https://data.datatourisme.fr/f8f4b784-9977-3ff3-bf74-75d8e578ce98",
              "dc:contributor": [
                "https://api.deepl.com/v2/translate"
              ],
              "rdf:language": [
                "nl"
              ],
              "rdf:predicate": [
                "additionalInformation"
              ]
            }
          ]
        }
      ],
      "@type": [
        "schema:Place",
        "Place"
      ]
    }
  ],
  "isOwnedBy": [
    {
      "@id": "https://data.datatourisme.fr/73484530-94e0-3b9c-86da-e2ddfa7df7ed",
      "schema:email": [
        "emilie.prai@saintgermainenlaye.fr",
        "emilie.rochat@seine-saintgermain.fr",
        "melissa.moreau@saintgermainenlaye.fr"
      ],
      "schema:legalName": "Office de Tourisme Intercommunal de Saint Germain Boucles de Seine",
      "@type": [
        "schema:Organization",
        "foaf:Agent",
        "Agent"
      ],
      "foaf:homepage": [
        "http://www.reservation.seine-saintgermain.fr/"
      ]
    }
  ],
  "lastUpdate": "2021-07-28",
  "lastUpdateDatatourisme": "2023-02-01T18:07:36.059Z"
}