{
  "@id": "https://data.datatourisme.fr/13/1686202d-bcee-3801-923e-1fa1e27dee89",
  "dc:identifier": "4925981",
  "@type": [
    "schema:FoodEstablishment",
    "FoodEstablishment",
    "PlaceOfInterest",
    "PointOfInterest"
  ],
  "rdfs:comment": {
    "de": [
      "Kette von Brauereien, die flämische und elsässische Spezialitäten sowie vor Ort gebraute Biere anbieten."
    ],
    "en": [
      "Chain of breweries offering Flemish and Alsatian specialities as well as beers brewed on site."
    ],
    "it": [
      "Catena di birrerie che offre specialità fiamminghe e alsaziane e birre prodotte in loco."
    ],
    "fr": [
      "Chaîne de brasseries offrant des spécialités flamandes et alsaciennes ainsi que des bières brassées sur place."
    ],
    "nl": [
      "Keten van brouwerijen met Vlaamse en Elzasser specialiteiten en ter plaatse gebrouwen bieren."
    ],
    "es": [
      "Cadena de cervecerías que ofrece especialidades flamencas y alsacianas y cervezas elaboradas en el propio establecimiento."
    ]
  },
  "rdfs:label": {
    "fr": [
      "Les 3 brasseurs"
    ]
  },
  "hasBeenCreatedBy": {
    "@id": "https://data.datatourisme.fr/13/bc573864-331a-3e42-a451-1de6f678aa83",
    "dc:identifier": "1626",
    "schema:email": [
      "abernard@ot-cergypontoise.fr",
      "accueil@ot-cergypontoise.fr",
      "cherault@ot-cergypontoise.fr",
      "cpagnoux@ot-cergypontoise.fr",
      "cpratte@ot-cergypontoise.fr",
      "mcassort@ot-cergypontoise.fr",
      "mfrancois@ot-cergypontoise.fr",
      "mroux@ot-cergypontoise.fr",
      "vvergneaux@ot-cergypontoise.fr"
    ],
    "schema:legalName": "Office de Tourisme de Cergy-Pontoise - Porte du Vexin",
    "@type": [
      "schema:Organization",
      "foaf:Agent",
      "Agent"
    ],
    "foaf:homepage": [
      "http://www.ot-cergypontoise.fr/"
    ]
  },
  "hasBeenPublishedBy": [
    {
      "@id": "https://data.datatourisme.fr/8a9feb4b-2cbd-3d2c-b507-bd6c6776b23b",
      "schema:legalName": "Apidae Tourisme Scic SA - source : Apidae Tourisme",
      "@type": [
        "schema:Organization",
        "foaf:Agent",
        "Agent"
      ],
      "foaf:homepage": [
        "https://www.apidae-tourisme.com/"
      ]
    }
  ],
  "hasContact": [
    {
      "@id": "https://data.datatourisme.fr/fbe4348c-ed5b-3223-8e05-e00bec1736ce",
      "schema:telephone": [
        "+33 1 30 37 06 03"
      ],
      "@type": [
        "foaf:Agent",
        "Agent"
      ],
      "foaf:homepage": [
        "https://restaurants.3brasseurs.com/fr/s/brasseurs/eragny/449"
      ]
    }
  ],
  "hasDescription": [
    {
      "@id": "https://data.datatourisme.fr/89f83bda-b764-3823-bfb7-eb1bf1a34745",
      "@type": [
        "Description"
      ],
      "hasTranslatedProperty": [
        {
          "@id": "https://data.datatourisme.fr/6535c4e3-4b71-3332-9437-0ffbaa5807ab",
          "dc:contributor": [
            "https://api.deepl.com/v2/translate"
          ],
          "rdf:language": [
            "nl"
          ],
          "rdf:predicate": [
            "shortDescription"
          ]
        },
        {
          "@id": "https://data.datatourisme.fr/cb807c12-a97d-360f-8f2a-1398c3144f0f",
          "dc:contributor": [
            "https://api.deepl.com/v2/translate"
          ],
          "rdf:language": [
            "it"
          ],
          "rdf:predicate": [
            "shortDescription"
          ]
        },
        {
          "@id": "https://data.datatourisme.fr/e72426e0-2760-37e1-8fd5-32bcd4136ff4",
          "dc:contributor": [
            "https://api.deepl.com/v2/translate"
          ],
          "rdf:language": [
            "es"
          ],
          "rdf:predicate": [
            "shortDescription"
          ]
        },
        {
          "@id": "https://data.datatourisme.fr/fb096e96-d4bc-3313-8f52-299fb9d6f5c1",
          "dc:contributor": [
            "https://api.deepl.com/v2/translate"
          ],
          "rdf:language": [
            "en"
          ],
          "rdf:predicate": [
            "shortDescription"
          ]
        },
        {
          "@id": "https://data.datatourisme.fr/fb10cda0-ce33-350c-a083-2ad828ea03b3",
          "dc:contributor": [
            "https://api.deepl.com/v2/translate"
          ],
          "rdf:language": [
            "de"
          ],
          "rdf:predicate": [
            "shortDescription"
          ]
        }
      ],
      "shortDescription": {
        "de": [
          "Kette von Brauereien, die flämische und elsässische Spezialitäten sowie vor Ort gebraute Biere anbieten."
        ],
        "en": [
          "Chain of breweries offering Flemish and Alsatian specialities as well as beers brewed on site."
        ],
        "it": [
          "Catena di birrerie che offre specialità fiamminghe e alsaziane e birre prodotte in loco."
        ],
        "fr": [
          "Chaîne de brasseries offrant des spécialités flamandes et alsaciennes ainsi que des bières brassées sur place."
        ],
        "nl": [
          "Keten van brouwerijen met Vlaamse en Elzasser specialiteiten en ter plaatse gebrouwen bieren."
        ],
        "es": [
          "Cadena de cervecerías que ofrece especialidades flamencas y alsacianas y cervezas elaboradas en el propio establecimiento."
        ]
      }
    }
  ],
  "hasTranslatedProperty": [
    {
      "@id": "https://data.datatourisme.fr/18cee147-9758-37dc-b3e2-7aa2edea3b63",
      "dc:contributor": [
        "https://api.deepl.com/v2/translate"
      ],
      "rdf:language": [
        "en"
      ],
      "rdf:predicate": [
        {
          "@id": "rdfs:comment"
        }
      ]
    },
    {
      "@id": "https://data.datatourisme.fr/7ea0531c-0217-301e-b223-e4d7b0da6979",
      "dc:contributor": [
        "https://api.deepl.com/v2/translate"
      ],
      "rdf:language": [
        "it"
      ],
      "rdf:predicate": [
        {
          "@id": "rdfs:comment"
        }
      ]
    },
    {
      "@id": "https://data.datatourisme.fr/b9dc3ee2-d3c4-3390-9268-ec7d806e392f",
      "dc:contributor": [
        "https://api.deepl.com/v2/translate"
      ],
      "rdf:language": [
        "de"
      ],
      "rdf:predicate": [
        {
          "@id": "rdfs:comment"
        }
      ]
    },
    {
      "@id": "https://data.datatourisme.fr/dc18706b-25cd-32c6-96a7-9acdbe2e4289",
      "dc:contributor": [
        "https://api.deepl.com/v2/translate"
      ],
      "rdf:language": [
        "nl"
      ],
      "rdf:predicate": [
        {
          "@id": "rdfs:comment"
        }
      ]
    },
    {
      "@id": "https://data.datatourisme.fr/f4b8207b-df50-3614-ae2a-c9ac9c57c87a",
      "dc:contributor": [
        "https://api.deepl.com/v2/translate"
      ],
      "rdf:language": [
        "es"
      ],
      "rdf:predicate": [
        {
          "@id": "rdfs:comment"
        }
      ]
    }
  ],
  "isLocatedAt": [
    {
      "@id": "https://data.datatourisme.fr/0acba640-05bc-350b-9cc2-95ba411c818a",
      "schema:address": [
        {
          "@id": "https://data.datatourisme.fr/e71d3d44-6549-3b92-b28c-28a6eb16b9e9",
          "schema:addressLocality": "Éragny",
          "schema:postalCode": "95610",
          "schema:streetAddress": [
            "9 Rue des Érables",
            "Lieu dit le Clos Santeuil"
          ],
          "@type": [
            "schema:PostalAddress",
            "PostalAddress"
          ],
          "hasAddressCity": {
            "@id": "kb:95218",
            "@type": [
              "City"
            ],
            "rdfs:label": {
              "de": [
                "Éragny"
              ],
              "pt": [
                "Éragny"
              ],
              "en": [
                "Éragny"
              ],
              "it": [
                "Éragny"
              ],
              "fr": [
                "Éragny"
              ],
              "nl": [
                "Éragny"
              ],
              "es": [
                "Éragny"
              ]
            },
            "insee": "95218",
            "isPartOfDepartment": {
              "@id": "kb:France1195",
              "@type": [
                "Department"
              ],
              "rdfs:label": {
                "de": [
                  "Val-d'Oise"
                ],
                "pt": [
                  "Val-d'Oise"
                ],
                "en": [
                  "Val-d'Oise"
                ],
                "it": [
                  "Val-d'Oise"
                ],
                "fr": [
                  "Val-d'Oise"
                ],
                "nl": [
                  "Val-d'Oise"
                ],
                "es": [
                  "Val-d'Oise"
                ]
              },
              "insee": "95",
              "isPartOfRegion": {
                "@id": "kb:France11",
                "@type": [
                  "Region"
                ],
                "rdfs:label": {
                  "de": [
                    "Île-de-France"
                  ],
                  "pt": [
                    "Île-de-France"
                  ],
                  "en": [
                    "Île-de-France"
                  ],
                  "it": [
                    "Île-de-France"
                  ],
                  "fr": [
                    "Île-de-France"
                  ],
                  "nl": [
                    "Île-de-France"
                  ],
                  "es": [
                    "Île-de-France"
                  ]
                },
                "insee": "11",
                "isPartOfCountry": {
                  "@id": "kb:France",
                  "@type": [
                    "schema:Country"
                  ],
                  "rdfs:label": {
                    "de": [
                      "France",
                      "Frankreich"
                    ],
                    "pt": [
                      "França",
                      "France"
                    ],
                    "en": [
                      "France"
                    ],
                    "it": [
                      "France",
                      "Francia"
                    ],
                    "fr": [
                      "France"
                    ],
                    "nl": [
                      "France",
                      "Frankrijk"
                    ],
                    "es": [
                      "France",
                      "Francia"
                    ]
                  }
                }
              }
            }
          }
        }
      ],
      "schema:geo": {
        "@id": "https://data.datatourisme.fr/69cab94a-f7fa-35aa-b95d-1ec39e17dcf1",
        "schema:latitude": "49.025526",
        "schema:longitude": "2.103069",
        "@type": [
          "schema:GeoCoordinates"
        ]
      },
      "schema:openingHoursSpecification": [
        {
          "@id": "https://data.datatourisme.fr/2b386ed9-4087-3e2b-8af0-1c553e1433c3",
          "schema:closes": "22:30:00",
          "schema:opens": "12:00:00",
          "schema:validFrom": "2023-01-01T00:00:00",
          "schema:validThrough": "2023-12-31T23:59:59",
          "@type": [
            "schema:OpeningHoursSpecification"
          ],
          "additionalInformation": {
            "de": [
              "Freitag und Samstag 12:00-23:30"
            ],
            "en": [
              "Friday and Saturday 12:00-23:30 pm"
            ],
            "it": [
              "Venerdì e sabato 12:00-23:30"
            ],
            "fr": [
              "Vendredi et Samedi 12:00-23:30"
            ],
            "nl": [
              "Vrijdag en zaterdag 12:00-23:30"
            ],
            "es": [
              "Viernes y sábado 12:00-23:30"
            ]
          },
          "hasTranslatedProperty": [
            {
              "@id": "https://data.datatourisme.fr/2126791a-a6e3-34e0-bb8d-6f9166eac005",
              "dc:contributor": [
                "https://api.deepl.com/v2/translate"
              ],
              "rdf:language": [
                "it"
              ],
              "rdf:predicate": [
                "additionalInformation"
              ]
            },
            {
              "@id": "https://data.datatourisme.fr/344aa50c-aa06-3665-a2b1-ae1d410d6907",
              "dc:contributor": [
                "https://api.deepl.com/v2/translate"
              ],
              "rdf:language": [
                "en"
              ],
              "rdf:predicate": [
                "additionalInformation"
              ]
            },
            {
              "@id": "https://data.datatourisme.fr/6162b7ec-8723-39c6-b7ca-79aa9075f71f",
              "dc:contributor": [
                "https://api.deepl.com/v2/translate"
              ],
              "rdf:language": [
                "es"
              ],
              "rdf:predicate": [
                "additionalInformation"
              ]
            },
            {
              "@id": "https://data.datatourisme.fr/857d3dae-909f-394d-a8ee-14dd24102352",
              "dc:contributor": [
                "https://api.deepl.com/v2/translate"
              ],
              "rdf:language": [
                "nl"
              ],
              "rdf:predicate": [
                "additionalInformation"
              ]
            },
            {
              "@id": "https://data.datatourisme.fr/8f5d79dc-5895-3460-b034-37133ecb3af7",
              "dc:contributor": [
                "https://api.deepl.com/v2/translate"
              ],
              "rdf:language": [
                "de"
              ],
              "rdf:predicate": [
                "additionalInformation"
              ]
            }
          ]
        }
      ],
      "@type": [
        "schema:Place",
        "Place"
      ]
    }
  ],
  "isOwnedBy": [
    {
      "@id": "https://data.datatourisme.fr/38525452-e91f-39bb-947a-49cf6c966b75",
      "schema:email": [
        "abernard@ot-cergypontoise.fr",
        "accueil@ot-cergypontoise.fr",
        "cherault@ot-cergypontoise.fr",
        "cpagnoux@ot-cergypontoise.fr",
        "cpratte@ot-cergypontoise.fr",
        "mcassort@ot-cergypontoise.fr",
        "mfrancois@ot-cergypontoise.fr",
        "mroux@ot-cergypontoise.fr",
        "vvergneaux@ot-cergypontoise.fr"
      ],
      "schema:legalName": "Office de Tourisme de Cergy-Pontoise - Porte du Vexin",
      "@type": [
        "schema:Organization",
        "foaf:Agent",
        "Agent"
      ],
      "foaf:homepage": [
        "http://www.ot-cergypontoise.fr/"
      ]
    }
  ],
  "lastUpdate": "2022-06-17",
  "lastUpdateDatatourisme": "2023-03-01T06:42:06.826Z"
}