{
  "@id": "https://data.datatourisme.fr/13/16db1e52-a563-38cc-bd1a-ee6240db6c20",
  "dc:identifier": "818828",
  "schema:endDate": [
    "2023-12-31"
  ],
  "schema:startDate": [
    "2023-01-01"
  ],
  "@type": [
    "schema:Event",
    "schema:SaleEvent",
    "EntertainmentAndEvent",
    "Market",
    "PointOfInterest",
    "SaleEvent"
  ],
  "rdfs:comment": {
    "de": [
      "Frische Produkte, Gemüse, Fleisch, Fisch ...\r\nEntdecken Sie die Geselligkeit der Schausteller und das Vergnügen, an den Ständen der Märkte in der Ile-de-France gute Geschäfte zu machen."
    ],
    "en": [
      "Fresh products, vegetables, meat, fish ...\r\nFind all the friendliness of the fairground merchants and the pleasure of making good deals on the stalls of the Ile-de-France markets."
    ],
    "it": [
      "Prodotti freschi, verdure, carne, pesce...\r\nRitrovate tutta la convivialità dei mercanti da fiera e il piacere di fare buoni affari sulle bancarelle dei mercati dell'Ile-de-France."
    ],
    "fr": [
      "Produits frais, légumes, viandes, poissons ...\r\nRetrouvez toute la convivialité des marchands forains et le plaisir de faire de bonnes affaires sur les étals des marchés franciliens."
    ],
    "nl": [
      "Verse producten, groenten, vlees, vis...\r\nOp de kramen van de markten van Ile-de-France vindt u de gezelligheid van de kermisexploitanten en het plezier om goede deals te sluiten."
    ],
    "es": [
      "Productos frescos, verduras, carne, pescado...\r\nEncuentre toda la cordialidad de los feriantes y el placer de hacer buenos negocios en los puestos de los mercados de Île-de-France."
    ]
  },
  "rdfs:label": {
    "fr": [
      "Marché du Centre-Ville de Villeneuve"
    ]
  },
  "hasBeenCreatedBy": {
    "@id": "https://data.datatourisme.fr/13/03e0704b-5690-32de-a186-1dc3ad3316c9",
    "dc:identifier": "1019",
    "schema:email": [
      "bgeigle@visitparisregion.com",
      "hcaldo@visitparisregion.com",
      "mtanaskovic@visitparisregion.com"
    ],
    "schema:legalName": "Comité Régional du Tourisme Paris Ile de France",
    "@type": [
      "schema:Organization",
      "foaf:Agent",
      "Agent"
    ],
    "foaf:homepage": [
      "http://www.visitparisregion.com/"
    ]
  },
  "hasBeenPublishedBy": [
    {
      "@id": "https://data.datatourisme.fr/8a9feb4b-2cbd-3d2c-b507-bd6c6776b23b",
      "schema:legalName": "Apidae Tourisme Scic SA - source : Apidae Tourisme",
      "@type": [
        "schema:Organization",
        "foaf:Agent",
        "Agent"
      ],
      "foaf:homepage": [
        "https://www.apidae-tourisme.com/"
      ]
    }
  ],
  "hasContact": [
    {
      "@id": "https://data.datatourisme.fr/11d3e754-720b-3492-ac1c-d60a2811cba2",
      "@type": [
        "foaf:Agent",
        "Agent"
      ],
      "foaf:homepage": [
        "https://www.villeneuve-saint-georges.fr/"
      ]
    }
  ],
  "hasDescription": [
    {
      "@id": "https://data.datatourisme.fr/d6aace5a-1d20-337a-96dd-9c1ca93e0004",
      "@type": [
        "Description"
      ],
      "hasTranslatedProperty": [
        {
          "@id": "https://data.datatourisme.fr/02aae560-31af-341d-9d58-1ecf6c5e5e94",
          "dc:contributor": [
            "https://api.deepl.com/v2/translate"
          ],
          "rdf:language": [
            "it"
          ],
          "rdf:predicate": [
            "shortDescription"
          ]
        },
        {
          "@id": "https://data.datatourisme.fr/18ba0016-a1ce-379e-b1a5-eaa9b1fbf074",
          "dc:contributor": [
            "https://api.deepl.com/v2/translate"
          ],
          "rdf:language": [
            "en"
          ],
          "rdf:predicate": [
            "shortDescription"
          ]
        },
        {
          "@id": "https://data.datatourisme.fr/228031a9-2b1c-398d-932b-25b86691841e",
          "dc:contributor": [
            "https://api.deepl.com/v2/translate"
          ],
          "rdf:language": [
            "nl"
          ],
          "rdf:predicate": [
            "shortDescription"
          ]
        },
        {
          "@id": "https://data.datatourisme.fr/49025d64-4660-370c-ae4d-321e6a650798",
          "dc:contributor": [
            "https://api.deepl.com/v2/translate"
          ],
          "rdf:language": [
            "de"
          ],
          "rdf:predicate": [
            "shortDescription"
          ]
        },
        {
          "@id": "https://data.datatourisme.fr/6781b399-934f-3397-a623-385c7b647d88",
          "dc:contributor": [
            "https://api.deepl.com/v2/translate"
          ],
          "rdf:language": [
            "es"
          ],
          "rdf:predicate": [
            "shortDescription"
          ]
        }
      ],
      "shortDescription": {
        "de": [
          "Frische Produkte, Gemüse, Fleisch, Fisch ...\r\nEntdecken Sie die Geselligkeit der Schausteller und das Vergnügen, an den Ständen der Märkte in der Ile-de-France gute Geschäfte zu machen."
        ],
        "en": [
          "Fresh products, vegetables, meat, fish ...\r\nFind all the friendliness of the fairground merchants and the pleasure of making good deals on the stalls of the Ile-de-France markets."
        ],
        "it": [
          "Prodotti freschi, verdure, carne, pesce...\r\nRitrovate tutta la convivialità dei mercanti da fiera e il piacere di fare buoni affari sulle bancarelle dei mercati dell'Ile-de-France."
        ],
        "fr": [
          "Produits frais, légumes, viandes, poissons ...\r\nRetrouvez toute la convivialité des marchands forains et le plaisir de faire de bonnes affaires sur les étals des marchés franciliens."
        ],
        "nl": [
          "Verse producten, groenten, vlees, vis...\r\nOp de kramen van de markten van Ile-de-France vindt u de gezelligheid van de kermisexploitanten en het plezier om goede deals te sluiten."
        ],
        "es": [
          "Productos frescos, verduras, carne, pescado...\r\nEncuentre toda la cordialidad de los feriantes y el placer de hacer buenos negocios en los puestos de los mercados de Île-de-France."
        ]
      }
    }
  ],
  "hasTranslatedProperty": [
    {
      "@id": "https://data.datatourisme.fr/1d5670ca-6678-329d-be50-0ecfe65b2dc4",
      "dc:contributor": [
        "https://api.deepl.com/v2/translate"
      ],
      "rdf:language": [
        "es"
      ],
      "rdf:predicate": [
        {
          "@id": "rdfs:comment"
        }
      ]
    },
    {
      "@id": "https://data.datatourisme.fr/6ee9b51c-cf6c-3e21-89d0-844ad3fe945d",
      "dc:contributor": [
        "https://api.deepl.com/v2/translate"
      ],
      "rdf:language": [
        "en"
      ],
      "rdf:predicate": [
        {
          "@id": "rdfs:comment"
        }
      ]
    },
    {
      "@id": "https://data.datatourisme.fr/8907cc5e-e5e5-3087-ba8f-da07f1ac6e97",
      "dc:contributor": [
        "https://api.deepl.com/v2/translate"
      ],
      "rdf:language": [
        "it"
      ],
      "rdf:predicate": [
        {
          "@id": "rdfs:comment"
        }
      ]
    },
    {
      "@id": "https://data.datatourisme.fr/a8a16192-161e-3e4a-a7e6-762773b4ada1",
      "dc:contributor": [
        "https://api.deepl.com/v2/translate"
      ],
      "rdf:language": [
        "nl"
      ],
      "rdf:predicate": [
        {
          "@id": "rdfs:comment"
        }
      ]
    },
    {
      "@id": "https://data.datatourisme.fr/bd0caf71-a9c0-3589-beb6-329b7e032cad",
      "dc:contributor": [
        "https://api.deepl.com/v2/translate"
      ],
      "rdf:language": [
        "de"
      ],
      "rdf:predicate": [
        {
          "@id": "rdfs:comment"
        }
      ]
    }
  ],
  "isLocatedAt": [
    {
      "@id": "https://data.datatourisme.fr/519692be-d1e2-36a1-b3f6-28324ce8a177",
      "schema:address": [
        {
          "@id": "https://data.datatourisme.fr/aa2a61ae-2556-31a1-9545-f8505a0b1968",
          "schema:addressLocality": "Villeneuve-Saint-Georges",
          "schema:postalCode": "94190",
          "schema:streetAddress": [
            "Marché",
            "Rue Henri Janin"
          ],
          "@type": [
            "schema:PostalAddress",
            "PostalAddress"
          ],
          "hasAddressCity": {
            "@id": "kb:94078",
            "@type": [
              "City"
            ],
            "rdfs:label": {
              "de": [
                "Villeneuve-Saint-Georges"
              ],
              "pt": [
                "Villeneuve-Saint-Georges"
              ],
              "en": [
                "Villeneuve-Saint-Georges"
              ],
              "it": [
                "Villeneuve-Saint-Georges"
              ],
              "fr": [
                "Villeneuve-Saint-Georges"
              ],
              "nl": [
                "Villeneuve-Saint-Georges"
              ],
              "es": [
                "Villeneuve-Saint-Georges"
              ]
            },
            "insee": "94078",
            "isPartOfDepartment": {
              "@id": "kb:France1194",
              "@type": [
                "Department"
              ],
              "rdfs:label": {
                "de": [
                  "Val-de-Marne"
                ],
                "pt": [
                  "Val-de-Marne"
                ],
                "en": [
                  "Val-de-Marne"
                ],
                "it": [
                  "Val-de-Marne"
                ],
                "fr": [
                  "Val-de-Marne"
                ],
                "nl": [
                  "Val-de-Marne"
                ],
                "es": [
                  "Val-de-Marne"
                ]
              },
              "insee": "94",
              "isPartOfRegion": {
                "@id": "kb:France11",
                "@type": [
                  "Region"
                ],
                "rdfs:label": {
                  "de": [
                    "Île-de-France"
                  ],
                  "pt": [
                    "Île-de-France"
                  ],
                  "en": [
                    "Île-de-France"
                  ],
                  "it": [
                    "Île-de-France"
                  ],
                  "fr": [
                    "Île-de-France"
                  ],
                  "nl": [
                    "Île-de-France"
                  ],
                  "es": [
                    "Île-de-France"
                  ]
                },
                "insee": "11",
                "isPartOfCountry": {
                  "@id": "kb:France",
                  "@type": [
                    "schema:Country"
                  ],
                  "rdfs:label": {
                    "de": [
                      "France",
                      "Frankreich"
                    ],
                    "pt": [
                      "França",
                      "France"
                    ],
                    "en": [
                      "France"
                    ],
                    "it": [
                      "France",
                      "Francia"
                    ],
                    "fr": [
                      "France"
                    ],
                    "nl": [
                      "France",
                      "Frankrijk"
                    ],
                    "es": [
                      "France",
                      "Francia"
                    ]
                  }
                }
              }
            }
          }
        }
      ],
      "schema:geo": {
        "@id": "https://data.datatourisme.fr/67bafa83-4921-33cf-8c9e-1a9e429edc46",
        "schema:latitude": "48.730675",
        "schema:longitude": "2.44881",
        "@type": [
          "schema:GeoCoordinates"
        ]
      },
      "schema:openingHoursSpecification": [
        {
          "@id": "https://data.datatourisme.fr/dc781c7c-43c0-3458-b80f-e0708868fa68",
          "schema:closes": "13:00:00",
          "schema:opens": "09:00:00",
          "schema:validFrom": "2023-01-01T00:00:00",
          "schema:validThrough": "2023-12-31T23:59:59",
          "@type": [
            "schema:OpeningHoursSpecification"
          ]
        }
      ],
      "@type": [
        "schema:Place",
        "Place"
      ]
    }
  ],
  "isOwnedBy": [
    {
      "@id": "https://data.datatourisme.fr/26ecd6f0-563c-356a-b0f9-ad3ec17effc4",
      "schema:email": [
        "bgeigle@visitparisregion.com",
        "hcaldo@visitparisregion.com",
        "mtanaskovic@visitparisregion.com"
      ],
      "schema:legalName": "Comité Régional du Tourisme Paris Ile de France",
      "@type": [
        "schema:Organization",
        "foaf:Agent",
        "Agent"
      ],
      "foaf:homepage": [
        "http://www.visitparisregion.com/"
      ]
    }
  ],
  "lastUpdate": "2016-05-12",
  "lastUpdateDatatourisme": "2023-02-01T18:07:35.934Z",
  "takesPlaceAt": [
    {
      "@id": "https://data.datatourisme.fr/d9e9af75-a03f-3514-9a82-80f36731c8d7",
      "@type": [
        "Period",
        "RecurrentPeriod"
      ],
      "appliesOnDay": [
        {
          "@id": "schema:Saturday",
          "@type": [
            "schema:DayOfWeek"
          ],
          "rdfs:label": {
            "de": [
              "Samstag"
            ],
            "pt": [
              "Sábado"
            ],
            "en": [
              "Saturday"
            ],
            "it": [
              "Sabato"
            ],
            "fr": [
              "Samedi"
            ],
            "nl": [
              "Zaterdag"
            ],
            "es": [
              "Sábado"
            ]
          }
        },
        {
          "@id": "schema:Wednesday",
          "@type": [
            "schema:DayOfWeek"
          ],
          "rdfs:label": {
            "de": [
              "Mittwoch"
            ],
            "pt": [
              "Quarta-feira"
            ],
            "en": [
              "Wednesday"
            ],
            "it": [
              "Mercoledì"
            ],
            "fr": [
              "Mercredi"
            ],
            "nl": [
              "Woensdag"
            ],
            "es": [
              "Miércoles"
            ]
          }
        }
      ],
      "endDate": "2023-12-31",
      "endTime": "13:00:00",
      "startDate": "2023-01-01",
      "startTime": "09:00:00"
    }
  ]
}