{
  "@id": "https://data.datatourisme.fr/13/16ff0b7f-9bf5-3c51-824b-7b6acf436a53",
  "dc:identifier": "676213",
  "@type": [
    "Abbey",
    "ArcheologicalSite",
    "CulturalSite",
    "PlaceOfInterest",
    "PointOfInterest",
    "ReligiousSite"
  ],
  "rdfs:comment": {
    "de": [
      "Die Abbaye de Maubuisson, vom Ort des Glaubens im 13. Jahrhundert zum Ort multidisziplinärer Kreationen im 21."
    ],
    "en": [
      "The Abbey of Maubuisson, from a place of faith in the 13th century to a place of multidisciplinary creation in the 21st century."
    ],
    "it": [
      "L'Abbazia di Maubuisson, da luogo di fede nel XIII secolo a luogo di creazione multidisciplinare nel XXI secolo."
    ],
    "fr": [
      "L'Abbaye de Maubuisson, du lieu de foi au XIIIe siècle au lieu de création multidisciplinaire du 21e siècle."
    ],
    "es": [
      "La Abadía de Maubuisson, de lugar de fe en el siglo XIII a lugar de creación multidisciplinar en el siglo XXI."
    ],
    "nl": [
      "De abdij van Maubuisson, van een plaats van geloof in de 13e eeuw tot een plaats van multidisciplinaire creatie in de 21e eeuw."
    ]
  },
  "rdfs:label": {
    "fr": [
      "Abbaye de Maubuisson"
    ]
  },
  "owl:sameAs": [
    "http://www.wikidata.org/entity/Q915291"
  ],
  "hasBeenCreatedBy": {
    "@id": "https://data.datatourisme.fr/13/766d856e-f1a6-302f-93d8-94415e6bfa0e",
    "dc:identifier": "1014",
    "schema:email": [
      "andrea.duperon@ville-argenteuil.fr",
      "c.carreras@valdoise-tourisme.com",
      "j.blain@valdoise-tourisme.com",
      "m.bachelery@valdoise-tourisme.com",
      "s.benchikh@valdoise-tourisme.com"
    ],
    "schema:legalName": "Val d'Oise Tourisme",
    "@type": [
      "schema:Organization",
      "foaf:Agent",
      "Agent"
    ],
    "foaf:homepage": [
      "https://www.valdoise-tourisme.com/"
    ]
  },
  "hasBeenPublishedBy": [
    {
      "@id": "https://data.datatourisme.fr/8a9feb4b-2cbd-3d2c-b507-bd6c6776b23b",
      "schema:legalName": "Apidae Tourisme Scic SA - source : Apidae Tourisme",
      "@type": [
        "schema:Organization",
        "foaf:Agent",
        "Agent"
      ],
      "foaf:homepage": [
        "https://www.apidae-tourisme.com/"
      ]
    }
  ],
  "hasContact": [
    {
      "@id": "https://data.datatourisme.fr/c30fb783-7c14-377e-8207-8cdc2e275cd0",
      "schema:email": [
        "abbaye.maubuisson@valdoise.fr"
      ],
      "schema:telephone": [
        "+33 1 34 33 85 00"
      ],
      "@type": [
        "foaf:Agent",
        "Agent"
      ],
      "foaf:homepage": [
        "http://www.abbaye-de-maubuisson.com/"
      ]
    }
  ],
  "hasDescription": [
    {
      "@id": "https://data.datatourisme.fr/5815fdd3-8e9e-35b9-a93d-3cad4bea5602",
      "@type": [
        "Description"
      ],
      "hasTranslatedProperty": [
        {
          "@id": "https://data.datatourisme.fr/1365fe9c-242a-3e5a-b84f-a3a18997671d",
          "dc:contributor": [
            "https://api.deepl.com/v2/translate"
          ],
          "rdf:language": [
            "de"
          ],
          "rdf:predicate": [
            "shortDescription"
          ]
        },
        {
          "@id": "https://data.datatourisme.fr/547fefb2-adcd-34ef-aca7-05b038480632",
          "dc:contributor": [
            "https://api.deepl.com/v2/translate"
          ],
          "rdf:language": [
            "en"
          ],
          "rdf:predicate": [
            "shortDescription"
          ]
        },
        {
          "@id": "https://data.datatourisme.fr/ae25685b-e87e-3a94-bd08-46e0681de9e9",
          "dc:contributor": [
            "https://api.deepl.com/v2/translate"
          ],
          "rdf:language": [
            "nl"
          ],
          "rdf:predicate": [
            "shortDescription"
          ]
        },
        {
          "@id": "https://data.datatourisme.fr/c447ed52-8a3d-3cef-843e-a1f5e456d8e6",
          "dc:contributor": [
            "https://api.deepl.com/v2/translate"
          ],
          "rdf:language": [
            "it"
          ],
          "rdf:predicate": [
            "shortDescription"
          ]
        },
        {
          "@id": "https://data.datatourisme.fr/d30544d9-9d23-36e4-823d-dd4d930f0b55",
          "dc:contributor": [
            "https://api.deepl.com/v2/translate"
          ],
          "rdf:language": [
            "es"
          ],
          "rdf:predicate": [
            "shortDescription"
          ]
        }
      ],
      "shortDescription": {
        "de": [
          "Die Abbaye de Maubuisson, vom Ort des Glaubens im 13. Jahrhundert zum Ort multidisziplinärer Kreationen im 21."
        ],
        "en": [
          "The Abbey of Maubuisson, from a place of faith in the 13th century to a place of multidisciplinary creation in the 21st century."
        ],
        "it": [
          "L'Abbazia di Maubuisson, da luogo di fede nel XIII secolo a luogo di creazione multidisciplinare nel XXI secolo."
        ],
        "fr": [
          "L'Abbaye de Maubuisson, du lieu de foi au XIIIe siècle au lieu de création multidisciplinaire du 21e siècle."
        ],
        "es": [
          "La Abadía de Maubuisson, de lugar de fe en el siglo XIII a lugar de creación multidisciplinar en el siglo XXI."
        ],
        "nl": [
          "De abdij van Maubuisson, van een plaats van geloof in de 13e eeuw tot een plaats van multidisciplinaire creatie in de 21e eeuw."
        ]
      }
    }
  ],
  "hasRepresentation": [
    {
      "@id": "https://data.datatourisme.fr/1a70d165-2737-3e4c-8f99-450aaa109f4e",
      "ebucore:hasAnnotation": [
        {
          "@id": "https://data.datatourisme.fr/bbd861d4-7e80-362a-a2ac-87f76ada39d3",
          "ebucore:isCoveredBy": "CC BY-SA 3.0",
          "ebucore:title": [
            "Abbaye de Maubuisson-batiment général"
          ],
          "@type": [
            "ebucore:Annotation"
          ],
          "credits": [
            "BastienM (https://commons.wikimedia.org/wiki/User:BastienM)"
          ]
        }
      ],
      "ebucore:hasRelatedResource": [
        {
          "@id": "https://data.datatourisme.fr/82e3c904-0bd8-305d-86d6-cf172d5f5767",
          "ebucore:fileSize": [
            1216656
          ],
          "ebucore:hasMimeType": [
            {
              "@id": "kb:JPEG",
              "@type": [
                "ebucore:MimeType"
              ],
              "rdfs:comment": {
                "de": [
                  "JPEG-Bild"
                ],
                "pt": [
                  "Imagem JPEG"
                ],
                "en": [
                  "JPEG image file"
                ],
                "it": [
                  "Immagine JPEG"
                ],
                "fr": [
                  "Image JPEG"
                ],
                "nl": [
                  "JPEG-afbeelding"
                ],
                "es": [
                  "Imagen JPEG"
                ]
              },
              "rdfs:label": {
                "de": [
                  "image/jpeg"
                ],
                "pt": [
                  "image/jpeg"
                ],
                "en": [
                  "image/jpeg"
                ],
                "it": [
                  "image/jpeg"
                ],
                "fr": [
                  "image/jpeg"
                ],
                "nl": [
                  "image/jpeg"
                ],
                "es": [
                  "image/jpeg"
                ]
              }
            }
          ],
          "ebucore:height": 1620,
          "ebucore:locator": [
            "https://upload.wikimedia.org/wikipedia/commons/6/68/Abbaye_de_Maubuisson-batiment_g%C3%A9n%C3%A9ral.JPG"
          ],
          "ebucore:width": 4233,
          "@type": [
            "ebucore:Resource"
          ]
        }
      ],
      "@type": [
        "ebucore:EditorialObject"
      ]
    }
  ],
  "hasTheme": [
    {
      "@id": "kb:Culture",
      "@type": [
        "CulturalTheme"
      ],
      "rdfs:label": {
        "de": [
          "Kultur"
        ],
        "pt": [
          "Cultura"
        ],
        "en": [
          "Culture"
        ],
        "it": [
          "Cultura"
        ],
        "fr": [
          "Culture"
        ],
        "nl": [
          "Cultuur"
        ],
        "es": [
          "Cultura"
        ]
      }
    },
    {
      "@id": "kb:Yoga",
      "@type": [
        "SportsTheme"
      ],
      "rdfs:label": {
        "de": [
          "Yoga"
        ],
        "pt": [
          "Ioga"
        ],
        "en": [
          "Yoga"
        ],
        "it": [
          "Yoga"
        ],
        "fr": [
          "Yoga"
        ],
        "nl": [
          "Yoga"
        ],
        "es": [
          "Yoga"
        ]
      }
    }
  ],
  "hasTranslatedProperty": [
    {
      "@id": "https://data.datatourisme.fr/482d87ef-8d0f-3658-b21f-f5fdf8625db6",
      "dc:contributor": [
        "https://api.deepl.com/v2/translate"
      ],
      "rdf:language": [
        "en"
      ],
      "rdf:predicate": [
        {
          "@id": "rdfs:comment"
        }
      ]
    },
    {
      "@id": "https://data.datatourisme.fr/4d9f0785-17d6-33d0-a83a-3bc529f7d890",
      "dc:contributor": [
        "https://api.deepl.com/v2/translate"
      ],
      "rdf:language": [
        "it"
      ],
      "rdf:predicate": [
        {
          "@id": "rdfs:comment"
        }
      ]
    },
    {
      "@id": "https://data.datatourisme.fr/ab1d2e10-930a-30ef-8a4d-697bd663e255",
      "dc:contributor": [
        "https://api.deepl.com/v2/translate"
      ],
      "rdf:language": [
        "de"
      ],
      "rdf:predicate": [
        {
          "@id": "rdfs:comment"
        }
      ]
    },
    {
      "@id": "https://data.datatourisme.fr/ec4cae73-1a6d-334e-9621-54f1d1235d01",
      "dc:contributor": [
        "https://api.deepl.com/v2/translate"
      ],
      "rdf:language": [
        "es"
      ],
      "rdf:predicate": [
        {
          "@id": "rdfs:comment"
        }
      ]
    },
    {
      "@id": "https://data.datatourisme.fr/f0401706-c8b7-38f7-bd30-a72d480072e0",
      "dc:contributor": [
        "https://api.deepl.com/v2/translate"
      ],
      "rdf:language": [
        "nl"
      ],
      "rdf:predicate": [
        {
          "@id": "rdfs:comment"
        }
      ]
    }
  ],
  "isLocatedAt": [
    {
      "@id": "https://data.datatourisme.fr/48ab1384-31d7-335b-89db-2a5c83c2a990",
      "schema:address": [
        {
          "@id": "https://data.datatourisme.fr/d2b9824d-940b-365b-94aa-bf55cc9998e9",
          "schema:addressLocality": "Saint-Ouen-l'Aumône",
          "schema:postalCode": "95310",
          "schema:streetAddress": [
            "Rue Richard de Tour"
          ],
          "@type": [
            "schema:PostalAddress",
            "PostalAddress"
          ],
          "hasAddressCity": {
            "@id": "kb:95572",
            "@type": [
              "City"
            ],
            "rdfs:label": {
              "de": [
                "Saint-Ouen-l'Aumône"
              ],
              "pt": [
                "Saint-Ouen-l'Aumône"
              ],
              "en": [
                "Saint-Ouen-l'Aumône"
              ],
              "it": [
                "Saint-Ouen-l'Aumône"
              ],
              "fr": [
                "Saint-Ouen-l'Aumône"
              ],
              "nl": [
                "Saint-Ouen-l'Aumône"
              ],
              "es": [
                "Saint-Ouen-l'Aumône"
              ]
            },
            "insee": "95572",
            "isPartOfDepartment": {
              "@id": "kb:France1195",
              "@type": [
                "Department"
              ],
              "rdfs:label": {
                "de": [
                  "Val-d'Oise"
                ],
                "pt": [
                  "Val-d'Oise"
                ],
                "en": [
                  "Val-d'Oise"
                ],
                "it": [
                  "Val-d'Oise"
                ],
                "fr": [
                  "Val-d'Oise"
                ],
                "nl": [
                  "Val-d'Oise"
                ],
                "es": [
                  "Val-d'Oise"
                ]
              },
              "insee": "95",
              "isPartOfRegion": {
                "@id": "kb:France11",
                "@type": [
                  "Region"
                ],
                "rdfs:label": {
                  "de": [
                    "Île-de-France"
                  ],
                  "pt": [
                    "Île-de-France"
                  ],
                  "en": [
                    "Île-de-France"
                  ],
                  "it": [
                    "Île-de-France"
                  ],
                  "fr": [
                    "Île-de-France"
                  ],
                  "nl": [
                    "Île-de-France"
                  ],
                  "es": [
                    "Île-de-France"
                  ]
                },
                "insee": "11",
                "isPartOfCountry": {
                  "@id": "kb:France",
                  "@type": [
                    "schema:Country"
                  ],
                  "rdfs:label": {
                    "de": [
                      "France",
                      "Frankreich"
                    ],
                    "pt": [
                      "França",
                      "France"
                    ],
                    "en": [
                      "France"
                    ],
                    "it": [
                      "France",
                      "Francia"
                    ],
                    "fr": [
                      "France"
                    ],
                    "nl": [
                      "France",
                      "Frankrijk"
                    ],
                    "es": [
                      "France",
                      "Francia"
                    ]
                  }
                }
              }
            }
          }
        }
      ],
      "schema:geo": {
        "@id": "https://data.datatourisme.fr/0bc1b4e0-21c3-301a-9b63-81b003fb8c0c",
        "schema:latitude": "49.046182",
        "schema:longitude": "2.116713",
        "@type": [
          "schema:GeoCoordinates"
        ]
      },
      "schema:openingHoursSpecification": [
        {
          "@id": "https://data.datatourisme.fr/ddb67889-6d17-3a2c-b744-d4938729b598",
          "schema:validFrom": "2023-01-01T00:00:00",
          "schema:validThrough": "2023-12-31T23:59:59",
          "@type": [
            "schema:OpeningHoursSpecification"
          ],
          "additionalInformation": {
            "de": [
              "Sommer (vom 1. April bis zum 10. Oktober)\r\nGeöffnet:\r\nMittwochs von 9:30 bis 11:45 Uhr und von 13:00 bis 18:15 Uhr.\r\nDonnerstags bis montags von 13:00 bis 18:15 Uhr.\r\nAn Feiertagen von 13:00 bis 18:15 Uhr geöffnet.\r\n \r\nWinter (vom 11. Oktober bis 31. März)\r\nGeöffnet:\r\nMittwochs von 9:30 bis 11:45 Uhr und von 13:00 bis 17:45 Uhr.\r\nDonnerstags bis montags von 13:00 bis 17:45 Uhr.\r\nAn Feiertagen von 13:00 bis 17:45 Uhr geöffnet, außer am 25. Dezember und am 1. Januar."
            ],
            "en": [
              "Summer (April 1 to October 10)\r\nOpen:\r\nWednesdays from 9:30 a.m. to 11:45 a.m. and from 1:00 p.m. to 6:15 p.m.\r\nThursday to Monday from 1:00 to 6:15 pm.\r\nOpen on holidays from 1:00 pm to 6:15 pm.\r\n \r\nWinter (October 11 to March 31)\r\nOpen:\r\nWednesdays from 9:30 a.m. to 11:45 a.m. and from 1:00 p.m. to 5:45 p.m.\r\nThursday to Monday from 1:00 to 5:45 p.m.\r\nOpen on holidays from 1:00 p.m. to 5:45 p.m. except on December 25 and January 1."
            ],
            "it": [
              "Estate (dal 1° aprile al 10 ottobre)\r\nAprire :\r\nMercoledì dalle 9.30 alle 11.45 e dalle 13.00 alle 18.15.\r\nDa giovedì a lunedì dalle 13.00 alle 18.15.\r\nAperto nei giorni festivi dalle 13 alle 18.15.\r\n \r\nInverno (dall'11 ottobre al 31 marzo)\r\nAprire :\r\nMercoledì dalle 9:30 alle 11:45 e dalle 13:00 alle 17:45.\r\nDa giovedì a lunedì dalle 13.00 alle 17.45.\r\nAperto nei giorni festivi dalle 13.00 alle 17.45, tranne il 25 dicembre e il 1° gennaio."
            ],
            "fr": [
              "Eté (du 1er avril au 10 octobre)\r\nOuvert :\r\nLe mercredi de 9 h 30 à 11 h 45 et de 13 h à 18 h 15.\r\nDu jeudi au lundi de 13 h à 18 h 15.\r\nOuvert les jours fériés de 13 h à 18 h 15.\r\n \r\nHiver (du 11 octobre au 31 mars)\r\nOuvert :\r\nLe mercredi de 9 h 30 à 11 h 45 et de 13 h à 17 h 45.\r\nDu jeudi au lundi de 13 h à 17 h 45.\r\nOuvert les jours fériés de 13 h à 17 h 45 sauf le 25 décembre et le 1er janvier."
            ],
            "nl": [
              "Zomer (1 april tot 10 oktober)\r\nOpen:\r\nWoensdag van 9:30 tot 11:45 en van 13:00 tot 18:15.\r\nDonderdag tot maandag van 13.00 tot 18.15 uur.\r\nGeopend op feestdagen van 13.00 tot 18.15 uur.\r\n \r\nWinter (van 11 oktober tot 31 maart)\r\nOpen:\r\nWoensdag van 9:30 tot 11:45 en van 13:00 tot 17:45.\r\nDonderdag tot maandag van 13.00 tot 17.45 uur.\r\nGeopend op feestdagen van 13.00 tot 17.45 uur, behalve op 25 december en 1 januari."
            ],
            "es": [
              "Verano (del 1 de abril al 10 de octubre)\r\nAbierto :\r\nLos miércoles de 9:30 a 11:45 y de 13 a 18:15.\r\nDe jueves a lunes, de 13 a 18.15 horas.\r\nAbierto los días festivos de 13 a 18.15 h.\r\n \r\nInvierno (del 11 de octubre al 31 de marzo)\r\nAbierto :\r\nLos miércoles de 9:30 a 11:45 y de 13:00 a 17:45.\r\nDe jueves a lunes, de 13 a 17.45 horas.\r\nAbierto los días festivos de 13 a 17.45 horas, excepto el 25 de diciembre y el 1 de enero."
            ]
          },
          "hasTranslatedProperty": [
            {
              "@id": "https://data.datatourisme.fr/4bf4d284-0c5a-3754-ab57-a040a6b9325a",
              "dc:contributor": [
                "https://api.deepl.com/v2/translate"
              ],
              "rdf:language": [
                "nl"
              ],
              "rdf:predicate": [
                "additionalInformation"
              ]
            },
            {
              "@id": "https://data.datatourisme.fr/73a76d39-215a-3b16-87b8-0ca10121c453",
              "dc:contributor": [
                "https://api.deepl.com/v2/translate"
              ],
              "rdf:language": [
                "it"
              ],
              "rdf:predicate": [
                "additionalInformation"
              ]
            },
            {
              "@id": "https://data.datatourisme.fr/84e11206-87de-3318-8c95-05018f8142ab",
              "dc:contributor": [
                "https://api.deepl.com/v2/translate"
              ],
              "rdf:language": [
                "en"
              ],
              "rdf:predicate": [
                "additionalInformation"
              ]
            },
            {
              "@id": "https://data.datatourisme.fr/9187748d-59aa-320d-8945-056a2da3bea4",
              "dc:contributor": [
                "https://api.deepl.com/v2/translate"
              ],
              "rdf:language": [
                "de"
              ],
              "rdf:predicate": [
                "additionalInformation"
              ]
            },
            {
              "@id": "https://data.datatourisme.fr/b91c0d68-5ca9-3a22-a3d4-f7320ca28315",
              "dc:contributor": [
                "https://api.deepl.com/v2/translate"
              ],
              "rdf:language": [
                "es"
              ],
              "rdf:predicate": [
                "additionalInformation"
              ]
            }
          ]
        }
      ],
      "@type": [
        "schema:Place",
        "Place"
      ]
    }
  ],
  "isOwnedBy": [
    {
      "@id": "https://data.datatourisme.fr/23940bd2-9731-38c7-a10e-636c62e84fbb",
      "schema:email": [
        "m.bachelery@valdoise-tourisme.com",
        "s.benchikh@valdoise-tourisme.com"
      ],
      "schema:legalName": "Val d'Oise Tourisme",
      "@type": [
        "schema:Organization",
        "foaf:Agent",
        "Agent"
      ],
      "foaf:homepage": [
        "https://www.valdoise-tourisme.com/"
      ]
    }
  ],
  "lastUpdate": "2022-07-22",
  "lastUpdateDatatourisme": "2023-02-22T06:42:37.762Z"
}