{
  "@id": "https://data.datatourisme.fr/13/16164ca9-3350-3a48-9bfb-adbeaf2752de",
  "dc:identifier": "5781688",
  "@type": [
    "schema:FoodEstablishment",
    "FoodEstablishment",
    "PlaceOfInterest",
    "PointOfInterest"
  ],
  "rdfs:comment": {
    "de": [
      "Im Büro werden Sie jeden Tag in einer angelsächsischen Welt empfangen.\r\nVerbringen Sie eine angenehme Zeit in einer entspannten und freundlichen Atmosphäre."
    ],
    "en": [
      "Au bureau welcomes you every day, in an anglo-saxon universe.\r\nSpend a pleasant moment in a relaxed and friendly atmosphere."
    ],
    "it": [
      "Au bureau vi accoglie ogni giorno, in un ambiente anglosassone.\r\nTrascorrete un momento piacevole in un'atmosfera rilassata e amichevole."
    ],
    "fr": [
      "Au bureau vous accueil tous les jours, dans un univers anglo-saxon.\r\nPassez un agréable moment dans une ambiance détendue et conviviale."
    ],
    "es": [
      "Au bureau vous accueille chaque jour, dans un environnement anglo-saxon.\r\nPase un momento agradable en un ambiente relajado y agradable."
    ],
    "nl": [
      "Au bureau verwelkomt u elke dag, in een Angelsaksische omgeving.\r\nBreng een aangenaam moment door in een ontspannen en vriendelijke sfeer."
    ]
  },
  "rdfs:label": {
    "fr": [
      "Au bureau"
    ]
  },
  "hasBeenCreatedBy": {
    "@id": "https://data.datatourisme.fr/13/3fb451ca-2e89-33a1-b095-b059d8705b15",
    "dc:identifier": "1522",
    "schema:email": [
      "anicoud@terres-de-seine.fr",
      "anne.perchec@gpseo.fr",
      "contact@terres-de-seine.fr",
      "estelle.rouille@gpseo.fr",
      "fbony@terres-de-seine.fr",
      "hillaryramanank@yahoo.fr",
      "vgateau@terres-de-seine.fr",
      "xcadilhac.oti.gpseo@gmail.com"
    ],
    "schema:legalName": "Communauté Urbaine Grand Paris Seine & Oise",
    "@type": [
      "schema:Organization",
      "foaf:Agent",
      "Agent"
    ],
    "foaf:homepage": [
      "https://www.insectes.org/",
      "https://www.terres-de-seine.fr/"
    ]
  },
  "hasBeenPublishedBy": [
    {
      "@id": "https://data.datatourisme.fr/8a9feb4b-2cbd-3d2c-b507-bd6c6776b23b",
      "schema:legalName": "Apidae Tourisme Scic SA - source : Apidae Tourisme",
      "@type": [
        "schema:Organization",
        "foaf:Agent",
        "Agent"
      ],
      "foaf:homepage": [
        "https://www.apidae-tourisme.com/"
      ]
    }
  ],
  "hasContact": [
    {
      "@id": "https://data.datatourisme.fr/04932512-b666-3163-9820-2cc320be68dd",
      "schema:telephone": [
        "+33 1 30 90 80 14"
      ],
      "@type": [
        "foaf:Agent",
        "Agent"
      ],
      "foaf:homepage": [
        "https://restaurants.aubureau.fr/au-bureau-flins-03406146eb45?utm_source=Google&utm_medium=GMB&utm_campaign=AB_Flins"
      ]
    }
  ],
  "hasDescription": [
    {
      "@id": "https://data.datatourisme.fr/cc1505d6-ab29-34f8-9add-2d1f9698a548",
      "@type": [
        "Description"
      ],
      "hasTranslatedProperty": [
        {
          "@id": "https://data.datatourisme.fr/13be7eb1-58de-3aa8-94fb-18705b5d1dfb",
          "dc:contributor": [
            "https://api.deepl.com/v2/translate"
          ],
          "rdf:language": [
            "es"
          ],
          "rdf:predicate": [
            "shortDescription"
          ]
        },
        {
          "@id": "https://data.datatourisme.fr/43a3717c-34d4-3f99-8327-f99fac81f444",
          "dc:contributor": [
            "https://api.deepl.com/v2/translate"
          ],
          "rdf:language": [
            "en"
          ],
          "rdf:predicate": [
            "shortDescription"
          ]
        },
        {
          "@id": "https://data.datatourisme.fr/4cfd553a-e44a-3fc0-bac9-41d337c16e9c",
          "dc:contributor": [
            "https://api.deepl.com/v2/translate"
          ],
          "rdf:language": [
            "de"
          ],
          "rdf:predicate": [
            "shortDescription"
          ]
        },
        {
          "@id": "https://data.datatourisme.fr/90a5e27b-eb27-3c29-a6eb-96626568a775",
          "dc:contributor": [
            "https://api.deepl.com/v2/translate"
          ],
          "rdf:language": [
            "it"
          ],
          "rdf:predicate": [
            "shortDescription"
          ]
        },
        {
          "@id": "https://data.datatourisme.fr/bfbb7839-66f8-398d-b3bd-9cb7095638e7",
          "dc:contributor": [
            "https://api.deepl.com/v2/translate"
          ],
          "rdf:language": [
            "nl"
          ],
          "rdf:predicate": [
            "shortDescription"
          ]
        }
      ],
      "shortDescription": {
        "de": [
          "Im Büro werden Sie jeden Tag in einer angelsächsischen Welt empfangen.\r\nVerbringen Sie eine angenehme Zeit in einer entspannten und freundlichen Atmosphäre."
        ],
        "en": [
          "Au bureau welcomes you every day, in an anglo-saxon universe.\r\nSpend a pleasant moment in a relaxed and friendly atmosphere."
        ],
        "it": [
          "Au bureau vi accoglie ogni giorno, in un ambiente anglosassone.\r\nTrascorrete un momento piacevole in un'atmosfera rilassata e amichevole."
        ],
        "fr": [
          "Au bureau vous accueil tous les jours, dans un univers anglo-saxon.\r\nPassez un agréable moment dans une ambiance détendue et conviviale."
        ],
        "es": [
          "Au bureau vous accueille chaque jour, dans un environnement anglo-saxon.\r\nPase un momento agradable en un ambiente relajado y agradable."
        ],
        "nl": [
          "Au bureau verwelkomt u elke dag, in een Angelsaksische omgeving.\r\nBreng een aangenaam moment door in een ontspannen en vriendelijke sfeer."
        ]
      }
    }
  ],
  "hasTranslatedProperty": [
    {
      "@id": "https://data.datatourisme.fr/02537269-0088-3f66-b7bf-1f8a720dcf73",
      "dc:contributor": [
        "https://api.deepl.com/v2/translate"
      ],
      "rdf:language": [
        "es"
      ],
      "rdf:predicate": [
        {
          "@id": "rdfs:comment"
        }
      ]
    },
    {
      "@id": "https://data.datatourisme.fr/2a72ebeb-ae0f-39cc-b96c-368e964d10ab",
      "dc:contributor": [
        "https://api.deepl.com/v2/translate"
      ],
      "rdf:language": [
        "nl"
      ],
      "rdf:predicate": [
        {
          "@id": "rdfs:comment"
        }
      ]
    },
    {
      "@id": "https://data.datatourisme.fr/7c9982a5-f9ef-3de8-a180-350a0002deef",
      "dc:contributor": [
        "https://api.deepl.com/v2/translate"
      ],
      "rdf:language": [
        "de"
      ],
      "rdf:predicate": [
        {
          "@id": "rdfs:comment"
        }
      ]
    },
    {
      "@id": "https://data.datatourisme.fr/8283b342-76f2-343f-a1be-0fd32887b131",
      "dc:contributor": [
        "https://api.deepl.com/v2/translate"
      ],
      "rdf:language": [
        "it"
      ],
      "rdf:predicate": [
        {
          "@id": "rdfs:comment"
        }
      ]
    },
    {
      "@id": "https://data.datatourisme.fr/c4d74689-704b-3033-937d-e6360f19140d",
      "dc:contributor": [
        "https://api.deepl.com/v2/translate"
      ],
      "rdf:language": [
        "en"
      ],
      "rdf:predicate": [
        {
          "@id": "rdfs:comment"
        }
      ]
    }
  ],
  "isLocatedAt": [
    {
      "@id": "https://data.datatourisme.fr/97448ef2-5e9f-3006-b6a6-fa2574b1b240",
      "schema:address": [
        {
          "@id": "https://data.datatourisme.fr/3a634548-bad9-3a84-9494-3f2914c5cfa3",
          "schema:addressLocality": "Flins-sur-Seine",
          "schema:postalCode": "78410",
          "schema:streetAddress": [
            "14 Route de Renault"
          ],
          "@type": [
            "schema:PostalAddress",
            "PostalAddress"
          ],
          "hasAddressCity": {
            "@id": "kb:78238",
            "@type": [
              "City"
            ],
            "rdfs:label": {
              "de": [
                "Flins-sur-Seine"
              ],
              "pt": [
                "Flins-sur-Seine"
              ],
              "en": [
                "Flins-sur-Seine"
              ],
              "it": [
                "Flins-sur-Seine"
              ],
              "fr": [
                "Flins-sur-Seine"
              ],
              "nl": [
                "Flins-sur-Seine"
              ],
              "es": [
                "Flins-sur-Seine"
              ]
            },
            "insee": "78238",
            "isPartOfDepartment": {
              "@id": "kb:France1178",
              "@type": [
                "Department"
              ],
              "rdfs:label": {
                "de": [
                  "Yvelines"
                ],
                "pt": [
                  "Yvelines"
                ],
                "en": [
                  "Yvelines"
                ],
                "it": [
                  "Yvelines"
                ],
                "fr": [
                  "Yvelines"
                ],
                "nl": [
                  "Yvelines"
                ],
                "es": [
                  "Yvelines"
                ]
              },
              "insee": "78",
              "isPartOfRegion": {
                "@id": "kb:France11",
                "@type": [
                  "Region"
                ],
                "rdfs:label": {
                  "de": [
                    "Île-de-France"
                  ],
                  "pt": [
                    "Île-de-France"
                  ],
                  "en": [
                    "Île-de-France"
                  ],
                  "it": [
                    "Île-de-France"
                  ],
                  "fr": [
                    "Île-de-France"
                  ],
                  "nl": [
                    "Île-de-France"
                  ],
                  "es": [
                    "Île-de-France"
                  ]
                },
                "insee": "11",
                "isPartOfCountry": {
                  "@id": "kb:France",
                  "@type": [
                    "schema:Country"
                  ],
                  "rdfs:label": {
                    "de": [
                      "France",
                      "Frankreich"
                    ],
                    "pt": [
                      "França",
                      "France"
                    ],
                    "en": [
                      "France"
                    ],
                    "it": [
                      "France",
                      "Francia"
                    ],
                    "fr": [
                      "France"
                    ],
                    "nl": [
                      "France",
                      "Frankrijk"
                    ],
                    "es": [
                      "France",
                      "Francia"
                    ]
                  }
                }
              }
            }
          }
        }
      ],
      "schema:geo": {
        "@id": "https://data.datatourisme.fr/2f2be2a2-c6d3-342c-a456-11f358763d6e",
        "schema:latitude": "48.965493",
        "schema:longitude": "1.863068",
        "@type": [
          "schema:GeoCoordinates"
        ]
      },
      "schema:openingHoursSpecification": [
        {
          "@id": "https://data.datatourisme.fr/d5b15fb8-fa7d-3de9-a1b2-a596a273ba17",
          "schema:closes": "00:00:00",
          "schema:opens": "12:00:00",
          "schema:validFrom": "2023-01-01T00:00:00",
          "schema:validThrough": "2023-12-31T23:59:59",
          "@type": [
            "schema:OpeningHoursSpecification"
          ]
        }
      ],
      "@type": [
        "schema:Place",
        "Place"
      ]
    }
  ],
  "isOwnedBy": [
    {
      "@id": "https://data.datatourisme.fr/44eacd0d-f255-38e9-b0f2-4a31202fdb58",
      "schema:email": [
        "anicoud@terres-de-seine.fr",
        "anne.perchec@gpseo.fr",
        "contact@terres-de-seine.fr",
        "estelle.rouille@gpseo.fr",
        "fbony@terres-de-seine.fr",
        "hillaryramanank@yahoo.fr",
        "vgateau@terres-de-seine.fr",
        "xcadilhac.oti.gpseo@gmail.com"
      ],
      "schema:legalName": "Communauté Urbaine Grand Paris Seine & Oise",
      "@type": [
        "schema:Organization",
        "foaf:Agent",
        "Agent"
      ],
      "foaf:homepage": [
        "https://www.insectes.org/"
      ]
    }
  ],
  "lastUpdate": "2021-06-25",
  "lastUpdateDatatourisme": "2023-02-01T18:07:35.752Z"
}