{
  "@id": "https://data.datatourisme.fr/13/161b3bfc-b637-3467-bc27-fa60a22ffe4f",
  "dc:identifier": "5599049",
  "@type": [
    "schema:FoodEstablishment",
    "FoodEstablishment",
    "PlaceOfInterest",
    "PointOfInterest"
  ],
  "rdfs:comment": {
    "de": [
      "Kleines italienisches Restaurant, das sich auf Pizza spezialisiert hat. Es liegt nur wenige Schritte vom SNCF-Bahnhof, dem Centre des arts und einem Indigo-Parkplatz entfernt."
    ],
    "en": [
      "Small Italian restaurant specialising in pizza, located a few steps from the train station, the Arts Centre and an Indigo car park."
    ],
    "it": [
      "Piccolo ristorante italiano specializzato in pizza, situato a pochi passi dalla stazione ferroviaria SNCF, dal Centro delle Arti e da un parcheggio Indigo."
    ],
    "fr": [
      "Petit restaurant italien spécialisé dans la pizza, situé à quelques pas de la gare SNCF, du Centre des arts et d’un parking Indigo."
    ],
    "es": [
      "Pequeño restaurante italiano especializado en pizzas, situado a pocos pasos de la estación de tren SNCF, del Centro de las Artes y de un aparcamiento Indigo."
    ],
    "nl": [
      "Klein Italiaans restaurant gespecialiseerd in pizza, gelegen op enkele stappen van het SNCF-station, het Arts Centre en een Indigo-parking."
    ]
  },
  "rdfs:label": {
    "fr": [
      "Fratelli d'Italia"
    ]
  },
  "hasBeenCreatedBy": {
    "@id": "https://data.datatourisme.fr/13/d51b4167-88b6-3e70-ab0c-381c06efc9f1",
    "dc:identifier": "2182",
    "schema:email": [
      "abehar@enghien95.fr",
      "abehar@renghien95.fr",
      "accueil.tourisme@enghien95.fr",
      "hvdcasteele@enghien95.fr",
      "mheurion@enghien95.fr"
    ],
    "schema:legalName": "Office de Tourisme d'Enghien-les-Bains",
    "@type": [
      "schema:Organization",
      "foaf:Agent",
      "Agent"
    ],
    "foaf:homepage": [
      "http://www.ot-enghienlesbains.fr/"
    ]
  },
  "hasBeenPublishedBy": [
    {
      "@id": "https://data.datatourisme.fr/8a9feb4b-2cbd-3d2c-b507-bd6c6776b23b",
      "schema:legalName": "Apidae Tourisme Scic SA - source : Apidae Tourisme",
      "@type": [
        "schema:Organization",
        "foaf:Agent",
        "Agent"
      ],
      "foaf:homepage": [
        "https://www.apidae-tourisme.com/"
      ]
    }
  ],
  "hasContact": [
    {
      "@id": "https://data.datatourisme.fr/70901d43-ffad-376d-a298-97b0990e8dc0",
      "schema:telephone": [
        "+33 1 39 89 20 02"
      ],
      "@type": [
        "foaf:Agent",
        "Agent"
      ],
      "foaf:homepage": [
        "http://www.fratelliditalia.fr/"
      ]
    }
  ],
  "hasDescription": [
    {
      "@id": "https://data.datatourisme.fr/8046e4ac-a8eb-3a84-a20f-6abbdebdc2f4",
      "@type": [
        "Description"
      ],
      "hasTranslatedProperty": [
        {
          "@id": "https://data.datatourisme.fr/10eb94be-2e65-3f1b-9d18-901616d4e19b",
          "dc:contributor": [
            "https://api.deepl.com/v2/translate"
          ],
          "rdf:language": [
            "es"
          ],
          "rdf:predicate": [
            "shortDescription"
          ]
        },
        {
          "@id": "https://data.datatourisme.fr/22d95227-351c-35a2-871c-66fff2b2ac80",
          "dc:contributor": [
            "https://api.deepl.com/v2/translate"
          ],
          "rdf:language": [
            "nl"
          ],
          "rdf:predicate": [
            "shortDescription"
          ]
        },
        {
          "@id": "https://data.datatourisme.fr/3a935bdc-32d1-3c77-9fb4-1c5be3147fd7",
          "dc:contributor": [
            "https://api.deepl.com/v2/translate"
          ],
          "rdf:language": [
            "en"
          ],
          "rdf:predicate": [
            "shortDescription"
          ]
        },
        {
          "@id": "https://data.datatourisme.fr/5c96956e-2915-3a5f-9c05-b20a00266778",
          "dc:contributor": [
            "https://api.deepl.com/v2/translate"
          ],
          "rdf:language": [
            "it"
          ],
          "rdf:predicate": [
            "shortDescription"
          ]
        },
        {
          "@id": "https://data.datatourisme.fr/a6a4e21e-3722-3b1e-933a-04f9d3a037e5",
          "dc:contributor": [
            "https://api.deepl.com/v2/translate"
          ],
          "rdf:language": [
            "de"
          ],
          "rdf:predicate": [
            "shortDescription"
          ]
        }
      ],
      "shortDescription": {
        "de": [
          "Kleines italienisches Restaurant, das sich auf Pizza spezialisiert hat. Es liegt nur wenige Schritte vom SNCF-Bahnhof, dem Centre des arts und einem Indigo-Parkplatz entfernt."
        ],
        "en": [
          "Small Italian restaurant specialising in pizza, located a few steps from the train station, the Arts Centre and an Indigo car park."
        ],
        "it": [
          "Piccolo ristorante italiano specializzato in pizza, situato a pochi passi dalla stazione ferroviaria SNCF, dal Centro delle Arti e da un parcheggio Indigo."
        ],
        "fr": [
          "Petit restaurant italien spécialisé dans la pizza, situé à quelques pas de la gare SNCF, du Centre des arts et d’un parking Indigo."
        ],
        "es": [
          "Pequeño restaurante italiano especializado en pizzas, situado a pocos pasos de la estación de tren SNCF, del Centro de las Artes y de un aparcamiento Indigo."
        ],
        "nl": [
          "Klein Italiaans restaurant gespecialiseerd in pizza, gelegen op enkele stappen van het SNCF-station, het Arts Centre en een Indigo-parking."
        ]
      }
    }
  ],
  "hasTheme": [
    {
      "@id": "kb:MediterraneanCuisine",
      "@type": [
        "CuisineCategory"
      ],
      "rdfs:label": {
        "de": [
          "Mediterrane Küche"
        ],
        "pt": [
          "Cozinha mediterrânica"
        ],
        "en": [
          "Mediterranean cuisine"
        ],
        "it": [
          "Cucina mediterranea"
        ],
        "fr": [
          "Cuisine méditerranéenne"
        ],
        "nl": [
          "Mediterrane keuken"
        ],
        "es": [
          "Cocina mediterránea"
        ]
      }
    }
  ],
  "hasTranslatedProperty": [
    {
      "@id": "https://data.datatourisme.fr/13303170-306b-368c-a61e-7daaf8301fe7",
      "dc:contributor": [
        "https://api.deepl.com/v2/translate"
      ],
      "rdf:language": [
        "es"
      ],
      "rdf:predicate": [
        {
          "@id": "rdfs:comment"
        }
      ]
    },
    {
      "@id": "https://data.datatourisme.fr/8f8403ef-e424-3be9-a0e3-6960a94e2a8f",
      "dc:contributor": [
        "https://api.deepl.com/v2/translate"
      ],
      "rdf:language": [
        "en"
      ],
      "rdf:predicate": [
        {
          "@id": "rdfs:comment"
        }
      ]
    },
    {
      "@id": "https://data.datatourisme.fr/b59e7ee5-cbc8-3953-a27f-98e160e422c8",
      "dc:contributor": [
        "https://api.deepl.com/v2/translate"
      ],
      "rdf:language": [
        "nl"
      ],
      "rdf:predicate": [
        {
          "@id": "rdfs:comment"
        }
      ]
    },
    {
      "@id": "https://data.datatourisme.fr/e511b303-23ec-3463-8f34-6a83b8acd79e",
      "dc:contributor": [
        "https://api.deepl.com/v2/translate"
      ],
      "rdf:language": [
        "de"
      ],
      "rdf:predicate": [
        {
          "@id": "rdfs:comment"
        }
      ]
    },
    {
      "@id": "https://data.datatourisme.fr/fb781e25-e6fa-3cf6-8f42-04e6c34ca450",
      "dc:contributor": [
        "https://api.deepl.com/v2/translate"
      ],
      "rdf:language": [
        "it"
      ],
      "rdf:predicate": [
        {
          "@id": "rdfs:comment"
        }
      ]
    }
  ],
  "isLocatedAt": [
    {
      "@id": "https://data.datatourisme.fr/0b6141e8-64ad-3778-9030-66deb8920a84",
      "schema:address": [
        {
          "@id": "https://data.datatourisme.fr/7df240c1-9742-3e67-8474-be6c3918a445",
          "schema:addressLocality": "Enghien-les-Bains",
          "schema:postalCode": "95880",
          "schema:streetAddress": [
            "1 bis, rue de la Libération"
          ],
          "@type": [
            "schema:PostalAddress",
            "PostalAddress"
          ],
          "hasAddressCity": {
            "@id": "kb:95210",
            "@type": [
              "City"
            ],
            "rdfs:label": {
              "de": [
                "Enghien-les-Bains"
              ],
              "pt": [
                "Enghien-les-Bains"
              ],
              "en": [
                "Enghien-les-Bains"
              ],
              "it": [
                "Enghien-les-Bains"
              ],
              "fr": [
                "Enghien-les-Bains"
              ],
              "nl": [
                "Enghien-les-Bains"
              ],
              "es": [
                "Enghien-les-Bains"
              ]
            },
            "insee": "95210",
            "isPartOfDepartment": {
              "@id": "kb:France1195",
              "@type": [
                "Department"
              ],
              "rdfs:label": {
                "de": [
                  "Val-d'Oise"
                ],
                "pt": [
                  "Val-d'Oise"
                ],
                "en": [
                  "Val-d'Oise"
                ],
                "it": [
                  "Val-d'Oise"
                ],
                "fr": [
                  "Val-d'Oise"
                ],
                "nl": [
                  "Val-d'Oise"
                ],
                "es": [
                  "Val-d'Oise"
                ]
              },
              "insee": "95",
              "isPartOfRegion": {
                "@id": "kb:France11",
                "@type": [
                  "Region"
                ],
                "rdfs:label": {
                  "de": [
                    "Île-de-France"
                  ],
                  "pt": [
                    "Île-de-France"
                  ],
                  "en": [
                    "Île-de-France"
                  ],
                  "it": [
                    "Île-de-France"
                  ],
                  "fr": [
                    "Île-de-France"
                  ],
                  "nl": [
                    "Île-de-France"
                  ],
                  "es": [
                    "Île-de-France"
                  ]
                },
                "insee": "11",
                "isPartOfCountry": {
                  "@id": "kb:France",
                  "@type": [
                    "schema:Country"
                  ],
                  "rdfs:label": {
                    "de": [
                      "France",
                      "Frankreich"
                    ],
                    "pt": [
                      "França",
                      "France"
                    ],
                    "en": [
                      "France"
                    ],
                    "it": [
                      "France",
                      "Francia"
                    ],
                    "fr": [
                      "France"
                    ],
                    "nl": [
                      "France",
                      "Frankrijk"
                    ],
                    "es": [
                      "France",
                      "Francia"
                    ]
                  }
                }
              }
            }
          }
        }
      ],
      "schema:geo": {
        "@id": "https://data.datatourisme.fr/a9413289-2a03-3f79-95a5-ed9350b406f1",
        "schema:latitude": "48.972553",
        "schema:longitude": "2.306321",
        "@type": [
          "schema:GeoCoordinates"
        ]
      },
      "schema:openingHoursSpecification": [
        {
          "@id": "https://data.datatourisme.fr/20f48536-5e32-3664-92f6-67a3a84952ff",
          "schema:validFrom": "2023-01-01T00:00:00",
          "schema:validThrough": "2023-12-31T23:59:59",
          "@type": [
            "schema:OpeningHoursSpecification"
          ],
          "additionalInformation": {
            "de": [
              "Geöffnet montags von 12:00 bis 14:30 Uhr\r\nDienstag bis Sonntag von 12:00 bis 15:00 Uhr und von 18:30 bis 22:30 Uhr."
            ],
            "en": [
              "Open Monday from 12 to 14:30\r\nTuesday to Sunday from 12:00 to 15:00 and from 18:30 to 22:30."
            ],
            "it": [
              "Aperto il lunedì dalle 12:00 alle 14:30\r\nDa martedì a domenica dalle 12.00 alle 15.00 e dalle 18.30 alle 22.30."
            ],
            "fr": [
              "Ouvert du lundi de 12h à 14h30\r\nMardi au dimanche de 12h à 15h et de 18h30 à 22h30."
            ],
            "nl": [
              "Geopend op maandag van 12 tot 14.30 uur\r\nDinsdag tot zondag van 12 tot 15 uur en van 18.30 tot 22.30 uur."
            ],
            "es": [
              "Abierto los lunes de 12.00 a 14.30 h\r\nDe martes a domingo, de 12.00 a 15.00 h. y de 18.30 a 22.30 h."
            ]
          },
          "hasTranslatedProperty": [
            {
              "@id": "https://data.datatourisme.fr/10238e5a-bc00-3604-a7d2-f51af79cfe6a",
              "dc:contributor": [
                "https://api.deepl.com/v2/translate"
              ],
              "rdf:language": [
                "es"
              ],
              "rdf:predicate": [
                "additionalInformation"
              ]
            },
            {
              "@id": "https://data.datatourisme.fr/647bee9e-744a-30b5-a2e2-e7cc8921562a",
              "dc:contributor": [
                "https://api.deepl.com/v2/translate"
              ],
              "rdf:language": [
                "de"
              ],
              "rdf:predicate": [
                "additionalInformation"
              ]
            },
            {
              "@id": "https://data.datatourisme.fr/97727b27-158c-322a-a2fa-572db53a2e7e",
              "dc:contributor": [
                "https://api.deepl.com/v2/translate"
              ],
              "rdf:language": [
                "nl"
              ],
              "rdf:predicate": [
                "additionalInformation"
              ]
            },
            {
              "@id": "https://data.datatourisme.fr/9d13e84d-666b-35f8-89dc-c8345ae82c25",
              "dc:contributor": [
                "https://api.deepl.com/v2/translate"
              ],
              "rdf:language": [
                "it"
              ],
              "rdf:predicate": [
                "additionalInformation"
              ]
            },
            {
              "@id": "https://data.datatourisme.fr/9dae2011-4934-35b2-b637-b3d0d2f1d195",
              "dc:contributor": [
                "https://api.deepl.com/v2/translate"
              ],
              "rdf:language": [
                "en"
              ],
              "rdf:predicate": [
                "additionalInformation"
              ]
            }
          ]
        }
      ],
      "@type": [
        "schema:Place",
        "Place"
      ]
    }
  ],
  "isOwnedBy": [
    {
      "@id": "https://data.datatourisme.fr/a7223d30-c39b-3bb1-9dff-6749937ceeb2",
      "schema:email": [
        "abehar@enghien95.fr",
        "accueil.tourisme@enghien95.fr",
        "hvdcasteele@enghien95.fr",
        "mheurion@enghien95.fr"
      ],
      "schema:legalName": "Office de Tourisme d'Enghien-les-Bains",
      "@type": [
        "schema:Organization",
        "foaf:Agent",
        "Agent"
      ],
      "foaf:homepage": [
        "http://www.ot-enghienlesbains.fr/"
      ]
    }
  ],
  "lastUpdate": "2023-04-12",
  "lastUpdateDatatourisme": "2023-04-13T06:46:38.761Z",
  "providesCuisineOfType": [
    {
      "@id": "kb:MediterraneanCuisine",
      "@type": [
        "CuisineCategory"
      ],
      "rdfs:label": {
        "de": [
          "Mediterrane Küche"
        ],
        "pt": [
          "Cozinha mediterrânica"
        ],
        "en": [
          "Mediterranean cuisine"
        ],
        "it": [
          "Cucina mediterranea"
        ],
        "fr": [
          "Cuisine méditerranéenne"
        ],
        "nl": [
          "Mediterrane keuken"
        ],
        "es": [
          "Cocina mediterránea"
        ]
      }
    }
  ]
}