{
  "@id": "https://data.datatourisme.fr/13/165b62e3-f930-3619-bdc5-516d4fc03eb5",
  "dc:identifier": "5645737",
  "@type": [
    "schema:FoodEstablishment",
    "FoodEstablishment",
    "PlaceOfInterest",
    "PointOfInterest"
  ],
  "rdfs:comment": {
    "de": [
      "Chinesische, japanische, vietnamesische und thailändische Gastronomie."
    ],
    "en": [
      "Chinese, Japanese, Vietnamese and Thai gastronomy."
    ],
    "it": [
      "Cucina cinese, giapponese, vietnamita e tailandese."
    ],
    "fr": [
      "Gastronomies chinoises, japonaises, vietnamiennes et thaïlandaises."
    ],
    "es": [
      "Cocina china, japonesa, vietnamita y tailandesa."
    ],
    "nl": [
      "Chinese, Japanse, Vietnamese en Thaise keuken."
    ]
  },
  "rdfs:label": {
    "fr": [
      "Bao Lin Xuan"
    ]
  },
  "hasBeenCreatedBy": {
    "@id": "https://data.datatourisme.fr/13/6b180037-abbe-3ea9-91d8-b1232f8a8ca9",
    "dc:identifier": "1013",
    "schema:email": [
      "ca.gicquel@essonnetourisme.com",
      "d.senoalves@essonnetourisme.com"
    ],
    "schema:legalName": "Comité départemental du tourisme de l'Essonne",
    "@type": [
      "schema:Organization",
      "foaf:Agent",
      "Agent"
    ],
    "foaf:homepage": [
      "http://essonnetourisme.com/"
    ]
  },
  "hasBeenPublishedBy": [
    {
      "@id": "https://data.datatourisme.fr/8a9feb4b-2cbd-3d2c-b507-bd6c6776b23b",
      "schema:legalName": "Apidae Tourisme Scic SA - source : Apidae Tourisme",
      "@type": [
        "schema:Organization",
        "foaf:Agent",
        "Agent"
      ],
      "foaf:homepage": [
        "https://www.apidae-tourisme.com/"
      ]
    }
  ],
  "hasContact": [
    {
      "@id": "https://data.datatourisme.fr/3c74cd43-051d-37ca-8f27-211cba2a9623",
      "schema:telephone": [
        "+33 1 69 42 31 32"
      ],
      "@type": [
        "foaf:Agent",
        "Agent"
      ]
    }
  ],
  "hasDescription": [
    {
      "@id": "https://data.datatourisme.fr/4ab0c527-59e5-3c23-a9c9-b1c214b33ea8",
      "@type": [
        "Description"
      ],
      "hasTranslatedProperty": [
        {
          "@id": "https://data.datatourisme.fr/3a3eff27-2d26-3008-9514-49ee944cb76f",
          "dc:contributor": [
            "https://api.deepl.com/v2/translate"
          ],
          "rdf:language": [
            "en"
          ],
          "rdf:predicate": [
            "shortDescription"
          ]
        },
        {
          "@id": "https://data.datatourisme.fr/73dc6014-bc75-34c9-8135-ebb2bd2b2ecc",
          "dc:contributor": [
            "https://api.deepl.com/v2/translate"
          ],
          "rdf:language": [
            "nl"
          ],
          "rdf:predicate": [
            "shortDescription"
          ]
        },
        {
          "@id": "https://data.datatourisme.fr/b43a0f04-6ec1-3e00-a06b-8df29b8c8cd0",
          "dc:contributor": [
            "https://api.deepl.com/v2/translate"
          ],
          "rdf:language": [
            "it"
          ],
          "rdf:predicate": [
            "shortDescription"
          ]
        },
        {
          "@id": "https://data.datatourisme.fr/e2f01550-5fe6-301c-852d-e7abad79785a",
          "dc:contributor": [
            "https://api.deepl.com/v2/translate"
          ],
          "rdf:language": [
            "de"
          ],
          "rdf:predicate": [
            "shortDescription"
          ]
        },
        {
          "@id": "https://data.datatourisme.fr/fe71c6b7-11d5-3569-b480-94dc2635f0d5",
          "dc:contributor": [
            "https://api.deepl.com/v2/translate"
          ],
          "rdf:language": [
            "es"
          ],
          "rdf:predicate": [
            "shortDescription"
          ]
        }
      ],
      "shortDescription": {
        "de": [
          "Chinesische, japanische, vietnamesische und thailändische Gastronomie."
        ],
        "en": [
          "Chinese, Japanese, Vietnamese and Thai gastronomy."
        ],
        "it": [
          "Cucina cinese, giapponese, vietnamita e tailandese."
        ],
        "fr": [
          "Gastronomies chinoises, japonaises, vietnamiennes et thaïlandaises."
        ],
        "es": [
          "Cocina china, japonesa, vietnamita y tailandesa."
        ],
        "nl": [
          "Chinese, Japanse, Vietnamese en Thaise keuken."
        ]
      }
    }
  ],
  "hasTranslatedProperty": [
    {
      "@id": "https://data.datatourisme.fr/2915b219-a1fa-314d-bb8e-6bf7e920cb47",
      "dc:contributor": [
        "https://api.deepl.com/v2/translate"
      ],
      "rdf:language": [
        "de"
      ],
      "rdf:predicate": [
        {
          "@id": "rdfs:comment"
        }
      ]
    },
    {
      "@id": "https://data.datatourisme.fr/3c8cbf6f-49b6-3d60-ad28-b0af4030b2b4",
      "dc:contributor": [
        "https://api.deepl.com/v2/translate"
      ],
      "rdf:language": [
        "es"
      ],
      "rdf:predicate": [
        {
          "@id": "rdfs:comment"
        }
      ]
    },
    {
      "@id": "https://data.datatourisme.fr/3e821f20-2185-3999-9237-bc6f4b45e2ff",
      "dc:contributor": [
        "https://api.deepl.com/v2/translate"
      ],
      "rdf:language": [
        "it"
      ],
      "rdf:predicate": [
        {
          "@id": "rdfs:comment"
        }
      ]
    },
    {
      "@id": "https://data.datatourisme.fr/48b1ed6f-6904-3c4a-bdb0-aafb1daf2e34",
      "dc:contributor": [
        "https://api.deepl.com/v2/translate"
      ],
      "rdf:language": [
        "nl"
      ],
      "rdf:predicate": [
        {
          "@id": "rdfs:comment"
        }
      ]
    },
    {
      "@id": "https://data.datatourisme.fr/fbe1b62f-b92e-308a-aa19-7a5ec051a6b1",
      "dc:contributor": [
        "https://api.deepl.com/v2/translate"
      ],
      "rdf:language": [
        "en"
      ],
      "rdf:predicate": [
        {
          "@id": "rdfs:comment"
        }
      ]
    }
  ],
  "isLocatedAt": [
    {
      "@id": "https://data.datatourisme.fr/a71d04d6-2dd7-3dc0-9acf-a6a212f6f123",
      "schema:address": [
        {
          "@id": "https://data.datatourisme.fr/90f026e7-05f0-367c-a72b-71f3b23272ee",
          "schema:addressLocality": "Vigneux-sur-Seine",
          "schema:postalCode": "91270",
          "schema:streetAddress": [
            "8 avenue Henri Barbusse"
          ],
          "@type": [
            "schema:PostalAddress",
            "PostalAddress"
          ],
          "hasAddressCity": {
            "@id": "kb:91657",
            "@type": [
              "City"
            ],
            "rdfs:label": {
              "de": [
                "Vigneux-sur-Seine"
              ],
              "pt": [
                "Vigneux-sur-Seine"
              ],
              "en": [
                "Vigneux-sur-Seine"
              ],
              "it": [
                "Vigneux-sur-Seine"
              ],
              "fr": [
                "Vigneux-sur-Seine"
              ],
              "nl": [
                "Vigneux-sur-Seine"
              ],
              "es": [
                "Vigneux-sur-Seine"
              ]
            },
            "insee": "91657",
            "isPartOfDepartment": {
              "@id": "kb:France1191",
              "@type": [
                "Department"
              ],
              "rdfs:label": {
                "de": [
                  "Essonne"
                ],
                "pt": [
                  "Essonne"
                ],
                "en": [
                  "Essonne"
                ],
                "it": [
                  "Essonne"
                ],
                "fr": [
                  "Essonne"
                ],
                "nl": [
                  "Essonne"
                ],
                "es": [
                  "Essonne"
                ]
              },
              "insee": "91",
              "isPartOfRegion": {
                "@id": "kb:France11",
                "@type": [
                  "Region"
                ],
                "rdfs:label": {
                  "de": [
                    "Île-de-France"
                  ],
                  "pt": [
                    "Île-de-France"
                  ],
                  "en": [
                    "Île-de-France"
                  ],
                  "it": [
                    "Île-de-France"
                  ],
                  "fr": [
                    "Île-de-France"
                  ],
                  "nl": [
                    "Île-de-France"
                  ],
                  "es": [
                    "Île-de-France"
                  ]
                },
                "insee": "11",
                "isPartOfCountry": {
                  "@id": "kb:France",
                  "@type": [
                    "schema:Country"
                  ],
                  "rdfs:label": {
                    "de": [
                      "France",
                      "Frankreich"
                    ],
                    "pt": [
                      "França",
                      "France"
                    ],
                    "en": [
                      "France"
                    ],
                    "it": [
                      "France",
                      "Francia"
                    ],
                    "fr": [
                      "France"
                    ],
                    "nl": [
                      "France",
                      "Frankrijk"
                    ],
                    "es": [
                      "France",
                      "Francia"
                    ]
                  }
                }
              }
            }
          }
        }
      ],
      "schema:geo": {
        "@id": "https://data.datatourisme.fr/858e10e0-83f3-3dd9-96eb-a27a66ebcabb",
        "schema:latitude": "48.696305",
        "schema:longitude": "2.415345",
        "@type": [
          "schema:GeoCoordinates"
        ]
      },
      "schema:openingHoursSpecification": [
        {
          "@id": "https://data.datatourisme.fr/b9bfa9af-7dd2-317f-8760-fa60cd2743b9",
          "schema:closes": "23:00:00",
          "schema:opens": "11:30:00",
          "schema:validFrom": "2023-01-01T00:00:00",
          "schema:validThrough": "2023-12-31T23:59:59",
          "@type": [
            "schema:OpeningHoursSpecification"
          ],
          "additionalInformation": {
            "de": [
              "6 Tage die Woche geöffnet (dienstags geschlossen)\r\nMittagessen:\r\n11:30 bis 14:30\r\nAbendessen:\r\n18:30 bis 23:00 Uhr"
            ],
            "en": [
              "OPEN 6D/7 (closed on Tuesdays)\r\nLunch:\r\n11:30 a.m. to 2:30 p.m\r\nDinner:\r\n6:30 pm to 11:00 pm"
            ],
            "it": [
              "APERTO 6 giorni alla settimana (chiuso il martedì)\r\nOra di pranzo :\r\ndalle 11.30 alle 14.30\r\nCena :\r\ndalle 18:30 alle 23:00"
            ],
            "fr": [
              "OUVERT 6J/7 (ferme le mardi)\r\nDéjeuner :\r\n11h30 à 14h30 \r\nDîner :\r\n18h30 à 23h00"
            ],
            "nl": [
              "OPEN 6 dagen per week (gesloten op dinsdag)\r\nLunch:\r\n11.30 tot 14.30 uur\r\nDiner:\r\n18.30 tot 23.00 uur"
            ],
            "es": [
              "ABIERTO 6 días a la semana (cerrado los martes)\r\nHora de la comida :\r\nde 11.30 a 14.30 horas\r\nCena :\r\nde 18:30 a 23:00"
            ]
          },
          "hasTranslatedProperty": [
            {
              "@id": "https://data.datatourisme.fr/213fbcd4-3622-37dc-806e-15a5b76b3fc6",
              "dc:contributor": [
                "https://api.deepl.com/v2/translate"
              ],
              "rdf:language": [
                "en"
              ],
              "rdf:predicate": [
                "additionalInformation"
              ]
            },
            {
              "@id": "https://data.datatourisme.fr/5eeee6b5-9561-3b18-8cfa-c0c809f59204",
              "dc:contributor": [
                "https://api.deepl.com/v2/translate"
              ],
              "rdf:language": [
                "it"
              ],
              "rdf:predicate": [
                "additionalInformation"
              ]
            },
            {
              "@id": "https://data.datatourisme.fr/63e4896d-0cdf-3ddd-b86d-d94b7573d108",
              "dc:contributor": [
                "https://api.deepl.com/v2/translate"
              ],
              "rdf:language": [
                "es"
              ],
              "rdf:predicate": [
                "additionalInformation"
              ]
            },
            {
              "@id": "https://data.datatourisme.fr/6cbe664f-0064-3c74-8aad-e4f8525cc018",
              "dc:contributor": [
                "https://api.deepl.com/v2/translate"
              ],
              "rdf:language": [
                "de"
              ],
              "rdf:predicate": [
                "additionalInformation"
              ]
            },
            {
              "@id": "https://data.datatourisme.fr/a57169dc-60cb-3c34-886f-06942f9b8b57",
              "dc:contributor": [
                "https://api.deepl.com/v2/translate"
              ],
              "rdf:language": [
                "nl"
              ],
              "rdf:predicate": [
                "additionalInformation"
              ]
            }
          ]
        }
      ],
      "@type": [
        "schema:Place",
        "Place"
      ]
    }
  ],
  "isOwnedBy": [
    {
      "@id": "https://data.datatourisme.fr/df1ed81c-2924-3bf0-aaab-557628e84eab",
      "schema:email": [
        "ca.gicquel@essonnetourisme.com",
        "d.senoalves@essonnetourisme.com"
      ],
      "schema:legalName": "Comité départemental du tourisme de l'Essonne",
      "@type": [
        "schema:Organization",
        "foaf:Agent",
        "Agent"
      ],
      "foaf:homepage": [
        "http://essonnetourisme.com/"
      ]
    }
  ],
  "lastUpdate": "2020-09-25",
  "lastUpdateDatatourisme": "2023-02-01T18:07:36.03Z"
}