{
  "@id": "https://data.datatourisme.fr/13/02045edd-6706-31f6-ba1a-c62e70c48096",
  "dc:identifier": "880318",
  "@type": [
    "schema:LocalBusiness",
    "CraftsmanShop",
    "PlaceOfInterest",
    "PointOfInterest",
    "Store"
  ],
  "rdfs:comment": {
    "de": [
      "Anfertigung und Renovierung von Fahnen\r\nEtend'art führt ein altes Handwerk fort: das Anfertigen und Renovieren von Fahnen."
    ],
    "en": [
      "Making and renovating flags\r\nEtend'art perpetuates an ancient know-how: the making and renovation of flags."
    ],
    "it": [
      "Realizzazione e restauro di bandiere\r\nEtend'art perpetua un sapere antico: la fabbricazione e il restauro delle bandiere."
    ],
    "fr": [
      "Confection et rénovation de drapeaux\r\nEtend'art perpétue  un savoir-faire ancien : la confection et rénovation de drapeaux."
    ],
    "nl": [
      "Maken en vernieuwen van vlaggen\r\nEtend'art houdt een oude knowhow in stand: het maken en vernieuwen van vlaggen."
    ],
    "es": [
      "Fabricación y renovación de banderas\r\nEtend'art perpetúa un saber hacer ancestral: la fabricación y renovación de banderas."
    ]
  },
  "rdfs:label": {
    "fr": [
      "Etend'Art"
    ]
  },
  "hasBeenCreatedBy": {
    "@id": "https://data.datatourisme.fr/13/3806734b-256c-37e4-9ec2-c6bffa26d9e7",
    "dc:identifier": "1028",
    "schema:email": [
      "agnes.allanou@marneetgondoire.fr",
      "anne.godin@marneetgondoire.fr"
    ],
    "schema:legalName": "Office de Tourisme de Marne et Gondoire",
    "@type": [
      "schema:Organization",
      "foaf:Agent",
      "Agent"
    ],
    "foaf:homepage": [
      "http://www.marneetgondoire-tourisme.fr/"
    ]
  },
  "hasBeenPublishedBy": [
    {
      "@id": "https://data.datatourisme.fr/1db24fc4-b534-39bf-bdaf-152c6f98730e",
      "schema:legalName": "Seine et Marne Attractivité - source : Apidae Tourisme",
      "@type": [
        "schema:Organization",
        "foaf:Agent",
        "Agent"
      ],
      "foaf:homepage": [
        "https://www.apidae-tourisme.com/"
      ]
    }
  ],
  "hasContact": [
    {
      "@id": "https://data.datatourisme.fr/a0748b6d-3611-317e-86e2-9630f6dd8ce3",
      "schema:email": [
        "etend.art@wanadoo.fr"
      ],
      "schema:telephone": [
        "+33 1 64 30 01 08"
      ],
      "@type": [
        "foaf:Agent",
        "Agent"
      ],
      "foaf:homepage": [
        "http://www.etendart.com/"
      ]
    }
  ],
  "hasDescription": [
    {
      "@id": "https://data.datatourisme.fr/e3d69df4-bafe-373e-8bb6-b5563ec14195",
      "@type": [
        "Description"
      ],
      "hasTranslatedProperty": [
        {
          "@id": "https://data.datatourisme.fr/80002df4-0dd3-3636-bf4d-393ff7c46d42",
          "dc:contributor": [
            "https://api.deepl.com/v2/translate"
          ],
          "rdf:language": [
            "en"
          ],
          "rdf:predicate": [
            "shortDescription"
          ]
        },
        {
          "@id": "https://data.datatourisme.fr/8dd5b31b-6df7-390e-8aa1-6f77b26bd887",
          "dc:contributor": [
            "https://api.deepl.com/v2/translate"
          ],
          "rdf:language": [
            "nl"
          ],
          "rdf:predicate": [
            "shortDescription"
          ]
        },
        {
          "@id": "https://data.datatourisme.fr/aaf12e8d-7b1a-3be2-bc11-48409b7c02db",
          "dc:contributor": [
            "https://api.deepl.com/v2/translate"
          ],
          "rdf:language": [
            "it"
          ],
          "rdf:predicate": [
            "shortDescription"
          ]
        },
        {
          "@id": "https://data.datatourisme.fr/de34fa73-647a-3c59-b6b7-0fc880c1bb50",
          "dc:contributor": [
            "https://api.deepl.com/v2/translate"
          ],
          "rdf:language": [
            "de"
          ],
          "rdf:predicate": [
            "shortDescription"
          ]
        },
        {
          "@id": "https://data.datatourisme.fr/dfe296fe-5003-3d20-b9dc-63def963971e",
          "dc:contributor": [
            "https://api.deepl.com/v2/translate"
          ],
          "rdf:language": [
            "es"
          ],
          "rdf:predicate": [
            "shortDescription"
          ]
        }
      ],
      "shortDescription": {
        "de": [
          "Anfertigung und Renovierung von Fahnen\r\nEtend'art führt ein altes Handwerk fort: das Anfertigen und Renovieren von Fahnen."
        ],
        "en": [
          "Making and renovating flags\r\nEtend'art perpetuates an ancient know-how: the making and renovation of flags."
        ],
        "it": [
          "Realizzazione e restauro di bandiere\r\nEtend'art perpetua un sapere antico: la fabbricazione e il restauro delle bandiere."
        ],
        "fr": [
          "Confection et rénovation de drapeaux\r\nEtend'art perpétue  un savoir-faire ancien : la confection et rénovation de drapeaux."
        ],
        "nl": [
          "Maken en vernieuwen van vlaggen\r\nEtend'art houdt een oude knowhow in stand: het maken en vernieuwen van vlaggen."
        ],
        "es": [
          "Fabricación y renovación de banderas\r\nEtend'art perpetúa un saber hacer ancestral: la fabricación y renovación de banderas."
        ]
      }
    }
  ],
  "hasTranslatedProperty": [
    {
      "@id": "https://data.datatourisme.fr/24c88073-4d81-3941-b55a-185ff002af25",
      "dc:contributor": [
        "https://api.deepl.com/v2/translate"
      ],
      "rdf:language": [
        "nl"
      ],
      "rdf:predicate": [
        {
          "@id": "rdfs:comment"
        }
      ]
    },
    {
      "@id": "https://data.datatourisme.fr/2e07a68f-f5df-3dd0-bc2f-ef4e3d2def81",
      "dc:contributor": [
        "https://api.deepl.com/v2/translate"
      ],
      "rdf:language": [
        "it"
      ],
      "rdf:predicate": [
        {
          "@id": "rdfs:comment"
        }
      ]
    },
    {
      "@id": "https://data.datatourisme.fr/70978ed2-fea0-354d-b441-dca8a5f9e06d",
      "dc:contributor": [
        "https://api.deepl.com/v2/translate"
      ],
      "rdf:language": [
        "en"
      ],
      "rdf:predicate": [
        {
          "@id": "rdfs:comment"
        }
      ]
    },
    {
      "@id": "https://data.datatourisme.fr/9aef24bf-a13f-380c-a2ca-d5e9a7c7e60c",
      "dc:contributor": [
        "https://api.deepl.com/v2/translate"
      ],
      "rdf:language": [
        "de"
      ],
      "rdf:predicate": [
        {
          "@id": "rdfs:comment"
        }
      ]
    },
    {
      "@id": "https://data.datatourisme.fr/9d95bdb9-8d5a-3553-afef-35a4bf6a788a",
      "dc:contributor": [
        "https://api.deepl.com/v2/translate"
      ],
      "rdf:language": [
        "es"
      ],
      "rdf:predicate": [
        {
          "@id": "rdfs:comment"
        }
      ]
    }
  ],
  "isLocatedAt": [
    {
      "@id": "https://data.datatourisme.fr/363ff16e-a725-3b70-8ac7-b0be3289eb76",
      "schema:address": [
        {
          "@id": "https://data.datatourisme.fr/920bfb24-e983-3d45-a11d-346a92a96a16",
          "schema:addressLocality": "Thorigny-sur-Marne",
          "schema:postalCode": "77400",
          "schema:streetAddress": [
            "20 rue de Claye"
          ],
          "@type": [
            "schema:PostalAddress",
            "PostalAddress"
          ],
          "hasAddressCity": {
            "@id": "kb:77464",
            "@type": [
              "City"
            ],
            "rdfs:label": {
              "de": [
                "Thorigny-sur-Marne"
              ],
              "pt": [
                "Thorigny-sur-Marne"
              ],
              "en": [
                "Thorigny-sur-Marne"
              ],
              "it": [
                "Thorigny-sur-Marne"
              ],
              "fr": [
                "Thorigny-sur-Marne"
              ],
              "nl": [
                "Thorigny-sur-Marne"
              ],
              "es": [
                "Thorigny-sur-Marne"
              ]
            },
            "insee": "77464",
            "isPartOfDepartment": {
              "@id": "kb:France1177",
              "@type": [
                "Department"
              ],
              "rdfs:label": {
                "de": [
                  "Seine-et-Marne"
                ],
                "pt": [
                  "Seine-et-Marne"
                ],
                "en": [
                  "Seine-et-Marne"
                ],
                "it": [
                  "Seine-et-Marne"
                ],
                "fr": [
                  "Seine-et-Marne"
                ],
                "nl": [
                  "Seine-et-Marne"
                ],
                "es": [
                  "Seine-et-Marne"
                ]
              },
              "insee": "77",
              "isPartOfRegion": {
                "@id": "kb:France11",
                "@type": [
                  "Region"
                ],
                "rdfs:label": {
                  "de": [
                    "Île-de-France"
                  ],
                  "pt": [
                    "Île-de-France"
                  ],
                  "en": [
                    "Île-de-France"
                  ],
                  "it": [
                    "Île-de-France"
                  ],
                  "fr": [
                    "Île-de-France"
                  ],
                  "nl": [
                    "Île-de-France"
                  ],
                  "es": [
                    "Île-de-France"
                  ]
                },
                "insee": "11",
                "isPartOfCountry": {
                  "@id": "kb:France",
                  "@type": [
                    "schema:Country"
                  ],
                  "rdfs:label": {
                    "de": [
                      "France",
                      "Frankreich"
                    ],
                    "pt": [
                      "França",
                      "France"
                    ],
                    "en": [
                      "France"
                    ],
                    "it": [
                      "France",
                      "Francia"
                    ],
                    "fr": [
                      "France"
                    ],
                    "nl": [
                      "France",
                      "Frankrijk"
                    ],
                    "es": [
                      "France",
                      "Francia"
                    ]
                  }
                }
              }
            }
          }
        }
      ],
      "schema:geo": {
        "@id": "https://data.datatourisme.fr/38daf81b-d53c-37c8-b986-a890708a638c",
        "schema:latitude": "48.883278",
        "schema:longitude": "2.706425",
        "@type": [
          "schema:GeoCoordinates"
        ]
      },
      "schema:openingHoursSpecification": [
        {
          "@id": "https://data.datatourisme.fr/18c3f229-b963-317b-be4f-dbc473a5fbcb",
          "schema:validFrom": "2023-01-01T00:00:00",
          "schema:validThrough": "2023-12-31T23:59:59",
          "@type": [
            "schema:OpeningHoursSpecification"
          ],
          "additionalInformation": {
            "de": [
              "Nur nach Vereinbarung"
            ],
            "en": [
              "By appointment only"
            ],
            "it": [
              "Solo su appuntamento"
            ],
            "fr": [
              "Uniquement sur rendez-vous"
            ],
            "es": [
              "Sólo con cita previa"
            ],
            "nl": [
              "Alleen op afspraak"
            ]
          },
          "hasTranslatedProperty": [
            {
              "@id": "https://data.datatourisme.fr/0100c7c2-1977-3d80-b950-cae9d402b3a7",
              "dc:contributor": [
                "https://api.deepl.com/v2/translate"
              ],
              "rdf:language": [
                "de"
              ],
              "rdf:predicate": [
                "additionalInformation"
              ]
            },
            {
              "@id": "https://data.datatourisme.fr/56d7564e-18bb-3cae-88ac-f0fbc4136303",
              "dc:contributor": [
                "https://api.deepl.com/v2/translate"
              ],
              "rdf:language": [
                "en"
              ],
              "rdf:predicate": [
                "additionalInformation"
              ]
            },
            {
              "@id": "https://data.datatourisme.fr/6210c961-2f8e-3e72-b6f2-9a91e5ef47cd",
              "dc:contributor": [
                "https://api.deepl.com/v2/translate"
              ],
              "rdf:language": [
                "it"
              ],
              "rdf:predicate": [
                "additionalInformation"
              ]
            },
            {
              "@id": "https://data.datatourisme.fr/6535a02a-492a-3f13-99e0-bb36a48fd0e6",
              "dc:contributor": [
                "https://api.deepl.com/v2/translate"
              ],
              "rdf:language": [
                "nl"
              ],
              "rdf:predicate": [
                "additionalInformation"
              ]
            },
            {
              "@id": "https://data.datatourisme.fr/ebde48ca-2507-3b29-8aaf-9be8c8cb75b4",
              "dc:contributor": [
                "https://api.deepl.com/v2/translate"
              ],
              "rdf:language": [
                "es"
              ],
              "rdf:predicate": [
                "additionalInformation"
              ]
            }
          ]
        }
      ],
      "@type": [
        "schema:Place",
        "Place"
      ]
    }
  ],
  "isOwnedBy": [
    {
      "@id": "https://data.datatourisme.fr/aa5f63c7-f828-3b9c-bf4e-378b5e04afc7",
      "schema:email": [
        "agnes.allanou@marneetgondoire.fr",
        "anne.godin@marneetgondoire.fr"
      ],
      "schema:legalName": "Office de Tourisme de Marne et Gondoire",
      "@type": [
        "schema:Organization",
        "foaf:Agent",
        "Agent"
      ],
      "foaf:homepage": [
        "http://www.marneetgondoire-tourisme.fr/"
      ]
    }
  ],
  "lastUpdate": "2020-10-02",
  "lastUpdateDatatourisme": "2023-02-01T18:07:35.77Z"
}