{
  "@id": "https://data.datatourisme.fr/13/0214f019-70f2-3f68-866e-a52b91763390",
  "dc:identifier": "5670489",
  "@type": [
    "schema:LocalBusiness",
    "PlaceOfInterest",
    "PointOfInterest",
    "TastingProvider"
  ],
  "rdfs:comment": {
    "de": [
      "La Ferme de la Budinierie heißt Sie in La Celles-les-Bordes willkommen"
    ],
    "en": [
      "La Ferme de la Budinierie welcomes you to La Celles-les-Bordes"
    ],
    "it": [
      "La Ferme de la Budinierie vi dà il benvenuto a La Celles-les-Bordes"
    ],
    "fr": [
      "La Ferme de la Budinierie vous accueille à La Celles-les-Bordes"
    ],
    "es": [
      "La Ferme de la Budinierie le da la bienvenida a La Celles-les-Bordes"
    ],
    "nl": [
      "La Ferme de la Budinierie heet u welkom in La Celles-les-Bordes"
    ]
  },
  "rdfs:label": {
    "fr": [
      "La Ferme de la Budinerie"
    ]
  },
  "hasBeenCreatedBy": {
    "@id": "https://data.datatourisme.fr/13/4e9cec1f-5830-3645-9111-d63e24f3b8ef",
    "dc:identifier": "1556",
    "schema:email": [
      "c.imbert@rt78.fr",
      "c.vallet@rt78.fr",
      "m.suray@rt78.fr",
      "s.bertoncini@rt78.fr"
    ],
    "schema:legalName": "Rambouillet Territoires",
    "@type": [
      "schema:Organization",
      "foaf:Agent",
      "Agent"
    ],
    "foaf:homepage": [
      "http://www.rambouillet-tourisme.fr/"
    ]
  },
  "hasBeenPublishedBy": [
    {
      "@id": "https://data.datatourisme.fr/8a9feb4b-2cbd-3d2c-b507-bd6c6776b23b",
      "schema:legalName": "Apidae Tourisme Scic SA - source : Apidae Tourisme",
      "@type": [
        "schema:Organization",
        "foaf:Agent",
        "Agent"
      ],
      "foaf:homepage": [
        "https://www.apidae-tourisme.com/"
      ]
    }
  ],
  "hasContact": [
    {
      "@id": "https://data.datatourisme.fr/4b997461-3171-3cf4-9858-a1d6d04793fb",
      "schema:email": [
        "painbudibio@gmail.com"
      ],
      "schema:telephone": [
        "+33 1 34 85 21 05"
      ],
      "@type": [
        "foaf:Agent",
        "Agent"
      ],
      "foaf:homepage": [
        "http://lepainbudibio.fr/"
      ]
    }
  ],
  "hasDescription": [
    {
      "@id": "https://data.datatourisme.fr/59637807-9672-36e9-a3e0-a2809701db57",
      "@type": [
        "Description"
      ],
      "hasTranslatedProperty": [
        {
          "@id": "https://data.datatourisme.fr/3c27768d-6a7c-32a9-990f-b290eaa25156",
          "dc:contributor": [
            "https://api.deepl.com/v2/translate"
          ],
          "rdf:language": [
            "it"
          ],
          "rdf:predicate": [
            "shortDescription"
          ]
        },
        {
          "@id": "https://data.datatourisme.fr/5486ee74-cadd-3543-8ff0-7db1551ab64e",
          "dc:contributor": [
            "https://api.deepl.com/v2/translate"
          ],
          "rdf:language": [
            "en"
          ],
          "rdf:predicate": [
            "shortDescription"
          ]
        },
        {
          "@id": "https://data.datatourisme.fr/d44a51b4-b6de-3238-91d5-915ab37777ee",
          "dc:contributor": [
            "https://api.deepl.com/v2/translate"
          ],
          "rdf:language": [
            "nl"
          ],
          "rdf:predicate": [
            "shortDescription"
          ]
        },
        {
          "@id": "https://data.datatourisme.fr/e0120ed7-2a9d-3de3-86ca-1238ee102ac4",
          "dc:contributor": [
            "https://api.deepl.com/v2/translate"
          ],
          "rdf:language": [
            "es"
          ],
          "rdf:predicate": [
            "shortDescription"
          ]
        },
        {
          "@id": "https://data.datatourisme.fr/fbb6310e-9721-3bb3-be25-03f8fb3ecdde",
          "dc:contributor": [
            "https://api.deepl.com/v2/translate"
          ],
          "rdf:language": [
            "de"
          ],
          "rdf:predicate": [
            "shortDescription"
          ]
        }
      ],
      "shortDescription": {
        "de": [
          "La Ferme de la Budinierie heißt Sie in La Celles-les-Bordes willkommen"
        ],
        "en": [
          "La Ferme de la Budinierie welcomes you to La Celles-les-Bordes"
        ],
        "it": [
          "La Ferme de la Budinierie vi dà il benvenuto a La Celles-les-Bordes"
        ],
        "fr": [
          "La Ferme de la Budinierie vous accueille à La Celles-les-Bordes"
        ],
        "es": [
          "La Ferme de la Budinierie le da la bienvenida a La Celles-les-Bordes"
        ],
        "nl": [
          "La Ferme de la Budinierie heet u welkom in La Celles-les-Bordes"
        ]
      }
    }
  ],
  "hasTranslatedProperty": [
    {
      "@id": "https://data.datatourisme.fr/5fdd80f9-8249-32bf-b799-2c8bd2a232ab",
      "dc:contributor": [
        "https://api.deepl.com/v2/translate"
      ],
      "rdf:language": [
        "es"
      ],
      "rdf:predicate": [
        {
          "@id": "rdfs:comment"
        }
      ]
    },
    {
      "@id": "https://data.datatourisme.fr/7ccc65ae-1c5d-36bd-941b-3da429647cc0",
      "dc:contributor": [
        "https://api.deepl.com/v2/translate"
      ],
      "rdf:language": [
        "nl"
      ],
      "rdf:predicate": [
        {
          "@id": "rdfs:comment"
        }
      ]
    },
    {
      "@id": "https://data.datatourisme.fr/87c265c6-bcf6-3c78-9601-476f49e921eb",
      "dc:contributor": [
        "https://api.deepl.com/v2/translate"
      ],
      "rdf:language": [
        "en"
      ],
      "rdf:predicate": [
        {
          "@id": "rdfs:comment"
        }
      ]
    },
    {
      "@id": "https://data.datatourisme.fr/d89ba178-ad4f-33dc-9836-468eb16b106a",
      "dc:contributor": [
        "https://api.deepl.com/v2/translate"
      ],
      "rdf:language": [
        "it"
      ],
      "rdf:predicate": [
        {
          "@id": "rdfs:comment"
        }
      ]
    },
    {
      "@id": "https://data.datatourisme.fr/efa94620-308b-3f7b-9fe7-53a380a24b6b",
      "dc:contributor": [
        "https://api.deepl.com/v2/translate"
      ],
      "rdf:language": [
        "de"
      ],
      "rdf:predicate": [
        {
          "@id": "rdfs:comment"
        }
      ]
    }
  ],
  "isLocatedAt": [
    {
      "@id": "https://data.datatourisme.fr/fd1a858f-1a1b-3c0f-a6f5-62e7fd33b96e",
      "schema:address": [
        {
          "@id": "https://data.datatourisme.fr/a993188a-d569-3215-993f-51c0089563a5",
          "schema:addressLocality": "La Celle-les-Bordes",
          "schema:postalCode": "78720",
          "schema:streetAddress": [
            "La Budinerie"
          ],
          "@type": [
            "schema:PostalAddress",
            "PostalAddress"
          ],
          "hasAddressCity": {
            "@id": "kb:78125",
            "@type": [
              "City"
            ],
            "rdfs:label": {
              "de": [
                "La Celle-les-Bordes"
              ],
              "pt": [
                "La Celle-les-Bordes"
              ],
              "en": [
                "La Celle-les-Bordes"
              ],
              "it": [
                "La Celle-les-Bordes"
              ],
              "fr": [
                "La Celle-les-Bordes"
              ],
              "nl": [
                "La Celle-les-Bordes"
              ],
              "es": [
                "La Celle-les-Bordes"
              ]
            },
            "insee": "78125",
            "isPartOfDepartment": {
              "@id": "kb:France1178",
              "@type": [
                "Department"
              ],
              "rdfs:label": {
                "de": [
                  "Yvelines"
                ],
                "pt": [
                  "Yvelines"
                ],
                "en": [
                  "Yvelines"
                ],
                "it": [
                  "Yvelines"
                ],
                "fr": [
                  "Yvelines"
                ],
                "nl": [
                  "Yvelines"
                ],
                "es": [
                  "Yvelines"
                ]
              },
              "insee": "78",
              "isPartOfRegion": {
                "@id": "kb:France11",
                "@type": [
                  "Region"
                ],
                "rdfs:label": {
                  "de": [
                    "Île-de-France"
                  ],
                  "pt": [
                    "Île-de-France"
                  ],
                  "en": [
                    "Île-de-France"
                  ],
                  "it": [
                    "Île-de-France"
                  ],
                  "fr": [
                    "Île-de-France"
                  ],
                  "nl": [
                    "Île-de-France"
                  ],
                  "es": [
                    "Île-de-France"
                  ]
                },
                "insee": "11",
                "isPartOfCountry": {
                  "@id": "kb:France",
                  "@type": [
                    "schema:Country"
                  ],
                  "rdfs:label": {
                    "de": [
                      "France",
                      "Frankreich"
                    ],
                    "pt": [
                      "França",
                      "France"
                    ],
                    "en": [
                      "France"
                    ],
                    "it": [
                      "France",
                      "Francia"
                    ],
                    "fr": [
                      "France"
                    ],
                    "nl": [
                      "France",
                      "Frankrijk"
                    ],
                    "es": [
                      "France",
                      "Francia"
                    ]
                  }
                }
              }
            }
          }
        }
      ],
      "schema:geo": {
        "@id": "https://data.datatourisme.fr/11df3f14-b23d-356d-82fd-0316db3fc95a",
        "schema:latitude": "48.654689",
        "schema:longitude": "1.983896",
        "@type": [
          "schema:GeoCoordinates"
        ]
      },
      "schema:openingHoursSpecification": [
        {
          "@id": "https://data.datatourisme.fr/0396d050-d7e6-37bb-9366-a95e1189b592",
          "schema:validFrom": "2023-01-01T00:00:00",
          "schema:validThrough": "2023-12-31T23:59:59",
          "@type": [
            "schema:OpeningHoursSpecification"
          ],
          "additionalInformation": {
            "de": [
              "Dienstag bis Freitag: 10:00-13:00 Uhr\r\nSamstag: 9.30-13 Uhr"
            ],
            "en": [
              "Tuesday to Friday: 10am-1pm\r\nSaturday: 9:30 am - 1 pm"
            ],
            "it": [
              "Da martedì a venerdì: 10.00-13.00\r\nSabato: 9.30-13.00"
            ],
            "fr": [
              "Du mardi au vendredi : 10h-13h\r\nSamedi : 9h30-13h"
            ],
            "nl": [
              "Dinsdag t/m vrijdag: 10.00-1.00 uur\r\nZaterdag: 9u30-1u00"
            ],
            "es": [
              "De martes a viernes: de 10 a 13 horas\r\nSábado: de 9.30 a 13.00 horas"
            ]
          },
          "hasTranslatedProperty": [
            {
              "@id": "https://data.datatourisme.fr/6c0f0052-1ae7-315b-821e-d9037bbbd680",
              "dc:contributor": [
                "https://api.deepl.com/v2/translate"
              ],
              "rdf:language": [
                "es"
              ],
              "rdf:predicate": [
                "additionalInformation"
              ]
            },
            {
              "@id": "https://data.datatourisme.fr/abc8aead-9673-32dd-82de-2b699f8ba26e",
              "dc:contributor": [
                "https://api.deepl.com/v2/translate"
              ],
              "rdf:language": [
                "en"
              ],
              "rdf:predicate": [
                "additionalInformation"
              ]
            },
            {
              "@id": "https://data.datatourisme.fr/c485fde5-60bf-3c13-a883-89dd7ba86294",
              "dc:contributor": [
                "https://api.deepl.com/v2/translate"
              ],
              "rdf:language": [
                "de"
              ],
              "rdf:predicate": [
                "additionalInformation"
              ]
            },
            {
              "@id": "https://data.datatourisme.fr/cd7b41f4-f962-328c-9625-80278e791d52",
              "dc:contributor": [
                "https://api.deepl.com/v2/translate"
              ],
              "rdf:language": [
                "nl"
              ],
              "rdf:predicate": [
                "additionalInformation"
              ]
            },
            {
              "@id": "https://data.datatourisme.fr/fc5cf11a-6ed6-3cd4-b06c-adcd2eb5bed3",
              "dc:contributor": [
                "https://api.deepl.com/v2/translate"
              ],
              "rdf:language": [
                "it"
              ],
              "rdf:predicate": [
                "additionalInformation"
              ]
            }
          ]
        }
      ],
      "@type": [
        "schema:Place",
        "Place"
      ]
    }
  ],
  "isOwnedBy": [
    {
      "@id": "https://data.datatourisme.fr/51ac81d8-8055-3c36-96d8-416e4b1cab4b",
      "schema:email": [
        "c.imbert@rt78.fr",
        "c.vallet@rt78.fr",
        "m.suray@rt78.fr",
        "s.bertoncini@rt78.fr"
      ],
      "schema:legalName": "Rambouillet Territoires",
      "@type": [
        "schema:Organization",
        "foaf:Agent",
        "Agent"
      ],
      "foaf:homepage": [
        "http://www.rambouillet-tourisme.fr/"
      ]
    }
  ],
  "lastUpdate": "2022-06-09",
  "lastUpdateDatatourisme": "2023-02-01T18:07:36.017Z"
}