{
  "@id": "https://data.datatourisme.fr/13/02cd6567-0f73-35df-adbf-4bc0ca4823e7",
  "dc:identifier": "4672242",
  "@type": [
    "schema:LocalBusiness",
    "CraftsmanShop",
    "PlaceOfInterest",
    "PointOfInterest",
    "Store"
  ],
  "rdfs:comment": {
    "de": [
      "Glasspinnen mit der Lötlampe, Ausarbeitung von Perlen und Sulfid für Designerschmuck"
    ],
    "en": [
      "Torch spinning of glass, beads and sulphide for designer jewellery"
    ],
    "it": [
      "Filatura del vetro, produzione di perle e solfuri per la gioielleria di design"
    ],
    "fr": [
      "Filage de verre au chalumeau, élaboration de perles et sulfure pour bijoux de créateur"
    ],
    "es": [
      "Hilado de vidrio, producción de cuentas y sulfuros para joyería de diseño"
    ],
    "nl": [
      "Glas spinnen met een brander, kralen en sulfide maken voor designjuwelen"
    ]
  },
  "rdfs:label": {
    "fr": [
      "La perle d'art"
    ]
  },
  "hasBeenCreatedBy": {
    "@id": "https://data.datatourisme.fr/13/3806734b-256c-37e4-9ec2-c6bffa26d9e7",
    "dc:identifier": "1028",
    "schema:email": [
      "agnes.allanou@marneetgondoire.fr",
      "anne.godin@marneetgondoire.fr"
    ],
    "schema:legalName": "Office de Tourisme de Marne et Gondoire",
    "@type": [
      "schema:Organization",
      "foaf:Agent",
      "Agent"
    ],
    "foaf:homepage": [
      "http://www.marneetgondoire-tourisme.fr/"
    ]
  },
  "hasBeenPublishedBy": [
    {
      "@id": "https://data.datatourisme.fr/1db24fc4-b534-39bf-bdaf-152c6f98730e",
      "schema:legalName": "Seine et Marne Attractivité - source : Apidae Tourisme",
      "@type": [
        "schema:Organization",
        "foaf:Agent",
        "Agent"
      ],
      "foaf:homepage": [
        "https://www.apidae-tourisme.com/"
      ]
    }
  ],
  "hasContact": [
    {
      "@id": "https://data.datatourisme.fr/882b7e7f-00c7-314c-931f-a613c81b5ef0",
      "schema:email": [
        "pascaleverrand@gmail.com"
      ],
      "schema:telephone": [
        "+33 6 18 46 82 06"
      ],
      "@type": [
        "foaf:Agent",
        "Agent"
      ]
    }
  ],
  "hasDescription": [
    {
      "@id": "https://data.datatourisme.fr/dd69a94a-0c70-3b2a-9fee-60341084eaa7",
      "@type": [
        "Description"
      ],
      "hasTranslatedProperty": [
        {
          "@id": "https://data.datatourisme.fr/08950fb0-89e4-3403-98d9-ed96928130f7",
          "dc:contributor": [
            "https://api.deepl.com/v2/translate"
          ],
          "rdf:language": [
            "nl"
          ],
          "rdf:predicate": [
            "shortDescription"
          ]
        },
        {
          "@id": "https://data.datatourisme.fr/2457578d-2aa6-369a-b033-7ecb85c4bb00",
          "dc:contributor": [
            "https://api.deepl.com/v2/translate"
          ],
          "rdf:language": [
            "es"
          ],
          "rdf:predicate": [
            "shortDescription"
          ]
        },
        {
          "@id": "https://data.datatourisme.fr/95dd9cba-23ff-3d35-8028-a76b3eef745b",
          "dc:contributor": [
            "https://api.deepl.com/v2/translate"
          ],
          "rdf:language": [
            "en"
          ],
          "rdf:predicate": [
            "shortDescription"
          ]
        },
        {
          "@id": "https://data.datatourisme.fr/fb640801-c6da-3523-8769-8ca3469d5656",
          "dc:contributor": [
            "https://api.deepl.com/v2/translate"
          ],
          "rdf:language": [
            "de"
          ],
          "rdf:predicate": [
            "shortDescription"
          ]
        },
        {
          "@id": "https://data.datatourisme.fr/fe2223dc-beb3-3f3a-839f-bf16838eb541",
          "dc:contributor": [
            "https://api.deepl.com/v2/translate"
          ],
          "rdf:language": [
            "it"
          ],
          "rdf:predicate": [
            "shortDescription"
          ]
        }
      ],
      "shortDescription": {
        "de": [
          "Glasspinnen mit der Lötlampe, Ausarbeitung von Perlen und Sulfid für Designerschmuck"
        ],
        "en": [
          "Torch spinning of glass, beads and sulphide for designer jewellery"
        ],
        "it": [
          "Filatura del vetro, produzione di perle e solfuri per la gioielleria di design"
        ],
        "fr": [
          "Filage de verre au chalumeau, élaboration de perles et sulfure pour bijoux de créateur"
        ],
        "es": [
          "Hilado de vidrio, producción de cuentas y sulfuros para joyería de diseño"
        ],
        "nl": [
          "Glas spinnen met een brander, kralen en sulfide maken voor designjuwelen"
        ]
      }
    }
  ],
  "hasTranslatedProperty": [
    {
      "@id": "https://data.datatourisme.fr/49bbb035-1bc4-32c1-9003-11231e24bbd9",
      "dc:contributor": [
        "https://api.deepl.com/v2/translate"
      ],
      "rdf:language": [
        "es"
      ],
      "rdf:predicate": [
        {
          "@id": "rdfs:comment"
        }
      ]
    },
    {
      "@id": "https://data.datatourisme.fr/a7eae189-36a0-39a3-b635-ab2ba2d1d2af",
      "dc:contributor": [
        "https://api.deepl.com/v2/translate"
      ],
      "rdf:language": [
        "nl"
      ],
      "rdf:predicate": [
        {
          "@id": "rdfs:comment"
        }
      ]
    },
    {
      "@id": "https://data.datatourisme.fr/b4527827-b0f2-3c0a-969f-e85ec8e92d19",
      "dc:contributor": [
        "https://api.deepl.com/v2/translate"
      ],
      "rdf:language": [
        "it"
      ],
      "rdf:predicate": [
        {
          "@id": "rdfs:comment"
        }
      ]
    },
    {
      "@id": "https://data.datatourisme.fr/cdd289e2-2bec-3399-bafa-d9d8d2b161b6",
      "dc:contributor": [
        "https://api.deepl.com/v2/translate"
      ],
      "rdf:language": [
        "en"
      ],
      "rdf:predicate": [
        {
          "@id": "rdfs:comment"
        }
      ]
    },
    {
      "@id": "https://data.datatourisme.fr/e70578f4-0426-3011-8625-7a0d1eaa2200",
      "dc:contributor": [
        "https://api.deepl.com/v2/translate"
      ],
      "rdf:language": [
        "de"
      ],
      "rdf:predicate": [
        {
          "@id": "rdfs:comment"
        }
      ]
    }
  ],
  "isLocatedAt": [
    {
      "@id": "https://data.datatourisme.fr/687b5ff4-6213-3ee3-a437-16df71a94519",
      "schema:address": [
        {
          "@id": "https://data.datatourisme.fr/71f8474e-2d8e-3025-a7af-d1253e6cd2a6",
          "schema:addressLocality": "Carnetin",
          "schema:postalCode": "77400",
          "schema:streetAddress": [
            "2 chemin de l'entonnoir"
          ],
          "@type": [
            "schema:PostalAddress",
            "PostalAddress"
          ],
          "hasAddressCity": {
            "@id": "kb:77062",
            "@type": [
              "City"
            ],
            "rdfs:label": {
              "de": [
                "Carnetin"
              ],
              "pt": [
                "Carnetin"
              ],
              "en": [
                "Carnetin"
              ],
              "it": [
                "Carnetin"
              ],
              "fr": [
                "Carnetin"
              ],
              "nl": [
                "Carnetin"
              ],
              "es": [
                "Carnetin"
              ]
            },
            "insee": "77062",
            "isPartOfDepartment": {
              "@id": "kb:France1177",
              "@type": [
                "Department"
              ],
              "rdfs:label": {
                "de": [
                  "Seine-et-Marne"
                ],
                "pt": [
                  "Seine-et-Marne"
                ],
                "en": [
                  "Seine-et-Marne"
                ],
                "it": [
                  "Seine-et-Marne"
                ],
                "fr": [
                  "Seine-et-Marne"
                ],
                "nl": [
                  "Seine-et-Marne"
                ],
                "es": [
                  "Seine-et-Marne"
                ]
              },
              "insee": "77",
              "isPartOfRegion": {
                "@id": "kb:France11",
                "@type": [
                  "Region"
                ],
                "rdfs:label": {
                  "de": [
                    "Île-de-France"
                  ],
                  "pt": [
                    "Île-de-France"
                  ],
                  "en": [
                    "Île-de-France"
                  ],
                  "it": [
                    "Île-de-France"
                  ],
                  "fr": [
                    "Île-de-France"
                  ],
                  "nl": [
                    "Île-de-France"
                  ],
                  "es": [
                    "Île-de-France"
                  ]
                },
                "insee": "11",
                "isPartOfCountry": {
                  "@id": "kb:France",
                  "@type": [
                    "schema:Country"
                  ],
                  "rdfs:label": {
                    "de": [
                      "France",
                      "Frankreich"
                    ],
                    "pt": [
                      "França",
                      "France"
                    ],
                    "en": [
                      "France"
                    ],
                    "it": [
                      "France",
                      "Francia"
                    ],
                    "fr": [
                      "France"
                    ],
                    "nl": [
                      "France",
                      "Frankrijk"
                    ],
                    "es": [
                      "France",
                      "Francia"
                    ]
                  }
                }
              }
            }
          }
        }
      ],
      "schema:geo": {
        "@id": "https://data.datatourisme.fr/113caf0f-c8fa-3feb-ba61-d98904f938cc",
        "schema:latitude": "48.903765",
        "schema:longitude": "2.70392",
        "@type": [
          "schema:GeoCoordinates"
        ]
      },
      "schema:openingHoursSpecification": [
        {
          "@id": "https://data.datatourisme.fr/18c3f229-b963-317b-be4f-dbc473a5fbcb",
          "schema:validFrom": "2023-01-01T00:00:00",
          "schema:validThrough": "2023-12-31T23:59:59",
          "@type": [
            "schema:OpeningHoursSpecification"
          ],
          "additionalInformation": {
            "de": [
              "Nur nach Vereinbarung"
            ],
            "en": [
              "By appointment only"
            ],
            "it": [
              "Solo su appuntamento"
            ],
            "fr": [
              "Uniquement sur rendez-vous"
            ],
            "es": [
              "Sólo con cita previa"
            ],
            "nl": [
              "Alleen op afspraak"
            ]
          },
          "hasTranslatedProperty": [
            {
              "@id": "https://data.datatourisme.fr/0100c7c2-1977-3d80-b950-cae9d402b3a7",
              "dc:contributor": [
                "https://api.deepl.com/v2/translate"
              ],
              "rdf:language": [
                "de"
              ],
              "rdf:predicate": [
                "additionalInformation"
              ]
            },
            {
              "@id": "https://data.datatourisme.fr/56d7564e-18bb-3cae-88ac-f0fbc4136303",
              "dc:contributor": [
                "https://api.deepl.com/v2/translate"
              ],
              "rdf:language": [
                "en"
              ],
              "rdf:predicate": [
                "additionalInformation"
              ]
            },
            {
              "@id": "https://data.datatourisme.fr/6210c961-2f8e-3e72-b6f2-9a91e5ef47cd",
              "dc:contributor": [
                "https://api.deepl.com/v2/translate"
              ],
              "rdf:language": [
                "it"
              ],
              "rdf:predicate": [
                "additionalInformation"
              ]
            },
            {
              "@id": "https://data.datatourisme.fr/6535a02a-492a-3f13-99e0-bb36a48fd0e6",
              "dc:contributor": [
                "https://api.deepl.com/v2/translate"
              ],
              "rdf:language": [
                "nl"
              ],
              "rdf:predicate": [
                "additionalInformation"
              ]
            },
            {
              "@id": "https://data.datatourisme.fr/ebde48ca-2507-3b29-8aaf-9be8c8cb75b4",
              "dc:contributor": [
                "https://api.deepl.com/v2/translate"
              ],
              "rdf:language": [
                "es"
              ],
              "rdf:predicate": [
                "additionalInformation"
              ]
            }
          ]
        }
      ],
      "@type": [
        "schema:Place",
        "Place"
      ]
    }
  ],
  "isOwnedBy": [
    {
      "@id": "https://data.datatourisme.fr/aa5f63c7-f828-3b9c-bf4e-378b5e04afc7",
      "schema:email": [
        "agnes.allanou@marneetgondoire.fr",
        "anne.godin@marneetgondoire.fr"
      ],
      "schema:legalName": "Office de Tourisme de Marne et Gondoire",
      "@type": [
        "schema:Organization",
        "foaf:Agent",
        "Agent"
      ],
      "foaf:homepage": [
        "http://www.marneetgondoire-tourisme.fr/"
      ]
    }
  ],
  "lastUpdate": "2023-03-02",
  "lastUpdateDatatourisme": "2023-03-03T06:39:45.525Z"
}