{
  "@id": "https://data.datatourisme.fr/13/02c85269-5b89-3653-b01c-ab968586c8a7",
  "dc:identifier": "790377",
  "@type": [
    "schema:LocalBusiness",
    "ActivityProvider",
    "PlaceOfInterest",
    "PointOfInterest",
    "Store"
  ],
  "rdfs:comment": {
    "de": [
      "Naturwanderungen in Begleitung eines Esels vor den Toren von Paris."
    ],
    "en": [
      "Gone hiking nature together with a donkey near Paris."
    ],
    "it": [
      "La natura passeggia con un asino alle porte di Parigi."
    ],
    "fr": [
      "Randonnées nature en compagnie d'un âne aux portes de Paris."
    ],
    "es": [
      "La naturaleza pasea con un burro a las puertas de París."
    ],
    "nl": [
      "De natuur wandelt met een ezel aan de poorten van Parijs."
    ]
  },
  "rdfs:label": {
    "en": [
      "Anes en Vexin"
    ],
    "fr": [
      "Anes en Vexin"
    ]
  },
  "hasBeenCreatedBy": {
    "@id": "https://data.datatourisme.fr/13/3a1dd983-41fa-3c1d-be9b-cf36360e6b84",
    "dc:identifier": "2180",
    "schema:email": [
      "p.barriot@pnr-vexin-francais.fr"
    ],
    "schema:legalName": "Parc naturel régional du Vexin Français",
    "@type": [
      "schema:Organization",
      "foaf:Agent",
      "Agent"
    ],
    "foaf:homepage": [
      "http://www.pnr-vexin-francais.fr/"
    ]
  },
  "hasBeenPublishedBy": [
    {
      "@id": "https://data.datatourisme.fr/8a9feb4b-2cbd-3d2c-b507-bd6c6776b23b",
      "schema:legalName": "Apidae Tourisme Scic SA - source : Apidae Tourisme",
      "@type": [
        "schema:Organization",
        "foaf:Agent",
        "Agent"
      ],
      "foaf:homepage": [
        "https://www.apidae-tourisme.com/"
      ]
    }
  ],
  "hasContact": [
    {
      "@id": "https://data.datatourisme.fr/78d9a87b-0bb2-3d08-8063-dfc61541c7ee",
      "schema:email": [
        "contact@anesenvexin.fr"
      ],
      "schema:telephone": [
        "+33 6 08 28 02 15"
      ],
      "@type": [
        "foaf:Agent",
        "Agent"
      ],
      "foaf:homepage": [
        "https://www.anesenvexin.fr/"
      ]
    }
  ],
  "hasDescription": [
    {
      "@id": "https://data.datatourisme.fr/61549d43-77b1-327e-8c65-6bf06672bf36",
      "@type": [
        "Description"
      ],
      "hasTranslatedProperty": [
        {
          "@id": "https://data.datatourisme.fr/1b344fd0-f0e1-3995-934c-c827cdc303d4",
          "dc:contributor": [
            "https://api.deepl.com/v2/translate"
          ],
          "rdf:language": [
            "it"
          ],
          "rdf:predicate": [
            "shortDescription"
          ]
        },
        {
          "@id": "https://data.datatourisme.fr/5d560a9d-b860-3faa-b3b8-ba75a8995756",
          "dc:contributor": [
            "https://api.deepl.com/v2/translate"
          ],
          "rdf:language": [
            "es"
          ],
          "rdf:predicate": [
            "shortDescription"
          ]
        },
        {
          "@id": "https://data.datatourisme.fr/87bea283-4abb-35bc-b503-064b82477005",
          "dc:contributor": [
            "https://api.deepl.com/v2/translate"
          ],
          "rdf:language": [
            "de"
          ],
          "rdf:predicate": [
            "shortDescription"
          ]
        },
        {
          "@id": "https://data.datatourisme.fr/e89de52e-8e91-3954-9522-91ba143fa02a",
          "dc:contributor": [
            "https://api.deepl.com/v2/translate"
          ],
          "rdf:language": [
            "nl"
          ],
          "rdf:predicate": [
            "shortDescription"
          ]
        }
      ],
      "shortDescription": {
        "de": [
          "Naturwanderungen in Begleitung eines Esels vor den Toren von Paris."
        ],
        "en": [
          "Gone hiking nature together with a donkey near Paris."
        ],
        "it": [
          "La natura passeggia con un asino alle porte di Parigi."
        ],
        "fr": [
          "Randonnées nature en compagnie d'un âne aux portes de Paris."
        ],
        "es": [
          "La naturaleza pasea con un burro a las puertas de París."
        ],
        "nl": [
          "De natuur wandelt met een ezel aan de poorten van Parijs."
        ]
      }
    }
  ],
  "hasTheme": [
    {
      "@id": "kb:DonkeyHiking",
      "@type": [
        "SportsTheme"
      ],
      "rdfs:label": {
        "de": [
          "Eselwandern"
        ],
        "pt": [
          "Caminhada em burro"
        ],
        "en": [
          "Donkey hiking"
        ],
        "it": [
          "Escursione con asino da soma"
        ],
        "fr": [
          "Randonnée avec âne porteur"
        ],
        "es": [
          "Paseo con burros"
        ],
        "nl": [
          "Ezelwandelingen"
        ]
      }
    },
    {
      "@id": "kb:Hiking",
      "@type": [
        "SportsTheme"
      ],
      "rdfs:label": {
        "de": [
          "Wanderung"
        ],
        "pt": [
          "Caminhada"
        ],
        "en": [
          "Hiking"
        ],
        "it": [
          "Escursione"
        ],
        "fr": [
          "Randonnée"
        ],
        "nl": [
          "Wandelen"
        ],
        "es": [
          "Senderismo"
        ]
      }
    }
  ],
  "hasTranslatedProperty": [
    {
      "@id": "https://data.datatourisme.fr/0f920346-0864-316b-a47c-3c0cffa62d55",
      "dc:contributor": [
        "https://api.deepl.com/v2/translate"
      ],
      "rdf:language": [
        "it"
      ],
      "rdf:predicate": [
        {
          "@id": "rdfs:comment"
        }
      ]
    },
    {
      "@id": "https://data.datatourisme.fr/435366e9-173d-317b-951c-918d8497c5bd",
      "dc:contributor": [
        "https://api.deepl.com/v2/translate"
      ],
      "rdf:language": [
        "nl"
      ],
      "rdf:predicate": [
        {
          "@id": "rdfs:comment"
        }
      ]
    },
    {
      "@id": "https://data.datatourisme.fr/8d55ec4c-1e03-31b2-967c-a117a9fd2077",
      "dc:contributor": [
        "https://api.deepl.com/v2/translate"
      ],
      "rdf:language": [
        "es"
      ],
      "rdf:predicate": [
        {
          "@id": "rdfs:comment"
        }
      ]
    },
    {
      "@id": "https://data.datatourisme.fr/fd8dacb0-67f5-36de-8644-2b067301eda0",
      "dc:contributor": [
        "https://api.deepl.com/v2/translate"
      ],
      "rdf:language": [
        "de"
      ],
      "rdf:predicate": [
        {
          "@id": "rdfs:comment"
        }
      ]
    }
  ],
  "isLocatedAt": [
    {
      "@id": "https://data.datatourisme.fr/3e01a158-6ebb-3ace-b845-3621268e6a52",
      "schema:address": [
        {
          "@id": "https://data.datatourisme.fr/d89000a8-7b6f-3b12-a404-fb33cde4eca4",
          "schema:addressLocality": "Longuesse",
          "schema:postalCode": "95450",
          "schema:streetAddress": [
            "3 chemin des marais"
          ],
          "@type": [
            "schema:PostalAddress",
            "PostalAddress"
          ],
          "hasAddressCity": {
            "@id": "kb:95348",
            "@type": [
              "City"
            ],
            "rdfs:label": {
              "de": [
                "Longuesse"
              ],
              "pt": [
                "Longuesse"
              ],
              "en": [
                "Longuesse"
              ],
              "it": [
                "Longuesse"
              ],
              "fr": [
                "Longuesse"
              ],
              "nl": [
                "Longuesse"
              ],
              "es": [
                "Longuesse"
              ]
            },
            "insee": "95348",
            "isPartOfDepartment": {
              "@id": "kb:France1195",
              "@type": [
                "Department"
              ],
              "rdfs:label": {
                "de": [
                  "Val-d'Oise"
                ],
                "pt": [
                  "Val-d'Oise"
                ],
                "en": [
                  "Val-d'Oise"
                ],
                "it": [
                  "Val-d'Oise"
                ],
                "fr": [
                  "Val-d'Oise"
                ],
                "nl": [
                  "Val-d'Oise"
                ],
                "es": [
                  "Val-d'Oise"
                ]
              },
              "insee": "95",
              "isPartOfRegion": {
                "@id": "kb:France11",
                "@type": [
                  "Region"
                ],
                "rdfs:label": {
                  "de": [
                    "Île-de-France"
                  ],
                  "pt": [
                    "Île-de-France"
                  ],
                  "en": [
                    "Île-de-France"
                  ],
                  "it": [
                    "Île-de-France"
                  ],
                  "fr": [
                    "Île-de-France"
                  ],
                  "nl": [
                    "Île-de-France"
                  ],
                  "es": [
                    "Île-de-France"
                  ]
                },
                "insee": "11",
                "isPartOfCountry": {
                  "@id": "kb:France",
                  "@type": [
                    "schema:Country"
                  ],
                  "rdfs:label": {
                    "de": [
                      "France",
                      "Frankreich"
                    ],
                    "pt": [
                      "França",
                      "France"
                    ],
                    "en": [
                      "France"
                    ],
                    "it": [
                      "France",
                      "Francia"
                    ],
                    "fr": [
                      "France"
                    ],
                    "nl": [
                      "France",
                      "Frankrijk"
                    ],
                    "es": [
                      "France",
                      "Francia"
                    ]
                  }
                }
              }
            }
          }
        }
      ],
      "schema:geo": {
        "@id": "https://data.datatourisme.fr/1d4789b1-a661-30dd-8efa-3eda98ec8374",
        "schema:latitude": "49.062479",
        "schema:longitude": "1.934912",
        "@type": [
          "schema:GeoCoordinates"
        ]
      },
      "schema:openingHoursSpecification": [
        {
          "@id": "https://data.datatourisme.fr/f87e535a-636d-3343-ad63-8a03392e7511",
          "schema:validFrom": "2023-01-01T00:00:00",
          "schema:validThrough": "2023-12-31T23:59:59",
          "@type": [
            "schema:OpeningHoursSpecification"
          ]
        }
      ],
      "@type": [
        "schema:Place",
        "Place"
      ]
    }
  ],
  "isOwnedBy": [
    {
      "@id": "https://data.datatourisme.fr/4c608c50-81e5-397b-9f19-b610e202e801",
      "schema:email": [
        "p.barriot@pnr-vexin-francais.fr"
      ],
      "schema:legalName": "Parc naturel régional du Vexin Français",
      "@type": [
        "schema:Organization",
        "foaf:Agent",
        "Agent"
      ],
      "foaf:homepage": [
        "http://www.pnr-vexin-francais.fr/"
      ]
    }
  ],
  "lastUpdate": "2023-05-12",
  "lastUpdateDatatourisme": "2023-05-13T05:39:31.052Z"
}