{
  "@id": "https://data.datatourisme.fr/13/02b75b96-ad12-398c-b0e6-3be356c7bb1a",
  "dc:identifier": "5736952",
  "@type": [
    "schema:FoodEstablishment",
    "FoodEstablishment",
    "PlaceOfInterest",
    "PointOfInterest"
  ],
  "rdfs:comment": {
    "de": [
      "Der Chefkoch des Restaurants Le Panoramique, der mit einem Stern im Guide Michelin ausgezeichnet wurde, bietet Ihnen eine Küche, in der das Produkt im Mittelpunkt steht, wobei er lokale Erzeuger und Handwerker bevorzugt. Sein Sommelier wählt die Weine aus, die Weinliebhaber und -begeisterte begeistern werden."
    ],
    "en": [
      "The Chef of the restaurant Le Panoramique, 1 star in the Michelin Guide, offers you a cuisine based on the product, favouring local producers and craftsmen. As for his sommelier, he selects the wines that will delight wine lovers and enthusiasts."
    ],
    "it": [
      "Lo chef del ristorante Le Panoramique, 1 stella della Guida Michelin, vi propone una cucina basata sui prodotti dei produttori e degli artigiani locali. Il suo sommelier seleziona vini che faranno la gioia di appassionati e amanti del vino."
    ],
    "fr": [
      "Le Chef du restaurant Le Panoramique, 1 étoile au Guide Michelin, vous propose une cuisine au cœur du produit privilégiant producteurs et artisans locaux. Quant à son sommelier il sélectionne les vins qui raviront les amateurs et passionnés de vins."
    ],
    "es": [
      "El chef del restaurante Le Panoramique, 1 estrella en la Guía Michelin, le ofrece una cocina basada en los productos de los productores y artesanos locales. En cuanto a su sumiller, selecciona vinos que harán las delicias de los amantes y entusiastas del vino."
    ],
    "nl": [
      "De chef van het restaurant Le Panoramique, 1 ster in de Michelingids, biedt u een keuken gebaseerd op de producten van lokale producenten en ambachtslieden. Zijn sommelier selecteert wijnen die wijnliefhebbers en -liefhebbers zullen bekoren."
    ]
  },
  "rdfs:label": {
    "fr": [
      "Le Panoramique (Domaine de la Corniche)"
    ]
  },
  "hasBeenCreatedBy": {
    "@id": "https://data.datatourisme.fr/13/3fb451ca-2e89-33a1-b095-b059d8705b15",
    "dc:identifier": "1522",
    "schema:email": [
      "anicoud@terres-de-seine.fr",
      "anne.perchec@gpseo.fr",
      "contact@terres-de-seine.fr",
      "estelle.rouille@gpseo.fr",
      "fbony@terres-de-seine.fr",
      "hillaryramanank@yahoo.fr",
      "vgateau@terres-de-seine.fr",
      "xcadilhac.oti.gpseo@gmail.com"
    ],
    "schema:legalName": "Communauté Urbaine Grand Paris Seine & Oise",
    "@type": [
      "schema:Organization",
      "foaf:Agent",
      "Agent"
    ],
    "foaf:homepage": [
      "https://www.insectes.org/",
      "https://www.terres-de-seine.fr/"
    ]
  },
  "hasBeenPublishedBy": [
    {
      "@id": "https://data.datatourisme.fr/8a9feb4b-2cbd-3d2c-b507-bd6c6776b23b",
      "schema:legalName": "Apidae Tourisme Scic SA - source : Apidae Tourisme",
      "@type": [
        "schema:Organization",
        "foaf:Agent",
        "Agent"
      ],
      "foaf:homepage": [
        "https://www.apidae-tourisme.com/"
      ]
    }
  ],
  "hasContact": [
    {
      "@id": "https://data.datatourisme.fr/2bc4306e-7ada-328b-8f3e-ed63ec903a52",
      "schema:email": [
        "contact@domainedelacorniche.com",
        "jlm@destinationgiverny.com"
      ],
      "schema:telephone": [
        "+33 1 30 93 20 00"
      ],
      "@type": [
        "foaf:Agent",
        "Agent"
      ],
      "foaf:homepage": [
        "https://www.domainedelacorniche.com/"
      ]
    }
  ],
  "hasDescription": [
    {
      "@id": "https://data.datatourisme.fr/7992536a-7979-38e5-b972-dd5e8468a161",
      "@type": [
        "Description"
      ],
      "hasTranslatedProperty": [
        {
          "@id": "https://data.datatourisme.fr/2718d5c3-8552-3b15-b75c-5623af2d8632",
          "dc:contributor": [
            "https://api.deepl.com/v2/translate"
          ],
          "rdf:language": [
            "es"
          ],
          "rdf:predicate": [
            "shortDescription"
          ]
        },
        {
          "@id": "https://data.datatourisme.fr/592c9390-c905-31ff-aac7-12feb0dbe6d0",
          "dc:contributor": [
            "https://api.deepl.com/v2/translate"
          ],
          "rdf:language": [
            "en"
          ],
          "rdf:predicate": [
            "shortDescription"
          ]
        },
        {
          "@id": "https://data.datatourisme.fr/a9a4c799-d5f9-346e-9bb6-10504d36b369",
          "dc:contributor": [
            "https://api.deepl.com/v2/translate"
          ],
          "rdf:language": [
            "de"
          ],
          "rdf:predicate": [
            "shortDescription"
          ]
        },
        {
          "@id": "https://data.datatourisme.fr/ad0666a9-b71a-3080-acdd-239d57e85b35",
          "dc:contributor": [
            "https://api.deepl.com/v2/translate"
          ],
          "rdf:language": [
            "it"
          ],
          "rdf:predicate": [
            "shortDescription"
          ]
        },
        {
          "@id": "https://data.datatourisme.fr/afa6bec1-6e34-3bc1-928a-2e834dc10a91",
          "dc:contributor": [
            "https://api.deepl.com/v2/translate"
          ],
          "rdf:language": [
            "nl"
          ],
          "rdf:predicate": [
            "shortDescription"
          ]
        }
      ],
      "shortDescription": {
        "de": [
          "Der Chefkoch des Restaurants Le Panoramique, der mit einem Stern im Guide Michelin ausgezeichnet wurde, bietet Ihnen eine Küche, in der das Produkt im Mittelpunkt steht, wobei er lokale Erzeuger und Handwerker bevorzugt. Sein Sommelier wählt die Weine aus, die Weinliebhaber und -begeisterte begeistern werden."
        ],
        "en": [
          "The Chef of the restaurant Le Panoramique, 1 star in the Michelin Guide, offers you a cuisine based on the product, favouring local producers and craftsmen. As for his sommelier, he selects the wines that will delight wine lovers and enthusiasts."
        ],
        "it": [
          "Lo chef del ristorante Le Panoramique, 1 stella della Guida Michelin, vi propone una cucina basata sui prodotti dei produttori e degli artigiani locali. Il suo sommelier seleziona vini che faranno la gioia di appassionati e amanti del vino."
        ],
        "fr": [
          "Le Chef du restaurant Le Panoramique, 1 étoile au Guide Michelin, vous propose une cuisine au cœur du produit privilégiant producteurs et artisans locaux. Quant à son sommelier il sélectionne les vins qui raviront les amateurs et passionnés de vins."
        ],
        "es": [
          "El chef del restaurante Le Panoramique, 1 estrella en la Guía Michelin, le ofrece una cocina basada en los productos de los productores y artesanos locales. En cuanto a su sumiller, selecciona vinos que harán las delicias de los amantes y entusiastas del vino."
        ],
        "nl": [
          "De chef van het restaurant Le Panoramique, 1 ster in de Michelingids, biedt u een keuken gebaseerd op de producten van lokale producenten en ambachtslieden. Zijn sommelier selecteert wijnen die wijnliefhebbers en -liefhebbers zullen bekoren."
        ]
      }
    }
  ],
  "hasTranslatedProperty": [
    {
      "@id": "https://data.datatourisme.fr/1fb99438-573d-3a51-8633-aaaee03f74da",
      "dc:contributor": [
        "https://api.deepl.com/v2/translate"
      ],
      "rdf:language": [
        "de"
      ],
      "rdf:predicate": [
        {
          "@id": "rdfs:comment"
        }
      ]
    },
    {
      "@id": "https://data.datatourisme.fr/234092e2-bebc-3386-a39b-c5e3ca03af79",
      "dc:contributor": [
        "https://api.deepl.com/v2/translate"
      ],
      "rdf:language": [
        "it"
      ],
      "rdf:predicate": [
        {
          "@id": "rdfs:comment"
        }
      ]
    },
    {
      "@id": "https://data.datatourisme.fr/2845f063-adb2-3081-b401-1e6bbb4d4f66",
      "dc:contributor": [
        "https://api.deepl.com/v2/translate"
      ],
      "rdf:language": [
        "nl"
      ],
      "rdf:predicate": [
        {
          "@id": "rdfs:comment"
        }
      ]
    },
    {
      "@id": "https://data.datatourisme.fr/47ff014e-d227-31cb-a833-f29b641b6eb6",
      "dc:contributor": [
        "https://api.deepl.com/v2/translate"
      ],
      "rdf:language": [
        "en"
      ],
      "rdf:predicate": [
        {
          "@id": "rdfs:comment"
        }
      ]
    },
    {
      "@id": "https://data.datatourisme.fr/dcfc1cf4-76f1-3df0-b959-8e9d7eabd2d6",
      "dc:contributor": [
        "https://api.deepl.com/v2/translate"
      ],
      "rdf:language": [
        "es"
      ],
      "rdf:predicate": [
        {
          "@id": "rdfs:comment"
        }
      ]
    }
  ],
  "isLocatedAt": [
    {
      "@id": "https://data.datatourisme.fr/6cc24374-1e3a-3156-8660-483436c4adc0",
      "schema:address": [
        {
          "@id": "https://data.datatourisme.fr/1b205f42-a45b-3aa9-83ba-dbfc273cea04",
          "schema:addressLocality": "Rolleboise",
          "schema:postalCode": "78270",
          "schema:streetAddress": [
            "5 route de la Corniche"
          ],
          "@type": [
            "schema:PostalAddress",
            "PostalAddress"
          ],
          "hasAddressCity": {
            "@id": "kb:78528",
            "@type": [
              "City"
            ],
            "rdfs:label": {
              "de": [
                "Rolleboise"
              ],
              "pt": [
                "Rolleboise"
              ],
              "en": [
                "Rolleboise"
              ],
              "it": [
                "Rolleboise"
              ],
              "fr": [
                "Rolleboise"
              ],
              "nl": [
                "Rolleboise"
              ],
              "es": [
                "Rolleboise"
              ]
            },
            "insee": "78528",
            "isPartOfDepartment": {
              "@id": "kb:France1178",
              "@type": [
                "Department"
              ],
              "rdfs:label": {
                "de": [
                  "Yvelines"
                ],
                "pt": [
                  "Yvelines"
                ],
                "en": [
                  "Yvelines"
                ],
                "it": [
                  "Yvelines"
                ],
                "fr": [
                  "Yvelines"
                ],
                "nl": [
                  "Yvelines"
                ],
                "es": [
                  "Yvelines"
                ]
              },
              "insee": "78",
              "isPartOfRegion": {
                "@id": "kb:France11",
                "@type": [
                  "Region"
                ],
                "rdfs:label": {
                  "de": [
                    "Île-de-France"
                  ],
                  "pt": [
                    "Île-de-France"
                  ],
                  "en": [
                    "Île-de-France"
                  ],
                  "it": [
                    "Île-de-France"
                  ],
                  "fr": [
                    "Île-de-France"
                  ],
                  "nl": [
                    "Île-de-France"
                  ],
                  "es": [
                    "Île-de-France"
                  ]
                },
                "insee": "11",
                "isPartOfCountry": {
                  "@id": "kb:France",
                  "@type": [
                    "schema:Country"
                  ],
                  "rdfs:label": {
                    "de": [
                      "France",
                      "Frankreich"
                    ],
                    "pt": [
                      "França",
                      "France"
                    ],
                    "en": [
                      "France"
                    ],
                    "it": [
                      "France",
                      "Francia"
                    ],
                    "fr": [
                      "France"
                    ],
                    "nl": [
                      "France",
                      "Frankrijk"
                    ],
                    "es": [
                      "France",
                      "Francia"
                    ]
                  }
                }
              }
            }
          }
        }
      ],
      "schema:geo": {
        "@id": "https://data.datatourisme.fr/c770fa00-a22d-3b21-be11-65e180a734a3",
        "schema:latitude": "49.022841",
        "schema:longitude": "1.609627",
        "@type": [
          "schema:GeoCoordinates"
        ]
      },
      "schema:openingHoursSpecification": [
        {
          "@id": "https://data.datatourisme.fr/d3260739-620c-326c-a878-2de26d76095b",
          "schema:closes": "21:15:00",
          "schema:opens": "12:00:00",
          "schema:validFrom": "2023-01-01T00:00:00",
          "schema:validThrough": "2023-12-31T23:59:59",
          "@type": [
            "schema:OpeningHoursSpecification"
          ],
          "additionalInformation": {
            "de": [
              "mittagszeit: 12:00 bis 13:30 Uhr\r\nabendzeit: 19:00 Uhr bis 21:15 Uhr"
            ],
            "en": [
              "lunchtime: 12.00 - 13.30\r\nevening hours: 7:00 pm - 9:15 pm"
            ],
            "it": [
              "ora di pranzo: 12:00 - 13:30\r\norario serale: 19.00 - 21.15"
            ],
            "fr": [
              "horaires du midi : de 12h00 à 13h30\r\nhoraires du soir: 19h00 - 21h15"
            ],
            "nl": [
              "lunchtijd: 12:00 - 13:30\r\navonduren: 19.00 - 21.15 uur"
            ],
            "es": [
              "hora de comer: 12:00 - 13:30\r\nhorario nocturno: de 19:00 a 21:15 horas"
            ]
          },
          "hasTranslatedProperty": [
            {
              "@id": "https://data.datatourisme.fr/0f5e80dc-bce5-3341-b1ce-d029113a6198",
              "dc:contributor": [
                "https://api.deepl.com/v2/translate"
              ],
              "rdf:language": [
                "nl"
              ],
              "rdf:predicate": [
                "additionalInformation"
              ]
            },
            {
              "@id": "https://data.datatourisme.fr/3134beda-efcf-34ca-9d26-be332908894a",
              "dc:contributor": [
                "https://api.deepl.com/v2/translate"
              ],
              "rdf:language": [
                "es"
              ],
              "rdf:predicate": [
                "additionalInformation"
              ]
            },
            {
              "@id": "https://data.datatourisme.fr/3c19e440-bb96-3ee5-a079-4ad36153498e",
              "dc:contributor": [
                "https://api.deepl.com/v2/translate"
              ],
              "rdf:language": [
                "en"
              ],
              "rdf:predicate": [
                "additionalInformation"
              ]
            },
            {
              "@id": "https://data.datatourisme.fr/3d43a587-a8e0-3437-9e17-690634d5c10f",
              "dc:contributor": [
                "https://api.deepl.com/v2/translate"
              ],
              "rdf:language": [
                "it"
              ],
              "rdf:predicate": [
                "additionalInformation"
              ]
            },
            {
              "@id": "https://data.datatourisme.fr/df225482-b24b-387f-80cf-3d58265bebea",
              "dc:contributor": [
                "https://api.deepl.com/v2/translate"
              ],
              "rdf:language": [
                "de"
              ],
              "rdf:predicate": [
                "additionalInformation"
              ]
            }
          ]
        }
      ],
      "@type": [
        "schema:Place",
        "Place"
      ]
    }
  ],
  "isOwnedBy": [
    {
      "@id": "https://data.datatourisme.fr/44eacd0d-f255-38e9-b0f2-4a31202fdb58",
      "schema:email": [
        "anicoud@terres-de-seine.fr",
        "anne.perchec@gpseo.fr",
        "contact@terres-de-seine.fr",
        "estelle.rouille@gpseo.fr",
        "fbony@terres-de-seine.fr",
        "hillaryramanank@yahoo.fr",
        "vgateau@terres-de-seine.fr",
        "xcadilhac.oti.gpseo@gmail.com"
      ],
      "schema:legalName": "Communauté Urbaine Grand Paris Seine & Oise",
      "@type": [
        "schema:Organization",
        "foaf:Agent",
        "Agent"
      ],
      "foaf:homepage": [
        "https://www.insectes.org/"
      ]
    }
  ],
  "lastUpdate": "2023-02-11",
  "lastUpdateDatatourisme": "2023-02-12T06:37:12.718Z",
  "offers": [
    {
      "@id": "https://data.datatourisme.fr/9f68eb23-9750-3a02-a776-3ea459ce9749",
      "schema:priceSpecification": [
        {
          "@id": "https://data.datatourisme.fr/21936556-bd35-3f44-9590-db0d2f363064",
          "schema:priceCurrency": "EUR",
          "@type": [
            "schema:PriceSpecification",
            "PriceSpecification"
          ],
          "appliesOnPeriod": [
            {
              "@id": "https://data.datatourisme.fr/7410be00-ef25-3af2-bd96-7819d148586f",
              "@type": [
                "Period"
              ],
              "endDate": "2021-12-31",
              "startDate": "2021-01-01"
            }
          ]
        }
      ],
      "@type": [
        "schema:Offer",
        "Offer"
      ]
    }
  ]
}