{
  "@id": "https://data.datatourisme.fr/13/025faa02-66df-30ce-a8b8-43ee9244eb77",
  "dc:identifier": "5971171",
  "@type": [
    "schema:LocalBusiness",
    "CraftsmanShop",
    "PlaceOfInterest",
    "PointOfInterest",
    "Store"
  ],
  "rdfs:comment": {
    "de": [
      "Keramikerin.\r\nKreation und Herstellung von dekorativen Objekten aus Keramik und Metall. Einzelstücke und Kleinserien."
    ],
    "en": [
      "Ceramist.\r\nCreation and realization of decorative objects in ceramic and metal. Unique pieces and small series."
    ],
    "it": [
      "Ceramista.\r\nCreazione e realizzazione di oggetti decorativi in ceramica e metallo. Pezzi unici e piccole serie."
    ],
    "fr": [
      "Céramiste.\r\nCréation et réalisation d’objet décoratifs en céramique et métal. Pièces uniques et petites séries."
    ],
    "nl": [
      "Keramist.\r\nCreatie en realisatie van decoratieve objecten in keramiek en metaal. Unieke stukken en kleine series."
    ],
    "es": [
      "Ceramista.\r\nCreación y realización de objetos decorativos en cerámica y metal. Piezas únicas y pequeñas series."
    ]
  },
  "rdfs:label": {
    "fr": [
      "Caroline Wagenaar"
    ]
  },
  "hasBeenCreatedBy": {
    "@id": "https://data.datatourisme.fr/13/3a1dd983-41fa-3c1d-be9b-cf36360e6b84",
    "dc:identifier": "2180",
    "schema:email": [
      "p.barriot@pnr-vexin-francais.fr"
    ],
    "schema:legalName": "Parc naturel régional du Vexin Français",
    "@type": [
      "schema:Organization",
      "foaf:Agent",
      "Agent"
    ],
    "foaf:homepage": [
      "http://www.pnr-vexin-francais.fr/"
    ]
  },
  "hasBeenPublishedBy": [
    {
      "@id": "https://data.datatourisme.fr/8a9feb4b-2cbd-3d2c-b507-bd6c6776b23b",
      "schema:legalName": "Apidae Tourisme Scic SA - source : Apidae Tourisme",
      "@type": [
        "schema:Organization",
        "foaf:Agent",
        "Agent"
      ],
      "foaf:homepage": [
        "https://www.apidae-tourisme.com/"
      ]
    }
  ],
  "hasContact": [
    {
      "@id": "https://data.datatourisme.fr/85ee029f-05c2-3eb8-a8bc-01de4b83d607",
      "schema:email": [
        "wagenaar.caro@gmail.com"
      ],
      "schema:telephone": [
        "+33 1 34 66 91 93"
      ],
      "@type": [
        "foaf:Agent",
        "Agent"
      ],
      "foaf:homepage": [
        "https://lt-w.com/"
      ]
    }
  ],
  "hasDescription": [
    {
      "@id": "https://data.datatourisme.fr/4271022c-262f-3aeb-ad0b-c94e1625d27d",
      "@type": [
        "Description"
      ],
      "hasTranslatedProperty": [
        {
          "@id": "https://data.datatourisme.fr/201f3e98-4d5d-3335-a122-ec86fd144190",
          "dc:contributor": [
            "https://api.deepl.com/v2/translate"
          ],
          "rdf:language": [
            "es"
          ],
          "rdf:predicate": [
            "shortDescription"
          ]
        },
        {
          "@id": "https://data.datatourisme.fr/2d631386-d2ef-3cca-ba32-7baebad62eb8",
          "dc:contributor": [
            "https://api.deepl.com/v2/translate"
          ],
          "rdf:language": [
            "de"
          ],
          "rdf:predicate": [
            "shortDescription"
          ]
        },
        {
          "@id": "https://data.datatourisme.fr/6301587f-7228-3e13-b612-bbaa20370170",
          "dc:contributor": [
            "https://api.deepl.com/v2/translate"
          ],
          "rdf:language": [
            "it"
          ],
          "rdf:predicate": [
            "shortDescription"
          ]
        },
        {
          "@id": "https://data.datatourisme.fr/7af7468b-b649-3103-8071-bd127dbe8693",
          "dc:contributor": [
            "https://api.deepl.com/v2/translate"
          ],
          "rdf:language": [
            "nl"
          ],
          "rdf:predicate": [
            "shortDescription"
          ]
        },
        {
          "@id": "https://data.datatourisme.fr/b383f7f9-4496-3b3e-b0cb-e161bc8784c8",
          "dc:contributor": [
            "https://api.deepl.com/v2/translate"
          ],
          "rdf:language": [
            "en"
          ],
          "rdf:predicate": [
            "shortDescription"
          ]
        }
      ],
      "shortDescription": {
        "de": [
          "Keramikerin.\r\nKreation und Herstellung von dekorativen Objekten aus Keramik und Metall. Einzelstücke und Kleinserien."
        ],
        "en": [
          "Ceramist.\r\nCreation and realization of decorative objects in ceramic and metal. Unique pieces and small series."
        ],
        "it": [
          "Ceramista.\r\nCreazione e realizzazione di oggetti decorativi in ceramica e metallo. Pezzi unici e piccole serie."
        ],
        "fr": [
          "Céramiste.\r\nCréation et réalisation d’objet décoratifs en céramique et métal. Pièces uniques et petites séries."
        ],
        "nl": [
          "Keramist.\r\nCreatie en realisatie van decoratieve objecten in keramiek en metaal. Unieke stukken en kleine series."
        ],
        "es": [
          "Ceramista.\r\nCreación y realización de objetos decorativos en cerámica y metal. Piezas únicas y pequeñas series."
        ]
      }
    }
  ],
  "hasTranslatedProperty": [
    {
      "@id": "https://data.datatourisme.fr/2a58a22d-37f7-39e4-859b-1976170cbe90",
      "dc:contributor": [
        "https://api.deepl.com/v2/translate"
      ],
      "rdf:language": [
        "en"
      ],
      "rdf:predicate": [
        {
          "@id": "rdfs:comment"
        }
      ]
    },
    {
      "@id": "https://data.datatourisme.fr/5f74791e-54bf-331e-bcee-8bfcc8fc1ede",
      "dc:contributor": [
        "https://api.deepl.com/v2/translate"
      ],
      "rdf:language": [
        "nl"
      ],
      "rdf:predicate": [
        {
          "@id": "rdfs:comment"
        }
      ]
    },
    {
      "@id": "https://data.datatourisme.fr/6fa36a72-5ded-3fe5-906e-3b059189d6a2",
      "dc:contributor": [
        "https://api.deepl.com/v2/translate"
      ],
      "rdf:language": [
        "it"
      ],
      "rdf:predicate": [
        {
          "@id": "rdfs:comment"
        }
      ]
    },
    {
      "@id": "https://data.datatourisme.fr/866ca851-0eb9-3b13-8e6c-6007cdb326b8",
      "dc:contributor": [
        "https://api.deepl.com/v2/translate"
      ],
      "rdf:language": [
        "es"
      ],
      "rdf:predicate": [
        {
          "@id": "rdfs:comment"
        }
      ]
    },
    {
      "@id": "https://data.datatourisme.fr/f4fd7559-17fa-3d3e-af64-04d9401c433f",
      "dc:contributor": [
        "https://api.deepl.com/v2/translate"
      ],
      "rdf:language": [
        "de"
      ],
      "rdf:predicate": [
        {
          "@id": "rdfs:comment"
        }
      ]
    }
  ],
  "isLocatedAt": [
    {
      "@id": "https://data.datatourisme.fr/20899c4f-eab1-39da-966f-868d77374d22",
      "schema:address": [
        {
          "@id": "https://data.datatourisme.fr/e80059e3-0327-3674-a183-9b233415c5ab",
          "schema:addressLocality": "Boissy-l'Aillerie",
          "schema:postalCode": "95650",
          "schema:streetAddress": [
            "22 rue Ferdinand Jacob"
          ],
          "@type": [
            "schema:PostalAddress",
            "PostalAddress"
          ],
          "hasAddressCity": {
            "@id": "kb:95078",
            "@type": [
              "City"
            ],
            "rdfs:label": {
              "de": [
                "Boissy-l'Aillerie"
              ],
              "pt": [
                "Boissy-l'Aillerie"
              ],
              "en": [
                "Boissy-l'Aillerie"
              ],
              "it": [
                "Boissy-l'Aillerie"
              ],
              "fr": [
                "Boissy-l'Aillerie"
              ],
              "nl": [
                "Boissy-l'Aillerie"
              ],
              "es": [
                "Boissy-l'Aillerie"
              ]
            },
            "insee": "95078",
            "isPartOfDepartment": {
              "@id": "kb:France1195",
              "@type": [
                "Department"
              ],
              "rdfs:label": {
                "de": [
                  "Val-d'Oise"
                ],
                "pt": [
                  "Val-d'Oise"
                ],
                "en": [
                  "Val-d'Oise"
                ],
                "it": [
                  "Val-d'Oise"
                ],
                "fr": [
                  "Val-d'Oise"
                ],
                "nl": [
                  "Val-d'Oise"
                ],
                "es": [
                  "Val-d'Oise"
                ]
              },
              "insee": "95",
              "isPartOfRegion": {
                "@id": "kb:France11",
                "@type": [
                  "Region"
                ],
                "rdfs:label": {
                  "de": [
                    "Île-de-France"
                  ],
                  "pt": [
                    "Île-de-France"
                  ],
                  "en": [
                    "Île-de-France"
                  ],
                  "it": [
                    "Île-de-France"
                  ],
                  "fr": [
                    "Île-de-France"
                  ],
                  "nl": [
                    "Île-de-France"
                  ],
                  "es": [
                    "Île-de-France"
                  ]
                },
                "insee": "11",
                "isPartOfCountry": {
                  "@id": "kb:France",
                  "@type": [
                    "schema:Country"
                  ],
                  "rdfs:label": {
                    "de": [
                      "France",
                      "Frankreich"
                    ],
                    "pt": [
                      "França",
                      "France"
                    ],
                    "en": [
                      "France"
                    ],
                    "it": [
                      "France",
                      "Francia"
                    ],
                    "fr": [
                      "France"
                    ],
                    "nl": [
                      "France",
                      "Frankrijk"
                    ],
                    "es": [
                      "France",
                      "Francia"
                    ]
                  }
                }
              }
            }
          }
        }
      ],
      "schema:geo": {
        "@id": "https://data.datatourisme.fr/6c720492-15ef-3585-9635-1e3ba82a65a7",
        "schema:latitude": "49.077367",
        "schema:longitude": "2.032235",
        "@type": [
          "schema:GeoCoordinates"
        ]
      },
      "schema:openingHoursSpecification": [
        {
          "@id": "https://data.datatourisme.fr/57b5560a-7dc9-3fcb-8083-76496b1dc3ee",
          "schema:validFrom": "2023-01-01T00:00:00",
          "schema:validThrough": "2023-12-31T23:59:59",
          "@type": [
            "schema:OpeningHoursSpecification"
          ],
          "additionalInformation": {
            "de": [
              "> Nur nach Terminvereinbarung."
            ],
            "en": [
              "> By appointment only."
            ],
            "it": [
              "> Solo su appuntamento."
            ],
            "fr": [
              "> Sur rendez-vous uniquement."
            ],
            "es": [
              "> Sólo con cita previa."
            ],
            "nl": [
              "> Alleen op afspraak."
            ]
          },
          "hasTranslatedProperty": [
            {
              "@id": "https://data.datatourisme.fr/01cc35c0-3aec-3d5d-ac67-a7567336e8f3",
              "dc:contributor": [
                "https://api.deepl.com/v2/translate"
              ],
              "rdf:language": [
                "es"
              ],
              "rdf:predicate": [
                "additionalInformation"
              ]
            },
            {
              "@id": "https://data.datatourisme.fr/0bb5f74d-10ad-36c4-afed-dc4ba889325e",
              "dc:contributor": [
                "https://api.deepl.com/v2/translate"
              ],
              "rdf:language": [
                "nl"
              ],
              "rdf:predicate": [
                "additionalInformation"
              ]
            },
            {
              "@id": "https://data.datatourisme.fr/55c39eb8-7927-392e-ac9c-b1781f712130",
              "dc:contributor": [
                "https://api.deepl.com/v2/translate"
              ],
              "rdf:language": [
                "en"
              ],
              "rdf:predicate": [
                "additionalInformation"
              ]
            },
            {
              "@id": "https://data.datatourisme.fr/b0f24f0d-c45f-3fb6-bd04-c5b88e44e37b",
              "dc:contributor": [
                "https://api.deepl.com/v2/translate"
              ],
              "rdf:language": [
                "it"
              ],
              "rdf:predicate": [
                "additionalInformation"
              ]
            },
            {
              "@id": "https://data.datatourisme.fr/f7bf57c3-c237-3e16-b364-46abd5364d03",
              "dc:contributor": [
                "https://api.deepl.com/v2/translate"
              ],
              "rdf:language": [
                "de"
              ],
              "rdf:predicate": [
                "additionalInformation"
              ]
            }
          ]
        }
      ],
      "@type": [
        "schema:Place",
        "Place"
      ]
    }
  ],
  "isOwnedBy": [
    {
      "@id": "https://data.datatourisme.fr/4c608c50-81e5-397b-9f19-b610e202e801",
      "schema:email": [
        "p.barriot@pnr-vexin-francais.fr"
      ],
      "schema:legalName": "Parc naturel régional du Vexin Français",
      "@type": [
        "schema:Organization",
        "foaf:Agent",
        "Agent"
      ],
      "foaf:homepage": [
        "http://www.pnr-vexin-francais.fr/"
      ]
    }
  ],
  "lastUpdate": "2023-05-09",
  "lastUpdateDatatourisme": "2023-05-10T05:49:46.576Z"
}