{
  "@id": "https://data.datatourisme.fr/13/02e0a1aa-4b0f-301b-9dab-d5b410241c92",
  "dc:identifier": "765282",
  "@type": [
    "schema:Accommodation",
    "schema:FoodEstablishment",
    "schema:Hotel",
    "schema:LodgingBusiness",
    "schema:Restaurant",
    "Accommodation",
    "FoodEstablishment",
    "Hotel",
    "HotelRestaurant",
    "HotelTrade",
    "PlaceOfInterest",
    "PointOfInterest",
    "Restaurant"
  ],
  "rdfs:comment": {
    "de": [
      "In der Nähe des Stade de France®, Villepinte und Le Bourget gelegen, ist dieses 4-Sterne-Hotel ein idealer Ort für Familien oder Geschäftsreisende. Das Novotel Paris Saint-Denis verfügt über moderne Annehmlichkeiten für Ihren Komfort."
    ],
    "en": [
      "Close Stade de France®, Villepinte and Le Bourget, this 4-star hotel is an ideal stay in family holiday or for business. Opened in 2015, the Novotel Paris Saint-Denis has modern amenities for your comfort."
    ],
    "it": [
      "Vicino allo Stade de France®, a Villepinte e a Le Bourget, questo hotel a 4 stelle è il luogo ideale per un soggiorno in famiglia o per affari. Il Novotel Paris Saint-Denis vanta servizi moderni per il vostro comfort."
    ],
    "fr": [
      "Proche du Stade de France®, de Villepinte et du Bourget, cet hôtel 4 étoiles est un lieu de séjour idéal  en famille ou pour affaires. Le Novotel Paris Saint-Denis bénéficie d'équipements modernes pour votre plus grand confort."
    ],
    "es": [
      "Novotel Paris Saint-Denis de 4 estrellas, cerca del Stade de France®, de Villepinte y Bourget, es un lugar ideal para una estancia en familia o de negocios. Este hotel, abierto en 2015, se beneficia de instalaciones modernas para ofrecer el máximo confort."
    ],
    "nl": [
      "Dit 4-sterrenhotel ligt dicht bij het Stade de France®, Villepinte en Le Bourget en is een ideale verblijfplaats voor familie of zaken. Het Novotel Paris Saint-Denis beschikt over moderne faciliteiten voor uw comfort."
    ]
  },
  "rdfs:label": {
    "en": [
      "Novotel Paris Saint-Denis Stade Basilique"
    ],
    "fr": [
      "Novotel Paris Saint-Denis Stade Basilique"
    ],
    "es": [
      "Novotel Paris Saint-Denis Stade Basilique"
    ]
  },
  "hasBeenCreatedBy": {
    "@id": "https://data.datatourisme.fr/13/298923c8-1900-35e9-9288-b430794814c4",
    "dc:identifier": "1015",
    "schema:email": [
      "jt.charbonnier@plainecommunetourisme.com",
      "s.vallier@plainecommunetourisme.com",
      "webmarketer@plainecommunetourisme.com"
    ],
    "schema:legalName": "Office de Tourisme Plaine commune grand Paris",
    "@type": [
      "schema:Organization",
      "foaf:Agent",
      "Agent"
    ],
    "foaf:homepage": [
      "https://www.tourisme-plainecommune-paris.com/"
    ]
  },
  "hasBeenPublishedBy": [
    {
      "@id": "https://data.datatourisme.fr/8a9feb4b-2cbd-3d2c-b507-bd6c6776b23b",
      "schema:legalName": "Apidae Tourisme Scic SA - source : Apidae Tourisme",
      "@type": [
        "schema:Organization",
        "foaf:Agent",
        "Agent"
      ],
      "foaf:homepage": [
        "https://www.apidae-tourisme.com/"
      ]
    }
  ],
  "hasContact": [
    {
      "@id": "https://data.datatourisme.fr/8f2c82cb-4be2-3d48-bb95-da1d17a46201",
      "schema:email": [
        "h9720@accor.com"
      ],
      "schema:telephone": [
        "+33 1 55 99 95 95"
      ],
      "@type": [
        "foaf:Agent",
        "Agent"
      ],
      "foaf:homepage": [
        "https://all.accor.com/hotel/9720/index.fr.shtml#origin=novotel"
      ]
    }
  ],
  "hasDescription": [
    {
      "@id": "https://data.datatourisme.fr/eebc4cb9-dcf8-36c7-b5ed-28b0f10c6b06",
      "@type": [
        "Description"
      ],
      "hasTranslatedProperty": [
        {
          "@id": "https://data.datatourisme.fr/144c56e6-cd59-38f5-8d02-bebd693a7441",
          "dc:contributor": [
            "https://api.deepl.com/v2/translate"
          ],
          "rdf:language": [
            "nl"
          ],
          "rdf:predicate": [
            "shortDescription"
          ]
        },
        {
          "@id": "https://data.datatourisme.fr/c198df2e-5c57-3b3a-81bf-2153977a7d6e",
          "dc:contributor": [
            "https://api.deepl.com/v2/translate"
          ],
          "rdf:language": [
            "it"
          ],
          "rdf:predicate": [
            "shortDescription"
          ]
        },
        {
          "@id": "https://data.datatourisme.fr/d52124ed-bb35-3f2d-a712-73842e703cd3",
          "dc:contributor": [
            "https://api.deepl.com/v2/translate"
          ],
          "rdf:language": [
            "de"
          ],
          "rdf:predicate": [
            "shortDescription"
          ]
        }
      ],
      "shortDescription": {
        "de": [
          "In der Nähe des Stade de France®, Villepinte und Le Bourget gelegen, ist dieses 4-Sterne-Hotel ein idealer Ort für Familien oder Geschäftsreisende. Das Novotel Paris Saint-Denis verfügt über moderne Annehmlichkeiten für Ihren Komfort."
        ],
        "en": [
          "Close Stade de France®, Villepinte and Le Bourget, this 4-star hotel is an ideal stay in family holiday or for business. Opened in 2015, the Novotel Paris Saint-Denis has modern amenities for your comfort."
        ],
        "it": [
          "Vicino allo Stade de France®, a Villepinte e a Le Bourget, questo hotel a 4 stelle è il luogo ideale per un soggiorno in famiglia o per affari. Il Novotel Paris Saint-Denis vanta servizi moderni per il vostro comfort."
        ],
        "fr": [
          "Proche du Stade de France®, de Villepinte et du Bourget, cet hôtel 4 étoiles est un lieu de séjour idéal  en famille ou pour affaires. Le Novotel Paris Saint-Denis bénéficie d'équipements modernes pour votre plus grand confort."
        ],
        "es": [
          "Novotel Paris Saint-Denis de 4 estrellas, cerca del Stade de France®, de Villepinte y Bourget, es un lugar ideal para una estancia en familia o de negocios. Este hotel, abierto en 2015, se beneficia de instalaciones modernas para ofrecer el máximo confort."
        ],
        "nl": [
          "Dit 4-sterrenhotel ligt dicht bij het Stade de France®, Villepinte en Le Bourget en is een ideale verblijfplaats voor familie of zaken. Het Novotel Paris Saint-Denis beschikt over moderne faciliteiten voor uw comfort."
        ]
      }
    }
  ],
  "hasTranslatedProperty": [
    {
      "@id": "https://data.datatourisme.fr/6e042d07-015e-3355-bd11-9106101d3f18",
      "dc:contributor": [
        "https://api.deepl.com/v2/translate"
      ],
      "rdf:language": [
        "de"
      ],
      "rdf:predicate": [
        {
          "@id": "rdfs:comment"
        }
      ]
    },
    {
      "@id": "https://data.datatourisme.fr/b25f98cc-189d-38b3-8d7a-544e606a1e94",
      "dc:contributor": [
        "https://api.deepl.com/v2/translate"
      ],
      "rdf:language": [
        "nl"
      ],
      "rdf:predicate": [
        {
          "@id": "rdfs:comment"
        }
      ]
    },
    {
      "@id": "https://data.datatourisme.fr/e0aa793d-252f-3fa7-9b86-4069502b944b",
      "dc:contributor": [
        "https://api.deepl.com/v2/translate"
      ],
      "rdf:language": [
        "it"
      ],
      "rdf:predicate": [
        {
          "@id": "rdfs:comment"
        }
      ]
    }
  ],
  "isLocatedAt": [
    {
      "@id": "https://data.datatourisme.fr/d9fa99b0-0859-3455-8eeb-f88bec4fd480",
      "schema:address": [
        {
          "@id": "https://data.datatourisme.fr/297ef116-dbb4-3812-adaa-1d027931d7bb",
          "schema:addressLocality": "Saint-Denis",
          "schema:postalCode": "93200",
          "schema:streetAddress": [
            "1 place de la porte de Paris"
          ],
          "@type": [
            "schema:PostalAddress",
            "PostalAddress"
          ],
          "hasAddressCity": {
            "@id": "kb:93066",
            "@type": [
              "City"
            ],
            "rdfs:label": {
              "de": [
                "Saint-Denis"
              ],
              "pt": [
                "Saint-Denis"
              ],
              "en": [
                "Saint-Denis"
              ],
              "it": [
                "Saint-Denis"
              ],
              "fr": [
                "Saint-Denis"
              ],
              "nl": [
                "Saint-Denis"
              ],
              "es": [
                "Saint-Denis"
              ]
            },
            "insee": "93066",
            "isPartOfDepartment": {
              "@id": "kb:France1193",
              "@type": [
                "Department"
              ],
              "rdfs:label": {
                "de": [
                  "Seine-Saint-Denis"
                ],
                "pt": [
                  "Seine-Saint-Denis"
                ],
                "en": [
                  "Seine-Saint-Denis"
                ],
                "it": [
                  "Seine-Saint-Denis"
                ],
                "fr": [
                  "Seine-Saint-Denis"
                ],
                "nl": [
                  "Seine-Saint-Denis"
                ],
                "es": [
                  "Seine-Saint-Denis"
                ]
              },
              "insee": "93",
              "isPartOfRegion": {
                "@id": "kb:France11",
                "@type": [
                  "Region"
                ],
                "rdfs:label": {
                  "de": [
                    "Île-de-France"
                  ],
                  "pt": [
                    "Île-de-France"
                  ],
                  "en": [
                    "Île-de-France"
                  ],
                  "it": [
                    "Île-de-France"
                  ],
                  "fr": [
                    "Île-de-France"
                  ],
                  "nl": [
                    "Île-de-France"
                  ],
                  "es": [
                    "Île-de-France"
                  ]
                },
                "insee": "11",
                "isPartOfCountry": {
                  "@id": "kb:France",
                  "@type": [
                    "schema:Country"
                  ],
                  "rdfs:label": {
                    "de": [
                      "France",
                      "Frankreich"
                    ],
                    "pt": [
                      "França",
                      "France"
                    ],
                    "en": [
                      "France"
                    ],
                    "it": [
                      "France",
                      "Francia"
                    ],
                    "fr": [
                      "France"
                    ],
                    "nl": [
                      "France",
                      "Frankrijk"
                    ],
                    "es": [
                      "France",
                      "Francia"
                    ]
                  }
                }
              }
            }
          }
        }
      ],
      "schema:geo": {
        "@id": "https://data.datatourisme.fr/458be9e7-0d69-3a5f-a8fe-af45fa5bad2e",
        "schema:latitude": "48.93",
        "schema:longitude": "2.357123",
        "@type": [
          "schema:GeoCoordinates"
        ]
      },
      "schema:openingHoursSpecification": [
        {
          "@id": "https://data.datatourisme.fr/f87e535a-636d-3343-ad63-8a03392e7511",
          "schema:validFrom": "2023-01-01T00:00:00",
          "schema:validThrough": "2023-12-31T23:59:59",
          "@type": [
            "schema:OpeningHoursSpecification"
          ]
        }
      ],
      "@type": [
        "schema:Place",
        "Place"
      ]
    }
  ],
  "isOwnedBy": [
    {
      "@id": "https://data.datatourisme.fr/0d295593-2e92-3cc3-8700-156dfc8eed88",
      "schema:email": [
        "jt.charbonnier@plainecommunetourisme.com",
        "s.vallier@plainecommunetourisme.com",
        "webmarketer@plainecommunetourisme.com"
      ],
      "schema:legalName": "Office de Tourisme Plaine commune grand Paris",
      "@type": [
        "schema:Organization",
        "foaf:Agent",
        "Agent"
      ],
      "foaf:homepage": [
        "https://www.tourisme-plainecommune-paris.com/"
      ]
    }
  ],
  "lastUpdate": "2022-06-11",
  "lastUpdateDatatourisme": "2023-02-01T18:07:35.581Z",
  "offers": [
    {
      "@id": "https://data.datatourisme.fr/cf50a6b4-ca0d-33c0-8628-9a076fd37cec",
      "schema:priceSpecification": [
        {
          "@id": "https://data.datatourisme.fr/04fea027-799a-3b26-8669-8a609c871bd2",
          "schema:maxPrice": [
            "370"
          ],
          "schema:minPrice": [
            "80"
          ],
          "schema:priceCurrency": "EUR",
          "@type": [
            "schema:PriceSpecification",
            "PriceSpecification"
          ],
          "appliesOnPeriod": [
            {
              "@id": "https://data.datatourisme.fr/7410be00-ef25-3af2-bd96-7819d148586f",
              "@type": [
                "Period"
              ],
              "endDate": "2021-12-31",
              "startDate": "2021-01-01"
            }
          ]
        }
      ],
      "@type": [
        "schema:Offer",
        "Offer"
      ]
    }
  ]
}