{
  "@id": "https://data.datatourisme.fr/13/02499e27-25d2-3bf0-9a3b-85463d1a1962",
  "dc:identifier": "5134488",
  "@type": [
    "schema:LocalBusiness",
    "schema:Product",
    "EquipmentRental",
    "EquipmentRentalShop",
    "PlaceOfInterest",
    "PointOfInterest",
    "Product",
    "Rental",
    "ServiceProvider",
    "Store"
  ],
  "rdfs:comment": {
    "de": [
      "Das Maison du Parc liegt an der grünen Avenue Paris-London und an der Vexin-Schleife \"Autour de Théméricourt\" und ist ein idealer Ausgangspunkt, um mit dem Fahrrad die natürlichen und architektonischen Schätze des französischen Vexin zu erkunden."
    ],
    "en": [
      "On the green avenue Paris-London and on the Boucle du Vexin \"Around Théméricourt\", the Maison du Parc is an ideal starting point to explore by bike natural and architectural treasures of the Vexin Français."
    ],
    "it": [
      "Situata sul viale verde Parigi-Londra e sull'anello del Vexin \"Around Théméricourt\", la Maison du Parc è un punto di partenza ideale per andare in bicicletta alla scoperta dei tesori naturali e architettonici del Vexin francese."
    ],
    "fr": [
      "Située sur l'avenue verte Paris-Londres et sur la boucle du Vexin « Autour de Théméricourt », la Maison du Parc est un point de départ idéal pour partir à vélo à la découverte des trésors naturels et architecturaux du Vexin français."
    ],
    "es": [
      "Situada en la avenida verde París-Londres y en el bucle del Vexin \"Alrededor de Théméricourt\", la Maison du Parc es un punto de partida ideal para descubrir en bicicleta los tesoros naturales y arquitectónicos del Vexin francés."
    ],
    "nl": [
      "Het Maison du Parc, gelegen aan de groene laan Parijs-Londen en aan de Vexin-lus \"Rondom Théméricourt\", is een ideaal vertrekpunt om op de fiets de natuurlijke en architecturale schatten van de Franse Vexin te ontdekken."
    ]
  },
  "rdfs:label": {
    "en": [
      "Bike rental at the Maison du Parc (Théméricourt)"
    ],
    "fr": [
      "Location de vélos à la Maison du Parc (Théméricourt)"
    ]
  },
  "hasBeenCreatedBy": {
    "@id": "https://data.datatourisme.fr/13/3a1dd983-41fa-3c1d-be9b-cf36360e6b84",
    "dc:identifier": "2180",
    "schema:email": [
      "p.barriot@pnr-vexin-francais.fr"
    ],
    "schema:legalName": "Parc naturel régional du Vexin Français",
    "@type": [
      "schema:Organization",
      "foaf:Agent",
      "Agent"
    ],
    "foaf:homepage": [
      "http://www.pnr-vexin-francais.fr/"
    ]
  },
  "hasBeenPublishedBy": [
    {
      "@id": "https://data.datatourisme.fr/8a9feb4b-2cbd-3d2c-b507-bd6c6776b23b",
      "schema:legalName": "Apidae Tourisme Scic SA - source : Apidae Tourisme",
      "@type": [
        "schema:Organization",
        "foaf:Agent",
        "Agent"
      ],
      "foaf:homepage": [
        "https://www.apidae-tourisme.com/"
      ]
    }
  ],
  "hasContact": [
    {
      "@id": "https://data.datatourisme.fr/8d7e2692-f1bc-3d12-a59c-5bf3097d4618",
      "schema:email": [
        "musee@pnr-vexin-francais.fr"
      ],
      "schema:telephone": [
        "+33 1 34 48 66 00"
      ],
      "@type": [
        "foaf:Agent",
        "Agent"
      ],
      "foaf:homepage": [
        "http://www.pnr-vexin-francais.fr/"
      ]
    }
  ],
  "hasDescription": [
    {
      "@id": "https://data.datatourisme.fr/a9172ae2-0aef-3e18-bbd0-453dcccda666",
      "@type": [
        "Description"
      ],
      "hasTranslatedProperty": [
        {
          "@id": "https://data.datatourisme.fr/082028e8-afc8-324f-a78a-ce7525477d03",
          "dc:contributor": [
            "https://api.deepl.com/v2/translate"
          ],
          "rdf:language": [
            "de"
          ],
          "rdf:predicate": [
            "shortDescription"
          ]
        },
        {
          "@id": "https://data.datatourisme.fr/25a5e212-ac50-317f-a95f-079353a38721",
          "dc:contributor": [
            "https://api.deepl.com/v2/translate"
          ],
          "rdf:language": [
            "es"
          ],
          "rdf:predicate": [
            "shortDescription"
          ]
        },
        {
          "@id": "https://data.datatourisme.fr/27f5f930-4333-3a39-8948-21a52a89af68",
          "dc:contributor": [
            "https://api.deepl.com/v2/translate"
          ],
          "rdf:language": [
            "it"
          ],
          "rdf:predicate": [
            "shortDescription"
          ]
        },
        {
          "@id": "https://data.datatourisme.fr/2eb303fd-0907-3599-91d0-c92b0b792a83",
          "dc:contributor": [
            "https://api.deepl.com/v2/translate"
          ],
          "rdf:language": [
            "nl"
          ],
          "rdf:predicate": [
            "shortDescription"
          ]
        }
      ],
      "shortDescription": {
        "de": [
          "Das Maison du Parc liegt an der grünen Avenue Paris-London und an der Vexin-Schleife \"Autour de Théméricourt\" und ist ein idealer Ausgangspunkt, um mit dem Fahrrad die natürlichen und architektonischen Schätze des französischen Vexin zu erkunden."
        ],
        "en": [
          "On the green avenue Paris-London and on the Boucle du Vexin \"Around Théméricourt\", the Maison du Parc is an ideal starting point to explore by bike natural and architectural treasures of the Vexin Français."
        ],
        "it": [
          "Situata sul viale verde Parigi-Londra e sull'anello del Vexin \"Around Théméricourt\", la Maison du Parc è un punto di partenza ideale per andare in bicicletta alla scoperta dei tesori naturali e architettonici del Vexin francese."
        ],
        "fr": [
          "Située sur l'avenue verte Paris-Londres et sur la boucle du Vexin « Autour de Théméricourt », la Maison du Parc est un point de départ idéal pour partir à vélo à la découverte des trésors naturels et architecturaux du Vexin français."
        ],
        "es": [
          "Situada en la avenida verde París-Londres y en el bucle del Vexin \"Alrededor de Théméricourt\", la Maison du Parc es un punto de partida ideal para descubrir en bicicleta los tesoros naturales y arquitectónicos del Vexin francés."
        ],
        "nl": [
          "Het Maison du Parc, gelegen aan de groene laan Parijs-Londen en aan de Vexin-lus \"Rondom Théméricourt\", is een ideaal vertrekpunt om op de fiets de natuurlijke en architecturale schatten van de Franse Vexin te ontdekken."
        ]
      }
    }
  ],
  "hasReview": [
    {
      "@id": "https://data.datatourisme.fr/6e866798-cae5-351c-9e8d-963661217e60",
      "@type": [
        "Review"
      ],
      "hasReviewValue": {
        "@id": "kb:LabelRating_AccueilVelo",
        "@type": [
          "LabelRating"
        ],
        "rdfs:label": {
          "de": [
            "Accueil Vélo"
          ],
          "pt": [
            "Accueil Vélo"
          ],
          "en": [
            "Accueil Vélo"
          ],
          "it": [
            "Accueil Vélo"
          ],
          "fr": [
            "Accueil Vélo"
          ],
          "nl": [
            "Accueil Vélo"
          ],
          "es": [
            "Accueil Vélo"
          ]
        },
        "isCompliantWith": [
          "PlaceOfInterest"
        ]
      }
    }
  ],
  "hasTranslatedProperty": [
    {
      "@id": "https://data.datatourisme.fr/158ac710-e7e8-3e92-a411-2bc15b937313",
      "dc:contributor": [
        "https://api.deepl.com/v2/translate"
      ],
      "rdf:language": [
        "es"
      ],
      "rdf:predicate": [
        {
          "@id": "rdfs:comment"
        }
      ]
    },
    {
      "@id": "https://data.datatourisme.fr/4ca4144e-cc35-3d5c-8357-096b13f1c3b1",
      "dc:contributor": [
        "https://api.deepl.com/v2/translate"
      ],
      "rdf:language": [
        "it"
      ],
      "rdf:predicate": [
        {
          "@id": "rdfs:comment"
        }
      ]
    },
    {
      "@id": "https://data.datatourisme.fr/b0669476-2a4d-33f5-a50b-de85b2a1503d",
      "dc:contributor": [
        "https://api.deepl.com/v2/translate"
      ],
      "rdf:language": [
        "de"
      ],
      "rdf:predicate": [
        {
          "@id": "rdfs:comment"
        }
      ]
    },
    {
      "@id": "https://data.datatourisme.fr/b9aed8d9-a4ae-387b-a75f-924704726227",
      "dc:contributor": [
        "https://api.deepl.com/v2/translate"
      ],
      "rdf:language": [
        "nl"
      ],
      "rdf:predicate": [
        {
          "@id": "rdfs:comment"
        }
      ]
    }
  ],
  "isLocatedAt": [
    {
      "@id": "https://data.datatourisme.fr/277bea20-013b-3c68-9d14-4a4af3523d80",
      "schema:address": [
        {
          "@id": "https://data.datatourisme.fr/ceee13f6-9b39-30ef-a01e-f2207a137561",
          "schema:addressLocality": "Théméricourt",
          "schema:postalCode": "95450",
          "@type": [
            "schema:PostalAddress",
            "PostalAddress"
          ],
          "hasAddressCity": {
            "@id": "kb:95610",
            "@type": [
              "City"
            ],
            "rdfs:label": {
              "de": [
                "Théméricourt"
              ],
              "pt": [
                "Théméricourt"
              ],
              "en": [
                "Théméricourt"
              ],
              "it": [
                "Théméricourt"
              ],
              "fr": [
                "Théméricourt"
              ],
              "nl": [
                "Théméricourt"
              ],
              "es": [
                "Théméricourt"
              ]
            },
            "insee": "95610",
            "isPartOfDepartment": {
              "@id": "kb:France1195",
              "@type": [
                "Department"
              ],
              "rdfs:label": {
                "de": [
                  "Val-d'Oise"
                ],
                "pt": [
                  "Val-d'Oise"
                ],
                "en": [
                  "Val-d'Oise"
                ],
                "it": [
                  "Val-d'Oise"
                ],
                "fr": [
                  "Val-d'Oise"
                ],
                "nl": [
                  "Val-d'Oise"
                ],
                "es": [
                  "Val-d'Oise"
                ]
              },
              "insee": "95",
              "isPartOfRegion": {
                "@id": "kb:France11",
                "@type": [
                  "Region"
                ],
                "rdfs:label": {
                  "de": [
                    "Île-de-France"
                  ],
                  "pt": [
                    "Île-de-France"
                  ],
                  "en": [
                    "Île-de-France"
                  ],
                  "it": [
                    "Île-de-France"
                  ],
                  "fr": [
                    "Île-de-France"
                  ],
                  "nl": [
                    "Île-de-France"
                  ],
                  "es": [
                    "Île-de-France"
                  ]
                },
                "insee": "11",
                "isPartOfCountry": {
                  "@id": "kb:France",
                  "@type": [
                    "schema:Country"
                  ],
                  "rdfs:label": {
                    "de": [
                      "France",
                      "Frankreich"
                    ],
                    "pt": [
                      "França",
                      "France"
                    ],
                    "en": [
                      "France"
                    ],
                    "it": [
                      "France",
                      "Francia"
                    ],
                    "fr": [
                      "France"
                    ],
                    "nl": [
                      "France",
                      "Frankrijk"
                    ],
                    "es": [
                      "France",
                      "Francia"
                    ]
                  }
                }
              }
            }
          }
        }
      ],
      "schema:geo": {
        "@id": "https://data.datatourisme.fr/428f6e90-c4bc-30c2-8feb-c02a89af61e5",
        "schema:latitude": "49.086603",
        "schema:longitude": "1.895866",
        "@type": [
          "schema:GeoCoordinates"
        ]
      },
      "schema:openingHoursSpecification": [
        {
          "@id": "https://data.datatourisme.fr/ee24c7b3-3e4c-3f60-aa89-4cfab25defe5",
          "schema:validFrom": "2023-03-01T00:00:00",
          "schema:validThrough": "2023-11-30T23:59:59",
          "@type": [
            "schema:OpeningHoursSpecification"
          ],
          "additionalInformation": {
            "de": [
              "Abholung und Rückgabe der Fahrräder am Empfang des Musée du Vexin français in Théméricourt: Dienstag bis Freitag: 9:00-12:00 Uhr und 14:00-17:30 Uhr - Samstag: 14:00-17:30 Uhr - Sonntag und Feiertage: 10:00-18:30 Uhr (14:00 bis 17:30 Uhr im April und Oktober)."
            ],
            "en": [
              "Collection and return of bikes at the reception of the French Vexin Museum in Théméricourt: Tuesday to Friday: 9am-12pm and 2pm-5.30pm - Saturday: 2pm-5.30pm - Sunday and public holidays: 10am-6.30pm (2pm-5.30pm in April and October)."
            ],
            "it": [
              "Ritiro e restituzione delle biciclette presso la reception del Musée du Vexin Français a Théméricourt: da martedì a venerdì: 9.00-12.00 e 14.00-17.30 - sabato: 14.00-17.30 - domenica e festivi: 10.00-18.30 (14.00-17.30 in aprile e ottobre)."
            ],
            "fr": [
              "Retrait et retour des vélos à l’accueil du musée du Vexin français à Théméricourt : Du mardi au vendredi : 9h-12h et 14h-17h30 - Samedi : 14h-17h30 - Dimanche et jours fériés : 10h-18h30 (14h à 17h30 en avril et en octobre)."
            ],
            "es": [
              "Recogida y devolución de bicicletas en la recepción del Museo del Vexin Francés de Théméricourt: de martes a viernes: de 9:00 a 12:00 y de 14:00 a 17:30 - sábado: de 14:00 a 17:30 - domingo y días festivos: de 10:00 a 18:30 (de 14:00 a 17:30 en abril y octubre)."
            ],
            "nl": [
              "Ophalen en inleveren van fietsen bij de receptie van het Musée du Vexin Français in Théméricourt: dinsdag t/m vrijdag: 9-12 uur en 14-17.30 uur - zaterdag: 14-17.30 uur - zondag en feestdagen: 10-18.30 uur (14-17.30 uur in april en oktober)."
            ]
          },
          "hasTranslatedProperty": [
            {
              "@id": "https://data.datatourisme.fr/67c03422-8a59-3782-b3bf-0a27cf43c13d",
              "dc:contributor": [
                "https://api.deepl.com/v2/translate"
              ],
              "rdf:language": [
                "de"
              ],
              "rdf:predicate": [
                "additionalInformation"
              ]
            },
            {
              "@id": "https://data.datatourisme.fr/67c5bd59-5cfd-3920-9541-9793be272d71",
              "dc:contributor": [
                "https://api.deepl.com/v2/translate"
              ],
              "rdf:language": [
                "en"
              ],
              "rdf:predicate": [
                "additionalInformation"
              ]
            },
            {
              "@id": "https://data.datatourisme.fr/7f3a413d-fc52-3ab9-821e-66ae847fcb5e",
              "dc:contributor": [
                "https://api.deepl.com/v2/translate"
              ],
              "rdf:language": [
                "it"
              ],
              "rdf:predicate": [
                "additionalInformation"
              ]
            },
            {
              "@id": "https://data.datatourisme.fr/9b71fd07-b98a-32ce-a236-c97cf5fe2282",
              "dc:contributor": [
                "https://api.deepl.com/v2/translate"
              ],
              "rdf:language": [
                "nl"
              ],
              "rdf:predicate": [
                "additionalInformation"
              ]
            },
            {
              "@id": "https://data.datatourisme.fr/c8f28011-f0c3-3438-b92f-f8832bef7b2d",
              "dc:contributor": [
                "https://api.deepl.com/v2/translate"
              ],
              "rdf:language": [
                "es"
              ],
              "rdf:predicate": [
                "additionalInformation"
              ]
            }
          ]
        }
      ],
      "@type": [
        "schema:Place",
        "Place"
      ]
    }
  ],
  "isOwnedBy": [
    {
      "@id": "https://data.datatourisme.fr/4c608c50-81e5-397b-9f19-b610e202e801",
      "schema:email": [
        "p.barriot@pnr-vexin-francais.fr"
      ],
      "schema:legalName": "Parc naturel régional du Vexin Français",
      "@type": [
        "schema:Organization",
        "foaf:Agent",
        "Agent"
      ],
      "foaf:homepage": [
        "http://www.pnr-vexin-francais.fr/"
      ]
    }
  ],
  "lastUpdate": "2022-11-29",
  "lastUpdateDatatourisme": "2023-02-01T18:07:36.183Z"
}