{
  "@id": "https://data.datatourisme.fr/13/02a7cc09-0f00-3308-84b0-3e596c0cd645",
  "dc:identifier": "916633",
  "@type": [
    "schema:Library",
    "CulturalSite",
    "Library",
    "PlaceOfInterest",
    "PointOfInterest",
    "SportsAndLeisurePlace"
  ],
  "rdfs:comment": {
    "de": [
      "Bibliohèque Centrale de Versailles"
    ],
    "en": [
      "The Versailles Central Library"
    ],
    "it": [
      "Biblioteca centrale di Versailles"
    ],
    "fr": [
      "Bibliohèque Centrale de Versailles"
    ],
    "nl": [
      "Centrale Bibliotheek van Versailles"
    ],
    "es": [
      "Biblioteca central de Versalles"
    ]
  },
  "rdfs:label": {
    "en": [
      "Central Library Versailles"
    ],
    "fr": [
      "Bibliothèque Centrale Versailles"
    ],
    "es": [
      "Biblioteca central de Versalles"
    ]
  },
  "owl:sameAs": [
    "http://www.wikidata.org/entity/Q2901457"
  ],
  "hasBeenCreatedBy": {
    "@id": "https://data.datatourisme.fr/13/d6723e7c-d673-3df6-8d1c-e4c704c29a04",
    "dc:identifier": "1095",
    "schema:email": [
      "amasson@ot-versailles.fr",
      "bboucher@ot-versailles.fr",
      "cbrancato@ot-versailles.fr",
      "ccharpentier@ot-versailles.fr",
      "epiroue@ot-versailles.fr",
      "hgouillyfrossard@ot-versailles.fr",
      "laurence.francois@tourisme-bougival.com",
      "lkodal@ot-versailles.fr",
      "mmorin@ot-versailles.fr",
      "qcognioul@ot-versailles.fr",
      "stagiaire1@ot-versailles.fr"
    ],
    "schema:legalName": "Office de Tourisme et des Congrès de Versailles Grand Parc",
    "@type": [
      "schema:Organization",
      "foaf:Agent",
      "Agent"
    ],
    "foaf:homepage": [
      "http://www.versailles-tourisme.com/"
    ]
  },
  "hasBeenPublishedBy": [
    {
      "@id": "https://data.datatourisme.fr/8a9feb4b-2cbd-3d2c-b507-bd6c6776b23b",
      "schema:legalName": "Apidae Tourisme Scic SA - source : Apidae Tourisme",
      "@type": [
        "schema:Organization",
        "foaf:Agent",
        "Agent"
      ],
      "foaf:homepage": [
        "https://www.apidae-tourisme.com/"
      ]
    }
  ],
  "hasContact": [
    {
      "@id": "https://data.datatourisme.fr/38a0bf19-b77c-365d-90d0-ed45fdc066bc",
      "schema:telephone": [
        "+33 1 30 97 28 90"
      ],
      "@type": [
        "foaf:Agent",
        "Agent"
      ]
    }
  ],
  "hasDescription": [
    {
      "@id": "https://data.datatourisme.fr/0ed2b18b-6bd4-3161-960f-217b64a017e2",
      "@type": [
        "Description"
      ],
      "hasTranslatedProperty": [
        {
          "@id": "https://data.datatourisme.fr/0c51a809-73fe-3e8d-afcc-8ceb9b812261",
          "dc:contributor": [
            "https://api.deepl.com/v2/translate"
          ],
          "rdf:language": [
            "nl"
          ],
          "rdf:predicate": [
            "shortDescription"
          ]
        },
        {
          "@id": "https://data.datatourisme.fr/88b5c11a-e020-3f31-90b1-b1ee54544883",
          "dc:contributor": [
            "https://api.deepl.com/v2/translate"
          ],
          "rdf:language": [
            "it"
          ],
          "rdf:predicate": [
            "shortDescription"
          ]
        },
        {
          "@id": "https://data.datatourisme.fr/c1bb1a9d-e632-39e4-8d7e-d23deaab0b6c",
          "dc:contributor": [
            "https://api.deepl.com/v2/translate"
          ],
          "rdf:language": [
            "de"
          ],
          "rdf:predicate": [
            "shortDescription"
          ]
        }
      ],
      "shortDescription": {
        "de": [
          "Bibliohèque Centrale de Versailles"
        ],
        "en": [
          "The Versailles Central Library"
        ],
        "it": [
          "Biblioteca centrale di Versailles"
        ],
        "fr": [
          "Bibliohèque Centrale de Versailles"
        ],
        "nl": [
          "Centrale Bibliotheek van Versailles"
        ],
        "es": [
          "Biblioteca central de Versalles"
        ]
      }
    }
  ],
  "hasTranslatedProperty": [
    {
      "@id": "https://data.datatourisme.fr/14c8b6a5-2bf1-310a-b5af-fae966d4a4f6",
      "dc:contributor": [
        "https://api.deepl.com/v2/translate"
      ],
      "rdf:language": [
        "it"
      ],
      "rdf:predicate": [
        {
          "@id": "rdfs:comment"
        }
      ]
    },
    {
      "@id": "https://data.datatourisme.fr/7d943b99-e7bf-3363-9ecd-6ba011f25b62",
      "dc:contributor": [
        "https://api.deepl.com/v2/translate"
      ],
      "rdf:language": [
        "nl"
      ],
      "rdf:predicate": [
        {
          "@id": "rdfs:comment"
        }
      ]
    },
    {
      "@id": "https://data.datatourisme.fr/bf06a5d5-44eb-316d-853b-e59be3872681",
      "dc:contributor": [
        "https://api.deepl.com/v2/translate"
      ],
      "rdf:language": [
        "de"
      ],
      "rdf:predicate": [
        {
          "@id": "rdfs:comment"
        }
      ]
    }
  ],
  "isLocatedAt": [
    {
      "@id": "https://data.datatourisme.fr/cec2ecb6-1eb8-3198-a132-1f964e793bfd",
      "schema:address": [
        {
          "@id": "https://data.datatourisme.fr/9625fbff-fd96-38ed-925c-c8da7f4221e3",
          "schema:addressLocality": "Versailles",
          "schema:postalCode": "78000",
          "schema:streetAddress": [
            "5 Rue de l'Indépendance Américaine"
          ],
          "@type": [
            "schema:PostalAddress",
            "PostalAddress"
          ],
          "hasAddressCity": {
            "@id": "kb:78646",
            "@type": [
              "City"
            ],
            "rdfs:label": {
              "de": [
                "Versailles"
              ],
              "pt": [
                "Versailles"
              ],
              "en": [
                "Versailles"
              ],
              "it": [
                "Versailles"
              ],
              "fr": [
                "Versailles"
              ],
              "nl": [
                "Versailles"
              ],
              "es": [
                "Versailles"
              ]
            },
            "insee": "78646",
            "isPartOfDepartment": {
              "@id": "kb:France1178",
              "@type": [
                "Department"
              ],
              "rdfs:label": {
                "de": [
                  "Yvelines"
                ],
                "pt": [
                  "Yvelines"
                ],
                "en": [
                  "Yvelines"
                ],
                "it": [
                  "Yvelines"
                ],
                "fr": [
                  "Yvelines"
                ],
                "nl": [
                  "Yvelines"
                ],
                "es": [
                  "Yvelines"
                ]
              },
              "insee": "78",
              "isPartOfRegion": {
                "@id": "kb:France11",
                "@type": [
                  "Region"
                ],
                "rdfs:label": {
                  "de": [
                    "Île-de-France"
                  ],
                  "pt": [
                    "Île-de-France"
                  ],
                  "en": [
                    "Île-de-France"
                  ],
                  "it": [
                    "Île-de-France"
                  ],
                  "fr": [
                    "Île-de-France"
                  ],
                  "nl": [
                    "Île-de-France"
                  ],
                  "es": [
                    "Île-de-France"
                  ]
                },
                "insee": "11",
                "isPartOfCountry": {
                  "@id": "kb:France",
                  "@type": [
                    "schema:Country"
                  ],
                  "rdfs:label": {
                    "de": [
                      "France",
                      "Frankreich"
                    ],
                    "pt": [
                      "França",
                      "France"
                    ],
                    "en": [
                      "France"
                    ],
                    "it": [
                      "France",
                      "Francia"
                    ],
                    "fr": [
                      "France"
                    ],
                    "nl": [
                      "France",
                      "Frankrijk"
                    ],
                    "es": [
                      "France",
                      "Francia"
                    ]
                  }
                }
              }
            }
          }
        }
      ],
      "schema:geo": {
        "@id": "https://data.datatourisme.fr/c43315e3-a4f6-3b5e-a264-78dfb7b60a1c",
        "schema:latitude": "48.802062",
        "schema:longitude": "2.120941",
        "@type": [
          "schema:GeoCoordinates"
        ]
      },
      "schema:openingHoursSpecification": [
        {
          "@id": "https://data.datatourisme.fr/e3b3afe1-0bbd-37ed-8cd5-ef6ad44ac634",
          "schema:validFrom": "2023-01-01T00:00:00",
          "schema:validThrough": "2023-12-31T23:59:59",
          "@type": [
            "schema:OpeningHoursSpecification"
          ],
          "additionalInformation": {
            "de": [
              "dienstag: 14h bis 19h\r\nmittwoch: 10 bis 18 Uhr\r\ndonnerstag: 14h bis 19h\r\nfreitag: 14h bis 18h\r\nsamstag: 10 bis 18 Uhr"
            ],
            "en": [
              "tuesday : 2pm to 7pm\r\nwednesday : 10am to 6pm\r\nthursday : 2pm to 7pm\r\nfriday : 2pm to 6pm\r\nsaturday : 10am to 6pm"
            ],
            "it": [
              "martedì: dalle 14.00 alle 19.00\r\nmercoledì: dalle 10.00 alle 18.00\r\ngiovedì: dalle 14.00 alle 19.00\r\nvenerdì: dalle 14.00 alle 18.00\r\nsabato: dalle 10.00 alle 18.00"
            ],
            "fr": [
              "mardi : 14h à 19h\r\nmercredi : 10h à 18h\r\njeudi : 14h à 19h\r\nvendredi : 14h à 18h\r\nsamedi : 10h à 18h"
            ],
            "es": [
              "martes: de 14 a 19 horas\r\nmiércoles: de 10 a 18 horas\r\njueves: de 14 a 19 horas\r\nviernes: de 14 a 18 horas\r\nsábado: de 10 a 18 horas"
            ],
            "nl": [
              "dinsdag: 14u tot 19u\r\nwoensdag: 10 tot 18 uur\r\ndonderdag: 14u tot 19u\r\nvrijdag: 14u tot 18u\r\nzaterdag: 10 tot 18 uur"
            ]
          },
          "hasTranslatedProperty": [
            {
              "@id": "https://data.datatourisme.fr/0ebcbea9-58ff-36b0-8f58-21bed14e870b",
              "dc:contributor": [
                "https://api.deepl.com/v2/translate"
              ],
              "rdf:language": [
                "it"
              ],
              "rdf:predicate": [
                "additionalInformation"
              ]
            },
            {
              "@id": "https://data.datatourisme.fr/20e1e843-f72c-3146-a3ad-aa22105c520d",
              "dc:contributor": [
                "https://api.deepl.com/v2/translate"
              ],
              "rdf:language": [
                "en"
              ],
              "rdf:predicate": [
                "additionalInformation"
              ]
            },
            {
              "@id": "https://data.datatourisme.fr/45408663-f880-39b2-870a-7e43590d7237",
              "dc:contributor": [
                "https://api.deepl.com/v2/translate"
              ],
              "rdf:language": [
                "nl"
              ],
              "rdf:predicate": [
                "additionalInformation"
              ]
            },
            {
              "@id": "https://data.datatourisme.fr/7d564540-41fc-350d-890e-20ba699a76af",
              "dc:contributor": [
                "https://api.deepl.com/v2/translate"
              ],
              "rdf:language": [
                "es"
              ],
              "rdf:predicate": [
                "additionalInformation"
              ]
            },
            {
              "@id": "https://data.datatourisme.fr/c7b02739-5844-3ccc-8809-0e9b3c61e210",
              "dc:contributor": [
                "https://api.deepl.com/v2/translate"
              ],
              "rdf:language": [
                "de"
              ],
              "rdf:predicate": [
                "additionalInformation"
              ]
            }
          ]
        }
      ],
      "@type": [
        "schema:Place",
        "Place"
      ]
    }
  ],
  "isOwnedBy": [
    {
      "@id": "https://data.datatourisme.fr/5d3c003f-455f-3c49-8873-2d60c146bb7d",
      "schema:email": [
        "amasson@ot-versailles.fr",
        "bboucher@ot-versailles.fr",
        "cbrancato@ot-versailles.fr",
        "ccharpentier@ot-versailles.fr",
        "epiroue@ot-versailles.fr",
        "hgouillyfrossard@ot-versailles.fr",
        "laurence.francois@tourisme-bougival.com",
        "lkodal@ot-versailles.fr",
        "mmorin@ot-versailles.fr",
        "qcognioul@ot-versailles.fr",
        "stagiaire1@ot-versailles.fr"
      ],
      "schema:legalName": "Office de Tourisme et des Congrès de Versailles Grand Parc",
      "@type": [
        "schema:Organization",
        "foaf:Agent",
        "Agent"
      ],
      "foaf:homepage": [
        "http://www.versailles-tourisme.com/"
      ]
    }
  ],
  "lastUpdate": "2022-10-17",
  "lastUpdateDatatourisme": "2023-02-21T15:04:42.424Z"
}