{
  "@id": "https://data.datatourisme.fr/13/0292a118-4624-318a-aa8d-24c42d7f59d8",
  "dc:identifier": "697037",
  "@type": [
    "PlaceOfInterest",
    "PointOfInterest",
    "SportsAndLeisurePlace"
  ],
  "rdfs:comment": {
    "de": [
      "Die Räume, die den Aufführungen der Académie Fratellini gewidmet sind, werden bis Mai 2024 umgebaut. Entdecken Sie das Programm während der Fratellini Circus Tour, mit Aufführungen, die an Partnerstandorten in der Ile-de-France angeboten werden."
    ],
    "en": [
      "The spaces dedicated to the shows of the Académie Fratellini are under construction until May 2024. Discover the program during the Fratellini Circus Tour, with shows offered in partner venues in the Paris region."
    ],
    "it": [
      "Gli spazi dedicati agli spettacoli dell'Académie Fratellini sono in costruzione fino a maggio 2024. Scoprite il programma della Tournée del Circo Fratellini, con spettacoli proposti in luoghi partner dell'Ile-de-France."
    ],
    "fr": [
      "Les espaces dédiés aux spectacles de l'Académie Fratellini sont en travaux jusqu'en mai 2024. Découvrez la programmation lors du Fratellini Circus Tour, avec des spectacles proposés dans des sites franciliens partenaires."
    ],
    "es": [
      "Los espacios dedicados a los espectáculos de la Académie Fratellini están en obras hasta mayo de 2024. Descubra el programa de la Gira del Circo Fratellini, con espectáculos propuestos en locales asociados de Île-de-France."
    ],
    "nl": [
      "De ruimtes voor de voorstellingen van de Académie Fratellini zijn in aanbouw tot mei 2024. Ontdek het programma tijdens de Fratellini Circus Tour, met voorstellingen in partnerlocaties in Ile-de-France."
    ]
  },
  "rdfs:label": {
    "en": [
      "Académie Fratellini"
    ],
    "fr": [
      "Académie Fratellini"
    ],
    "es": [
      "Académie Fratellini"
    ]
  },
  "hasBeenCreatedBy": {
    "@id": "https://data.datatourisme.fr/13/298923c8-1900-35e9-9288-b430794814c4",
    "dc:identifier": "1015",
    "schema:email": [
      "jt.charbonnier@plainecommunetourisme.com",
      "s.vallier@plainecommunetourisme.com",
      "webmarketer@plainecommunetourisme.com"
    ],
    "schema:legalName": "Office de Tourisme Plaine commune grand Paris",
    "@type": [
      "schema:Organization",
      "foaf:Agent",
      "Agent"
    ],
    "foaf:homepage": [
      "https://www.tourisme-plainecommune-paris.com/"
    ]
  },
  "hasBeenPublishedBy": [
    {
      "@id": "https://data.datatourisme.fr/8a9feb4b-2cbd-3d2c-b507-bd6c6776b23b",
      "schema:legalName": "Apidae Tourisme Scic SA - source : Apidae Tourisme",
      "@type": [
        "schema:Organization",
        "foaf:Agent",
        "Agent"
      ],
      "foaf:homepage": [
        "https://www.apidae-tourisme.com/"
      ]
    }
  ],
  "hasContact": [
    {
      "@id": "https://data.datatourisme.fr/7d6f90b0-7c7b-398f-b955-c8eb0d3c7149",
      "schema:email": [
        "billetterie@academie-fratellini.com"
      ],
      "schema:telephone": [
        "+33 1 49 46 00 00"
      ],
      "@type": [
        "foaf:Agent",
        "Agent"
      ],
      "foaf:homepage": [
        "https://www.academie-fratellini.com/"
      ]
    }
  ],
  "hasDescription": [
    {
      "@id": "https://data.datatourisme.fr/2f30dd8a-4f3b-3b86-ba28-e499f75f6e5e",
      "@type": [
        "Description"
      ],
      "hasTranslatedProperty": [
        {
          "@id": "https://data.datatourisme.fr/5f056b76-5128-3ed0-946f-a11b1018c5dd",
          "dc:contributor": [
            "https://api.deepl.com/v2/translate"
          ],
          "rdf:language": [
            "es"
          ],
          "rdf:predicate": [
            "shortDescription"
          ]
        },
        {
          "@id": "https://data.datatourisme.fr/941693a5-a32b-3d38-a697-b0d4234d8434",
          "dc:contributor": [
            "https://api.deepl.com/v2/translate"
          ],
          "rdf:language": [
            "de"
          ],
          "rdf:predicate": [
            "shortDescription"
          ]
        },
        {
          "@id": "https://data.datatourisme.fr/a4d6d577-7139-329e-af7b-55ff0396fa9d",
          "dc:contributor": [
            "https://api.deepl.com/v2/translate"
          ],
          "rdf:language": [
            "en"
          ],
          "rdf:predicate": [
            "shortDescription"
          ]
        },
        {
          "@id": "https://data.datatourisme.fr/d8472876-45bc-3471-a626-6a546cc12223",
          "dc:contributor": [
            "https://api.deepl.com/v2/translate"
          ],
          "rdf:language": [
            "it"
          ],
          "rdf:predicate": [
            "shortDescription"
          ]
        },
        {
          "@id": "https://data.datatourisme.fr/da30d9e3-c769-3f96-9c27-fdb16257b891",
          "dc:contributor": [
            "https://api.deepl.com/v2/translate"
          ],
          "rdf:language": [
            "nl"
          ],
          "rdf:predicate": [
            "shortDescription"
          ]
        }
      ],
      "shortDescription": {
        "de": [
          "Die Räume, die den Aufführungen der Académie Fratellini gewidmet sind, werden bis Mai 2024 umgebaut. Entdecken Sie das Programm während der Fratellini Circus Tour, mit Aufführungen, die an Partnerstandorten in der Ile-de-France angeboten werden."
        ],
        "en": [
          "The spaces dedicated to the shows of the Académie Fratellini are under construction until May 2024. Discover the program during the Fratellini Circus Tour, with shows offered in partner venues in the Paris region."
        ],
        "it": [
          "Gli spazi dedicati agli spettacoli dell'Académie Fratellini sono in costruzione fino a maggio 2024. Scoprite il programma della Tournée del Circo Fratellini, con spettacoli proposti in luoghi partner dell'Ile-de-France."
        ],
        "fr": [
          "Les espaces dédiés aux spectacles de l'Académie Fratellini sont en travaux jusqu'en mai 2024. Découvrez la programmation lors du Fratellini Circus Tour, avec des spectacles proposés dans des sites franciliens partenaires."
        ],
        "es": [
          "Los espacios dedicados a los espectáculos de la Académie Fratellini están en obras hasta mayo de 2024. Descubra el programa de la Gira del Circo Fratellini, con espectáculos propuestos en locales asociados de Île-de-France."
        ],
        "nl": [
          "De ruimtes voor de voorstellingen van de Académie Fratellini zijn in aanbouw tot mei 2024. Ontdek het programma tijdens de Fratellini Circus Tour, met voorstellingen in partnerlocaties in Ile-de-France."
        ]
      }
    }
  ],
  "hasTheme": [
    {
      "@id": "kb:PerformingArts",
      "@type": [
        "CulturalTheme",
        "SportsTheme"
      ],
      "rdfs:label": {
        "de": [
          "Darstellende Kunst"
        ],
        "pt": [
          "Artes do espetáculo"
        ],
        "en": [
          "Performing arts"
        ],
        "it": [
          "Arti dello spettacolo"
        ],
        "fr": [
          "Arts du spectacle"
        ],
        "nl": [
          "Podiumkunsten"
        ],
        "es": [
          "Artes escénicas"
        ]
      }
    }
  ],
  "hasTranslatedProperty": [
    {
      "@id": "https://data.datatourisme.fr/12765d64-3bcc-3324-a84c-18e535292256",
      "dc:contributor": [
        "https://api.deepl.com/v2/translate"
      ],
      "rdf:language": [
        "es"
      ],
      "rdf:predicate": [
        {
          "@id": "rdfs:comment"
        }
      ]
    },
    {
      "@id": "https://data.datatourisme.fr/1ad4ed8a-5840-37aa-916c-3f0ecde4b02c",
      "dc:contributor": [
        "https://api.deepl.com/v2/translate"
      ],
      "rdf:language": [
        "en"
      ],
      "rdf:predicate": [
        {
          "@id": "rdfs:comment"
        }
      ]
    },
    {
      "@id": "https://data.datatourisme.fr/8f42d162-07e1-322a-a6f9-cbc7cb98c0e2",
      "dc:contributor": [
        "https://api.deepl.com/v2/translate"
      ],
      "rdf:language": [
        "nl"
      ],
      "rdf:predicate": [
        {
          "@id": "rdfs:comment"
        }
      ]
    },
    {
      "@id": "https://data.datatourisme.fr/e5296cce-d5b5-3f26-ae88-ef63437a74b6",
      "dc:contributor": [
        "https://api.deepl.com/v2/translate"
      ],
      "rdf:language": [
        "it"
      ],
      "rdf:predicate": [
        {
          "@id": "rdfs:comment"
        }
      ]
    },
    {
      "@id": "https://data.datatourisme.fr/e576b49b-1ae5-3c5b-9370-188019a4c016",
      "dc:contributor": [
        "https://api.deepl.com/v2/translate"
      ],
      "rdf:language": [
        "de"
      ],
      "rdf:predicate": [
        {
          "@id": "rdfs:comment"
        }
      ]
    }
  ],
  "isLocatedAt": [
    {
      "@id": "https://data.datatourisme.fr/cf71b143-858c-33de-826d-045aa5b37198",
      "schema:address": [
        {
          "@id": "https://data.datatourisme.fr/a4a3d3fb-2d67-3f1f-b7e4-606a63726afe",
          "schema:addressLocality": "Saint-Denis",
          "schema:postalCode": "93200",
          "schema:streetAddress": [
            "1-9 rue des Cheminots"
          ],
          "@type": [
            "schema:PostalAddress",
            "PostalAddress"
          ],
          "hasAddressCity": {
            "@id": "kb:93066",
            "@type": [
              "City"
            ],
            "rdfs:label": {
              "de": [
                "Saint-Denis"
              ],
              "pt": [
                "Saint-Denis"
              ],
              "en": [
                "Saint-Denis"
              ],
              "it": [
                "Saint-Denis"
              ],
              "fr": [
                "Saint-Denis"
              ],
              "nl": [
                "Saint-Denis"
              ],
              "es": [
                "Saint-Denis"
              ]
            },
            "insee": "93066",
            "isPartOfDepartment": {
              "@id": "kb:France1193",
              "@type": [
                "Department"
              ],
              "rdfs:label": {
                "de": [
                  "Seine-Saint-Denis"
                ],
                "pt": [
                  "Seine-Saint-Denis"
                ],
                "en": [
                  "Seine-Saint-Denis"
                ],
                "it": [
                  "Seine-Saint-Denis"
                ],
                "fr": [
                  "Seine-Saint-Denis"
                ],
                "nl": [
                  "Seine-Saint-Denis"
                ],
                "es": [
                  "Seine-Saint-Denis"
                ]
              },
              "insee": "93",
              "isPartOfRegion": {
                "@id": "kb:France11",
                "@type": [
                  "Region"
                ],
                "rdfs:label": {
                  "de": [
                    "Île-de-France"
                  ],
                  "pt": [
                    "Île-de-France"
                  ],
                  "en": [
                    "Île-de-France"
                  ],
                  "it": [
                    "Île-de-France"
                  ],
                  "fr": [
                    "Île-de-France"
                  ],
                  "nl": [
                    "Île-de-France"
                  ],
                  "es": [
                    "Île-de-France"
                  ]
                },
                "insee": "11",
                "isPartOfCountry": {
                  "@id": "kb:France",
                  "@type": [
                    "schema:Country"
                  ],
                  "rdfs:label": {
                    "de": [
                      "France",
                      "Frankreich"
                    ],
                    "pt": [
                      "França",
                      "France"
                    ],
                    "en": [
                      "France"
                    ],
                    "it": [
                      "France",
                      "Francia"
                    ],
                    "fr": [
                      "France"
                    ],
                    "nl": [
                      "France",
                      "Frankrijk"
                    ],
                    "es": [
                      "France",
                      "Francia"
                    ]
                  }
                }
              }
            }
          }
        }
      ],
      "schema:geo": {
        "@id": "https://data.datatourisme.fr/0bfb944a-a18b-3518-be09-24b08f12f37a",
        "schema:latitude": "48.91721",
        "schema:longitude": "2.35252",
        "@type": [
          "schema:GeoCoordinates"
        ]
      },
      "schema:openingHoursSpecification": [
        {
          "@id": "https://data.datatourisme.fr/4868b06c-1689-3b4c-a3c4-109d6b660574",
          "schema:validFrom": "2023-01-01T00:00:00",
          "schema:validThrough": "2023-12-31T23:59:59",
          "@type": [
            "schema:OpeningHoursSpecification"
          ],
          "additionalInformation": {
            "de": [
              "Der Kartenverkauf ist von 10:00 bis 13:00 Uhr und von 14:00 bis 18:00 Uhr geöffnet."
            ],
            "en": [
              "The ticket office is open from 10am to 1pm and from 2pm to 6pm."
            ],
            "it": [
              "La biglietteria è aperta dalle 10.00 alle 13.00 e dalle 14.00 alle 18.00."
            ],
            "fr": [
              "La billetterie est ouverte de 10h à 13h et de 14h à 18h."
            ],
            "es": [
              "La taquilla está abierta de 10.00 a 13.00 y de 14.00 a 18.00 horas."
            ],
            "nl": [
              "De kassa is geopend van 10.00 tot 13.00 uur en van 14.00 tot 18.00 uur."
            ]
          },
          "hasTranslatedProperty": [
            {
              "@id": "https://data.datatourisme.fr/114bbfa8-57d4-372e-93f0-3012376b92b8",
              "dc:contributor": [
                "https://api.deepl.com/v2/translate"
              ],
              "rdf:language": [
                "de"
              ],
              "rdf:predicate": [
                "additionalInformation"
              ]
            },
            {
              "@id": "https://data.datatourisme.fr/1e02bb92-4d39-381c-b81b-bfd6bffa6ac5",
              "dc:contributor": [
                "https://api.deepl.com/v2/translate"
              ],
              "rdf:language": [
                "es"
              ],
              "rdf:predicate": [
                "additionalInformation"
              ]
            },
            {
              "@id": "https://data.datatourisme.fr/899b6bbd-ec15-3806-a2df-b1bcd07f3987",
              "dc:contributor": [
                "https://api.deepl.com/v2/translate"
              ],
              "rdf:language": [
                "en"
              ],
              "rdf:predicate": [
                "additionalInformation"
              ]
            },
            {
              "@id": "https://data.datatourisme.fr/df0b21e4-8248-3f7a-9128-fd9a6a8176ce",
              "dc:contributor": [
                "https://api.deepl.com/v2/translate"
              ],
              "rdf:language": [
                "it"
              ],
              "rdf:predicate": [
                "additionalInformation"
              ]
            },
            {
              "@id": "https://data.datatourisme.fr/e2322b38-3637-3a3d-8d32-df17b590278b",
              "dc:contributor": [
                "https://api.deepl.com/v2/translate"
              ],
              "rdf:language": [
                "nl"
              ],
              "rdf:predicate": [
                "additionalInformation"
              ]
            }
          ]
        }
      ],
      "@type": [
        "schema:Place",
        "Place"
      ]
    }
  ],
  "isOwnedBy": [
    {
      "@id": "https://data.datatourisme.fr/0d295593-2e92-3cc3-8700-156dfc8eed88",
      "schema:email": [
        "jt.charbonnier@plainecommunetourisme.com",
        "s.vallier@plainecommunetourisme.com",
        "webmarketer@plainecommunetourisme.com"
      ],
      "schema:legalName": "Office de Tourisme Plaine commune grand Paris",
      "@type": [
        "schema:Organization",
        "foaf:Agent",
        "Agent"
      ],
      "foaf:homepage": [
        "https://www.tourisme-plainecommune-paris.com/"
      ]
    }
  ],
  "lastUpdate": "2023-01-31",
  "lastUpdateDatatourisme": "2023-02-15T06:38:07.039Z"
}