{
  "@id": "https://data.datatourisme.fr/13/024172bf-f2d8-3bd4-bb6b-9240cc7b329f",
  "dc:identifier": "5051265",
  "@type": [
    "schema:Accommodation",
    "schema:FoodEstablishment",
    "schema:Hotel",
    "schema:LodgingBusiness",
    "schema:Restaurant",
    "Accommodation",
    "FoodEstablishment",
    "Hotel",
    "HotelRestaurant",
    "HotelTrade",
    "PlaceOfInterest",
    "PointOfInterest",
    "Restaurant"
  ],
  "rdfs:comment": {
    "de": [
      "Düfte von anderswo, schöne Materialien und Atmosphären... In charmanten Häusern, die um einen wunderschönen gepflasterten Innenhof gruppiert sind, bieten die Zimmer sanfte Parenthesen.\r\nIn der Woche des 15. August geschlossen."
    ],
    "en": [
      "Exotic fragrances and beautiful materials create a wonderful atmosphere in these charming houses arranged around a magnificent paved courtyard. The rooms are ideal for a pleasurable getaway.\r\nClosed the week of 15th August."
    ],
    "it": [
      "Profumi d'altrove, materiali e atmosfere bellissime? In case incantevoli raccolte intorno a un superbo cortile acciottolato, le camere offrono dolci intermezzi.\r\nChiuso nella settimana del 15 agosto."
    ],
    "fr": [
      "Parfums d’ailleurs, belles matières et atmosphères… Dans de charmantes maisons réunies autour d’une superbe cour pavée, les chambres offrent de douces parenthèses.\r\nFermeture la semaine du 15 août."
    ],
    "nl": [
      "Geuren van elders, mooie materialen en sferen... In charmante huizen, gegroepeerd rond een prachtige geplaveide binnenplaats, bieden de kamers zoete intermezzo's.\r\nGesloten in de week van 15 augustus."
    ],
    "es": [
      "Aromas de otros lugares, materiales y ambientes hermosos.. En las encantadoras casas reunidas en torno a un magnífico patio empedrado, las habitaciones ofrecen dulces intervalos.\r\nCerrado durante la semana del 15 de agosto."
    ]
  },
  "rdfs:label": {
    "en": [
      "Angerville - Hôtel de France"
    ],
    "fr": [
      "Angerville - Hôtel de France"
    ]
  },
  "hasBeenCreatedBy": {
    "@id": "https://data.datatourisme.fr/13/a26398dc-a6f4-3b49-876c-baffbc9954f9",
    "dc:identifier": "1087",
    "schema:email": [
      "elodie.brefort-moison@caese.fr",
      "jade.mistretta@caese.fr",
      "jean-baptiste.cochelin@caese.fr",
      "lison.pareau@caese.fr",
      "melody.tournier@caese.fr",
      "stephanie.canteiro@caese.fr"
    ],
    "schema:legalName": "Communauté d'Agglomération de l'Etampois Sud-Essonne",
    "@type": [
      "schema:Organization",
      "foaf:Agent",
      "Agent"
    ]
  },
  "hasBeenPublishedBy": [
    {
      "@id": "https://data.datatourisme.fr/8a9feb4b-2cbd-3d2c-b507-bd6c6776b23b",
      "schema:legalName": "Apidae Tourisme Scic SA - source : Apidae Tourisme",
      "@type": [
        "schema:Organization",
        "foaf:Agent",
        "Agent"
      ],
      "foaf:homepage": [
        "https://www.apidae-tourisme.com/"
      ]
    }
  ],
  "hasContact": [
    {
      "@id": "https://data.datatourisme.fr/34f14dc8-02c9-350d-b2e2-04897aea52d3",
      "schema:email": [
        "contact@hotel-de-france-paris.fr"
      ],
      "schema:telephone": [
        "+33 1 69 95 11 30"
      ],
      "@type": [
        "foaf:Agent",
        "Agent"
      ],
      "foaf:homepage": [
        "https://hotel-de-france-paris.fr/"
      ]
    }
  ],
  "hasDescription": [
    {
      "@id": "https://data.datatourisme.fr/fdb75905-684d-3325-a263-5b4cf9f796b7",
      "@type": [
        "Description"
      ],
      "hasTranslatedProperty": [
        {
          "@id": "https://data.datatourisme.fr/1836a5ff-a158-3ce4-ae0c-634c1e92638a",
          "dc:contributor": [
            "https://api.deepl.com/v2/translate"
          ],
          "rdf:language": [
            "it"
          ],
          "rdf:predicate": [
            "shortDescription"
          ]
        },
        {
          "@id": "https://data.datatourisme.fr/3ffe9518-e267-3ed4-b92c-c12726b0b514",
          "dc:contributor": [
            "https://api.deepl.com/v2/translate"
          ],
          "rdf:language": [
            "es"
          ],
          "rdf:predicate": [
            "shortDescription"
          ]
        },
        {
          "@id": "https://data.datatourisme.fr/6ee01253-c97d-39e3-bd0a-9113aae3eda5",
          "dc:contributor": [
            "https://api.deepl.com/v2/translate"
          ],
          "rdf:language": [
            "nl"
          ],
          "rdf:predicate": [
            "shortDescription"
          ]
        },
        {
          "@id": "https://data.datatourisme.fr/e8712d34-3cd9-3ca7-9fe5-b8e37f8c79ee",
          "dc:contributor": [
            "https://api.deepl.com/v2/translate"
          ],
          "rdf:language": [
            "de"
          ],
          "rdf:predicate": [
            "shortDescription"
          ]
        }
      ],
      "shortDescription": {
        "de": [
          "Düfte von anderswo, schöne Materialien und Atmosphären... In charmanten Häusern, die um einen wunderschönen gepflasterten Innenhof gruppiert sind, bieten die Zimmer sanfte Parenthesen.\r\nIn der Woche des 15. August geschlossen."
        ],
        "en": [
          "Exotic fragrances and beautiful materials create a wonderful atmosphere in these charming houses arranged around a magnificent paved courtyard. The rooms are ideal for a pleasurable getaway.\r\nClosed the week of 15th August."
        ],
        "it": [
          "Profumi d'altrove, materiali e atmosfere bellissime? In case incantevoli raccolte intorno a un superbo cortile acciottolato, le camere offrono dolci intermezzi.\r\nChiuso nella settimana del 15 agosto."
        ],
        "fr": [
          "Parfums d’ailleurs, belles matières et atmosphères… Dans de charmantes maisons réunies autour d’une superbe cour pavée, les chambres offrent de douces parenthèses.\r\nFermeture la semaine du 15 août."
        ],
        "nl": [
          "Geuren van elders, mooie materialen en sferen... In charmante huizen, gegroepeerd rond een prachtige geplaveide binnenplaats, bieden de kamers zoete intermezzo's.\r\nGesloten in de week van 15 augustus."
        ],
        "es": [
          "Aromas de otros lugares, materiales y ambientes hermosos.. En las encantadoras casas reunidas en torno a un magnífico patio empedrado, las habitaciones ofrecen dulces intervalos.\r\nCerrado durante la semana del 15 de agosto."
        ]
      }
    }
  ],
  "hasTranslatedProperty": [
    {
      "@id": "https://data.datatourisme.fr/16a25d41-9b46-3e61-982a-f259adea1953",
      "dc:contributor": [
        "https://api.deepl.com/v2/translate"
      ],
      "rdf:language": [
        "es"
      ],
      "rdf:predicate": [
        {
          "@id": "rdfs:comment"
        }
      ]
    },
    {
      "@id": "https://data.datatourisme.fr/18e59c3d-4300-3bde-8a21-eb1a5e66bbec",
      "dc:contributor": [
        "https://api.deepl.com/v2/translate"
      ],
      "rdf:language": [
        "de"
      ],
      "rdf:predicate": [
        {
          "@id": "rdfs:comment"
        }
      ]
    },
    {
      "@id": "https://data.datatourisme.fr/60fe8600-d9a5-3940-963f-a2bdff2ef9c3",
      "dc:contributor": [
        "https://api.deepl.com/v2/translate"
      ],
      "rdf:language": [
        "it"
      ],
      "rdf:predicate": [
        {
          "@id": "rdfs:comment"
        }
      ]
    },
    {
      "@id": "https://data.datatourisme.fr/e186f5e1-1668-30d7-a151-0d8c90fe2506",
      "dc:contributor": [
        "https://api.deepl.com/v2/translate"
      ],
      "rdf:language": [
        "nl"
      ],
      "rdf:predicate": [
        {
          "@id": "rdfs:comment"
        }
      ]
    }
  ],
  "isLocatedAt": [
    {
      "@id": "https://data.datatourisme.fr/88466c34-77b0-3b6a-aba2-c86ade62d840",
      "schema:address": [
        {
          "@id": "https://data.datatourisme.fr/63153aa4-c67b-398a-a3c3-3452e331caa8",
          "schema:addressLocality": "Angerville",
          "schema:postalCode": "91670",
          "schema:streetAddress": [
            "2 Place du Marché"
          ],
          "@type": [
            "schema:PostalAddress",
            "PostalAddress"
          ],
          "hasAddressCity": {
            "@id": "kb:91016",
            "@type": [
              "City"
            ],
            "rdfs:label": {
              "de": [
                "Angerville"
              ],
              "pt": [
                "Angerville"
              ],
              "en": [
                "Angerville"
              ],
              "it": [
                "Angerville"
              ],
              "fr": [
                "Angerville"
              ],
              "nl": [
                "Angerville"
              ],
              "es": [
                "Angerville"
              ]
            },
            "insee": "91016",
            "isPartOfDepartment": {
              "@id": "kb:France1191",
              "@type": [
                "Department"
              ],
              "rdfs:label": {
                "de": [
                  "Essonne"
                ],
                "pt": [
                  "Essonne"
                ],
                "en": [
                  "Essonne"
                ],
                "it": [
                  "Essonne"
                ],
                "fr": [
                  "Essonne"
                ],
                "nl": [
                  "Essonne"
                ],
                "es": [
                  "Essonne"
                ]
              },
              "insee": "91",
              "isPartOfRegion": {
                "@id": "kb:France11",
                "@type": [
                  "Region"
                ],
                "rdfs:label": {
                  "de": [
                    "Île-de-France"
                  ],
                  "pt": [
                    "Île-de-France"
                  ],
                  "en": [
                    "Île-de-France"
                  ],
                  "it": [
                    "Île-de-France"
                  ],
                  "fr": [
                    "Île-de-France"
                  ],
                  "nl": [
                    "Île-de-France"
                  ],
                  "es": [
                    "Île-de-France"
                  ]
                },
                "insee": "11",
                "isPartOfCountry": {
                  "@id": "kb:France",
                  "@type": [
                    "schema:Country"
                  ],
                  "rdfs:label": {
                    "de": [
                      "France",
                      "Frankreich"
                    ],
                    "pt": [
                      "França",
                      "France"
                    ],
                    "en": [
                      "France"
                    ],
                    "it": [
                      "France",
                      "Francia"
                    ],
                    "fr": [
                      "France"
                    ],
                    "nl": [
                      "France",
                      "Frankrijk"
                    ],
                    "es": [
                      "France",
                      "Francia"
                    ]
                  }
                }
              }
            }
          }
        }
      ],
      "schema:geo": {
        "@id": "https://data.datatourisme.fr/48917c25-5c44-36af-b017-7f9d12b68370",
        "schema:latitude": "48.312421",
        "schema:longitude": "1.99897",
        "@type": [
          "schema:GeoCoordinates"
        ]
      },
      "schema:openingHoursSpecification": [
        {
          "@id": "https://data.datatourisme.fr/814dbf7b-2808-3a93-a972-f4412b6caa4e",
          "schema:validFrom": "2023-01-01T00:00:00",
          "schema:validThrough": "2023-12-31T23:59:59",
          "@type": [
            "schema:OpeningHoursSpecification"
          ],
          "additionalInformation": {
            "de": [
              "In der Woche vom 15. August geschlossen."
            ],
            "en": [
              "Closed the week of August 15."
            ],
            "it": [
              "Chiuso nella settimana del 15 agosto."
            ],
            "fr": [
              "Fermeture la semaine du 15 août."
            ],
            "nl": [
              "Gesloten in de week van 15 augustus."
            ],
            "es": [
              "Cerrado durante la semana del 15 de agosto."
            ]
          },
          "hasTranslatedProperty": [
            {
              "@id": "https://data.datatourisme.fr/27dc166a-af28-3191-93af-e6a3a673565f",
              "dc:contributor": [
                "https://api.deepl.com/v2/translate"
              ],
              "rdf:language": [
                "en"
              ],
              "rdf:predicate": [
                "additionalInformation"
              ]
            },
            {
              "@id": "https://data.datatourisme.fr/39316f11-b75a-3de1-a2b4-2cf680e609b1",
              "dc:contributor": [
                "https://api.deepl.com/v2/translate"
              ],
              "rdf:language": [
                "nl"
              ],
              "rdf:predicate": [
                "additionalInformation"
              ]
            },
            {
              "@id": "https://data.datatourisme.fr/557d6d8e-d02e-3333-82a7-6e2d6a092ea2",
              "dc:contributor": [
                "https://api.deepl.com/v2/translate"
              ],
              "rdf:language": [
                "es"
              ],
              "rdf:predicate": [
                "additionalInformation"
              ]
            },
            {
              "@id": "https://data.datatourisme.fr/85bd27a8-d5e6-3c6c-b231-4b4256ba026b",
              "dc:contributor": [
                "https://api.deepl.com/v2/translate"
              ],
              "rdf:language": [
                "it"
              ],
              "rdf:predicate": [
                "additionalInformation"
              ]
            },
            {
              "@id": "https://data.datatourisme.fr/f86f002e-720e-3f3e-9b64-a80465f0dc8d",
              "dc:contributor": [
                "https://api.deepl.com/v2/translate"
              ],
              "rdf:language": [
                "de"
              ],
              "rdf:predicate": [
                "additionalInformation"
              ]
            }
          ]
        }
      ],
      "@type": [
        "schema:Place",
        "Place"
      ]
    }
  ],
  "isOwnedBy": [
    {
      "@id": "https://data.datatourisme.fr/9b471d02-a1f9-3b3b-975b-e17298284a9a",
      "schema:email": [
        "jade.mistretta@caese.fr",
        "jean-baptiste.cochelin@caese.fr",
        "lison.pareau@caese.fr",
        "melody.tournier@caese.fr",
        "stephanie.canteiro@caese.fr"
      ],
      "schema:legalName": "Communauté d'Agglomération de l'Etampois Sud-Essonne",
      "@type": [
        "schema:Organization",
        "foaf:Agent",
        "Agent"
      ]
    }
  ],
  "lastUpdate": "2023-05-25",
  "lastUpdateDatatourisme": "2023-05-30T05:49:20.274Z",
  "offers": [
    {
      "@id": "https://data.datatourisme.fr/a2ae2a5a-35a5-3a89-950a-b536017da536",
      "schema:priceSpecification": [
        {
          "@id": "https://data.datatourisme.fr/bbb4e045-c0e9-32c2-a283-d0274c2c61a2",
          "schema:maxPrice": [
            "165",
            "20"
          ],
          "schema:minPrice": [
            "108",
            "145",
            "165",
            "20"
          ],
          "schema:priceCurrency": "EUR",
          "@type": [
            "schema:PriceSpecification",
            "PriceSpecification"
          ],
          "appliesOnPeriod": [
            {
              "@id": "https://data.datatourisme.fr/a425afdf-3594-300b-b55e-1858bafa3fd4",
              "@type": [
                "Period"
              ],
              "endDate": "2023-12-31",
              "startDate": "2023-01-01"
            }
          ]
        }
      ],
      "@type": [
        "schema:Offer",
        "Offer"
      ]
    }
  ]
}