{
  "@id": "https://data.datatourisme.fr/13/028fc8f7-dc69-32d1-8608-549724a381f1",
  "dc:identifier": "4998061",
  "@type": [
    "schema:FoodEstablishment",
    "FoodEstablishment",
    "PlaceOfInterest",
    "PointOfInterest"
  ],
  "rdfs:comment": {
    "de": [
      "Das Palais Royal im Herzen der Stadt Pontoise wird Sie mit seiner geschmackvollen französisch-marokkanischen Küche auf die andere Seite des Mittelmeers entführen\r\n\r\nPastilla, Couscous oder auch Tajines stehen zur Freude aller auf dem Speiseplan."
    ],
    "en": [
      "The Palais Royal located in the heart of the city of Pontoise will make you travel to the other side of the Mediterranean through a Franco-Moroccan cuisine full of flavors\r\n\r\nPastilla, couscous or tagines are on the menu for the greatest pleasure of all."
    ],
    "it": [
      "Il Palais Royal, situato nel cuore della città di Pontoise, vi farà viaggiare verso l'altra sponda del Mediterraneo attraverso una cucina franco-marocchina ricca di sapori\r\n\r\nPastilla, couscous o tajine sono nel menu per il piacere più grande di tutti."
    ],
    "fr": [
      "Le Palais Royal situé au coeur de la ville de Pontoise vous fera voyager de l’autre côté de la méditerranée au travers d’une cuisine Franco-Marocaine pleine de saveurs\r\n\r\nPastilla, couscous ou encore tajines sont au menu pour le plus grand plaisir de tous."
    ],
    "nl": [
      "Het Palais Royal gelegen in het hart van de stad Pontoise laat u reizen naar de andere kant van de Middellandse Zee via een Frans-Marokkaanse keuken vol smaken\r\n\r\nPastilla, couscous of tajines staan op het menu voor het grootste plezier."
    ],
    "es": [
      "El Palais Royal, situado en el corazón de la ciudad de Pontoise, le hará viajar al otro lado del Mediterráneo a través de una cocina franco-marroquí llena de sabores\r\n\r\nLa pastilla, el cuscús o los tajines están en el menú para el mayor placer de todos."
    ]
  },
  "rdfs:label": {
    "fr": [
      "Le palais royal"
    ]
  },
  "hasBeenCreatedBy": {
    "@id": "https://data.datatourisme.fr/13/bc573864-331a-3e42-a451-1de6f678aa83",
    "dc:identifier": "1626",
    "schema:email": [
      "abernard@ot-cergypontoise.fr",
      "accueil@ot-cergypontoise.fr",
      "cherault@ot-cergypontoise.fr",
      "cpagnoux@ot-cergypontoise.fr",
      "cpratte@ot-cergypontoise.fr",
      "mcassort@ot-cergypontoise.fr",
      "mfrancois@ot-cergypontoise.fr",
      "mroux@ot-cergypontoise.fr",
      "vvergneaux@ot-cergypontoise.fr"
    ],
    "schema:legalName": "Office de Tourisme de Cergy-Pontoise - Porte du Vexin",
    "@type": [
      "schema:Organization",
      "foaf:Agent",
      "Agent"
    ],
    "foaf:homepage": [
      "http://www.ot-cergypontoise.fr/"
    ]
  },
  "hasBeenPublishedBy": [
    {
      "@id": "https://data.datatourisme.fr/8a9feb4b-2cbd-3d2c-b507-bd6c6776b23b",
      "schema:legalName": "Apidae Tourisme Scic SA - source : Apidae Tourisme",
      "@type": [
        "schema:Organization",
        "foaf:Agent",
        "Agent"
      ],
      "foaf:homepage": [
        "https://www.apidae-tourisme.com/"
      ]
    }
  ],
  "hasContact": [
    {
      "@id": "https://data.datatourisme.fr/9daf1d72-5a03-37c1-ba79-3c93b1776908",
      "schema:telephone": [
        "+33 9 86 32 83 37"
      ],
      "@type": [
        "foaf:Agent",
        "Agent"
      ],
      "foaf:homepage": [
        "https://www.paris-halal.com/le-palais-royal-pontoise"
      ]
    }
  ],
  "hasDescription": [
    {
      "@id": "https://data.datatourisme.fr/7360bfe2-e989-3e28-81f7-6fa65ba3df12",
      "@type": [
        "Description"
      ],
      "hasTranslatedProperty": [
        {
          "@id": "https://data.datatourisme.fr/125ac922-92e7-370d-916f-117342f3605e",
          "dc:contributor": [
            "https://api.deepl.com/v2/translate"
          ],
          "rdf:language": [
            "nl"
          ],
          "rdf:predicate": [
            "shortDescription"
          ]
        },
        {
          "@id": "https://data.datatourisme.fr/4fa69903-4385-31a0-b7a2-390b964f1548",
          "dc:contributor": [
            "https://api.deepl.com/v2/translate"
          ],
          "rdf:language": [
            "de"
          ],
          "rdf:predicate": [
            "shortDescription"
          ]
        },
        {
          "@id": "https://data.datatourisme.fr/a0ecb5b7-2c80-32c4-96fa-b58e50ed25f2",
          "dc:contributor": [
            "https://api.deepl.com/v2/translate"
          ],
          "rdf:language": [
            "it"
          ],
          "rdf:predicate": [
            "shortDescription"
          ]
        },
        {
          "@id": "https://data.datatourisme.fr/dcea11e7-bdcd-3da7-be00-2dcda0fa0632",
          "dc:contributor": [
            "https://api.deepl.com/v2/translate"
          ],
          "rdf:language": [
            "es"
          ],
          "rdf:predicate": [
            "shortDescription"
          ]
        },
        {
          "@id": "https://data.datatourisme.fr/f1560c83-c045-3dac-9445-aa0d87bcfa87",
          "dc:contributor": [
            "https://api.deepl.com/v2/translate"
          ],
          "rdf:language": [
            "en"
          ],
          "rdf:predicate": [
            "shortDescription"
          ]
        }
      ],
      "shortDescription": {
        "de": [
          "Das Palais Royal im Herzen der Stadt Pontoise wird Sie mit seiner geschmackvollen französisch-marokkanischen Küche auf die andere Seite des Mittelmeers entführen\r\n\r\nPastilla, Couscous oder auch Tajines stehen zur Freude aller auf dem Speiseplan."
        ],
        "en": [
          "The Palais Royal located in the heart of the city of Pontoise will make you travel to the other side of the Mediterranean through a Franco-Moroccan cuisine full of flavors\r\n\r\nPastilla, couscous or tagines are on the menu for the greatest pleasure of all."
        ],
        "it": [
          "Il Palais Royal, situato nel cuore della città di Pontoise, vi farà viaggiare verso l'altra sponda del Mediterraneo attraverso una cucina franco-marocchina ricca di sapori\r\n\r\nPastilla, couscous o tajine sono nel menu per il piacere più grande di tutti."
        ],
        "fr": [
          "Le Palais Royal situé au coeur de la ville de Pontoise vous fera voyager de l’autre côté de la méditerranée au travers d’une cuisine Franco-Marocaine pleine de saveurs\r\n\r\nPastilla, couscous ou encore tajines sont au menu pour le plus grand plaisir de tous."
        ],
        "nl": [
          "Het Palais Royal gelegen in het hart van de stad Pontoise laat u reizen naar de andere kant van de Middellandse Zee via een Frans-Marokkaanse keuken vol smaken\r\n\r\nPastilla, couscous of tajines staan op het menu voor het grootste plezier."
        ],
        "es": [
          "El Palais Royal, situado en el corazón de la ciudad de Pontoise, le hará viajar al otro lado del Mediterráneo a través de una cocina franco-marroquí llena de sabores\r\n\r\nLa pastilla, el cuscús o los tajines están en el menú para el mayor placer de todos."
        ]
      }
    }
  ],
  "hasTranslatedProperty": [
    {
      "@id": "https://data.datatourisme.fr/2f0267d7-38a2-3660-be56-cf539eb10580",
      "dc:contributor": [
        "https://api.deepl.com/v2/translate"
      ],
      "rdf:language": [
        "es"
      ],
      "rdf:predicate": [
        {
          "@id": "rdfs:comment"
        }
      ]
    },
    {
      "@id": "https://data.datatourisme.fr/7e017399-2495-3006-bb4e-f470e4f192a4",
      "dc:contributor": [
        "https://api.deepl.com/v2/translate"
      ],
      "rdf:language": [
        "nl"
      ],
      "rdf:predicate": [
        {
          "@id": "rdfs:comment"
        }
      ]
    },
    {
      "@id": "https://data.datatourisme.fr/9a32d2e1-053d-39ce-94a7-2c811a9f0244",
      "dc:contributor": [
        "https://api.deepl.com/v2/translate"
      ],
      "rdf:language": [
        "it"
      ],
      "rdf:predicate": [
        {
          "@id": "rdfs:comment"
        }
      ]
    },
    {
      "@id": "https://data.datatourisme.fr/af7ac860-4682-3a38-bfdd-c60b2004ff9e",
      "dc:contributor": [
        "https://api.deepl.com/v2/translate"
      ],
      "rdf:language": [
        "en"
      ],
      "rdf:predicate": [
        {
          "@id": "rdfs:comment"
        }
      ]
    },
    {
      "@id": "https://data.datatourisme.fr/c65bd2f7-dc09-3bef-accf-816a10b40504",
      "dc:contributor": [
        "https://api.deepl.com/v2/translate"
      ],
      "rdf:language": [
        "de"
      ],
      "rdf:predicate": [
        {
          "@id": "rdfs:comment"
        }
      ]
    }
  ],
  "isLocatedAt": [
    {
      "@id": "https://data.datatourisme.fr/ef6d9618-53ef-345d-a159-0cdf913dae0a",
      "schema:address": [
        {
          "@id": "https://data.datatourisme.fr/42bade1c-e44b-3bd5-9fa2-b966b60dcf14",
          "schema:addressLocality": "Pontoise",
          "schema:postalCode": "95300",
          "schema:streetAddress": [
            "1, quai Eugène Turpin"
          ],
          "@type": [
            "schema:PostalAddress",
            "PostalAddress"
          ],
          "hasAddressCity": {
            "@id": "kb:95500",
            "@type": [
              "City"
            ],
            "rdfs:label": {
              "de": [
                "Pontoise"
              ],
              "pt": [
                "Pontoise"
              ],
              "en": [
                "Pontoise"
              ],
              "it": [
                "Pontoise"
              ],
              "fr": [
                "Pontoise"
              ],
              "nl": [
                "Pontoise"
              ],
              "es": [
                "Pontoise"
              ]
            },
            "insee": "95500",
            "isPartOfDepartment": {
              "@id": "kb:France1195",
              "@type": [
                "Department"
              ],
              "rdfs:label": {
                "de": [
                  "Val-d'Oise"
                ],
                "pt": [
                  "Val-d'Oise"
                ],
                "en": [
                  "Val-d'Oise"
                ],
                "it": [
                  "Val-d'Oise"
                ],
                "fr": [
                  "Val-d'Oise"
                ],
                "nl": [
                  "Val-d'Oise"
                ],
                "es": [
                  "Val-d'Oise"
                ]
              },
              "insee": "95",
              "isPartOfRegion": {
                "@id": "kb:France11",
                "@type": [
                  "Region"
                ],
                "rdfs:label": {
                  "de": [
                    "Île-de-France"
                  ],
                  "pt": [
                    "Île-de-France"
                  ],
                  "en": [
                    "Île-de-France"
                  ],
                  "it": [
                    "Île-de-France"
                  ],
                  "fr": [
                    "Île-de-France"
                  ],
                  "nl": [
                    "Île-de-France"
                  ],
                  "es": [
                    "Île-de-France"
                  ]
                },
                "insee": "11",
                "isPartOfCountry": {
                  "@id": "kb:France",
                  "@type": [
                    "schema:Country"
                  ],
                  "rdfs:label": {
                    "de": [
                      "France",
                      "Frankreich"
                    ],
                    "pt": [
                      "França",
                      "France"
                    ],
                    "en": [
                      "France"
                    ],
                    "it": [
                      "France",
                      "Francia"
                    ],
                    "fr": [
                      "France"
                    ],
                    "nl": [
                      "France",
                      "Frankrijk"
                    ],
                    "es": [
                      "France",
                      "Francia"
                    ]
                  }
                }
              }
            }
          }
        }
      ],
      "schema:geo": {
        "@id": "https://data.datatourisme.fr/0b798c5d-4bd0-3570-8c01-ccc4402891a4",
        "schema:latitude": "49.051098",
        "schema:longitude": "2.105702",
        "@type": [
          "schema:GeoCoordinates"
        ]
      },
      "schema:openingHoursSpecification": [
        {
          "@id": "https://data.datatourisme.fr/df802d26-3f7f-3981-bf43-0eb66692ff4d",
          "schema:closes": "23:00:00",
          "schema:opens": "10:00:00",
          "schema:validFrom": "2023-01-01T00:00:00",
          "schema:validThrough": "2023-12-31T23:59:59",
          "@type": [
            "schema:OpeningHoursSpecification"
          ]
        }
      ],
      "@type": [
        "schema:Place",
        "Place"
      ]
    }
  ],
  "isOwnedBy": [
    {
      "@id": "https://data.datatourisme.fr/38525452-e91f-39bb-947a-49cf6c966b75",
      "schema:email": [
        "abernard@ot-cergypontoise.fr",
        "accueil@ot-cergypontoise.fr",
        "cherault@ot-cergypontoise.fr",
        "cpagnoux@ot-cergypontoise.fr",
        "cpratte@ot-cergypontoise.fr",
        "mcassort@ot-cergypontoise.fr",
        "mfrancois@ot-cergypontoise.fr",
        "mroux@ot-cergypontoise.fr",
        "vvergneaux@ot-cergypontoise.fr"
      ],
      "schema:legalName": "Office de Tourisme de Cergy-Pontoise - Porte du Vexin",
      "@type": [
        "schema:Organization",
        "foaf:Agent",
        "Agent"
      ],
      "foaf:homepage": [
        "http://www.ot-cergypontoise.fr/"
      ]
    }
  ],
  "lastUpdate": "2022-06-16",
  "lastUpdateDatatourisme": "2023-02-01T18:07:36.116Z"
}