{
  "@id": "https://data.datatourisme.fr/13/027917b0-869d-3426-9424-d6b09f558d08",
  "dc:identifier": "5247242",
  "@type": [
    "schema:FoodEstablishment",
    "FoodEstablishment",
    "PlaceOfInterest",
    "PointOfInterest"
  ],
  "rdfs:comment": {
    "de": [
      "Ein unumgänglicher Ort in der Agglo, an dem Stimmung und Entspannung herrschen:"
    ],
    "en": [
      "A place not to be missed in the cluster where the atmosphere and relaxation is at the rendezvous:"
    ],
    "it": [
      "Un luogo da non perdere nell'agglomerato, dove l'atmosfera e il relax sono a portata di mano:"
    ],
    "fr": [
      "Un lieu incontournable de l’agglo où l’ambiance et la détente est au rendez-vous :"
    ],
    "es": [
      "Un lugar que no debe perderse en la aglomeración, donde el ambiente y la relajación están presentes:"
    ],
    "nl": [
      "Een niet te missen plek in de agglomeratie, waar de sfeer en ontspanning aanwezig zijn:"
    ]
  },
  "rdfs:label": {
    "fr": [
      "Au bureau Massy"
    ]
  },
  "hasBeenCreatedBy": {
    "@id": "https://data.datatourisme.fr/13/e034fb6b-66aa-3c1d-88f4-45ddfb08da98",
    "dc:identifier": "1233",
    "schema:email": [
      "d.trioux@destination-paris-saclay.com"
    ],
    "schema:legalName": "Destination Paris-Saclay",
    "@type": [
      "schema:Organization",
      "foaf:Agent",
      "Agent"
    ],
    "foaf:homepage": [
      "https://www.destination-paris-saclay.com/"
    ]
  },
  "hasBeenPublishedBy": [
    {
      "@id": "https://data.datatourisme.fr/8a9feb4b-2cbd-3d2c-b507-bd6c6776b23b",
      "schema:legalName": "Apidae Tourisme Scic SA - source : Apidae Tourisme",
      "@type": [
        "schema:Organization",
        "foaf:Agent",
        "Agent"
      ],
      "foaf:homepage": [
        "https://www.apidae-tourisme.com/"
      ]
    }
  ],
  "hasContact": [
    {
      "@id": "https://data.datatourisme.fr/04b3b42c-2b0d-3ce6-95f6-64910e7f4b5e",
      "schema:telephone": [
        "+33 1 60 10 88 74"
      ],
      "@type": [
        "foaf:Agent",
        "Agent"
      ],
      "foaf:homepage": [
        "https://www.aubureau-massy.fr/"
      ]
    }
  ],
  "hasDescription": [
    {
      "@id": "https://data.datatourisme.fr/d77352ce-c939-3d39-86f2-c82773c8ec00",
      "@type": [
        "Description"
      ],
      "hasTranslatedProperty": [
        {
          "@id": "https://data.datatourisme.fr/2d06c9df-b346-3084-bef5-1d4edda2f5cb",
          "dc:contributor": [
            "https://api.deepl.com/v2/translate"
          ],
          "rdf:language": [
            "es"
          ],
          "rdf:predicate": [
            "shortDescription"
          ]
        },
        {
          "@id": "https://data.datatourisme.fr/38e13930-4610-3476-b591-5fa9c98c16c5",
          "dc:contributor": [
            "https://api.deepl.com/v2/translate"
          ],
          "rdf:language": [
            "en"
          ],
          "rdf:predicate": [
            "shortDescription"
          ]
        },
        {
          "@id": "https://data.datatourisme.fr/7d6db0d4-c3c3-3bb7-99fd-40394c2d3c9b",
          "dc:contributor": [
            "https://api.deepl.com/v2/translate"
          ],
          "rdf:language": [
            "it"
          ],
          "rdf:predicate": [
            "shortDescription"
          ]
        },
        {
          "@id": "https://data.datatourisme.fr/a3caf244-cc36-37ee-ac0f-e23c4c40ec24",
          "dc:contributor": [
            "https://api.deepl.com/v2/translate"
          ],
          "rdf:language": [
            "nl"
          ],
          "rdf:predicate": [
            "shortDescription"
          ]
        },
        {
          "@id": "https://data.datatourisme.fr/b73429d8-4aed-3961-89fb-efcb4493a44c",
          "dc:contributor": [
            "https://api.deepl.com/v2/translate"
          ],
          "rdf:language": [
            "de"
          ],
          "rdf:predicate": [
            "shortDescription"
          ]
        }
      ],
      "shortDescription": {
        "de": [
          "Ein unumgänglicher Ort in der Agglo, an dem Stimmung und Entspannung herrschen:"
        ],
        "en": [
          "A place not to be missed in the cluster where the atmosphere and relaxation is at the rendezvous:"
        ],
        "it": [
          "Un luogo da non perdere nell'agglomerato, dove l'atmosfera e il relax sono a portata di mano:"
        ],
        "fr": [
          "Un lieu incontournable de l’agglo où l’ambiance et la détente est au rendez-vous :"
        ],
        "es": [
          "Un lugar que no debe perderse en la aglomeración, donde el ambiente y la relajación están presentes:"
        ],
        "nl": [
          "Een niet te missen plek in de agglomeratie, waar de sfeer en ontspanning aanwezig zijn:"
        ]
      }
    }
  ],
  "hasTranslatedProperty": [
    {
      "@id": "https://data.datatourisme.fr/273da379-fcb0-398e-abd2-21276db183a1",
      "dc:contributor": [
        "https://api.deepl.com/v2/translate"
      ],
      "rdf:language": [
        "de"
      ],
      "rdf:predicate": [
        {
          "@id": "rdfs:comment"
        }
      ]
    },
    {
      "@id": "https://data.datatourisme.fr/5032efc5-0ee3-3aff-b21f-1f613177378a",
      "dc:contributor": [
        "https://api.deepl.com/v2/translate"
      ],
      "rdf:language": [
        "es"
      ],
      "rdf:predicate": [
        {
          "@id": "rdfs:comment"
        }
      ]
    },
    {
      "@id": "https://data.datatourisme.fr/7a547ad7-ca66-31c9-bd0c-8212521df7c7",
      "dc:contributor": [
        "https://api.deepl.com/v2/translate"
      ],
      "rdf:language": [
        "nl"
      ],
      "rdf:predicate": [
        {
          "@id": "rdfs:comment"
        }
      ]
    },
    {
      "@id": "https://data.datatourisme.fr/8d369e8a-9238-3e6d-a548-2641a6068843",
      "dc:contributor": [
        "https://api.deepl.com/v2/translate"
      ],
      "rdf:language": [
        "en"
      ],
      "rdf:predicate": [
        {
          "@id": "rdfs:comment"
        }
      ]
    },
    {
      "@id": "https://data.datatourisme.fr/b8028be0-8b78-3281-afcd-e9118eeede8e",
      "dc:contributor": [
        "https://api.deepl.com/v2/translate"
      ],
      "rdf:language": [
        "it"
      ],
      "rdf:predicate": [
        {
          "@id": "rdfs:comment"
        }
      ]
    }
  ],
  "isLocatedAt": [
    {
      "@id": "https://data.datatourisme.fr/415da0ed-610f-33a6-8e14-535894f8c3e9",
      "schema:address": [
        {
          "@id": "https://data.datatourisme.fr/44b45131-aebd-3b4b-9de3-8ef607d61f5b",
          "schema:addressLocality": "Massy",
          "schema:postalCode": "91300",
          "schema:streetAddress": [
            "13 place du grand ouest"
          ],
          "@type": [
            "schema:PostalAddress",
            "PostalAddress"
          ],
          "hasAddressCity": {
            "@id": "kb:91377",
            "@type": [
              "City"
            ],
            "rdfs:label": {
              "de": [
                "Massy"
              ],
              "pt": [
                "Massy"
              ],
              "en": [
                "Massy"
              ],
              "it": [
                "Massy"
              ],
              "fr": [
                "Massy"
              ],
              "nl": [
                "Massy"
              ],
              "es": [
                "Massy"
              ]
            },
            "insee": "91377",
            "isPartOfDepartment": {
              "@id": "kb:France1191",
              "@type": [
                "Department"
              ],
              "rdfs:label": {
                "de": [
                  "Essonne"
                ],
                "pt": [
                  "Essonne"
                ],
                "en": [
                  "Essonne"
                ],
                "it": [
                  "Essonne"
                ],
                "fr": [
                  "Essonne"
                ],
                "nl": [
                  "Essonne"
                ],
                "es": [
                  "Essonne"
                ]
              },
              "insee": "91",
              "isPartOfRegion": {
                "@id": "kb:France11",
                "@type": [
                  "Region"
                ],
                "rdfs:label": {
                  "de": [
                    "Île-de-France"
                  ],
                  "pt": [
                    "Île-de-France"
                  ],
                  "en": [
                    "Île-de-France"
                  ],
                  "it": [
                    "Île-de-France"
                  ],
                  "fr": [
                    "Île-de-France"
                  ],
                  "nl": [
                    "Île-de-France"
                  ],
                  "es": [
                    "Île-de-France"
                  ]
                },
                "insee": "11",
                "isPartOfCountry": {
                  "@id": "kb:France",
                  "@type": [
                    "schema:Country"
                  ],
                  "rdfs:label": {
                    "de": [
                      "France",
                      "Frankreich"
                    ],
                    "pt": [
                      "França",
                      "France"
                    ],
                    "en": [
                      "France"
                    ],
                    "it": [
                      "France",
                      "Francia"
                    ],
                    "fr": [
                      "France"
                    ],
                    "nl": [
                      "France",
                      "Frankrijk"
                    ],
                    "es": [
                      "France",
                      "Francia"
                    ]
                  }
                }
              }
            }
          }
        }
      ],
      "schema:geo": {
        "@id": "https://data.datatourisme.fr/98c9e5cf-e3ee-3a5f-af76-1bf162cbbf00",
        "schema:latitude": "48.724",
        "schema:longitude": "2.2627",
        "@type": [
          "schema:GeoCoordinates"
        ]
      },
      "schema:openingHoursSpecification": [
        {
          "@id": "https://data.datatourisme.fr/3174eb41-48cc-3c36-ad71-114e6d8f71b6",
          "schema:closes": "23:30:00",
          "schema:opens": "11:30:00",
          "schema:validFrom": "2023-01-01T00:00:00",
          "schema:validThrough": "2023-12-31T23:59:59",
          "@type": [
            "schema:OpeningHoursSpecification"
          ],
          "additionalInformation": {
            "de": [
              "Freitag und Samstag: 11:30 bis 01:00 Uhr"
            ],
            "en": [
              "Friday and Saturday: 11:30 am to 01:00 am"
            ],
            "it": [
              "Venerdì e sabato: dalle 11.30 all'1.00"
            ],
            "fr": [
              "Vendredi et samedi : 11h30 à 01h00"
            ],
            "nl": [
              "Vrijdag en zaterdag: 11.30 tot 1.00 uur"
            ],
            "es": [
              "Viernes y sábado: de 11:30 a 1:00 horas"
            ]
          },
          "hasTranslatedProperty": [
            {
              "@id": "https://data.datatourisme.fr/36ed31e0-658d-3095-a7df-61291adcbe24",
              "dc:contributor": [
                "https://api.deepl.com/v2/translate"
              ],
              "rdf:language": [
                "it"
              ],
              "rdf:predicate": [
                "additionalInformation"
              ]
            },
            {
              "@id": "https://data.datatourisme.fr/797785d1-2561-3252-8fef-b8faf086d3d1",
              "dc:contributor": [
                "https://api.deepl.com/v2/translate"
              ],
              "rdf:language": [
                "nl"
              ],
              "rdf:predicate": [
                "additionalInformation"
              ]
            },
            {
              "@id": "https://data.datatourisme.fr/b89c9450-c4ce-377c-b380-e8db61526868",
              "dc:contributor": [
                "https://api.deepl.com/v2/translate"
              ],
              "rdf:language": [
                "es"
              ],
              "rdf:predicate": [
                "additionalInformation"
              ]
            },
            {
              "@id": "https://data.datatourisme.fr/d5c0983d-9a03-37ce-b2bd-a90711f9361c",
              "dc:contributor": [
                "https://api.deepl.com/v2/translate"
              ],
              "rdf:language": [
                "de"
              ],
              "rdf:predicate": [
                "additionalInformation"
              ]
            },
            {
              "@id": "https://data.datatourisme.fr/f792c7d0-9aac-36ec-8099-5762c7d5b947",
              "dc:contributor": [
                "https://api.deepl.com/v2/translate"
              ],
              "rdf:language": [
                "en"
              ],
              "rdf:predicate": [
                "additionalInformation"
              ]
            }
          ]
        }
      ],
      "@type": [
        "schema:Place",
        "Place"
      ]
    }
  ],
  "isOwnedBy": [
    {
      "@id": "https://data.datatourisme.fr/d87037ec-223f-3b91-8276-b2fe7d28f333",
      "schema:email": [
        "d.trioux@destination-paris-saclay.com"
      ],
      "schema:legalName": "Destination Paris-Saclay",
      "@type": [
        "schema:Organization",
        "foaf:Agent",
        "Agent"
      ],
      "foaf:homepage": [
        "https://www.destination-paris-saclay.com/"
      ]
    }
  ],
  "lastUpdate": "2021-06-19",
  "lastUpdateDatatourisme": "2023-02-23T06:39:42.641Z"
}