{
  "@id": "https://data.datatourisme.fr/13/0a1aec5d-4408-3efd-9ed9-5f745e3063a9",
  "dc:identifier": "5829137",
  "@type": [
    "schema:FoodEstablishment",
    "FoodEstablishment",
    "PlaceOfInterest",
    "PointOfInterest"
  ],
  "rdfs:comment": {
    "de": [
      "Das Ô Café gourmand ist eine Café-Bar"
    ],
    "en": [
      "The Ô Café gourmand is a Café bar"
    ],
    "it": [
      "Il Ô Café gourmand è un Café bar"
    ],
    "fr": [
      "Le Ô Café gourmand est un Café bar"
    ],
    "nl": [
      "Het ÔCafé gourmand is een Café bar"
    ],
    "es": [
      "El Ô Café gourmand es un café bar"
    ]
  },
  "rdfs:label": {
    "fr": [
      "Ô Café Gourmand"
    ]
  },
  "hasBeenCreatedBy": {
    "@id": "https://data.datatourisme.fr/13/3fb451ca-2e89-33a1-b095-b059d8705b15",
    "dc:identifier": "1522",
    "schema:email": [
      "anicoud@terres-de-seine.fr",
      "anne.perchec@gpseo.fr",
      "contact@terres-de-seine.fr",
      "estelle.rouille@gpseo.fr",
      "fbony@terres-de-seine.fr",
      "hillaryramanank@yahoo.fr",
      "vgateau@terres-de-seine.fr",
      "xcadilhac.oti.gpseo@gmail.com"
    ],
    "schema:legalName": "Communauté Urbaine Grand Paris Seine & Oise",
    "@type": [
      "schema:Organization",
      "foaf:Agent",
      "Agent"
    ],
    "foaf:homepage": [
      "https://www.insectes.org/",
      "https://www.terres-de-seine.fr/"
    ]
  },
  "hasBeenPublishedBy": [
    {
      "@id": "https://data.datatourisme.fr/8a9feb4b-2cbd-3d2c-b507-bd6c6776b23b",
      "schema:legalName": "Apidae Tourisme Scic SA - source : Apidae Tourisme",
      "@type": [
        "schema:Organization",
        "foaf:Agent",
        "Agent"
      ],
      "foaf:homepage": [
        "https://www.apidae-tourisme.com/"
      ]
    }
  ],
  "hasContact": [
    {
      "@id": "https://data.datatourisme.fr/f2a8cb9a-f967-3a57-b2b5-7e725905a5b7",
      "schema:email": [
        "cafegourmand78410@gmail.com"
      ],
      "schema:telephone": [
        "+33 7 62 19 26 94"
      ],
      "@type": [
        "foaf:Agent",
        "Agent"
      ]
    }
  ],
  "hasDescription": [
    {
      "@id": "https://data.datatourisme.fr/d7fca3c8-fb56-3e6d-b7ab-567a3d5c2c8d",
      "@type": [
        "Description"
      ],
      "hasTranslatedProperty": [
        {
          "@id": "https://data.datatourisme.fr/1d8e5d56-891f-3139-be55-8f5c8220ecc7",
          "dc:contributor": [
            "https://api.deepl.com/v2/translate"
          ],
          "rdf:language": [
            "it"
          ],
          "rdf:predicate": [
            "shortDescription"
          ]
        },
        {
          "@id": "https://data.datatourisme.fr/3da079f7-972b-3b39-9940-098e14c300f4",
          "dc:contributor": [
            "https://api.deepl.com/v2/translate"
          ],
          "rdf:language": [
            "de"
          ],
          "rdf:predicate": [
            "shortDescription"
          ]
        },
        {
          "@id": "https://data.datatourisme.fr/b140cda0-1e51-3f4d-8cbd-86e6c7f4b56a",
          "dc:contributor": [
            "https://api.deepl.com/v2/translate"
          ],
          "rdf:language": [
            "nl"
          ],
          "rdf:predicate": [
            "shortDescription"
          ]
        },
        {
          "@id": "https://data.datatourisme.fr/d87ed0c5-4bf2-3b01-a623-d0a720fa1fb3",
          "dc:contributor": [
            "https://api.deepl.com/v2/translate"
          ],
          "rdf:language": [
            "es"
          ],
          "rdf:predicate": [
            "shortDescription"
          ]
        },
        {
          "@id": "https://data.datatourisme.fr/febf654b-c067-3a98-9a7b-5152be87037c",
          "dc:contributor": [
            "https://api.deepl.com/v2/translate"
          ],
          "rdf:language": [
            "en"
          ],
          "rdf:predicate": [
            "shortDescription"
          ]
        }
      ],
      "shortDescription": {
        "de": [
          "Das Ô Café gourmand ist eine Café-Bar"
        ],
        "en": [
          "The Ô Café gourmand is a Café bar"
        ],
        "it": [
          "Il Ô Café gourmand è un Café bar"
        ],
        "fr": [
          "Le Ô Café gourmand est un Café bar"
        ],
        "nl": [
          "Het ÔCafé gourmand is een Café bar"
        ],
        "es": [
          "El Ô Café gourmand es un café bar"
        ]
      }
    }
  ],
  "hasTranslatedProperty": [
    {
      "@id": "https://data.datatourisme.fr/0225ba6f-bb7b-3f4f-8681-e7105592de56",
      "dc:contributor": [
        "https://api.deepl.com/v2/translate"
      ],
      "rdf:language": [
        "de"
      ],
      "rdf:predicate": [
        {
          "@id": "rdfs:comment"
        }
      ]
    },
    {
      "@id": "https://data.datatourisme.fr/219037cd-106d-3af0-b35b-355af47bb5dd",
      "dc:contributor": [
        "https://api.deepl.com/v2/translate"
      ],
      "rdf:language": [
        "it"
      ],
      "rdf:predicate": [
        {
          "@id": "rdfs:comment"
        }
      ]
    },
    {
      "@id": "https://data.datatourisme.fr/a8fbcf1b-c871-3ad7-ad88-847524a7aa0e",
      "dc:contributor": [
        "https://api.deepl.com/v2/translate"
      ],
      "rdf:language": [
        "es"
      ],
      "rdf:predicate": [
        {
          "@id": "rdfs:comment"
        }
      ]
    },
    {
      "@id": "https://data.datatourisme.fr/c143ba77-0262-3087-b562-8f71358e4aa6",
      "dc:contributor": [
        "https://api.deepl.com/v2/translate"
      ],
      "rdf:language": [
        "nl"
      ],
      "rdf:predicate": [
        {
          "@id": "rdfs:comment"
        }
      ]
    },
    {
      "@id": "https://data.datatourisme.fr/dd283541-6ecc-3f1a-bad0-8a05e0b30eed",
      "dc:contributor": [
        "https://api.deepl.com/v2/translate"
      ],
      "rdf:language": [
        "en"
      ],
      "rdf:predicate": [
        {
          "@id": "rdfs:comment"
        }
      ]
    }
  ],
  "isLocatedAt": [
    {
      "@id": "https://data.datatourisme.fr/54a0d293-5ef2-3838-a3c0-60a7a4645a57",
      "schema:address": [
        {
          "@id": "https://data.datatourisme.fr/d564a60d-bf63-39f1-9d4e-b0670180c3c8",
          "schema:addressLocality": "Bouafle",
          "schema:postalCode": "78410",
          "schema:streetAddress": [
            "1 Rue Maurice Berteaux"
          ],
          "@type": [
            "schema:PostalAddress",
            "PostalAddress"
          ],
          "hasAddressCity": {
            "@id": "kb:78090",
            "@type": [
              "City"
            ],
            "rdfs:label": {
              "de": [
                "Bouafle"
              ],
              "pt": [
                "Bouafle"
              ],
              "en": [
                "Bouafle"
              ],
              "it": [
                "Bouafle"
              ],
              "fr": [
                "Bouafle"
              ],
              "nl": [
                "Bouafle"
              ],
              "es": [
                "Bouafle"
              ]
            },
            "insee": "78090",
            "isPartOfDepartment": {
              "@id": "kb:France1178",
              "@type": [
                "Department"
              ],
              "rdfs:label": {
                "de": [
                  "Yvelines"
                ],
                "pt": [
                  "Yvelines"
                ],
                "en": [
                  "Yvelines"
                ],
                "it": [
                  "Yvelines"
                ],
                "fr": [
                  "Yvelines"
                ],
                "nl": [
                  "Yvelines"
                ],
                "es": [
                  "Yvelines"
                ]
              },
              "insee": "78",
              "isPartOfRegion": {
                "@id": "kb:France11",
                "@type": [
                  "Region"
                ],
                "rdfs:label": {
                  "de": [
                    "Île-de-France"
                  ],
                  "pt": [
                    "Île-de-France"
                  ],
                  "en": [
                    "Île-de-France"
                  ],
                  "it": [
                    "Île-de-France"
                  ],
                  "fr": [
                    "Île-de-France"
                  ],
                  "nl": [
                    "Île-de-France"
                  ],
                  "es": [
                    "Île-de-France"
                  ]
                },
                "insee": "11",
                "isPartOfCountry": {
                  "@id": "kb:France",
                  "@type": [
                    "schema:Country"
                  ],
                  "rdfs:label": {
                    "de": [
                      "France",
                      "Frankreich"
                    ],
                    "pt": [
                      "França",
                      "France"
                    ],
                    "en": [
                      "France"
                    ],
                    "it": [
                      "France",
                      "Francia"
                    ],
                    "fr": [
                      "France"
                    ],
                    "nl": [
                      "France",
                      "Frankrijk"
                    ],
                    "es": [
                      "France",
                      "Francia"
                    ]
                  }
                }
              }
            }
          }
        }
      ],
      "schema:geo": {
        "@id": "https://data.datatourisme.fr/16b14cdf-1be0-323a-a3be-6e49b4355026",
        "schema:latitude": "48.965689",
        "schema:longitude": "1.897926",
        "@type": [
          "schema:GeoCoordinates"
        ]
      },
      "schema:openingHoursSpecification": [
        {
          "@id": "https://data.datatourisme.fr/f87e535a-636d-3343-ad63-8a03392e7511",
          "schema:validFrom": "2023-01-01T00:00:00",
          "schema:validThrough": "2023-12-31T23:59:59",
          "@type": [
            "schema:OpeningHoursSpecification"
          ]
        }
      ],
      "@type": [
        "schema:Place",
        "Place"
      ]
    }
  ],
  "isOwnedBy": [
    {
      "@id": "https://data.datatourisme.fr/44eacd0d-f255-38e9-b0f2-4a31202fdb58",
      "schema:email": [
        "anicoud@terres-de-seine.fr",
        "anne.perchec@gpseo.fr",
        "contact@terres-de-seine.fr",
        "estelle.rouille@gpseo.fr",
        "fbony@terres-de-seine.fr",
        "hillaryramanank@yahoo.fr",
        "vgateau@terres-de-seine.fr",
        "xcadilhac.oti.gpseo@gmail.com"
      ],
      "schema:legalName": "Communauté Urbaine Grand Paris Seine & Oise",
      "@type": [
        "schema:Organization",
        "foaf:Agent",
        "Agent"
      ],
      "foaf:homepage": [
        "https://www.insectes.org/"
      ]
    }
  ],
  "lastUpdate": "2021-06-05",
  "lastUpdateDatatourisme": "2023-02-01T18:07:35.97Z"
}