{
  "@id": "https://data.datatourisme.fr/13/0a936c44-a65f-3787-924e-4b9c2d219baf",
  "dc:identifier": "680643",
  "@type": [
    "schema:FoodEstablishment",
    "FoodEstablishment",
    "PlaceOfInterest",
    "PointOfInterest"
  ],
  "rdfs:comment": {
    "de": [
      "Nachdem Sie durch die malerischen Gassen des Flohmarkts geschlendert sind, lassen Sie sich im sympathischen \"Café des Sports\" nieder. Es bietet Ihnen eine schmackhafte traditionelle Küche, die aus frischen Saisonprodukten in einer familiären Atmosphäre zubereitet wird."
    ],
    "en": [
      "After exploring the picturesque streets of the flea market, just relax in the friendly \"Sports Cafe\". It offers traditional tasty cuisine using fresh seasonal products in a family atmosphere."
    ],
    "it": [
      "Dopo aver passeggiato per le pittoresche vie del mercato delle pulci, venite a sedervi nell'accogliente \"Café des sports\". Offre una gustosa cucina tradizionale a base di prodotti freschi di stagione in un'atmosfera familiare."
    ],
    "fr": [
      "Après avoir arpenté les ruelles pittoresques du marché aux Puces, venez vous poser dans le sympathique \"Café des sports\". Il vous propose une cuisine traditionnelle goûteuse élaborée à partir de produits frais de saison dans une ambiance familiale."
    ],
    "es": [
      "Tras recorrer las pintorescas callejuelas del Mercado de las Pulgas podréis descansar en el agradable «Café des sports» que ofrece una sabrosa cocina tradicional elaborada con productos frescos de temporada en un ambiente familiar."
    ],
    "nl": [
      "Na een wandeling door de pittoreske straatjes van de vlooienmarkt kunt u plaatsnemen in het gezellige \"Café des sports\". Het biedt een smakelijke traditionele keuken gemaakt van verse seizoensproducten in een familiale sfeer."
    ]
  },
  "rdfs:label": {
    "en": [
      "Café des sports"
    ],
    "fr": [
      "Café des sports"
    ],
    "es": [
      "Café des sports"
    ]
  },
  "hasBeenCreatedBy": {
    "@id": "https://data.datatourisme.fr/13/298923c8-1900-35e9-9288-b430794814c4",
    "dc:identifier": "1015",
    "schema:email": [
      "jt.charbonnier@plainecommunetourisme.com",
      "s.vallier@plainecommunetourisme.com",
      "webmarketer@plainecommunetourisme.com"
    ],
    "schema:legalName": "Office de Tourisme Plaine commune grand Paris",
    "@type": [
      "schema:Organization",
      "foaf:Agent",
      "Agent"
    ],
    "foaf:homepage": [
      "https://www.tourisme-plainecommune-paris.com/"
    ]
  },
  "hasBeenPublishedBy": [
    {
      "@id": "https://data.datatourisme.fr/8a9feb4b-2cbd-3d2c-b507-bd6c6776b23b",
      "schema:legalName": "Apidae Tourisme Scic SA - source : Apidae Tourisme",
      "@type": [
        "schema:Organization",
        "foaf:Agent",
        "Agent"
      ],
      "foaf:homepage": [
        "https://www.apidae-tourisme.com/"
      ]
    }
  ],
  "hasContact": [
    {
      "@id": "https://data.datatourisme.fr/dfc32a18-d999-3f4f-97d1-5e38b5d984b3",
      "schema:telephone": [
        "+33 1 40 11 15 06"
      ],
      "@type": [
        "foaf:Agent",
        "Agent"
      ]
    }
  ],
  "hasDescription": [
    {
      "@id": "https://data.datatourisme.fr/b60c0670-8d34-35c6-b628-f055d8d43e8a",
      "@type": [
        "Description"
      ],
      "hasTranslatedProperty": [
        {
          "@id": "https://data.datatourisme.fr/5cad1e4a-abfb-3da3-983f-2c336c6c2c00",
          "dc:contributor": [
            "https://api.deepl.com/v2/translate"
          ],
          "rdf:language": [
            "de"
          ],
          "rdf:predicate": [
            "shortDescription"
          ]
        },
        {
          "@id": "https://data.datatourisme.fr/a1aa4aa7-6056-350e-a168-5c9c5c166d75",
          "dc:contributor": [
            "https://api.deepl.com/v2/translate"
          ],
          "rdf:language": [
            "it"
          ],
          "rdf:predicate": [
            "shortDescription"
          ]
        },
        {
          "@id": "https://data.datatourisme.fr/d3e92af2-c9f9-3bff-9b24-f74be83cdcc2",
          "dc:contributor": [
            "https://api.deepl.com/v2/translate"
          ],
          "rdf:language": [
            "nl"
          ],
          "rdf:predicate": [
            "shortDescription"
          ]
        }
      ],
      "shortDescription": {
        "de": [
          "Nachdem Sie durch die malerischen Gassen des Flohmarkts geschlendert sind, lassen Sie sich im sympathischen \"Café des Sports\" nieder. Es bietet Ihnen eine schmackhafte traditionelle Küche, die aus frischen Saisonprodukten in einer familiären Atmosphäre zubereitet wird."
        ],
        "en": [
          "After exploring the picturesque streets of the flea market, just relax in the friendly \"Sports Cafe\". It offers traditional tasty cuisine using fresh seasonal products in a family atmosphere."
        ],
        "it": [
          "Dopo aver passeggiato per le pittoresche vie del mercato delle pulci, venite a sedervi nell'accogliente \"Café des sports\". Offre una gustosa cucina tradizionale a base di prodotti freschi di stagione in un'atmosfera familiare."
        ],
        "fr": [
          "Après avoir arpenté les ruelles pittoresques du marché aux Puces, venez vous poser dans le sympathique \"Café des sports\". Il vous propose une cuisine traditionnelle goûteuse élaborée à partir de produits frais de saison dans une ambiance familiale."
        ],
        "es": [
          "Tras recorrer las pintorescas callejuelas del Mercado de las Pulgas podréis descansar en el agradable «Café des sports» que ofrece una sabrosa cocina tradicional elaborada con productos frescos de temporada en un ambiente familiar."
        ],
        "nl": [
          "Na een wandeling door de pittoreske straatjes van de vlooienmarkt kunt u plaatsnemen in het gezellige \"Café des sports\". Het biedt een smakelijke traditionele keuken gemaakt van verse seizoensproducten in een familiale sfeer."
        ]
      }
    }
  ],
  "hasTranslatedProperty": [
    {
      "@id": "https://data.datatourisme.fr/1d02be3a-f604-319d-94aa-c90d76cd162a",
      "dc:contributor": [
        "https://api.deepl.com/v2/translate"
      ],
      "rdf:language": [
        "it"
      ],
      "rdf:predicate": [
        {
          "@id": "rdfs:comment"
        }
      ]
    },
    {
      "@id": "https://data.datatourisme.fr/57d1fda0-0b5b-324f-a743-1673e30f5894",
      "dc:contributor": [
        "https://api.deepl.com/v2/translate"
      ],
      "rdf:language": [
        "de"
      ],
      "rdf:predicate": [
        {
          "@id": "rdfs:comment"
        }
      ]
    },
    {
      "@id": "https://data.datatourisme.fr/fbd0571d-3ba2-3d21-859d-d0e7fb68b911",
      "dc:contributor": [
        "https://api.deepl.com/v2/translate"
      ],
      "rdf:language": [
        "nl"
      ],
      "rdf:predicate": [
        {
          "@id": "rdfs:comment"
        }
      ]
    }
  ],
  "isLocatedAt": [
    {
      "@id": "https://data.datatourisme.fr/1e8d8362-e5c5-334e-bc20-5ec248372925",
      "schema:address": [
        {
          "@id": "https://data.datatourisme.fr/d1ea3f41-ab0a-3f74-b4aa-7f932c879399",
          "schema:addressLocality": "Saint-Ouen-sur-Seine",
          "schema:postalCode": "93400",
          "schema:streetAddress": [
            "16 rue Myrtille Beer"
          ],
          "@type": [
            "schema:PostalAddress",
            "PostalAddress"
          ],
          "hasAddressCity": {
            "@id": "kb:93070",
            "@type": [
              "City"
            ],
            "rdfs:label": {
              "de": [
                "Saint-Ouen-sur-Seine"
              ],
              "pt": [
                "Saint-Ouen-sur-Seine"
              ],
              "en": [
                "Saint-Ouen-sur-Seine"
              ],
              "it": [
                "Saint-Ouen-sur-Seine"
              ],
              "fr": [
                "Saint-Ouen-sur-Seine"
              ],
              "nl": [
                "Saint-Ouen-sur-Seine"
              ],
              "es": [
                "Saint-Ouen-sur-Seine"
              ]
            },
            "insee": "93070",
            "isPartOfDepartment": {
              "@id": "kb:France1193",
              "@type": [
                "Department"
              ],
              "rdfs:label": {
                "de": [
                  "Seine-Saint-Denis"
                ],
                "pt": [
                  "Seine-Saint-Denis"
                ],
                "en": [
                  "Seine-Saint-Denis"
                ],
                "it": [
                  "Seine-Saint-Denis"
                ],
                "fr": [
                  "Seine-Saint-Denis"
                ],
                "nl": [
                  "Seine-Saint-Denis"
                ],
                "es": [
                  "Seine-Saint-Denis"
                ]
              },
              "insee": "93",
              "isPartOfRegion": {
                "@id": "kb:France11",
                "@type": [
                  "Region"
                ],
                "rdfs:label": {
                  "de": [
                    "Île-de-France"
                  ],
                  "pt": [
                    "Île-de-France"
                  ],
                  "en": [
                    "Île-de-France"
                  ],
                  "it": [
                    "Île-de-France"
                  ],
                  "fr": [
                    "Île-de-France"
                  ],
                  "nl": [
                    "Île-de-France"
                  ],
                  "es": [
                    "Île-de-France"
                  ]
                },
                "insee": "11",
                "isPartOfCountry": {
                  "@id": "kb:France",
                  "@type": [
                    "schema:Country"
                  ],
                  "rdfs:label": {
                    "de": [
                      "France",
                      "Frankreich"
                    ],
                    "pt": [
                      "França",
                      "France"
                    ],
                    "en": [
                      "France"
                    ],
                    "it": [
                      "France",
                      "Francia"
                    ],
                    "fr": [
                      "France"
                    ],
                    "nl": [
                      "France",
                      "Frankrijk"
                    ],
                    "es": [
                      "France",
                      "Francia"
                    ]
                  }
                }
              }
            }
          }
        }
      ],
      "schema:geo": {
        "@id": "https://data.datatourisme.fr/0385700e-e13c-38b1-af3d-67eb15edacea",
        "schema:latitude": "48.90507",
        "schema:longitude": "2.339632",
        "@type": [
          "schema:GeoCoordinates"
        ]
      },
      "schema:openingHoursSpecification": [
        {
          "@id": "https://data.datatourisme.fr/5858512d-abd3-33ef-8d57-b00a7c2c0ba3",
          "schema:closes": "17:00:00",
          "schema:opens": "07:00:00",
          "schema:validFrom": "2023-01-01T00:00:00",
          "schema:validThrough": "2023-12-31T23:59:59",
          "@type": [
            "schema:OpeningHoursSpecification"
          ],
          "additionalInformation": {
            "de": [
              "Abends auf Reservierung geöffnet"
            ],
            "en": [
              "Open in the evening on reservation"
            ],
            "it": [
              "Aperto la sera su prenotazione"
            ],
            "fr": [
              "Ouvert le soir sur réservation"
            ],
            "nl": [
              "S Avonds geopend op reservering"
            ],
            "es": [
              "Abierto por la noche previa reserva"
            ]
          },
          "hasTranslatedProperty": [
            {
              "@id": "https://data.datatourisme.fr/0f7b5d76-7ac9-3b52-8b6b-34230929520d",
              "dc:contributor": [
                "https://api.deepl.com/v2/translate"
              ],
              "rdf:language": [
                "nl"
              ],
              "rdf:predicate": [
                "additionalInformation"
              ]
            },
            {
              "@id": "https://data.datatourisme.fr/19c336ec-bd52-3ee3-bfe0-115f394739f6",
              "dc:contributor": [
                "https://api.deepl.com/v2/translate"
              ],
              "rdf:language": [
                "en"
              ],
              "rdf:predicate": [
                "additionalInformation"
              ]
            },
            {
              "@id": "https://data.datatourisme.fr/8372e1d9-f32b-3be6-988b-ef20eeef0a64",
              "dc:contributor": [
                "https://api.deepl.com/v2/translate"
              ],
              "rdf:language": [
                "es"
              ],
              "rdf:predicate": [
                "additionalInformation"
              ]
            },
            {
              "@id": "https://data.datatourisme.fr/d8b9d8b7-331d-3b6a-829b-b85b07336f42",
              "dc:contributor": [
                "https://api.deepl.com/v2/translate"
              ],
              "rdf:language": [
                "de"
              ],
              "rdf:predicate": [
                "additionalInformation"
              ]
            },
            {
              "@id": "https://data.datatourisme.fr/f92c9081-d1c5-3321-a4dc-502b89280696",
              "dc:contributor": [
                "https://api.deepl.com/v2/translate"
              ],
              "rdf:language": [
                "it"
              ],
              "rdf:predicate": [
                "additionalInformation"
              ]
            }
          ]
        }
      ],
      "@type": [
        "schema:Place",
        "Place"
      ]
    }
  ],
  "isOwnedBy": [
    {
      "@id": "https://data.datatourisme.fr/0d295593-2e92-3cc3-8700-156dfc8eed88",
      "schema:email": [
        "jt.charbonnier@plainecommunetourisme.com",
        "s.vallier@plainecommunetourisme.com",
        "webmarketer@plainecommunetourisme.com"
      ],
      "schema:legalName": "Office de Tourisme Plaine commune grand Paris",
      "@type": [
        "schema:Organization",
        "foaf:Agent",
        "Agent"
      ],
      "foaf:homepage": [
        "https://www.tourisme-plainecommune-paris.com/"
      ]
    }
  ],
  "lastUpdate": "2022-03-17",
  "lastUpdateDatatourisme": "2023-05-30T05:49:20.347Z",
  "offers": [
    {
      "@id": "https://data.datatourisme.fr/19fb88fc-364a-3229-a2d0-3790fbca6ca3",
      "schema:priceSpecification": [
        {
          "@id": "https://data.datatourisme.fr/9a04b9b4-0135-323d-84d9-6d1a2bec3353",
          "schema:maxPrice": [
            "40"
          ],
          "schema:minPrice": [
            "15",
            "25"
          ],
          "schema:priceCurrency": "EUR",
          "@type": [
            "schema:PriceSpecification",
            "PriceSpecification"
          ],
          "appliesOnPeriod": [
            {
              "@id": "https://data.datatourisme.fr/f6e21f79-2c4f-3c46-b4a9-1ca285391041",
              "@type": [
                "Period"
              ],
              "endDate": "2018-12-31",
              "startDate": "2018-01-01"
            }
          ]
        }
      ],
      "@type": [
        "schema:Offer",
        "Offer"
      ]
    }
  ]
}