{
  "@id": "https://data.datatourisme.fr/13/0a3ff431-c5a8-30bb-9283-62c40de5175c",
  "dc:identifier": "820875",
  "schema:endDate": [
    "2023-12-31"
  ],
  "schema:startDate": [
    "2023-01-01"
  ],
  "@type": [
    "schema:Event",
    "schema:SaleEvent",
    "EntertainmentAndEvent",
    "Market",
    "PointOfInterest",
    "SaleEvent"
  ],
  "rdfs:comment": {
    "de": [
      "Der Besuch einer Markthalle ist ein Spaziergang an einem authentischen Ort in Paris, inmitten der Bewohner des Viertels und in einer stets gutmütigen Atmosphäre."
    ],
    "en": [
      "To visit a covered market is to stroll in an authentic place in Paris, in the midst of the inhabitants of the neighbourhood, in an atmosphere that is always good-natured."
    ],
    "it": [
      "Visitare un mercato coperto significa passeggiare in un luogo autentico di Parigi, tra gli abitanti del quartiere, in un'atmosfera sempre amichevole."
    ],
    "fr": [
      "Visiter un marché couvert, c'est se balader dans un endroit authentique à Paris, au milieu des habitants du quartier, dans une atmosphère toujours bon enfant."
    ],
    "es": [
      "Visitar un mercado cubierto es pasear por un lugar auténtico de París, en medio de los habitantes del barrio, en un ambiente siempre amable."
    ],
    "nl": [
      "Een overdekte markt bezoeken is wandelen door een authentieke plek in Parijs, tussen de inwoners van de wijk, in een sfeer die altijd vriendelijk is."
    ]
  },
  "rdfs:label": {
    "fr": [
      "Marché couvert Saint-Germain"
    ]
  },
  "hasBeenCreatedBy": {
    "@id": "https://data.datatourisme.fr/13/03e0704b-5690-32de-a186-1dc3ad3316c9",
    "dc:identifier": "1019",
    "schema:email": [
      "bgeigle@visitparisregion.com",
      "hcaldo@visitparisregion.com",
      "mtanaskovic@visitparisregion.com"
    ],
    "schema:legalName": "Comité Régional du Tourisme Paris Ile de France",
    "@type": [
      "schema:Organization",
      "foaf:Agent",
      "Agent"
    ],
    "foaf:homepage": [
      "http://www.visitparisregion.com/"
    ]
  },
  "hasBeenPublishedBy": [
    {
      "@id": "https://data.datatourisme.fr/8a9feb4b-2cbd-3d2c-b507-bd6c6776b23b",
      "schema:legalName": "Apidae Tourisme Scic SA - source : Apidae Tourisme",
      "@type": [
        "schema:Organization",
        "foaf:Agent",
        "Agent"
      ],
      "foaf:homepage": [
        "https://www.apidae-tourisme.com/"
      ]
    }
  ],
  "hasContact": [
    {
      "@id": "https://data.datatourisme.fr/24f2ecd5-f231-3885-b292-590c947f872e",
      "@type": [
        "foaf:Agent",
        "Agent"
      ],
      "foaf:homepage": [
        "http://next.paris.fr/pro/commercants-et-artisans/2d3es-marches/les-marches-alimentaires-par-arrondissement/rub_9592_stand_85004_port_23615"
      ]
    }
  ],
  "hasDescription": [
    {
      "@id": "https://data.datatourisme.fr/329670ed-56ca-3802-9679-0b7a7fb5ec94",
      "@type": [
        "Description"
      ],
      "hasTranslatedProperty": [
        {
          "@id": "https://data.datatourisme.fr/50a076f1-bf78-3c35-bd03-5376a90adb8d",
          "dc:contributor": [
            "https://api.deepl.com/v2/translate"
          ],
          "rdf:language": [
            "nl"
          ],
          "rdf:predicate": [
            "shortDescription"
          ]
        },
        {
          "@id": "https://data.datatourisme.fr/52a8b305-946a-3fdc-99a2-4853ffccc281",
          "dc:contributor": [
            "https://api.deepl.com/v2/translate"
          ],
          "rdf:language": [
            "de"
          ],
          "rdf:predicate": [
            "shortDescription"
          ]
        },
        {
          "@id": "https://data.datatourisme.fr/7edd4756-7ccb-3784-b352-8d1bf6626819",
          "dc:contributor": [
            "https://api.deepl.com/v2/translate"
          ],
          "rdf:language": [
            "it"
          ],
          "rdf:predicate": [
            "shortDescription"
          ]
        },
        {
          "@id": "https://data.datatourisme.fr/8f7e36cc-5f23-3729-aeb6-f06bad6bf8d6",
          "dc:contributor": [
            "https://api.deepl.com/v2/translate"
          ],
          "rdf:language": [
            "es"
          ],
          "rdf:predicate": [
            "shortDescription"
          ]
        },
        {
          "@id": "https://data.datatourisme.fr/d1cf91e0-bbaf-3aa4-81f1-8a4d56e993db",
          "dc:contributor": [
            "https://api.deepl.com/v2/translate"
          ],
          "rdf:language": [
            "en"
          ],
          "rdf:predicate": [
            "shortDescription"
          ]
        }
      ],
      "shortDescription": {
        "de": [
          "Der Besuch einer Markthalle ist ein Spaziergang an einem authentischen Ort in Paris, inmitten der Bewohner des Viertels und in einer stets gutmütigen Atmosphäre."
        ],
        "en": [
          "To visit a covered market is to stroll in an authentic place in Paris, in the midst of the inhabitants of the neighbourhood, in an atmosphere that is always good-natured."
        ],
        "it": [
          "Visitare un mercato coperto significa passeggiare in un luogo autentico di Parigi, tra gli abitanti del quartiere, in un'atmosfera sempre amichevole."
        ],
        "fr": [
          "Visiter un marché couvert, c'est se balader dans un endroit authentique à Paris, au milieu des habitants du quartier, dans une atmosphère toujours bon enfant."
        ],
        "es": [
          "Visitar un mercado cubierto es pasear por un lugar auténtico de París, en medio de los habitantes del barrio, en un ambiente siempre amable."
        ],
        "nl": [
          "Een overdekte markt bezoeken is wandelen door een authentieke plek in Parijs, tussen de inwoners van de wijk, in een sfeer die altijd vriendelijk is."
        ]
      }
    }
  ],
  "hasTranslatedProperty": [
    {
      "@id": "https://data.datatourisme.fr/4fb03228-ec28-34c2-9b16-6e305c9b0e62",
      "dc:contributor": [
        "https://api.deepl.com/v2/translate"
      ],
      "rdf:language": [
        "it"
      ],
      "rdf:predicate": [
        {
          "@id": "rdfs:comment"
        }
      ]
    },
    {
      "@id": "https://data.datatourisme.fr/7f0ef747-5af0-3056-ba23-7be54646e956",
      "dc:contributor": [
        "https://api.deepl.com/v2/translate"
      ],
      "rdf:language": [
        "nl"
      ],
      "rdf:predicate": [
        {
          "@id": "rdfs:comment"
        }
      ]
    },
    {
      "@id": "https://data.datatourisme.fr/8ec3cd97-0cef-3e4d-8bd4-860d12754ab6",
      "dc:contributor": [
        "https://api.deepl.com/v2/translate"
      ],
      "rdf:language": [
        "es"
      ],
      "rdf:predicate": [
        {
          "@id": "rdfs:comment"
        }
      ]
    },
    {
      "@id": "https://data.datatourisme.fr/e1fccd1b-9fec-34e5-86ce-50422f64bb7d",
      "dc:contributor": [
        "https://api.deepl.com/v2/translate"
      ],
      "rdf:language": [
        "en"
      ],
      "rdf:predicate": [
        {
          "@id": "rdfs:comment"
        }
      ]
    },
    {
      "@id": "https://data.datatourisme.fr/fa6e7b6d-e9d3-3c27-8d04-7d43bf10c6f1",
      "dc:contributor": [
        "https://api.deepl.com/v2/translate"
      ],
      "rdf:language": [
        "de"
      ],
      "rdf:predicate": [
        {
          "@id": "rdfs:comment"
        }
      ]
    }
  ],
  "isLocatedAt": [
    {
      "@id": "https://data.datatourisme.fr/76257b47-dc38-3c37-87da-13fd3439209e",
      "schema:address": [
        {
          "@id": "https://data.datatourisme.fr/e12097a4-b025-3b39-9e8d-91d2e22b2d23",
          "schema:addressLocality": "Paris 6e Arrondissement",
          "schema:postalCode": "75006",
          "schema:streetAddress": [
            "4/6 rue Lobineau",
            "Marché couvert Saint-Germain"
          ],
          "@type": [
            "schema:PostalAddress",
            "PostalAddress"
          ],
          "hasAddressCity": {
            "@id": "kb:75106",
            "@type": [
              "City"
            ],
            "rdfs:label": {
              "de": [
                "Paris 6e Arrondissement"
              ],
              "pt": [
                "Paris 6e Arrondissement"
              ],
              "en": [
                "Paris 6e Arrondissement"
              ],
              "it": [
                "Paris 6e Arrondissement"
              ],
              "fr": [
                "Paris 6e Arrondissement"
              ],
              "nl": [
                "Paris 6e Arrondissement"
              ],
              "es": [
                "Paris 6e Arrondissement"
              ]
            },
            "insee": "75106",
            "isPartOfDepartment": {
              "@id": "kb:France1175",
              "@type": [
                "Department"
              ],
              "rdfs:label": {
                "de": [
                  "Paris"
                ],
                "pt": [
                  "Paris"
                ],
                "en": [
                  "Paris"
                ],
                "it": [
                  "Paris"
                ],
                "fr": [
                  "Paris"
                ],
                "nl": [
                  "Paris"
                ],
                "es": [
                  "Paris"
                ]
              },
              "insee": "75",
              "isPartOfRegion": {
                "@id": "kb:France11",
                "@type": [
                  "Region"
                ],
                "rdfs:label": {
                  "de": [
                    "Île-de-France"
                  ],
                  "pt": [
                    "Île-de-France"
                  ],
                  "en": [
                    "Île-de-France"
                  ],
                  "it": [
                    "Île-de-France"
                  ],
                  "fr": [
                    "Île-de-France"
                  ],
                  "nl": [
                    "Île-de-France"
                  ],
                  "es": [
                    "Île-de-France"
                  ]
                },
                "insee": "11",
                "isPartOfCountry": {
                  "@id": "kb:France",
                  "@type": [
                    "schema:Country"
                  ],
                  "rdfs:label": {
                    "de": [
                      "France",
                      "Frankreich"
                    ],
                    "pt": [
                      "França",
                      "France"
                    ],
                    "en": [
                      "France"
                    ],
                    "it": [
                      "France",
                      "Francia"
                    ],
                    "fr": [
                      "France"
                    ],
                    "nl": [
                      "France",
                      "Frankrijk"
                    ],
                    "es": [
                      "France",
                      "Francia"
                    ]
                  }
                }
              }
            }
          }
        }
      ],
      "schema:geo": {
        "@id": "https://data.datatourisme.fr/8e66c7cf-c89f-3d14-b99b-69c9bb5647f8",
        "schema:latitude": "48.851765",
        "schema:longitude": "2.336383",
        "@type": [
          "schema:GeoCoordinates"
        ]
      },
      "schema:openingHoursSpecification": [
        {
          "@id": "https://data.datatourisme.fr/34238d45-81c5-3163-8920-4678db36845f",
          "schema:closes": "20:00:00",
          "schema:opens": "08:30:00",
          "schema:validFrom": "2023-01-01T00:00:00",
          "schema:validThrough": "2023-12-31T23:59:59",
          "@type": [
            "schema:OpeningHoursSpecification"
          ],
          "additionalInformation": {
            "de": [
              "sonntagnachmittag geschlossen"
            ],
            "en": [
              "closed on Sunday afternoon"
            ],
            "it": [
              "chiuso la domenica pomeriggio"
            ],
            "fr": [
              "fermeture le dimanche après-midi"
            ],
            "nl": [
              "gesloten op zondagmiddag"
            ],
            "es": [
              "cerrado el domingo por la tarde"
            ]
          },
          "hasTranslatedProperty": [
            {
              "@id": "https://data.datatourisme.fr/0aeb47c8-5d2d-3652-8f24-8a90d2f55be7",
              "dc:contributor": [
                "https://api.deepl.com/v2/translate"
              ],
              "rdf:language": [
                "de"
              ],
              "rdf:predicate": [
                "additionalInformation"
              ]
            },
            {
              "@id": "https://data.datatourisme.fr/97a36ae5-668a-3e3b-8a41-6b9b8ba404bd",
              "dc:contributor": [
                "https://api.deepl.com/v2/translate"
              ],
              "rdf:language": [
                "es"
              ],
              "rdf:predicate": [
                "additionalInformation"
              ]
            },
            {
              "@id": "https://data.datatourisme.fr/a2cf2f62-a287-31f3-9099-35df0530a797",
              "dc:contributor": [
                "https://api.deepl.com/v2/translate"
              ],
              "rdf:language": [
                "nl"
              ],
              "rdf:predicate": [
                "additionalInformation"
              ]
            },
            {
              "@id": "https://data.datatourisme.fr/b6b6a119-a959-3bb0-9d17-5383e1fdebbb",
              "dc:contributor": [
                "https://api.deepl.com/v2/translate"
              ],
              "rdf:language": [
                "en"
              ],
              "rdf:predicate": [
                "additionalInformation"
              ]
            },
            {
              "@id": "https://data.datatourisme.fr/d10ddb21-40a1-379b-b65d-4f1a687c83f7",
              "dc:contributor": [
                "https://api.deepl.com/v2/translate"
              ],
              "rdf:language": [
                "it"
              ],
              "rdf:predicate": [
                "additionalInformation"
              ]
            }
          ]
        }
      ],
      "@type": [
        "schema:Place",
        "Place"
      ]
    }
  ],
  "isOwnedBy": [
    {
      "@id": "https://data.datatourisme.fr/26ecd6f0-563c-356a-b0f9-ad3ec17effc4",
      "schema:email": [
        "bgeigle@visitparisregion.com",
        "hcaldo@visitparisregion.com",
        "mtanaskovic@visitparisregion.com"
      ],
      "schema:legalName": "Comité Régional du Tourisme Paris Ile de France",
      "@type": [
        "schema:Organization",
        "foaf:Agent",
        "Agent"
      ],
      "foaf:homepage": [
        "http://www.visitparisregion.com/"
      ]
    }
  ],
  "lastUpdate": "2020-09-29",
  "lastUpdateDatatourisme": "2023-05-30T05:49:20.359Z",
  "takesPlaceAt": [
    {
      "@id": "https://data.datatourisme.fr/8e236d8d-6b8a-3f17-9463-906d270c5b95",
      "@type": [
        "Period",
        "RecurrentPeriod"
      ],
      "appliesOnDay": [
        {
          "@id": "schema:Monday",
          "@type": [
            "schema:DayOfWeek"
          ],
          "rdfs:label": {
            "de": [
              "Montag"
            ],
            "pt": [
              "Segunda-feira"
            ],
            "en": [
              "Monday"
            ],
            "it": [
              "Lunedì"
            ],
            "fr": [
              "Lundi"
            ],
            "nl": [
              "Maandag"
            ],
            "es": [
              "Lunes"
            ]
          }
        }
      ],
      "endDate": "2023-12-31",
      "endTime": "20:00:00",
      "startDate": "2023-01-01",
      "startTime": "08:30:00"
    }
  ]
}