{
  "@id": "https://data.datatourisme.fr/13/0a72e7b0-6d10-3ed4-82be-437e510a89c2",
  "dc:identifier": "6021694",
  "@type": [
    "schema:LocalBusiness",
    "EquestrianCenter",
    "PlaceOfInterest",
    "PointOfInterest",
    "SportsAndLeisurePlace"
  ],
  "rdfs:comment": {
    "de": [
      "Nathalie und Olivier Gouere leiten das Gestüt seit über 30 Jahren und bieten ihren Kunden qualitativ hochwertige Leistungen, sowohl in Bezug auf die Einrichtungen als auch auf den Unterricht."
    ],
    "en": [
      "Nathalie and Olivier Gouere have been running the Haras for more than 30 years and offer their clients quality services, both in terms of facilities and teaching."
    ],
    "it": [
      "Nathalie e Olivier Gouere gestiscono l'Haras da oltre 30 anni e offrono ai loro clienti servizi di qualità, sia in termini di strutture che di insegnamento."
    ],
    "fr": [
      "Nathalie et Olivier Gouere dirigent le Haras depuis plus de 30 ans et offrent à leur clientèle des prestations de qualité, tant sur le plan des installations que dans l’enseignement."
    ],
    "es": [
      "Nathalie y Olivier Gouere dirigen el Haras desde hace más de 30 años y ofrecen a sus clientes servicios de calidad, tanto en lo que respecta a las instalaciones como a la enseñanza."
    ],
    "nl": [
      "Nathalie en Olivier Gouere runnen de Haras al meer dan 30 jaar en bieden hun klanten kwaliteitsdiensten aan, zowel op het gebied van faciliteiten als van onderwijs."
    ]
  },
  "rdfs:label": {
    "fr": [
      "Haras de Marangis"
    ]
  },
  "hasBeenCreatedBy": {
    "@id": "https://data.datatourisme.fr/13/84f0f204-82cd-37e5-aaca-f7364a643d33",
    "dc:identifier": "1640",
    "schema:email": [
      "fabrizia.brun@ccmsl.com",
      "marie.striebel@ccmsl.com",
      "tourisme@ccmsl.com"
    ],
    "schema:legalName": "Communauté de Communes Moret Seine et Loing",
    "@type": [
      "schema:Organization",
      "foaf:Agent",
      "Agent"
    ],
    "foaf:homepage": [
      "http://www.ccmsl.fr/"
    ]
  },
  "hasBeenPublishedBy": [
    {
      "@id": "https://data.datatourisme.fr/1db24fc4-b534-39bf-bdaf-152c6f98730e",
      "schema:legalName": "Seine et Marne Attractivité - source : Apidae Tourisme",
      "@type": [
        "schema:Organization",
        "foaf:Agent",
        "Agent"
      ],
      "foaf:homepage": [
        "https://www.apidae-tourisme.com/"
      ]
    }
  ],
  "hasContact": [
    {
      "@id": "https://data.datatourisme.fr/2549d0db-bc3e-3c85-86ea-9376b2e0008d",
      "schema:email": [
        "contact@harasdemarangis.fr"
      ],
      "schema:telephone": [
        "+33 1 64 23 36 03",
        "+33 6 80 25 40 81"
      ],
      "@type": [
        "foaf:Agent",
        "Agent"
      ],
      "foaf:homepage": [
        "https://www.harasmarangis.fr/"
      ]
    }
  ],
  "hasDescription": [
    {
      "@id": "https://data.datatourisme.fr/0aaa9c22-430b-356b-bf6d-2025d60cfbd4",
      "@type": [
        "Description"
      ],
      "hasTranslatedProperty": [
        {
          "@id": "https://data.datatourisme.fr/15e8cc51-f9e1-3b49-ba5e-e83f112b7f05",
          "dc:contributor": [
            "https://api.deepl.com/v2/translate"
          ],
          "rdf:language": [
            "it"
          ],
          "rdf:predicate": [
            "shortDescription"
          ]
        },
        {
          "@id": "https://data.datatourisme.fr/527c2371-1f3f-3ad7-a8ad-1f70b6b0dd56",
          "dc:contributor": [
            "https://api.deepl.com/v2/translate"
          ],
          "rdf:language": [
            "es"
          ],
          "rdf:predicate": [
            "shortDescription"
          ]
        },
        {
          "@id": "https://data.datatourisme.fr/59302855-2e47-3ad0-bd93-4f174c803691",
          "dc:contributor": [
            "https://api.deepl.com/v2/translate"
          ],
          "rdf:language": [
            "de"
          ],
          "rdf:predicate": [
            "shortDescription"
          ]
        },
        {
          "@id": "https://data.datatourisme.fr/5e9c5d98-3ae7-379f-a91f-ef496d49974f",
          "dc:contributor": [
            "https://api.deepl.com/v2/translate"
          ],
          "rdf:language": [
            "en"
          ],
          "rdf:predicate": [
            "shortDescription"
          ]
        },
        {
          "@id": "https://data.datatourisme.fr/b7417d69-3403-3d14-9e0a-d8da01028984",
          "dc:contributor": [
            "https://api.deepl.com/v2/translate"
          ],
          "rdf:language": [
            "nl"
          ],
          "rdf:predicate": [
            "shortDescription"
          ]
        }
      ],
      "shortDescription": {
        "de": [
          "Nathalie und Olivier Gouere leiten das Gestüt seit über 30 Jahren und bieten ihren Kunden qualitativ hochwertige Leistungen, sowohl in Bezug auf die Einrichtungen als auch auf den Unterricht."
        ],
        "en": [
          "Nathalie and Olivier Gouere have been running the Haras for more than 30 years and offer their clients quality services, both in terms of facilities and teaching."
        ],
        "it": [
          "Nathalie e Olivier Gouere gestiscono l'Haras da oltre 30 anni e offrono ai loro clienti servizi di qualità, sia in termini di strutture che di insegnamento."
        ],
        "fr": [
          "Nathalie et Olivier Gouere dirigent le Haras depuis plus de 30 ans et offrent à leur clientèle des prestations de qualité, tant sur le plan des installations que dans l’enseignement."
        ],
        "es": [
          "Nathalie y Olivier Gouere dirigen el Haras desde hace más de 30 años y ofrecen a sus clientes servicios de calidad, tanto en lo que respecta a las instalaciones como a la enseñanza."
        ],
        "nl": [
          "Nathalie en Olivier Gouere runnen de Haras al meer dan 30 jaar en bieden hun klanten kwaliteitsdiensten aan, zowel op het gebied van faciliteiten als van onderwijs."
        ]
      }
    }
  ],
  "hasTheme": [
    {
      "@id": "kb:Riding",
      "@type": [
        "SportsTheme"
      ],
      "rdfs:label": {
        "de": [
          "Reiten"
        ],
        "pt": [
          "Equitação"
        ],
        "en": [
          "Riding"
        ],
        "it": [
          "Equitazione"
        ],
        "fr": [
          "Equitation"
        ],
        "nl": [
          "Paardrijden"
        ],
        "es": [
          "Equitación"
        ]
      }
    }
  ],
  "hasTranslatedProperty": [
    {
      "@id": "https://data.datatourisme.fr/118c7f32-b233-3960-b746-04ae93282ad7",
      "dc:contributor": [
        "https://api.deepl.com/v2/translate"
      ],
      "rdf:language": [
        "it"
      ],
      "rdf:predicate": [
        {
          "@id": "rdfs:comment"
        }
      ]
    },
    {
      "@id": "https://data.datatourisme.fr/4a61488f-d3df-32f7-b1a1-0b6f4c6eecc8",
      "dc:contributor": [
        "https://api.deepl.com/v2/translate"
      ],
      "rdf:language": [
        "de"
      ],
      "rdf:predicate": [
        {
          "@id": "rdfs:comment"
        }
      ]
    },
    {
      "@id": "https://data.datatourisme.fr/8757830c-746b-3444-8753-8e258619d67c",
      "dc:contributor": [
        "https://api.deepl.com/v2/translate"
      ],
      "rdf:language": [
        "es"
      ],
      "rdf:predicate": [
        {
          "@id": "rdfs:comment"
        }
      ]
    },
    {
      "@id": "https://data.datatourisme.fr/bb4d653e-9f6f-3173-983b-b736132f24c2",
      "dc:contributor": [
        "https://api.deepl.com/v2/translate"
      ],
      "rdf:language": [
        "nl"
      ],
      "rdf:predicate": [
        {
          "@id": "rdfs:comment"
        }
      ]
    },
    {
      "@id": "https://data.datatourisme.fr/e53974da-fc72-3234-ba5b-5cd06507631e",
      "dc:contributor": [
        "https://api.deepl.com/v2/translate"
      ],
      "rdf:language": [
        "en"
      ],
      "rdf:predicate": [
        {
          "@id": "rdfs:comment"
        }
      ]
    }
  ],
  "isLocatedAt": [
    {
      "@id": "https://data.datatourisme.fr/6db01cd6-28ca-3505-8091-a0e06b9635d1",
      "schema:address": [
        {
          "@id": "https://data.datatourisme.fr/7ab705b9-8099-3901-acff-227b7c169101",
          "schema:addressLocality": "Vernou-la-Celle-sur-Seine",
          "schema:postalCode": "77670",
          "schema:streetAddress": [
            "Rue du Moulin"
          ],
          "@type": [
            "schema:PostalAddress",
            "PostalAddress"
          ],
          "hasAddressCity": {
            "@id": "kb:77494",
            "@type": [
              "City"
            ],
            "rdfs:label": {
              "de": [
                "Vernou-la-Celle-sur-Seine"
              ],
              "pt": [
                "Vernou-la-Celle-sur-Seine"
              ],
              "en": [
                "Vernou-la-Celle-sur-Seine"
              ],
              "it": [
                "Vernou-la-Celle-sur-Seine"
              ],
              "fr": [
                "Vernou-la-Celle-sur-Seine"
              ],
              "nl": [
                "Vernou-la-Celle-sur-Seine"
              ],
              "es": [
                "Vernou-la-Celle-sur-Seine"
              ]
            },
            "insee": "77494",
            "isPartOfDepartment": {
              "@id": "kb:France1177",
              "@type": [
                "Department"
              ],
              "rdfs:label": {
                "de": [
                  "Seine-et-Marne"
                ],
                "pt": [
                  "Seine-et-Marne"
                ],
                "en": [
                  "Seine-et-Marne"
                ],
                "it": [
                  "Seine-et-Marne"
                ],
                "fr": [
                  "Seine-et-Marne"
                ],
                "nl": [
                  "Seine-et-Marne"
                ],
                "es": [
                  "Seine-et-Marne"
                ]
              },
              "insee": "77",
              "isPartOfRegion": {
                "@id": "kb:France11",
                "@type": [
                  "Region"
                ],
                "rdfs:label": {
                  "de": [
                    "Île-de-France"
                  ],
                  "pt": [
                    "Île-de-France"
                  ],
                  "en": [
                    "Île-de-France"
                  ],
                  "it": [
                    "Île-de-France"
                  ],
                  "fr": [
                    "Île-de-France"
                  ],
                  "nl": [
                    "Île-de-France"
                  ],
                  "es": [
                    "Île-de-France"
                  ]
                },
                "insee": "11",
                "isPartOfCountry": {
                  "@id": "kb:France",
                  "@type": [
                    "schema:Country"
                  ],
                  "rdfs:label": {
                    "de": [
                      "France",
                      "Frankreich"
                    ],
                    "pt": [
                      "França",
                      "France"
                    ],
                    "en": [
                      "France"
                    ],
                    "it": [
                      "France",
                      "Francia"
                    ],
                    "fr": [
                      "France"
                    ],
                    "nl": [
                      "France",
                      "Frankrijk"
                    ],
                    "es": [
                      "France",
                      "Francia"
                    ]
                  }
                }
              }
            }
          }
        }
      ],
      "schema:geo": {
        "@id": "https://data.datatourisme.fr/e3ada0e5-aa8a-39e8-bdad-70740cf9b241",
        "schema:latitude": "48.397703",
        "schema:longitude": "2.878553",
        "@type": [
          "schema:GeoCoordinates"
        ]
      },
      "schema:openingHoursSpecification": [
        {
          "@id": "https://data.datatourisme.fr/781f00e3-c892-328c-8ffe-5a9c5bee9d45",
          "schema:validFrom": "2023-01-01T00:00:00",
          "schema:validThrough": "2023-12-31T23:59:59",
          "@type": [
            "schema:OpeningHoursSpecification"
          ],
          "additionalInformation": {
            "de": [
              "Reservierungen 2-3 Tage im Voraus"
            ],
            "en": [
              "Reservations 2-3 days in advance"
            ],
            "it": [
              "Prenotazioni con 2-3 giorni di anticipo"
            ],
            "fr": [
              "Réservations 2-3 jours en amont"
            ],
            "nl": [
              "Reserveringen 2-3 dagen op voorhand"
            ],
            "es": [
              "Reservas con 2-3 días de antelación"
            ]
          },
          "hasTranslatedProperty": [
            {
              "@id": "https://data.datatourisme.fr/042285ba-edbf-3100-b3a3-703375647657",
              "dc:contributor": [
                "https://api.deepl.com/v2/translate"
              ],
              "rdf:language": [
                "es"
              ],
              "rdf:predicate": [
                "additionalInformation"
              ]
            },
            {
              "@id": "https://data.datatourisme.fr/44e43b75-42cf-3358-87a9-73a7ecc456b4",
              "dc:contributor": [
                "https://api.deepl.com/v2/translate"
              ],
              "rdf:language": [
                "it"
              ],
              "rdf:predicate": [
                "additionalInformation"
              ]
            },
            {
              "@id": "https://data.datatourisme.fr/607b226d-070f-3c8e-adfe-48fc226af2e6",
              "dc:contributor": [
                "https://api.deepl.com/v2/translate"
              ],
              "rdf:language": [
                "en"
              ],
              "rdf:predicate": [
                "additionalInformation"
              ]
            },
            {
              "@id": "https://data.datatourisme.fr/9c54ce0f-1d3b-3d22-8d72-1c715ee2605e",
              "dc:contributor": [
                "https://api.deepl.com/v2/translate"
              ],
              "rdf:language": [
                "de"
              ],
              "rdf:predicate": [
                "additionalInformation"
              ]
            },
            {
              "@id": "https://data.datatourisme.fr/bd9317b8-aa60-3d94-a5fe-bc4fecc40ecb",
              "dc:contributor": [
                "https://api.deepl.com/v2/translate"
              ],
              "rdf:language": [
                "nl"
              ],
              "rdf:predicate": [
                "additionalInformation"
              ]
            }
          ]
        }
      ],
      "@type": [
        "schema:Place",
        "Place"
      ]
    }
  ],
  "isOwnedBy": [
    {
      "@id": "https://data.datatourisme.fr/6d26ae2c-7de7-397c-b135-928637ab3b5f",
      "schema:email": [
        "fabrizia.brun@ccmsl.com",
        "marie.striebel@ccmsl.com"
      ],
      "schema:legalName": "Communauté de Communes Moret Seine et Loing",
      "@type": [
        "schema:Organization",
        "foaf:Agent",
        "Agent"
      ],
      "foaf:homepage": [
        "http://www.ccmsl.fr/"
      ]
    }
  ],
  "lastUpdate": "2022-07-24",
  "lastUpdateDatatourisme": "2023-02-10T06:39:19.799Z"
}