{
  "@id": "https://data.datatourisme.fr/13/0a1ae5e4-fc2f-37ee-83db-4902338e9782",
  "dc:identifier": "4958594",
  "@type": [
    "PlaceOfInterest",
    "PointOfInterest",
    "SportsAndLeisurePlace"
  ],
  "rdfs:label": {
    "en": [
      "La Nouvelle Eve"
    ],
    "fr": [
      "La Nouvelle Eve"
    ]
  },
  "hasBeenCreatedBy": {
    "@id": "https://data.datatourisme.fr/13/03e0704b-5690-32de-a186-1dc3ad3316c9",
    "dc:identifier": "1019",
    "schema:email": [
      "bgeigle@visitparisregion.com",
      "hcaldo@visitparisregion.com",
      "mtanaskovic@visitparisregion.com"
    ],
    "schema:legalName": "Comité Régional du Tourisme Paris Ile de France",
    "@type": [
      "schema:Organization",
      "foaf:Agent",
      "Agent"
    ],
    "foaf:homepage": [
      "http://www.visitparisregion.com/"
    ]
  },
  "hasBeenPublishedBy": [
    {
      "@id": "https://data.datatourisme.fr/8a9feb4b-2cbd-3d2c-b507-bd6c6776b23b",
      "schema:legalName": "Apidae Tourisme Scic SA - source : Apidae Tourisme",
      "@type": [
        "schema:Organization",
        "foaf:Agent",
        "Agent"
      ],
      "foaf:homepage": [
        "https://www.apidae-tourisme.com/"
      ]
    }
  ],
  "hasContact": [
    {
      "@id": "https://data.datatourisme.fr/2985207d-1a19-3a84-bfa9-6b32fe4ad2ee",
      "schema:telephone": [
        "+33 1 48 74 69 25"
      ],
      "@type": [
        "foaf:Agent",
        "Agent"
      ],
      "foaf:homepage": [
        "http://www.lanouvelleeveparis.com/"
      ]
    }
  ],
  "isLocatedAt": [
    {
      "@id": "https://data.datatourisme.fr/9094d8d9-74dd-38b8-862a-a5ec2b0db840",
      "schema:address": [
        {
          "@id": "https://data.datatourisme.fr/a1b84746-bc01-369b-ba83-cd30fcee5e66",
          "schema:addressLocality": "Paris",
          "schema:postalCode": "75009",
          "schema:streetAddress": [
            "25 rue Pierre Fontaine"
          ],
          "@type": [
            "schema:PostalAddress",
            "PostalAddress"
          ],
          "hasAddressCity": {
            "@id": "kb:75056",
            "@type": [
              "City"
            ],
            "rdfs:label": {
              "de": [
                "Paris"
              ],
              "pt": [
                "Paris"
              ],
              "en": [
                "Paris"
              ],
              "it": [
                "Paris"
              ],
              "fr": [
                "Paris"
              ],
              "nl": [
                "Paris"
              ],
              "es": [
                "Paris"
              ]
            },
            "insee": "75056",
            "isPartOfDepartment": {
              "@id": "kb:France1175",
              "@type": [
                "Department"
              ],
              "rdfs:label": {
                "de": [
                  "Paris"
                ],
                "pt": [
                  "Paris"
                ],
                "en": [
                  "Paris"
                ],
                "it": [
                  "Paris"
                ],
                "fr": [
                  "Paris"
                ],
                "nl": [
                  "Paris"
                ],
                "es": [
                  "Paris"
                ]
              },
              "insee": "75",
              "isPartOfRegion": {
                "@id": "kb:France11",
                "@type": [
                  "Region"
                ],
                "rdfs:label": {
                  "de": [
                    "Île-de-France"
                  ],
                  "pt": [
                    "Île-de-France"
                  ],
                  "en": [
                    "Île-de-France"
                  ],
                  "it": [
                    "Île-de-France"
                  ],
                  "fr": [
                    "Île-de-France"
                  ],
                  "nl": [
                    "Île-de-France"
                  ],
                  "es": [
                    "Île-de-France"
                  ]
                },
                "insee": "11",
                "isPartOfCountry": {
                  "@id": "kb:France",
                  "@type": [
                    "schema:Country"
                  ],
                  "rdfs:label": {
                    "de": [
                      "France",
                      "Frankreich"
                    ],
                    "pt": [
                      "França",
                      "France"
                    ],
                    "en": [
                      "France"
                    ],
                    "it": [
                      "France",
                      "Francia"
                    ],
                    "fr": [
                      "France"
                    ],
                    "nl": [
                      "France",
                      "Frankrijk"
                    ],
                    "es": [
                      "France",
                      "Francia"
                    ]
                  }
                }
              }
            }
          }
        }
      ],
      "schema:geo": {
        "@id": "https://data.datatourisme.fr/5fa45fa0-65f5-3139-8f62-c93e764bcc67",
        "schema:latitude": "48.881977",
        "schema:longitude": "2.333766",
        "@type": [
          "schema:GeoCoordinates"
        ]
      },
      "schema:openingHoursSpecification": [
        {
          "@id": "https://data.datatourisme.fr/c0177d71-7e47-33f8-86b8-bbd99d9b46ab",
          "schema:validFrom": "2023-01-01T00:00:00",
          "schema:validThrough": "2023-12-31T23:59:59",
          "@type": [
            "schema:OpeningHoursSpecification"
          ],
          "additionalInformation": {
            "de": [
              "Cancan-Show \"PARIS JE T'AIME\" von April bis Oktober\r\n- Dinner-Show ab 18:30 Uhr\r\n- Champagner-Show ab 20.00 Uhr oder 22.15 Uhr\r\n- Show von 20:30 bis 22:10 Uhr und von 22:30 bis 0:10 Uhr"
            ],
            "en": [
              "Cancan show \"PARIS JE T'AIME\" from April to October\r\n- Dinner-Show starting at 6:30 pm\r\n- Champagne-Spectacle from 8:00 pm or 10:15 pm\r\n- Show from 8:30 pm to 10:10 pm and from 10:30 pm to 12:10 am"
            ],
            "it": [
              "Spettacolo canoro \"PARIS JE T'AIME\" da aprile a ottobre\r\ncena e spettacolo dalle 18.30\r\nspettacolo di champagne dalle 20.00 o dalle 22.15\r\ndalle 20.30 alle 22.10 e dalle 22.30 alle 24.10"
            ],
            "fr": [
              "Cancan show \"PARIS JE T'AIME\" d'avril à octobre\r\n•\tDîner-Spectacle à partir de 18h30\r\n•\tChampagne-Spectacle à partir de 20h00 ou 22h15\r\n•\tSpectacle de 20h30 à 22h10 et de 22h30 à 0h10"
            ],
            "es": [
              "Espectáculo canario \"PARIS JE T'AIME\" de abril a octubre\r\ncena y espectáculo a partir de las 18.30 horas\r\n? espectáculo con champán a partir de las 20:00 o de las 22:15\r\nde 20:30 a 22:10 y de 22:30 a 12:10"
            ],
            "nl": [
              "Cancan show \"PARIS JE T'AIME\" van april tot oktober\r\n- Diner en show vanaf 18.30 uur\r\n- Champagne show vanaf 20.00 uur of 22.15 uur\r\n- Voorstelling van 20.30 tot 22.10 uur en van 22.30 tot 12.10 uur"
            ]
          },
          "hasTranslatedProperty": [
            {
              "@id": "https://data.datatourisme.fr/0a448f2c-8283-31d9-b33f-5206976c2db6",
              "dc:contributor": [
                "https://api.deepl.com/v2/translate"
              ],
              "rdf:language": [
                "en"
              ],
              "rdf:predicate": [
                "additionalInformation"
              ]
            },
            {
              "@id": "https://data.datatourisme.fr/0bba3099-6996-3967-9181-f752fe6e08ef",
              "dc:contributor": [
                "https://api.deepl.com/v2/translate"
              ],
              "rdf:language": [
                "it"
              ],
              "rdf:predicate": [
                "additionalInformation"
              ]
            },
            {
              "@id": "https://data.datatourisme.fr/1fab1c3f-0f46-3c98-b9fe-a3f60cd7744b",
              "dc:contributor": [
                "https://api.deepl.com/v2/translate"
              ],
              "rdf:language": [
                "es"
              ],
              "rdf:predicate": [
                "additionalInformation"
              ]
            },
            {
              "@id": "https://data.datatourisme.fr/3e5b068c-0456-331a-a5ee-7ec9b7f7d987",
              "dc:contributor": [
                "https://api.deepl.com/v2/translate"
              ],
              "rdf:language": [
                "nl"
              ],
              "rdf:predicate": [
                "additionalInformation"
              ]
            },
            {
              "@id": "https://data.datatourisme.fr/79d3de20-a5c1-3ec4-90c0-d058a5e66285",
              "dc:contributor": [
                "https://api.deepl.com/v2/translate"
              ],
              "rdf:language": [
                "de"
              ],
              "rdf:predicate": [
                "additionalInformation"
              ]
            }
          ]
        }
      ],
      "@type": [
        "schema:Place",
        "Place"
      ]
    }
  ],
  "isOwnedBy": [
    {
      "@id": "https://data.datatourisme.fr/26ecd6f0-563c-356a-b0f9-ad3ec17effc4",
      "schema:email": [
        "bgeigle@visitparisregion.com",
        "hcaldo@visitparisregion.com",
        "mtanaskovic@visitparisregion.com"
      ],
      "schema:legalName": "Comité Régional du Tourisme Paris Ile de France",
      "@type": [
        "schema:Organization",
        "foaf:Agent",
        "Agent"
      ],
      "foaf:homepage": [
        "http://www.visitparisregion.com/"
      ]
    }
  ],
  "lastUpdate": "2020-09-08",
  "lastUpdateDatatourisme": "2023-05-30T05:49:20.373Z",
  "offers": [
    {
      "@id": "https://data.datatourisme.fr/9a5ba1b3-134d-3957-a365-bd60ff11cced",
      "schema:priceSpecification": [
        {
          "@id": "https://data.datatourisme.fr/f42e9f18-fb8f-3e47-9269-7e312cef5bfb",
          "schema:maxPrice": [
            "149"
          ],
          "schema:minPrice": [
            "98"
          ],
          "schema:priceCurrency": "EUR",
          "@type": [
            "schema:PriceSpecification",
            "PriceSpecification"
          ],
          "appliesOnPeriod": [
            {
              "@id": "https://data.datatourisme.fr/f6e21f79-2c4f-3c46-b4a9-1ca285391041",
              "@type": [
                "Period"
              ],
              "endDate": "2018-12-31",
              "startDate": "2018-01-01"
            }
          ]
        }
      ],
      "@type": [
        "schema:Offer",
        "Offer"
      ]
    }
  ]
}