{
  "@id": "https://data.datatourisme.fr/13/0ac01a6f-13f0-38f7-9a97-1ab61211c1f5",
  "dc:identifier": "6007938",
  "@type": [
    "BalneotherapyCentre",
    "PlaceOfInterest",
    "PointOfInterest",
    "SportsAndLeisurePlace"
  ],
  "rdfs:comment": {
    "de": [
      "Damit Ihr Aufenthalt zu einer Reise für alle Sinne wird, ist das Paxton Spa - Cinq Mondes ein Ort, der sich von Schönheits- und Wellnessritualen inspirieren lässt\r\n\r\nDas Spa ist für die Öffentlichkeit zugänglich und verfügt über einen separaten Zugang für Hotelgäste."
    ],
    "en": [
      "To make your stay a journey of all the senses, the Paxton Spa - Cinq Mondes is a place inspired by Beauty and Wellness rituals\r\n\r\nIt is open to the public via a separate access for hotel guests."
    ],
    "it": [
      "Per rendere il vostro soggiorno un viaggio di tutti i sensi, la Paxton Spa ? Cinq Mondes è un luogo ispirato ai rituali di bellezza e benessere\r\n\r\nÈ aperto al pubblico attraverso un accesso separato per gli ospiti dell'hotel."
    ],
    "fr": [
      "Pour que votre séjour soit un voyage de tous les sens, le Paxton Spa – Cinq Mondes est un lieu s’inspirant des rituels de Beauté et de Bien-Être. \r\n\r\nOuvert au public via un accès séparé des clientèles de l'hôtel."
    ],
    "es": [
      "Para que su estancia sea un viaje de todos los sentidos, el Paxton Spa ? Cinq Mondes es un lugar inspirado en los rituales de belleza y bienestar\r\n\r\nEstá abierto al público a través de un acceso independiente para los huéspedes del hotel."
    ],
    "nl": [
      "Om van uw verblijf een reis van alle zintuigen te maken, is de Paxton Spa - Cinq Mondes een plek die geïnspireerd is door de rituelen van Schoonheid en Welzijn\r\n\r\nHet is toegankelijk voor het publiek via een aparte toegang voor hotelgasten."
    ]
  },
  "rdfs:label": {
    "de": [
      "Spa Cinq Mondes de l'hôtel Paxton"
    ],
    "ru": [
      "Spa Cinq Mondes de l'hôtel Paxton"
    ],
    "en": [
      "Spa Cinq Mondes de l'hôtel Paxton"
    ],
    "it": [
      "Spa Cinq Mondes de l'hôtel Paxton"
    ],
    "fr": [
      "Spa Cinq Mondes de l'hôtel Paxton"
    ],
    "zh": [
      "Spa Cinq Mondes de l'hôtel Paxton"
    ],
    "nl": [
      "Spa Cinq Mondes de l'hôtel Paxton"
    ],
    "es": [
      "Spa Cinq Mondes de l'hôtel Paxton"
    ]
  },
  "hasBeenCreatedBy": {
    "@id": "https://data.datatourisme.fr/13/3806734b-256c-37e4-9ec2-c6bffa26d9e7",
    "dc:identifier": "1028",
    "schema:email": [
      "agnes.allanou@marneetgondoire.fr",
      "anne.godin@marneetgondoire.fr"
    ],
    "schema:legalName": "Office de Tourisme de Marne et Gondoire",
    "@type": [
      "schema:Organization",
      "foaf:Agent",
      "Agent"
    ],
    "foaf:homepage": [
      "http://www.marneetgondoire-tourisme.fr/"
    ]
  },
  "hasBeenPublishedBy": [
    {
      "@id": "https://data.datatourisme.fr/1db24fc4-b534-39bf-bdaf-152c6f98730e",
      "schema:legalName": "Seine et Marne Attractivité - source : Apidae Tourisme",
      "@type": [
        "schema:Organization",
        "foaf:Agent",
        "Agent"
      ],
      "foaf:homepage": [
        "https://www.apidae-tourisme.com/"
      ]
    }
  ],
  "hasContact": [
    {
      "@id": "https://data.datatourisme.fr/afc14b9b-8779-34ff-a266-a2b94ef0d32f",
      "schema:email": [
        "contact@paxtonspa.com"
      ],
      "schema:telephone": [
        "+33 1 60 94 19 19"
      ],
      "@type": [
        "foaf:Agent",
        "Agent"
      ],
      "foaf:homepage": [
        "https://paxton-mlv.com/paxton-spa-by-cinq-mondes/"
      ]
    }
  ],
  "hasDescription": [
    {
      "@id": "https://data.datatourisme.fr/dc0fb4c2-fda8-361a-993f-4e3feddd31f9",
      "@type": [
        "Description"
      ],
      "hasTranslatedProperty": [
        {
          "@id": "https://data.datatourisme.fr/18c296ec-14b8-30be-acd5-f3541494e7ad",
          "dc:contributor": [
            "https://api.deepl.com/v2/translate"
          ],
          "rdf:language": [
            "it"
          ],
          "rdf:predicate": [
            "shortDescription"
          ]
        },
        {
          "@id": "https://data.datatourisme.fr/522302f1-3130-3b91-88b2-b1b85b4ef62c",
          "dc:contributor": [
            "https://api.deepl.com/v2/translate"
          ],
          "rdf:language": [
            "es"
          ],
          "rdf:predicate": [
            "shortDescription"
          ]
        },
        {
          "@id": "https://data.datatourisme.fr/70dcd913-d4fb-317a-8965-66a473663486",
          "dc:contributor": [
            "https://api.deepl.com/v2/translate"
          ],
          "rdf:language": [
            "en"
          ],
          "rdf:predicate": [
            "shortDescription"
          ]
        },
        {
          "@id": "https://data.datatourisme.fr/b851b04c-2d71-39e1-84f0-d5dbcdd3a468",
          "dc:contributor": [
            "https://api.deepl.com/v2/translate"
          ],
          "rdf:language": [
            "de"
          ],
          "rdf:predicate": [
            "shortDescription"
          ]
        },
        {
          "@id": "https://data.datatourisme.fr/f4957054-d7b5-3941-a0bd-2b509416b781",
          "dc:contributor": [
            "https://api.deepl.com/v2/translate"
          ],
          "rdf:language": [
            "nl"
          ],
          "rdf:predicate": [
            "shortDescription"
          ]
        }
      ],
      "shortDescription": {
        "de": [
          "Damit Ihr Aufenthalt zu einer Reise für alle Sinne wird, ist das Paxton Spa - Cinq Mondes ein Ort, der sich von Schönheits- und Wellnessritualen inspirieren lässt\r\n\r\nDas Spa ist für die Öffentlichkeit zugänglich und verfügt über einen separaten Zugang für Hotelgäste."
        ],
        "en": [
          "To make your stay a journey of all the senses, the Paxton Spa - Cinq Mondes is a place inspired by Beauty and Wellness rituals\r\n\r\nIt is open to the public via a separate access for hotel guests."
        ],
        "it": [
          "Per rendere il vostro soggiorno un viaggio di tutti i sensi, la Paxton Spa ? Cinq Mondes è un luogo ispirato ai rituali di bellezza e benessere\r\n\r\nÈ aperto al pubblico attraverso un accesso separato per gli ospiti dell'hotel."
        ],
        "fr": [
          "Pour que votre séjour soit un voyage de tous les sens, le Paxton Spa – Cinq Mondes est un lieu s’inspirant des rituels de Beauté et de Bien-Être. \r\n\r\nOuvert au public via un accès séparé des clientèles de l'hôtel."
        ],
        "es": [
          "Para que su estancia sea un viaje de todos los sentidos, el Paxton Spa ? Cinq Mondes es un lugar inspirado en los rituales de belleza y bienestar\r\n\r\nEstá abierto al público a través de un acceso independiente para los huéspedes del hotel."
        ],
        "nl": [
          "Om van uw verblijf een reis van alle zintuigen te maken, is de Paxton Spa - Cinq Mondes een plek die geïnspireerd is door de rituelen van Schoonheid en Welzijn\r\n\r\nHet is toegankelijk voor het publiek via een aparte toegang voor hotelgasten."
        ]
      }
    }
  ],
  "hasTranslatedProperty": [
    {
      "@id": "https://data.datatourisme.fr/3715898f-ae42-32dd-9b61-2bbfc03c3e0c",
      "dc:contributor": [
        "https://api.deepl.com/v2/translate"
      ],
      "rdf:language": [
        "de"
      ],
      "rdf:predicate": [
        {
          "@id": "rdfs:comment"
        }
      ]
    },
    {
      "@id": "https://data.datatourisme.fr/83be1b28-08f7-31f9-8459-5b00c54b7d51",
      "dc:contributor": [
        "https://api.deepl.com/v2/translate"
      ],
      "rdf:language": [
        "es"
      ],
      "rdf:predicate": [
        {
          "@id": "rdfs:comment"
        }
      ]
    },
    {
      "@id": "https://data.datatourisme.fr/844b82ce-3e01-3cca-839b-e482a0c3d060",
      "dc:contributor": [
        "https://api.deepl.com/v2/translate"
      ],
      "rdf:language": [
        "nl"
      ],
      "rdf:predicate": [
        {
          "@id": "rdfs:comment"
        }
      ]
    },
    {
      "@id": "https://data.datatourisme.fr/91ec69d3-cc86-32e6-b1cd-125bb0741922",
      "dc:contributor": [
        "https://api.deepl.com/v2/translate"
      ],
      "rdf:language": [
        "en"
      ],
      "rdf:predicate": [
        {
          "@id": "rdfs:comment"
        }
      ]
    },
    {
      "@id": "https://data.datatourisme.fr/cb5524fc-2fba-3d69-926e-e8487fce5dd6",
      "dc:contributor": [
        "https://api.deepl.com/v2/translate"
      ],
      "rdf:language": [
        "it"
      ],
      "rdf:predicate": [
        {
          "@id": "rdfs:comment"
        }
      ]
    }
  ],
  "isLocatedAt": [
    {
      "@id": "https://data.datatourisme.fr/f5053a31-c3c0-3c9c-b292-b493b53bc166",
      "schema:address": [
        {
          "@id": "https://data.datatourisme.fr/a7265a03-5fb5-3be2-9dbd-14850cd200d7",
          "schema:addressLocality": "Ferrières-en-Brie",
          "schema:postalCode": "77164",
          "schema:streetAddress": [
            "1 rue Joseph Paxton"
          ],
          "@type": [
            "schema:PostalAddress",
            "PostalAddress"
          ],
          "hasAddressCity": {
            "@id": "kb:77181",
            "@type": [
              "City"
            ],
            "rdfs:label": {
              "de": [
                "Ferrières-en-Brie"
              ],
              "pt": [
                "Ferrières-en-Brie"
              ],
              "en": [
                "Ferrières-en-Brie"
              ],
              "it": [
                "Ferrières-en-Brie"
              ],
              "fr": [
                "Ferrières-en-Brie"
              ],
              "nl": [
                "Ferrières-en-Brie"
              ],
              "es": [
                "Ferrières-en-Brie"
              ]
            },
            "insee": "77181",
            "isPartOfDepartment": {
              "@id": "kb:France1177",
              "@type": [
                "Department"
              ],
              "rdfs:label": {
                "de": [
                  "Seine-et-Marne"
                ],
                "pt": [
                  "Seine-et-Marne"
                ],
                "en": [
                  "Seine-et-Marne"
                ],
                "it": [
                  "Seine-et-Marne"
                ],
                "fr": [
                  "Seine-et-Marne"
                ],
                "nl": [
                  "Seine-et-Marne"
                ],
                "es": [
                  "Seine-et-Marne"
                ]
              },
              "insee": "77",
              "isPartOfRegion": {
                "@id": "kb:France11",
                "@type": [
                  "Region"
                ],
                "rdfs:label": {
                  "de": [
                    "Île-de-France"
                  ],
                  "pt": [
                    "Île-de-France"
                  ],
                  "en": [
                    "Île-de-France"
                  ],
                  "it": [
                    "Île-de-France"
                  ],
                  "fr": [
                    "Île-de-France"
                  ],
                  "nl": [
                    "Île-de-France"
                  ],
                  "es": [
                    "Île-de-France"
                  ]
                },
                "insee": "11",
                "isPartOfCountry": {
                  "@id": "kb:France",
                  "@type": [
                    "schema:Country"
                  ],
                  "rdfs:label": {
                    "de": [
                      "France",
                      "Frankreich"
                    ],
                    "pt": [
                      "França",
                      "France"
                    ],
                    "en": [
                      "France"
                    ],
                    "it": [
                      "France",
                      "Francia"
                    ],
                    "fr": [
                      "France"
                    ],
                    "nl": [
                      "France",
                      "Frankrijk"
                    ],
                    "es": [
                      "France",
                      "Francia"
                    ]
                  }
                }
              }
            }
          }
        }
      ],
      "schema:geo": {
        "@id": "https://data.datatourisme.fr/0cca23e5-95c7-3d29-9272-8f1aee468f20",
        "schema:latitude": "48.827381",
        "schema:longitude": "2.708671",
        "@type": [
          "schema:GeoCoordinates"
        ]
      },
      "schema:openingHoursSpecification": [
        {
          "@id": "https://data.datatourisme.fr/f87e535a-636d-3343-ad63-8a03392e7511",
          "schema:validFrom": "2023-01-01T00:00:00",
          "schema:validThrough": "2023-12-31T23:59:59",
          "@type": [
            "schema:OpeningHoursSpecification"
          ]
        }
      ],
      "@type": [
        "schema:Place",
        "Place"
      ]
    }
  ],
  "isOwnedBy": [
    {
      "@id": "https://data.datatourisme.fr/aa5f63c7-f828-3b9c-bf4e-378b5e04afc7",
      "schema:email": [
        "agnes.allanou@marneetgondoire.fr",
        "anne.godin@marneetgondoire.fr"
      ],
      "schema:legalName": "Office de Tourisme de Marne et Gondoire",
      "@type": [
        "schema:Organization",
        "foaf:Agent",
        "Agent"
      ],
      "foaf:homepage": [
        "http://www.marneetgondoire-tourisme.fr/"
      ]
    }
  ],
  "lastUpdate": "2023-04-13",
  "lastUpdateDatatourisme": "2023-04-14T05:54:42.358Z"
}