{
  "@id": "https://data.datatourisme.fr/13/0a5a616c-a362-327a-afee-d045b4e5c064",
  "dc:identifier": "775908",
  "@type": [
    "schema:LocalBusiness",
    "CraftsmanShop",
    "PlaceOfInterest",
    "PointOfInterest",
    "Store"
  ],
  "rdfs:comment": {
    "de": [
      "Entdecken Sie die technischen Gesten und die präzise Arbeit der Glaskünstlerin Anne-Marie Tassy."
    ],
    "en": [
      "Discover the technical gestures and the precise work of Anne-Marie Tassy, glassmaker."
    ],
    "it": [
      "Scoprite i gesti tecnici e il lavoro preciso di Anne-Marie Tassy, artista del vetro."
    ],
    "fr": [
      "Découvrez les gestes techniques et le travail précis d'Anne-Marie Tassy, artisan-verrier."
    ],
    "nl": [
      "Ontdek de technische gebaren en het precieze werk van Anne-Marie Tassy, glaskunstenares."
    ],
    "es": [
      "Descubra los gestos técnicos y el trabajo preciso de Anne-Marie Tassy, artista del vidrio."
    ]
  },
  "rdfs:label": {
    "fr": [
      "Vitraux Phonia"
    ]
  },
  "hasBeenCreatedBy": {
    "@id": "https://data.datatourisme.fr/13/5a142a55-461d-3fef-816a-cfb927fee0bd",
    "dc:identifier": "1710",
    "schema:email": [
      "ebasset@yvelines.fr",
      "tourisme@yvelines.fr"
    ],
    "schema:legalName": "Conseil Départemental des Yvelines",
    "@type": [
      "schema:Organization",
      "foaf:Agent",
      "Agent"
    ]
  },
  "hasBeenPublishedBy": [
    {
      "@id": "https://data.datatourisme.fr/8a9feb4b-2cbd-3d2c-b507-bd6c6776b23b",
      "schema:legalName": "Apidae Tourisme Scic SA - source : Apidae Tourisme",
      "@type": [
        "schema:Organization",
        "foaf:Agent",
        "Agent"
      ],
      "foaf:homepage": [
        "https://www.apidae-tourisme.com/"
      ]
    }
  ],
  "hasContact": [
    {
      "@id": "https://data.datatourisme.fr/5057bda0-43e0-35bc-8eaf-6212479080a7",
      "schema:telephone": [
        "+33 6 60 03 53 70"
      ],
      "@type": [
        "foaf:Agent",
        "Agent"
      ],
      "foaf:homepage": [
        "http://www.vitrauxphonia.com/"
      ]
    }
  ],
  "hasDescription": [
    {
      "@id": "https://data.datatourisme.fr/13fd32cc-6acf-3ce0-a30e-df727857317b",
      "@type": [
        "Description"
      ],
      "hasTranslatedProperty": [
        {
          "@id": "https://data.datatourisme.fr/132071f0-7bc1-38f6-b7c4-6380feb4c5ac",
          "dc:contributor": [
            "https://api.deepl.com/v2/translate"
          ],
          "rdf:language": [
            "it"
          ],
          "rdf:predicate": [
            "shortDescription"
          ]
        },
        {
          "@id": "https://data.datatourisme.fr/5417e7c2-4d0b-38bb-a26b-9b59a917f92f",
          "dc:contributor": [
            "https://api.deepl.com/v2/translate"
          ],
          "rdf:language": [
            "de"
          ],
          "rdf:predicate": [
            "shortDescription"
          ]
        },
        {
          "@id": "https://data.datatourisme.fr/6c29f6eb-bd03-3975-8696-4cdaf585c18e",
          "dc:contributor": [
            "https://api.deepl.com/v2/translate"
          ],
          "rdf:language": [
            "en"
          ],
          "rdf:predicate": [
            "shortDescription"
          ]
        },
        {
          "@id": "https://data.datatourisme.fr/da1434fc-29a8-3234-bfd2-d20cf417fef2",
          "dc:contributor": [
            "https://api.deepl.com/v2/translate"
          ],
          "rdf:language": [
            "nl"
          ],
          "rdf:predicate": [
            "shortDescription"
          ]
        },
        {
          "@id": "https://data.datatourisme.fr/e8c05a0b-6da7-37a5-80f4-81f84489dbbd",
          "dc:contributor": [
            "https://api.deepl.com/v2/translate"
          ],
          "rdf:language": [
            "es"
          ],
          "rdf:predicate": [
            "shortDescription"
          ]
        }
      ],
      "shortDescription": {
        "de": [
          "Entdecken Sie die technischen Gesten und die präzise Arbeit der Glaskünstlerin Anne-Marie Tassy."
        ],
        "en": [
          "Discover the technical gestures and the precise work of Anne-Marie Tassy, glassmaker."
        ],
        "it": [
          "Scoprite i gesti tecnici e il lavoro preciso di Anne-Marie Tassy, artista del vetro."
        ],
        "fr": [
          "Découvrez les gestes techniques et le travail précis d'Anne-Marie Tassy, artisan-verrier."
        ],
        "nl": [
          "Ontdek de technische gebaren en het precieze werk van Anne-Marie Tassy, glaskunstenares."
        ],
        "es": [
          "Descubra los gestos técnicos y el trabajo preciso de Anne-Marie Tassy, artista del vidrio."
        ]
      }
    }
  ],
  "hasTranslatedProperty": [
    {
      "@id": "https://data.datatourisme.fr/12e982c9-7c8b-337f-b4b6-ffae178dc3f3",
      "dc:contributor": [
        "https://api.deepl.com/v2/translate"
      ],
      "rdf:language": [
        "en"
      ],
      "rdf:predicate": [
        {
          "@id": "rdfs:comment"
        }
      ]
    },
    {
      "@id": "https://data.datatourisme.fr/83a60611-fa27-3891-9b91-e4aeeab157c0",
      "dc:contributor": [
        "https://api.deepl.com/v2/translate"
      ],
      "rdf:language": [
        "nl"
      ],
      "rdf:predicate": [
        {
          "@id": "rdfs:comment"
        }
      ]
    },
    {
      "@id": "https://data.datatourisme.fr/96eb4131-ff70-3385-aa85-a69c4f9443ac",
      "dc:contributor": [
        "https://api.deepl.com/v2/translate"
      ],
      "rdf:language": [
        "de"
      ],
      "rdf:predicate": [
        {
          "@id": "rdfs:comment"
        }
      ]
    },
    {
      "@id": "https://data.datatourisme.fr/d18f6b85-6b64-32b8-9f9d-04d77d3f10dc",
      "dc:contributor": [
        "https://api.deepl.com/v2/translate"
      ],
      "rdf:language": [
        "it"
      ],
      "rdf:predicate": [
        {
          "@id": "rdfs:comment"
        }
      ]
    },
    {
      "@id": "https://data.datatourisme.fr/e77ff5a2-e449-3c2d-b034-6c6b8bff6382",
      "dc:contributor": [
        "https://api.deepl.com/v2/translate"
      ],
      "rdf:language": [
        "es"
      ],
      "rdf:predicate": [
        {
          "@id": "rdfs:comment"
        }
      ]
    }
  ],
  "isLocatedAt": [
    {
      "@id": "https://data.datatourisme.fr/733cfc15-69bf-3b19-87b6-cfed30fa6763",
      "schema:address": [
        {
          "@id": "https://data.datatourisme.fr/9431308c-d33f-32fb-b3d2-1ba241df7d12",
          "schema:addressLocality": "Antony",
          "schema:postalCode": "92160",
          "schema:streetAddress": [
            "6, avenue François Arago"
          ],
          "@type": [
            "schema:PostalAddress",
            "PostalAddress"
          ],
          "hasAddressCity": {
            "@id": "kb:92002",
            "@type": [
              "City"
            ],
            "rdfs:label": {
              "de": [
                "Antony"
              ],
              "pt": [
                "Antony"
              ],
              "en": [
                "Antony"
              ],
              "it": [
                "Antony"
              ],
              "fr": [
                "Antony"
              ],
              "nl": [
                "Antony"
              ],
              "es": [
                "Antony"
              ]
            },
            "insee": "92002",
            "isPartOfDepartment": {
              "@id": "kb:France1192",
              "@type": [
                "Department"
              ],
              "rdfs:label": {
                "de": [
                  "Hauts-de-Seine"
                ],
                "pt": [
                  "Hauts-de-Seine"
                ],
                "en": [
                  "Hauts-de-Seine"
                ],
                "it": [
                  "Hauts-de-Seine"
                ],
                "fr": [
                  "Hauts-de-Seine"
                ],
                "nl": [
                  "Hauts-de-Seine"
                ],
                "es": [
                  "Hauts-de-Seine"
                ]
              },
              "insee": "92",
              "isPartOfRegion": {
                "@id": "kb:France11",
                "@type": [
                  "Region"
                ],
                "rdfs:label": {
                  "de": [
                    "Île-de-France"
                  ],
                  "pt": [
                    "Île-de-France"
                  ],
                  "en": [
                    "Île-de-France"
                  ],
                  "it": [
                    "Île-de-France"
                  ],
                  "fr": [
                    "Île-de-France"
                  ],
                  "nl": [
                    "Île-de-France"
                  ],
                  "es": [
                    "Île-de-France"
                  ]
                },
                "insee": "11",
                "isPartOfCountry": {
                  "@id": "kb:France",
                  "@type": [
                    "schema:Country"
                  ],
                  "rdfs:label": {
                    "de": [
                      "France",
                      "Frankreich"
                    ],
                    "pt": [
                      "França",
                      "France"
                    ],
                    "en": [
                      "France"
                    ],
                    "it": [
                      "France",
                      "Francia"
                    ],
                    "fr": [
                      "France"
                    ],
                    "nl": [
                      "France",
                      "Frankrijk"
                    ],
                    "es": [
                      "France",
                      "Francia"
                    ]
                  }
                }
              }
            }
          }
        }
      ],
      "schema:geo": {
        "@id": "https://data.datatourisme.fr/e8dd8a1f-bb22-3f77-8222-95dc650006a7",
        "schema:latitude": "48.737148",
        "schema:longitude": "2.309069",
        "@type": [
          "schema:GeoCoordinates"
        ]
      },
      "schema:openingHoursSpecification": [
        {
          "@id": "https://data.datatourisme.fr/f87e535a-636d-3343-ad63-8a03392e7511",
          "schema:validFrom": "2023-01-01T00:00:00",
          "schema:validThrough": "2023-12-31T23:59:59",
          "@type": [
            "schema:OpeningHoursSpecification"
          ]
        }
      ],
      "@type": [
        "schema:Place",
        "Place"
      ]
    }
  ],
  "isOwnedBy": [
    {
      "@id": "https://data.datatourisme.fr/51418642-d8c7-3896-8f4e-6e25435e4c26",
      "schema:email": [
        "ebasset@yvelines.fr",
        "tourisme@yvelines.fr"
      ],
      "schema:legalName": "Conseil Départemental des Yvelines",
      "@type": [
        "schema:Organization",
        "foaf:Agent",
        "Agent"
      ]
    }
  ],
  "lastUpdate": "2021-04-09",
  "lastUpdateDatatourisme": "2023-02-01T18:07:35.95Z"
}