id,remarkable
5375149
682672,1
4770173
697056
697113
697202
676161
697928
4679111,1
705679,1
678511
705742,1
680864
681546
682669
764998
798896
782033
820237
5289532
4645737
699592
869676
700946,1
680785,1
696931,1
677951
776370,1
697984,1
697946,1
678296,1
c0fa60bc-cc2a-f932-026f-501ba3c2f919,1
91fe8057-e47d-132d-cc9c-501ba34556cc
704323,1
42b30f00-cd05-b419-72c8-501ba3ac5918,1
4fd10c53-1706-963f-0fe2-501ba397c917,1
cc4b0d1a-fd1d-4b15-0ceb-501ba3642eb0
835198
cb5a7e86-d32b-3a04-3e27-501ba3939cae
d78f39fb-bf44-0083-72e0-53faeab8745c
676723
e472c611-64c2-dd99-532e-501ba368e86f
cf6ef334-a136-8b96-5a4e-501ba358ecaa
8cfee202-3519-10d1-d25d-501ba3befe1d
4317b881-89a8-f937-383a-501ba30eb553,1
e33ab609-5645-4b09-a8ed-501ba39d3934
c7120f2e-4151-61a9-925b-501ba3afa678
0e0578fe-7b85-11eb-bf74-0050569afc27
301a0278-3d2e-73d1-5cdb-501ba3ad1a2d
5d5a02f4-e535-31f8-a4b0-501ba30f99ac,1
80f1030e-c06e-bd00-c932-501ba3c3787b